client_code,date_doc,jour_semaine,region,delegation,routing_code,home_commercial,potentiel,ca_jour,qte_jour
00002,2025-01-03,5,GT,Djebel_Jelloud,C6,1300,1.0,572.768,112.0
00002,2025-01-04,6,GT,Djebel_Jelloud,C6,1300,1.0,44.15,1.0
00002,2025-01-07,2,GT,Djebel_Jelloud,C6,1300,1.0,662.082,4.0
00002,2025-01-08,3,GT,Djebel_Jelloud,C6,1300,1.0,1075.18,5.0
00002,2025-01-22,3,GT,Djebel_Jelloud,C6,1300,1.0,510.774,3.0
00002,2025-02-04,2,GT,Djebel_Jelloud,C6,1300,1.0,317.892,3.0
00002,2025-02-05,3,GT,Djebel_Jelloud,C6,1300,1.0,86.753,2.0
00002,2025-02-06,4,GT,Djebel_Jelloud,C6,1300,1.0,36010.94,99.0
00002,2025-02-13,4,GT,Djebel_Jelloud,C6,1300,1.0,84122.02900000001,242.0
00002,2025-02-14,5,GT,Djebel_Jelloud,C6,1300,1.0,10493.61,138.0
00002,2025-02-18,2,GT,Djebel_Jelloud,C6,1300,1.0,3214.152,104.0
00002,2025-02-19,3,GT,Djebel_Jelloud,C6,1300,1.0,116.088,1.0
00002,2025-03-05,3,GT,Djebel_Jelloud,C6,1300,1.0,14298.297480000001,64.0
00002,2025-03-07,5,GT,Djebel_Jelloud,C6,1300,1.0,250.69108,12.0
00002,2025-03-12,3,GT,Djebel_Jelloud,C6,1300,1.0,92.9,6.0
00002,2025-03-19,3,GT,Djebel_Jelloud,C6,1300,1.0,116.088,1.0
00002,2025-04-17,4,GT,Djebel_Jelloud,C6,1300,1.0,88.16593,1.0
00002,2025-04-27,0,GT,Djebel_Jelloud,C6,1300,1.0,16.067,3.0
00002,2025-05-07,3,GT,Djebel_Jelloud,C6,1300,1.0,455.064,2.0
00002,2025-05-18,0,GT,Djebel_Jelloud,C6,1300,1.0,300.0,5.0
00002,2025-05-19,1,GT,Djebel_Jelloud,C6,1300,1.0,32.134,6.0
00002,2025-05-21,3,GT,Djebel_Jelloud,C6,1300,1.0,32.134,6.0
00002,2025-05-24,6,GT,Djebel_Jelloud,C6,1300,1.0,875.3449999999999,4.0
00002,2025-05-25,0,GT,Djebel_Jelloud,C6,1300,1.0,110.464,7.0
00002,2025-05-28,3,GT,Djebel_Jelloud,C6,1300,1.0,14.134,2.0
00002,2025-05-30,5,GT,Djebel_Jelloud,C6,1300,1.0,101.275,7.0
00002,2025-06-04,3,GT,Djebel_Jelloud,C6,1300,1.0,2659.9,15.0
00002,2025-06-11,3,GT,Djebel_Jelloud,C6,1300,1.0,3736.5600000000004,13.0
00002,2025-06-18,3,GT,Djebel_Jelloud,C6,1300,1.0,116.672,2.0
00002,2025-06-20,5,GT,Djebel_Jelloud,C6,1300,1.0,3771.0,84.0
00002,2025-06-27,5,GT,Djebel_Jelloud,C6,1300,1.0,7.671,3.0
00002,2025-07-02,3,GT,Djebel_Jelloud,C6,1300,1.0,2401.0,40.0
00002,2025-07-03,4,GT,Djebel_Jelloud,C6,1300,1.0,3506.42,282.0
00002,2025-07-15,2,GT,Djebel_Jelloud,C6,1300,1.0,17.966,2.0
00002,2025-07-19,6,GT,Djebel_Jelloud,C6,1300,1.0,225.35399999999998,8.0
00002,2025-07-28,1,GT,Djebel_Jelloud,C6,1300,1.0,1302.536,10.0
00002,2025-07-30,3,GT,Djebel_Jelloud,C6,1300,1.0,34.957,12.0
00002,2025-08-06,3,GT,Djebel_Jelloud,C6,1300,1.0,1611.2350000000001,34.0
00002,2025-08-10,0,GT,Djebel_Jelloud,C6,1300,1.0,15.342,6.0
00002,2025-08-13,3,GT,Djebel_Jelloud,C6,1300,1.0,34.957,12.0
00002,2025-08-20,3,GT,Djebel_Jelloud,C6,1300,1.0,35.35,6.0
00002,2025-08-25,1,GT,Djebel_Jelloud,C6,1300,1.0,22.401,1.0
00002,2025-09-01,1,GT,Djebel_Jelloud,C6,1300,1.0,48.591,1.0
00002,2025-09-04,4,GT,Djebel_Jelloud,C6,1300,1.0,118.66399999999999,10.0
00002,2025-09-07,0,GT,Djebel_Jelloud,C6,1300,1.0,43.872,1.0
00002,2025-09-21,0,GT,Djebel_Jelloud,C6,1300,1.0,5447.099,59.0
00002,2025-09-28,0,GT,Djebel_Jelloud,C6,1300,1.0,43.872,1.0
00002,2025-10-11,6,GT,Djebel_Jelloud,C6,1300,1.0,224.40000000000003,30.0
00002,2025-10-17,5,GT,Djebel_Jelloud,C6,1300,1.0,17.676,3.0
00002,2025-10-22,3,GT,Djebel_Jelloud,C6,1300,1.0,24643.0,222.0
00002,2025-10-23,4,GT,Djebel_Jelloud,C6,1300,1.0,4853.988,393.0
00002,2025-10-24,5,GT,Djebel_Jelloud,C6,1300,1.0,103.163,1.0
00002,2025-10-29,3,GT,Djebel_Jelloud,C6,1300,1.0,493.688,6.0
00002,2025-11-02,0,GT,Djebel_Jelloud,C6,1300,1.0,30.027,2.0
00002,2025-11-12,3,GT,Djebel_Jelloud,C6,1300,1.0,1188.978,26.0
00002,2025-11-14,5,GT,Djebel_Jelloud,C6,1300,1.0,1995.535,5.0
00002,2025-11-19,3,GT,Djebel_Jelloud,C6,1300,1.0,38.453,12.0
00002,2025-11-26,3,GT,Djebel_Jelloud,C6,1300,1.0,151.266,2.0
00002,2025-12-12,5,GT,Djebel_Jelloud,C6,1300,1.0,226960.17000000004,1795.0
00002,2025-12-17,3,GT,Djebel_Jelloud,C6,1300,1.0,4095.5119999999997,58.0
00002,2026-01-02,5,GT,Djebel_Jelloud,C6,1300,1.0,7946.279999999999,60.0
00002,2026-01-21,3,GT,Djebel_Jelloud,C6,1300,1.0,6031.531,106.0
00002,2026-01-27,2,GT,Djebel_Jelloud,C6,1300,1.0,415.74699999999996,4.0
00002,2026-01-30,5,GT,Djebel_Jelloud,C6,1300,1.0,243.838,6.0
00002,2026-02-06,5,GT,Djebel_Jelloud,C6,1300,1.0,4938.228,57.0
00002,2026-02-20,5,GT,Djebel_Jelloud,C6,1300,1.0,1044.192,50.0
00002,2026-02-24,2,GT,Djebel_Jelloud,C6,1300,1.0,168.476,4.0
00002,2026-02-27,5,GT,Djebel_Jelloud,C6,1300,1.0,708.436,7.0
00002,2026-03-13,5,GT,Djebel_Jelloud,C6,1300,1.0,1029.552,98.0
00002,2026-03-27,5,GT,Djebel_Jelloud,C6,1300,1.0,962.624,27.0
00002,2026-04-06,1,GT,Djebel_Jelloud,C6,1300,1.0,5175.681,63.0
00002,2026-05-06,3,GT,Djebel_Jelloud,C6,1300,1.0,1820.68,75.0
00002,2026-05-16,6,GT,Djebel_Jelloud,C6,1300,1.0,34224.0,100.0
00002,2026-05-19,2,GT,Djebel_Jelloud,C6,1300,1.0,2076.8089999999997,91.0
00002,2026-06-05,5,GT,Djebel_Jelloud,C6,1300,1.0,4144.419,88.0
00002,2026-06-19,5,GT,Djebel_Jelloud,C6,1300,1.0,4069.707000000001,16.0
00002,2026-06-26,5,GT,Djebel_Jelloud,C6,1300,1.0,1331.495,75.0
00002,2026-07-01,3,GT,Djebel_Jelloud,C6,1300,1.0,106.087,1.0
00002,2026-07-11,6,GT,Djebel_Jelloud,C6,1300,1.0,565.668,30.0
00002,2026-07-31,5,GT,Djebel_Jelloud,C6,1300,1.0,183.578,2.0
00002,2026-08-09,0,GT,Djebel_Jelloud,C6,1300,1.0,65.343,1.0
00002,2026-08-14,5,GT,Djebel_Jelloud,C6,1300,1.0,889.048,75.0
00002,2026-08-28,5,GT,Djebel_Jelloud,C6,1300,1.0,7125.58,102.0
00002,2026-09-04,5,GT,Djebel_Jelloud,C6,1300,1.0,882.6049999999999,5.0
00002,2026-10-06,2,GT,Djebel_Jelloud,C6,1300,1.0,50.0,10.0
00002,2026-10-09,5,GT,Djebel_Jelloud,C6,1300,1.0,44.344,10.0
00002,2026-10-14,3,GT,Djebel_Jelloud,C6,1300,1.0,112.569,24.0
00002,2026-10-23,5,GT,Djebel_Jelloud,C6,1300,1.0,153.504,48.0
00002,2026-10-30,5,GT,Djebel_Jelloud,C6,1300,1.0,998.336,33.0
00002,2026-11-13,5,GT,Djebel_Jelloud,C6,1300,1.0,13344.030000000004,164.0
00002,2026-11-16,1,GT,Djebel_Jelloud,C6,1300,1.0,3789.978,12.0
00002,2026-11-17,2,GT,Djebel_Jelloud,C6,1300,1.0,1048.579,5.0
00002,2026-11-20,5,GT,Djebel_Jelloud,C6,1300,1.0,937.248,8.0
00002,2026-11-27,5,GT,Djebel_Jelloud,C6,1300,1.0,2370.07,28.0
00002,2026-12-11,5,GT,Djebel_Jelloud,C6,1300,1.0,168.852,48.0
00002,2026-12-18,5,GT,Djebel_Jelloud,C6,1300,1.0,299.374,2.0
00002,2026-12-22,2,GT,Djebel_Jelloud,C6,1300,1.0,1130.808,4.0
00002,2026-12-23,3,GT,Djebel_Jelloud,C6,1300,1.0,3475.675,11.0
00003,2025-01-09,4,GT,Inconnue,2,2,0.0,1351.0959999999998,528.0
00003,2025-01-10,5,GT,Inconnue,2,2,0.0,2281.6499999999996,82.0
00003,2025-01-11,6,GT,Inconnue,2,2,0.0,169.762,66.0
00003,2025-01-21,2,GT,Inconnue,2,2,0.0,38.79,8.0
00003,2025-01-24,5,GT,Inconnue,2,2,0.0,104.094,3.0
00003,2025-01-25,6,GT,Inconnue,2,2,0.0,38.453,12.0
00003,2025-02-02,0,GT,Inconnue,2,2,0.0,288.0,353.0
00003,2025-02-04,2,GT,Inconnue,2,2,0.0,54.242,24.0
00003,2025-02-15,6,GT,Inconnue,2,2,0.0,34.608,12.0
00003,2025-02-23,0,GT,Inconnue,2,2,0.0,35.832,1.0
00003,2025-04-27,0,GT,Inconnue,2,2,0.0,29.853,6.0
00003,2025-05-10,6,GT,Inconnue,2,2,0.0,32.134,6.0
00003,2025-05-13,2,GT,Inconnue,2,2,0.0,16.068,3.0
00003,2025-05-21,3,GT,Inconnue,2,2,0.0,21.425,4.0
00003,2025-05-24,6,GT,Inconnue,2,2,0.0,9.128,1.0
00003,2025-05-28,3,GT,Inconnue,2,2,0.0,9.051,1.0
00003,2025-05-31,6,GT,Inconnue,2,2,0.0,1307.31,8.0
00003,2025-06-04,3,GT,Inconnue,2,2,0.0,14.517,6.0
00003,2025-06-05,4,GT,Inconnue,2,2,0.0,1919.421,9.0
00003,2025-06-11,3,GT,Inconnue,2,2,0.0,24.349,1.0
00003,2025-06-25,3,GT,Inconnue,2,2,0.0,12.002,12.0
00003,2025-07-02,3,GT,Inconnue,2,2,0.0,1201.0,60.0
00003,2025-07-03,4,GT,Inconnue,2,2,0.0,225.016,88.0
00003,2025-07-11,5,GT,Inconnue,2,2,0.0,226.016,88.0
00003,2025-07-23,3,GT,Inconnue,2,2,0.0,19.906,1.0
00003,2025-07-27,0,GT,Inconnue,2,2,0.0,823.708,4.0
00003,2025-08-01,5,GT,Inconnue,2,2,0.0,493.957,16.0
00003,2025-08-10,0,GT,Inconnue,2,2,0.0,557.287,11.0
00003,2025-08-30,6,GT,Inconnue,2,2,0.0,14.28,1.0
00003,2025-09-03,3,GT,Inconnue,2,2,0.0,543.744,96.0
00003,2025-09-14,0,GT,Inconnue,2,2,0.0,30.503,1.0
00003,2025-10-06,1,GT,Inconnue,2,2,0.0,57.097,24.0
00003,2025-10-17,5,GT,Inconnue,2,2,0.0,37.676,24.0
00003,2025-10-29,3,GT,Inconnue,2,2,0.0,35.35,6.0
00003,2025-11-12,3,GT,Inconnue,2,2,0.0,38.453,12.0
00003,2025-11-19,3,GT,Inconnue,2,2,0.0,16.694,3.0
00003,2025-11-24,1,GT,Inconnue,2,2,0.0,202.77,2.0
00003,2025-12-19,5,GT,Inconnue,2,2,0.0,941.489,5.0
00003,2026-01-09,5,GT,Inconnue,2,2,0.0,106.087,1.0
00003,2026-01-11,0,GT,Inconnue,2,2,0.0,181.536,7.0
00003,2026-01-30,5,GT,Inconnue,2,2,0.0,104.484,2.0
00003,2026-02-08,0,GT,Inconnue,2,2,0.0,3813.519999999999,56.0
00003,2026-02-16,1,GT,Inconnue,2,2,0.0,512.4,200.0
00003,2026-02-27,5,GT,Inconnue,2,2,0.0,78.422,16.0
00003,2026-04-01,3,GT,Inconnue,2,2,0.0,7925.753000000001,110.0
00003,2026-05-02,6,GT,Cite_El_Khadra,1300,1300,1.0,58264.208,100.0
00003,2026-05-02,6,GT,Inconnue,2,2,0.0,642.424,50.0
00003,2026-05-13,3,GT,Inconnue,2,2,0.0,8427.2,10.0
00003,2026-05-15,5,GT,Inconnue,2,2,0.0,106.425,24.0
00003,2026-07-03,5,GT,Inconnue,2,2,0.0,19.332,1.0
00003,2026-07-16,4,GT,Inconnue,2,2,0.0,58.23,1.0
00003,2026-08-14,5,GT,Inconnue,2,2,0.0,60.35,1.0
00003,2026-08-25,2,GT,Inconnue,2,2,0.0,165.963,3.0
00003,2026-09-04,5,GT,Inconnue,2,2,0.0,97.6,1.0
00003,2026-09-08,2,GT,Inconnue,2,2,0.0,1047.915,5.0
00003,2026-09-15,2,GT,Inconnue,2,2,0.0,106.559,8.0
00003,2026-10-12,1,GT,Inconnue,2,2,0.0,13.808,1.0
00003,2026-11-17,2,GT,Inconnue,2,2,0.0,1227.4,4.0
00003,2026-11-25,3,GT,Inconnue,2,2,0.0,639.352,48.0
00003,2026-12-04,5,GT,Inconnue,2,2,0.0,31.171,1.0
00003,2026-12-23,3,GT,Inconnue,2,2,0.0,349.738,2.0
00004,2025-01-05,0,NORD,Ariana_Ville,2,2,0.0,249.633,39.0
00004,2025-01-07,2,NORD,Ariana_Ville,2,2,0.0,338.868,26.0
00004,2025-01-13,1,NORD,Ariana_Ville,2,2,0.0,23.188,24.0
00004,2025-01-14,2,NORD,Ariana_Ville,2,2,0.0,806.876,15.0
00004,2025-01-24,5,NORD,Ariana_Ville,2,2,0.0,403.968,3.0
00004,2025-01-25,6,NORD,Ariana_Ville,2,2,0.0,996.96,5.0
00004,2025-02-01,6,NORD,Ariana_Ville,2,2,0.0,672.762,204.0
00004,2025-02-02,0,NORD,Ariana_Ville,2,2,0.0,83.0,1.0
00004,2025-02-11,2,NORD,Ariana_Ville,2,2,0.0,2451.336,33.0
00004,2025-02-14,5,NORD,Ariana_Ville,2,2,0.0,456.412,38.0
00004,2025-02-18,2,NORD,Ariana_Ville,2,2,0.0,14.576,1.0
00004,2025-02-23,0,NORD,Ariana_Ville,2,2,0.0,116.088,1.0
00004,2025-02-25,2,NORD,Ariana_Ville,2,2,0.0,17.842,1.0
00004,2025-02-28,5,NORD,Ariana_Ville,2,2,0.0,2191.763,7.0
00004,2025-03-02,0,NORD,Ariana_Ville,2,2,0.0,36.132,6.0
00004,2025-03-03,1,NORD,Ariana_Ville,2,2,0.0,204.064,6.0
00004,2025-03-04,2,NORD,Ariana_Ville,2,2,0.0,493.39399999999995,52.0
00004,2025-03-10,1,NORD,Ariana_Ville,2,2,0.0,55.25,1.0
00004,2025-03-19,3,NORD,Ariana_Ville,2,2,0.0,22.218,12.0
00004,2025-03-23,0,NORD,Ariana_Ville,2,2,0.0,22.218,12.0
00004,2025-05-07,3,NORD,Ariana_Ville,2,2,0.0,30.503,1.0
00004,2025-05-16,5,NORD,Ariana_Ville,2,2,0.0,32.137,6.0
00004,2025-05-19,1,NORD,Ariana_Ville,2,2,0.0,16.067,3.0
00004,2025-05-26,1,NORD,Ariana_Ville,2,2,0.0,86.708,12.0
00004,2025-06-18,3,NORD,Ariana_Ville,2,2,0.0,43.376,1.0
00004,2025-06-20,5,NORD,Ariana_Ville,2,2,0.0,30.503,1.0
00004,2025-06-21,6,NORD,Ariana_Ville,2,2,0.0,46.8,10.0
00004,2025-06-25,3,NORD,Ariana_Ville,2,2,0.0,50.494,24.0
00004,2025-07-12,6,NORD,Ariana_Ville,2,2,0.0,35.35,6.0
00004,2025-07-27,0,NORD,Ariana_Ville,2,2,0.0,30.503,1.0
00004,2025-08-17,0,NORD,Ariana_Ville,2,2,0.0,820.659,3.0
00004,2025-08-20,3,NORD,Ariana_Ville,2,2,0.0,43.376,1.0
00004,2025-08-22,5,NORD,Ariana_Ville,2,2,0.0,76.53,1.0
00004,2025-08-31,0,NORD,Ariana_Ville,2,2,0.0,103.318,1.0
00004,2025-09-05,5,NORD,Ariana_Ville,2,2,0.0,27.616,24.0
00004,2025-09-09,2,NORD,Ariana_Ville,2,2,0.0,50.494,24.0
00004,2025-09-10,3,NORD,Ariana_Ville,2,2,0.0,54.411,1.0
00004,2025-10-07,2,NORD,Ariana_Ville,2,2,0.0,30.503,1.0
00004,2025-10-11,6,NORD,Ariana_Ville,2,2,0.0,57.097,24.0
00004,2025-10-14,2,NORD,Ariana_Ville,2,2,0.0,33.865,1.0
00004,2025-11-02,0,NORD,Ariana_Ville,2,2,0.0,54.411,1.0
00004,2025-12-01,1,NORD,Ariana_Ville,2,2,0.0,48.591,1.0
00004,2025-12-05,5,NORD,Ariana_Ville,2,2,0.0,291.06,3.0
00004,2025-12-07,0,NORD,Ariana_Ville,2,2,0.0,176.552,2.0
00004,2025-12-08,1,NORD,Ariana_Ville,2,2,0.0,15.014,1.0
00004,2025-12-09,2,NORD,Ariana_Ville,2,2,0.0,42.975,1.0
00004,2025-12-10,3,NORD,Ariana_Ville,2,2,0.0,35.546,1.0
00004,2025-12-16,2,NORD,Ariana_Ville,2,2,0.0,110.284,1.0
00004,2025-12-19,5,NORD,Ariana_Ville,2,2,0.0,28.935,12.0
00004,2026-01-06,2,NORD,Ariana_Ville,2,2,0.0,341.482,2.0
00004,2026-02-13,5,NORD,Ariana_Ville,2,2,0.0,1830.741,15.0
00004,2026-02-22,0,NORD,Ariana_Ville,2,2,0.0,305.228,96.0
00004,2026-02-26,4,NORD,Ariana_Ville,2,2,0.0,347.742,3.0
00004,2026-03-02,1,NORD,Ariana_Ville,2,2,0.0,80.111,1.0
00004,2026-03-05,4,NORD,Ariana_Ville,2,2,0.0,191.567,48.0
00004,2026-05-02,6,NORD,Ariana_Ville,2,2,0.0,12288.52,12.0
00004,2026-08-26,3,NORD,Ariana_Ville,2,2,0.0,701.091,3.0
00004,2026-10-04,0,NORD,Ariana_Ville,2,2,0.0,201.176,72.0
00004,2026-10-14,3,NORD,Ariana_Ville,2,2,0.0,301.764,72.0
00004,2026-10-20,2,NORD,Ariana_Ville,2,2,0.0,307.004,96.0
00005,2025-01-03,5,GT,La_Marsa,2,2,0.0,731.268,48.0
00005,2025-01-06,1,GT,La_Marsa,2,2,0.0,110.284,1.0
00005,2025-01-10,5,GT,La_Marsa,2,2,0.0,2009.596,110.0
00005,2025-01-13,1,GT,La_Marsa,2,2,0.0,3891.667000000001,121.0
00005,2025-01-14,2,GT,La_Marsa,2,2,0.0,67.028,1.0
00005,2025-01-16,4,GT,La_Marsa,2,2,0.0,24.004,24.0
00005,2025-01-17,5,GT,La_Marsa,2,2,0.0,333.456,4.0
00005,2025-01-18,6,GT,La_Marsa,2,2,0.0,929.796,5.0
00005,2025-01-21,2,GT,La_Marsa,2,2,0.0,42.712,1.0
00005,2025-01-24,5,GT,La_Marsa,2,2,0.0,1042.8719999999998,7.0
00005,2025-01-26,0,GT,La_Marsa,2,2,0.0,136.178,1.0
00005,2025-01-28,2,GT,La_Marsa,2,2,0.0,59.707,12.0
00005,2025-01-29,3,GT,La_Marsa,2,2,0.0,34.08,1.0
00005,2025-01-31,5,GT,La_Marsa,2,2,0.0,110.284,1.0
00005,2025-02-02,0,GT,La_Marsa,2,2,0.0,1303.77,6.0
00005,2025-02-03,1,GT,La_Marsa,2,2,0.0,965.6940000000001,7.0
00005,2025-02-09,0,GT,La_Marsa,2,2,0.0,181.919,9.0
00005,2025-02-11,2,GT,La_Marsa,2,2,0.0,43.731,3.0
00005,2025-02-13,4,GT,La_Marsa,2,2,0.0,102.033,3.0
00005,2025-02-15,6,GT,La_Marsa,2,2,0.0,515.7,12.0
00005,2025-02-21,5,GT,La_Marsa,2,2,0.0,345.736,5.0
00005,2025-02-24,1,GT,La_Marsa,2,2,0.0,204.064,6.0
00005,2025-02-25,2,GT,La_Marsa,2,2,0.0,361.11,2.0
00005,2025-03-02,0,GT,La_Marsa,2,2,0.0,14169.532,169.0
00005,2025-03-09,0,GT,La_Marsa,2,2,0.0,3724.43,120.0
00005,2025-03-13,4,GT,La_Marsa,2,2,0.0,752.898,10.0
00005,2025-03-15,6,GT,La_Marsa,2,2,0.0,1159.184,4.0
00005,2025-04-01,2,GT,La_Marsa,2,2,0.0,11.901,2.0
00005,2025-04-04,5,GT,La_Marsa,2,2,0.0,14.547,3.0
00005,2025-04-12,6,GT,La_Marsa,2,2,0.0,7380.0,150.0
00005,2025-04-14,1,GT,La_Marsa,2,2,0.0,9990.383000000003,20.0
00005,2025-04-16,3,GT,La_Marsa,2,2,0.0,450.966,6.0
00005,2025-04-18,5,GT,La_Marsa,2,2,0.0,116.088,1.0
00005,2025-04-23,3,GT,La_Marsa,2,2,0.0,79.33,1.0
00005,2025-04-25,5,GT,La_Marsa,2,2,0.0,26.236,24.0
00005,2025-05-11,0,GT,La_Marsa,2,2,0.0,692.448,3.0
00005,2025-05-13,2,GT,La_Marsa,2,2,0.0,648.762,5.0
00005,2025-05-14,3,GT,La_Marsa,2,2,0.0,679.5600000000001,8.0
00005,2025-05-16,5,GT,La_Marsa,2,2,0.0,535.334,6.0
00005,2025-05-19,1,GT,La_Marsa,2,2,0.0,111.088,1.0
00005,2025-05-24,6,GT,La_Marsa,2,2,0.0,1286.865,32.0
00005,2025-06-04,3,GT,La_Marsa,2,2,0.0,37.418,1.0
00005,2025-06-07,6,GT,La_Marsa,2,2,0.0,24.349,1.0
00005,2025-06-18,3,GT,La_Marsa,2,2,0.0,1465.179,175.0
00005,2025-06-22,0,GT,La_Marsa,2,2,0.0,1431.812,13.0
00005,2025-06-29,0,GT,La_Marsa,2,2,0.0,7200.038000000001,30.0
00005,2025-07-07,1,GT,La_Marsa,2,2,0.0,309.932,15.0
00005,2025-07-13,0,GT,La_Marsa,2,2,0.0,69.875,1.0
00005,2025-07-18,5,GT,La_Marsa,2,2,0.0,220.127,4.0
00005,2025-07-19,6,GT,La_Marsa,2,2,0.0,237.989,4.0
00005,2025-07-21,1,GT,La_Marsa,2,2,0.0,461.222,6.0
00005,2025-07-28,1,GT,La_Marsa,2,2,0.0,432.246,3.0
00005,2025-07-30,3,GT,La_Marsa,2,2,0.0,34.957,12.0
00005,2025-08-04,1,GT,La_Marsa,2,2,0.0,554.072,13.0
00005,2025-08-06,3,GT,La_Marsa,2,2,0.0,1698.532,39.0
00005,2025-08-10,0,GT,La_Marsa,2,2,0.0,1660.2329999999997,15.0
00005,2025-08-11,1,GT,La_Marsa,2,2,0.0,4319.488,13.0
00005,2025-09-05,5,GT,La_Marsa,2,2,0.0,611.68,7.0
00005,2025-09-14,0,GT,La_Marsa,2,2,0.0,326.626,10.0
00005,2025-09-22,1,GT,La_Marsa,2,2,0.0,559.012,3.0
00005,2025-09-23,2,GT,La_Marsa,2,2,0.0,100.308,15.0
00005,2025-09-24,3,GT,La_Marsa,2,2,0.0,242.76,4.0
00005,2025-10-07,2,GT,La_Marsa,2,2,0.0,363.111,3.0
00005,2025-10-10,5,GT,La_Marsa,2,2,0.0,460.79,9.0
00005,2025-10-13,1,GT,La_Marsa,2,2,0.0,143.878,6.0
00005,2025-10-17,5,GT,La_Marsa,2,2,0.0,37.79,3.0
00005,2025-10-18,6,GT,La_Marsa,2,2,0.0,75.581,6.0
00005,2025-10-27,1,GT,La_Marsa,2,2,0.0,20.555,1.0
00005,2025-10-28,2,GT,La_Marsa,2,2,0.0,57.097,24.0
00005,2025-11-07,5,GT,La_Marsa,2,2,0.0,55.646,5.0
00005,2025-11-12,3,GT,La_Marsa,2,2,0.0,116.088,1.0
00005,2025-11-18,2,GT,La_Marsa,2,2,0.0,13.705,1.0
00005,2025-11-24,1,GT,La_Marsa,2,2,0.0,38.583,1.0
00005,2025-11-26,3,GT,La_Marsa,2,2,0.0,38.583,1.0
00005,2025-11-29,6,GT,La_Marsa,2,2,0.0,1865.208,6.0
00005,2025-11-30,0,GT,La_Marsa,2,2,0.0,45.825,7.0
00005,2025-12-03,3,GT,La_Marsa,2,2,0.0,368.916,3.0
00005,2025-12-10,3,GT,La_Marsa,2,2,0.0,3251.82,14.0
00005,2025-12-13,6,GT,La_Marsa,2,2,0.0,254.354,4.0
00005,2025-12-20,6,GT,La_Marsa,2,2,0.0,52.612,1.0
00005,2025-12-22,1,GT,La_Marsa,2,2,0.0,32.833,6.0
00005,2025-12-24,3,GT,La_Marsa,2,2,0.0,35.546,1.0
00005,2025-12-26,5,GT,La_Marsa,2,2,0.0,125.969,5.0
00005,2026-01-07,3,GT,La_Marsa,2,2,0.0,6435.311999999999,38.0
00005,2026-01-23,5,GT,La_Marsa,2,2,0.0,3690.407,9.0
00005,2026-02-03,2,GT,La_Marsa,2,2,0.0,286.912,2.0
00005,2026-02-24,2,GT,La_Marsa,2,2,0.0,106.087,1.0
00005,2026-03-05,4,GT,La_Marsa,2,2,0.0,157.244,25.0
00005,2026-03-15,0,GT,La_Marsa,2,2,0.0,5478.021,24.0
00005,2026-03-26,4,GT,La_Marsa,2,2,0.0,6443.633000000001,54.0
00005,2026-04-01,3,GT,La_Marsa,2,2,0.0,1473.171,9.0
00005,2026-04-08,3,GT,La_Marsa,2,2,0.0,1927.516,29.0
00005,2026-05-03,0,GT,La_Marsa,2,2,0.0,14042.817000000001,133.0
00005,2026-05-06,3,GT,La_Marsa,2,2,0.0,7486.379999999999,153.0
00005,2026-05-25,1,GT,La_Marsa,2,2,0.0,8576.028,161.0
00005,2026-06-04,4,GT,La_Marsa,2,2,0.0,2682.9,9.0
00005,2026-06-10,3,GT,La_Marsa,2,2,0.0,3042.08,18.0
00005,2026-06-19,5,GT,La_Marsa,2,2,0.0,61.368,2.0
00005,2026-06-21,0,GT,La_Marsa,2,2,0.0,4673.315,18.0
00005,2026-07-10,5,GT,La_Marsa,2,2,0.0,1262.672,5.0
00005,2026-07-27,1,GT,La_Marsa,2,2,0.0,1652.58,5.0
00005,2026-07-29,3,GT,La_Marsa,2,2,0.0,2741.552,8.0
00005,2026-08-07,5,GT,La_Marsa,2,2,0.0,1244.52,19.0
00005,2026-08-14,5,GT,La_Marsa,2,2,0.0,19.332,1.0
00005,2026-08-30,0,GT,La_Marsa,2,2,0.0,27010.361999999986,117.0
00005,2026-09-10,4,GT,La_Marsa,2,2,0.0,2900.5139999999997,15.0
00005,2026-09-11,5,GT,La_Marsa,2,2,0.0,40.687,1.0
00005,2026-09-29,2,GT,La_Marsa,2,2,0.0,112.569,24.0
00005,2026-09-30,3,GT,La_Marsa,2,2,0.0,6091.666000000001,63.0
00005,2026-10-02,5,GT,La_Marsa,2,2,0.0,873.256,5.0
00005,2026-10-06,2,GT,La_Marsa,2,2,0.0,1608.114,6.0
00005,2026-10-19,1,GT,La_Marsa,2,2,0.0,3033.78,12.0
00005,2026-11-06,5,GT,La_Marsa,2,2,0.0,1202.825,24.0
00005,2026-11-08,0,GT,La_Marsa,2,2,0.0,3285.7509999999997,32.0
00005,2026-11-16,1,GT,La_Marsa,2,2,0.0,84.546,4.0
00005,2026-11-17,2,GT,La_Marsa,2,2,0.0,31602.60499999999,109.0
00005,2026-11-19,4,GT,La_Marsa,2,2,0.0,497.7,96.0
00005,2026-11-24,2,GT,La_Marsa,2,2,0.0,9314.316,38.0
00005,2026-12-23,3,GT,La_Marsa,2,2,0.0,192.848,4.0
00006,2025-01-03,5,GT,LAMARSA,2,2,0.0,837.36,10.0
00006,2025-01-07,2,GT,LAMARSA,2,2,0.0,393.434,2.0
00006,2025-01-23,4,GT,LAMARSA,2,2,0.0,52.047,1.0
00006,2025-01-24,5,GT,LAMARSA,2,2,0.0,52.047,1.0
00006,2025-02-16,0,GT,LAMARSA,2,2,0.0,51.442,1.0
00006,2025-03-01,6,GT,LAMARSA,2,2,0.0,33.112,1.0
00006,2025-03-19,3,GT,LAMARSA,2,2,0.0,26.778,5.0
00006,2025-03-21,5,GT,LAMARSA,2,2,0.0,116.088,1.0
00006,2025-04-04,5,GT,LAMARSA,2,2,0.0,29.154,2.0
00006,2025-04-06,0,GT,LAMARSA,2,2,0.0,8.243,2.0
00006,2025-04-11,5,GT,LAMARSA,2,2,0.0,5.248,1.0
00006,2025-05-16,5,GT,LAMARSA,2,2,0.0,15.304,1.0
00006,2025-05-17,6,GT,LAMARSA,2,2,0.0,29.853,6.0
00006,2025-05-24,6,GT,LAMARSA,2,2,0.0,12.002,12.0
00006,2025-05-27,2,GT,LAMARSA,2,2,0.0,61.216,1.0
00006,2025-06-06,5,GT,LAMARSA,2,2,0.0,42.847,8.0
00006,2025-06-18,3,GT,LAMARSA,2,2,0.0,21.425,4.0
00006,2025-06-21,6,GT,LAMARSA,2,2,0.0,374.688,4.0
00006,2025-06-22,0,GT,LAMARSA,2,2,0.0,107.116,10.0
00006,2025-06-30,1,GT,LAMARSA,2,2,0.0,29.853,6.0
00006,2025-07-11,5,GT,LAMARSA,2,2,0.0,56.535,2.0
00006,2025-07-29,2,GT,LAMARSA,2,2,0.0,16.007,6.0
00006,2025-08-20,3,GT,LAMARSA,2,2,0.0,32.016,12.0
00006,2025-10-07,2,GT,LAMARSA,2,2,0.0,61.216,1.0
00006,2025-10-17,5,GT,LAMARSA,2,2,0.0,60.056,4.0
00006,2025-11-01,6,GT,LAMARSA,2,2,0.0,48.591,1.0
00006,2025-11-23,0,GT,LAMARSA,2,2,0.0,67.863,1.0
00006,2025-11-28,5,GT,LAMARSA,2,2,0.0,145.928,24.0
00006,2025-12-13,6,GT,LAMARSA,2,2,0.0,54.242,24.0
00006,2025-12-20,6,GT,LAMARSA,2,2,0.0,50.081,9.0
00006,2026-01-22,4,GT,LAMARSA,2,2,0.0,72.634,1.0
00006,2026-01-29,4,GT,LAMARSA,2,2,0.0,153.288,2.0
00006,2026-02-02,1,GT,LAMARSA,2,2,0.0,1848.3780000000002,6.0
00006,2026-02-04,3,GT,LAMARSA,2,2,0.0,118.596,2.0
00006,2026-03-16,1,GT,LAMARSA,2,2,0.0,328.854,24.0
00006,2026-04-16,4,GT,LAMARSA,2,2,0.0,62.114,1.0
00006,2026-04-23,4,GT,LAMARSA,2,2,0.0,39.618,1.0
00006,2026-05-04,1,GT,LAMARSA,2,2,0.0,58.817,12.0
00006,2026-06-25,4,GT,LAMARSA,2,2,0.0,80.111,1.0
00006,2026-09-03,4,GT,LAMARSA,2,2,0.0,58.23,1.0
00006,2026-10-01,4,GT,LAMARSA,2,2,0.0,71.728,1.0
00006,2026-10-21,3,GT,LAMARSA,2,2,0.0,193.228,2.0
00006,2026-10-26,1,GT,LAMARSA,2,2,0.0,68.782,1.0
00006,2026-11-15,0,GT,LAMARSA,2,2,0.0,69.002,1.0
00006,2026-11-25,3,GT,LAMARSA,2,2,0.0,117.633,24.0
00007,2025-01-12,0,GT,LAMARSA,2,2,0.0,85.951,1.0
00007,2025-01-14,2,GT,LAMARSA,2,2,0.0,697.596,8.0
00007,2025-01-17,5,GT,LAMARSA,2,2,0.0,91.423,1.0
00007,2025-01-18,6,GT,LAMARSA,2,2,0.0,35.098,1.0
00007,2025-02-06,4,GT,LAMARSA,2,2,0.0,51.442,1.0
00007,2025-02-14,5,GT,LAMARSA,2,2,0.0,74.955,1.0
00007,2025-02-16,0,GT,LAMARSA,2,2,0.0,385.767,37.0
00007,2025-02-20,4,GT,LAMARSA,2,2,0.0,74.955,1.0
00007,2025-02-21,5,GT,LAMARSA,2,2,0.0,114.696,1.0
00007,2025-02-24,1,GT,LAMARSA,2,2,0.0,103.124,2.0
00007,2025-03-06,4,GT,LAMARSA,2,2,0.0,22.981,1.0
00007,2025-03-09,0,GT,LAMARSA,2,2,0.0,1298.636,5.0
00007,2025-03-10,1,GT,LAMARSA,2,2,0.0,3753.165,12.0
00007,2025-03-15,6,GT,LAMARSA,2,2,0.0,54.411,1.0
00007,2025-03-21,5,GT,LAMARSA,2,2,0.0,16.067,3.0
00007,2025-04-06,0,GT,LAMARSA,2,2,0.0,10.495,2.0
00007,2025-04-12,6,GT,LAMARSA,2,2,0.0,71.422,1.0
00007,2025-04-21,1,GT,LAMARSA,2,2,0.0,49.456,12.0
00007,2025-05-07,3,GT,LAMARSA,2,2,0.0,32.134,6.0
00007,2025-05-20,2,GT,LAMARSA,2,2,0.0,24.878,5.0
00007,2025-05-23,5,GT,LAMARSA,2,2,0.0,70.568,1.0
00007,2025-05-29,4,GT,LAMARSA,2,2,0.0,51.14,20.0
00007,2025-05-30,5,GT,LAMARSA,2,2,0.0,32.137,6.0
00007,2025-06-09,1,GT,LAMARSA,2,2,0.0,70.42,7.0
00007,2025-06-16,1,GT,LAMARSA,2,2,0.0,16.068,3.0
00007,2025-06-22,0,GT,LAMARSA,2,2,0.0,201.976,48.0
00007,2025-06-30,1,GT,LAMARSA,2,2,0.0,50.494,24.0
00007,2025-07-15,2,GT,LAMARSA,2,2,0.0,50.494,24.0
00007,2025-07-18,5,GT,LAMARSA,2,2,0.0,39.205,1.0
00007,2025-07-26,6,GT,LAMARSA,2,2,0.0,30.503,1.0
00007,2025-08-12,2,GT,LAMARSA,2,2,0.0,87.445,1.0
00007,2025-08-18,1,GT,LAMARSA,2,2,0.0,38.583,1.0
00007,2025-08-26,2,GT,LAMARSA,2,2,0.0,34.957,12.0
00007,2025-08-27,3,GT,LAMARSA,2,2,0.0,19.906,1.0
00007,2025-08-31,0,GT,LAMARSA,2,2,0.0,1144.584,4.0
00007,2025-09-02,2,GT,LAMARSA,2,2,0.0,141.402,12.0
00007,2025-09-10,3,GT,LAMARSA,2,2,0.0,54.411,1.0
00007,2025-09-20,6,GT,LAMARSA,2,2,0.0,17.676,3.0
00007,2025-09-21,0,GT,LAMARSA,2,2,0.0,74.525,1.0
00007,2025-09-29,1,GT,LAMARSA,2,2,0.0,43.376,1.0
00007,2025-10-03,5,GT,LAMARSA,2,2,0.0,67.731,2.0
00007,2025-10-06,1,GT,LAMARSA,2,2,0.0,22.838,1.0
00007,2025-10-17,5,GT,LAMARSA,2,2,0.0,190.704,4.0
00007,2025-10-24,5,GT,LAMARSA,2,2,0.0,43.872,1.0
00007,2025-11-06,4,GT,LAMARSA,2,2,0.0,27.034,1.0
00007,2025-11-09,0,GT,LAMARSA,2,2,0.0,73.92500000000001,25.0
00007,2025-11-10,1,GT,LAMARSA,2,2,0.0,54.411,1.0
00007,2025-11-16,0,GT,LAMARSA,2,2,0.0,116.088,1.0
00007,2025-11-28,5,GT,LAMARSA,2,2,0.0,267.094,24.0
00007,2025-12-13,6,GT,LAMARSA,2,2,0.0,110.284,1.0
00007,2025-12-24,3,GT,LAMARSA,2,2,0.0,116.088,1.0
00007,2026-01-16,5,GT,LAMARSA,2,2,0.0,222.0,2.0
00007,2026-02-13,5,GT,LAMARSA,2,2,0.0,76.307,48.0
00007,2026-02-27,5,GT,LAMARSA,2,2,0.0,38.153,24.0
00007,2026-03-03,2,GT,LAMARSA,2,2,0.0,125.264,2.0
00007,2026-03-09,1,GT,LAMARSA,2,2,0.0,2549.913,73.0
00007,2026-03-16,1,GT,LAMARSA,2,2,0.0,68.782,1.0
00007,2026-05-19,2,GT,LAMARSA,2,2,0.0,1689.8429999999998,26.0
00007,2026-06-17,3,GT,LAMARSA,2,2,0.0,28.054,1.0
00007,2026-07-26,0,GT,LAMARSA,2,2,0.0,914.678,21.0
00007,2026-07-30,4,GT,LAMARSA,2,2,0.0,276.682,2.0
00007,2026-08-21,5,GT,LAMARSA,2,2,0.0,6100.296000000001,25.0
00007,2026-09-03,4,GT,LAMARSA,2,2,0.0,289.075,16.0
00007,2026-09-08,2,GT,LAMARSA,2,2,0.0,17077.920000000002,58.0
00007,2026-09-21,1,GT,LAMARSA,2,2,0.0,261.218,2.0
00007,2026-09-22,2,GT,LAMARSA,2,2,0.0,212.85,24.0
00007,2026-10-07,3,GT,LAMARSA,2,2,0.0,104.366,25.0
00007,2026-10-10,6,GT,LAMARSA,2,2,0.0,1032.2759999999998,4.0
00007,2026-10-14,3,GT,LAMARSA,2,2,0.0,124.426,48.0
00007,2026-11-05,4,GT,LAMARSA,2,2,0.0,7.288,1.0
00007,2026-11-16,1,GT,LAMARSA,2,2,0.0,304.374,25.0
00007,2026-11-18,3,GT,LAMARSA,2,2,0.0,7104.008000000001,16.0
00007,2026-11-25,3,GT,LAMARSA,2,2,0.0,2848.0,41.0
00007,2026-12-03,4,GT,LAMARSA,2,2,0.0,1060.868,10.0
00007,2026-12-06,0,GT,LAMARSA,2,2,0.0,1758.816,9.0
00008,2025-01-09,4,GT,LAMARSA,2,2,0.0,83.737,1.0
00008,2025-01-12,0,GT,LAMARSA,2,2,0.0,315.95799999999997,3.0
00008,2025-01-14,2,GT,LAMARSA,2,2,0.0,440.60699999999997,5.0
00008,2025-01-20,1,GT,LAMARSA,2,2,0.0,59.707,12.0
00008,2025-01-23,4,GT,LAMARSA,2,2,0.0,269.348,2.0
00008,2025-02-06,4,GT,LAMARSA,2,2,0.0,33.112,1.0
00008,2025-02-07,5,GT,LAMARSA,2,2,0.0,686.848,58.0
00008,2025-02-14,5,GT,LAMARSA,2,2,0.0,307.556,4.0
00008,2025-02-18,2,GT,LAMARSA,2,2,0.0,17.842,1.0
00008,2025-02-20,4,GT,LAMARSA,2,2,0.0,1441.3980000000001,15.0
00008,2025-02-21,5,GT,LAMARSA,2,2,0.0,248.572,2.0
00008,2025-02-27,4,GT,LAMARSA,2,2,0.0,3785.4299999999994,10.0
00008,2025-03-06,4,GT,LAMARSA,2,2,0.0,685.69,50.0
00008,2025-03-07,5,GT,LAMARSA,2,2,0.0,160.494,24.0
00008,2025-03-17,1,GT,LAMARSA,2,2,0.0,71.422,1.0
00008,2025-04-23,3,GT,LAMARSA,2,2,0.0,17.853,3.0
00008,2025-04-30,3,GT,LAMARSA,2,2,0.0,71.422,1.0
00008,2025-05-09,5,GT,LAMARSA,2,2,0.0,25.247,12.0
00008,2025-05-12,1,GT,LAMARSA,2,2,0.0,30.503,1.0
00008,2025-05-18,0,GT,LAMARSA,2,2,0.0,10.713,2.0
00008,2025-05-21,3,GT,LAMARSA,2,2,0.0,16.067,3.0
00008,2025-05-23,5,GT,LAMARSA,2,2,0.0,21.423,4.0
00008,2025-05-24,6,GT,LAMARSA,2,2,0.0,18.499,10.0
00008,2025-05-30,5,GT,LAMARSA,2,2,0.0,61.216,1.0
00008,2025-06-04,3,GT,LAMARSA,2,2,0.0,669.648,168.0
00008,2025-06-08,0,GT,LAMARSA,2,2,0.0,13.501,6.0
00008,2025-06-13,5,GT,LAMARSA,2,2,0.0,37.418,1.0
00008,2025-06-21,6,GT,LAMARSA,2,2,0.0,27.616,24.0
00008,2025-06-22,0,GT,LAMARSA,2,2,0.0,32.137,6.0
00008,2025-06-25,3,GT,LAMARSA,2,2,0.0,30.503,1.0
00008,2025-06-27,5,GT,LAMARSA,2,2,0.0,50.494,24.0
00008,2025-06-30,1,GT,LAMARSA,2,2,0.0,50.494,24.0
00008,2025-07-01,2,GT,LAMARSA,2,2,0.0,50.494,24.0
00008,2025-07-15,2,GT,LAMARSA,2,2,0.0,103.318,1.0
00008,2025-07-20,0,GT,LAMARSA,2,2,0.0,16.007,6.0
00008,2025-07-26,6,GT,LAMARSA,2,2,0.0,141.402,12.0
00008,2025-07-29,2,GT,LAMARSA,2,2,0.0,32.016,12.0
00008,2025-08-12,2,GT,LAMARSA,2,2,0.0,1956.436,39.0
00008,2025-08-16,6,GT,LAMARSA,2,2,0.0,518.872,32.0
00008,2025-08-26,2,GT,LAMARSA,2,2,0.0,79.351,1.0
00008,2025-09-05,5,GT,LAMARSA,2,2,0.0,47.135,8.0
00008,2025-09-08,1,GT,LAMARSA,2,2,0.0,74.525,1.0
00008,2025-09-10,3,GT,LAMARSA,2,2,0.0,61.216,1.0
00008,2025-09-20,6,GT,LAMARSA,2,2,0.0,22.838,1.0
00008,2025-09-21,0,GT,LAMARSA,2,2,0.0,115.11699999999999,13.0
00008,2025-09-22,1,GT,LAMARSA,2,2,0.0,103.163,1.0
00008,2025-09-23,2,GT,LAMARSA,2,2,0.0,710.4540000000001,3.0
00008,2025-09-24,3,GT,LAMARSA,2,2,0.0,57.348,1.0
00008,2025-09-29,1,GT,LAMARSA,2,2,0.0,43.872,1.0
00008,2025-10-02,4,GT,LAMARSA,2,2,0.0,48.591,1.0
00008,2025-10-06,1,GT,LAMARSA,2,2,0.0,22.838,1.0
00008,2025-10-08,3,GT,LAMARSA,2,2,0.0,1910.9100000000003,7.0
00008,2025-10-12,0,GT,LAMARSA,2,2,0.0,127.663,6.0
00008,2025-10-17,5,GT,LAMARSA,2,2,0.0,15.014,1.0
00008,2025-10-31,5,GT,LAMARSA,2,2,0.0,110.284,1.0
00008,2025-11-04,2,GT,LAMARSA,2,2,0.0,80.247,12.0
00008,2025-11-08,6,GT,LAMARSA,2,2,0.0,16.007,3.0
00008,2025-11-10,1,GT,LAMARSA,2,2,0.0,392.67,13.0
00008,2025-11-14,5,GT,LAMARSA,2,2,0.0,33.986,12.0
00008,2025-11-23,0,GT,LAMARSA,2,2,0.0,266.376,3.0
00008,2025-11-28,5,GT,LAMARSA,2,2,0.0,154.33,2.0
00008,2025-11-29,6,GT,LAMARSA,2,2,0.0,202.77,2.0
00008,2025-11-30,0,GT,LAMARSA,2,2,0.0,27.034,1.0
00008,2025-12-12,5,GT,LAMARSA,2,2,0.0,687.537,4.0
00008,2025-12-21,0,GT,LAMARSA,2,2,0.0,87.556,8.0
00008,2025-12-26,5,GT,LAMARSA,2,2,0.0,161.369,29.0
00008,2026-02-06,5,GT,LAMARSA,2,2,0.0,106.087,1.0
00008,2026-03-16,1,GT,LAMARSA,2,2,0.0,62.632,1.0
00008,2026-04-05,0,GT,LAMARSA,2,2,0.0,112.569,24.0
00008,2026-05-19,2,GT,LAMARSA,2,2,0.0,100.783,1.0
00008,2026-06-01,1,GT,LAMARSA,2,2,0.0,230.141,48.0
00008,2026-06-08,1,GT,LAMARSA,2,2,0.0,98.661,1.0
00008,2026-06-24,3,GT,LAMARSA,2,2,0.0,79.625,1.0
00008,2026-06-29,1,GT,LAMARSA,2,2,0.0,43.632,1.0
00008,2026-08-13,4,GT,LAMARSA,2,2,0.0,165.963,3.0
00008,2026-09-09,3,GT,LAMARSA,2,2,0.0,97.6,1.0
00008,2026-10-07,3,GT,LAMARSA,2,2,0.0,58.23,1.0
00008,2026-11-08,0,GT,LAMARSA,2,2,0.0,112.569,24.0
00008,2026-11-16,1,GT,LAMARSA,2,2,0.0,108.928,72.0
00008,2026-12-01,2,GT,LAMARSA,2,2,0.0,106.425,24.0
00008,2026-12-02,3,GT,LAMARSA,2,2,0.0,106.087,1.0
00009,2025-01-17,5,GT,LAMARSA,2,2,0.0,38.405,6.0
00009,2025-02-01,6,GT,LAMARSA,2,2,0.0,42.213,24.0
00009,2025-02-06,4,GT,LAMARSA,2,2,0.0,116.088,1.0
00009,2025-02-10,1,GT,LAMARSA,2,2,0.0,80.661,3.0
00009,2025-02-24,1,GT,LAMARSA,2,2,0.0,25.782,1.0
00009,2025-03-06,4,GT,LAMARSA,2,2,0.0,41.91,1.0
00009,2025-03-17,1,GT,LAMARSA,2,2,0.0,54.411,1.0
00009,2025-03-26,3,GT,LAMARSA,2,2,0.0,70.568,1.0
00009,2025-03-30,0,GT,LAMARSA,2,2,0.0,34.469,1.0
00009,2025-04-02,3,GT,LAMARSA,2,2,0.0,46.545,2.0
00009,2025-04-06,0,GT,LAMARSA,2,2,0.0,12.364,3.0
00009,2025-04-18,5,GT,LAMARSA,2,2,0.0,16.067,3.0
00009,2025-04-19,6,GT,LAMARSA,2,2,0.0,14.576,1.0
00009,2025-04-21,1,GT,LAMARSA,2,2,0.0,14.576,1.0
00009,2025-04-30,3,GT,LAMARSA,2,2,0.0,26.236,24.0
00009,2025-05-07,3,GT,LAMARSA,2,2,0.0,25.247,12.0
00009,2025-05-12,1,GT,LAMARSA,2,2,0.0,16.068,3.0
00009,2025-05-18,0,GT,LAMARSA,2,2,0.0,16.068,3.0
00009,2025-06-04,3,GT,LAMARSA,2,2,0.0,150.72,96.0
00009,2025-06-08,0,GT,LAMARSA,2,2,0.0,54.002,12.0
00009,2025-06-13,5,GT,LAMARSA,2,2,0.0,71.422,1.0
00009,2025-06-21,6,GT,LAMARSA,2,2,0.0,29.853,6.0
00009,2025-06-25,3,GT,LAMARSA,2,2,0.0,30.503,1.0
00009,2025-07-01,2,GT,LAMARSA,2,2,0.0,50.494,24.0
00009,2025-07-15,2,GT,LAMARSA,2,2,0.0,33.986,1.0
00009,2025-07-26,6,GT,LAMARSA,2,2,0.0,30.503,1.0
00009,2025-08-16,6,GT,LAMARSA,2,2,0.0,34.957,12.0
00009,2025-08-26,2,GT,LAMARSA,2,2,0.0,34.957,12.0
00009,2025-09-05,5,GT,LAMARSA,2,2,0.0,34.957,12.0
00009,2025-09-06,6,GT,LAMARSA,2,2,0.0,33.865,1.0
00009,2025-09-20,6,GT,LAMARSA,2,2,0.0,88.377,5.0
00009,2025-09-22,1,GT,LAMARSA,2,2,0.0,37.676,24.0
00009,2025-09-29,1,GT,LAMARSA,2,2,0.0,110.284,1.0
00009,2025-10-06,1,GT,LAMARSA,2,2,0.0,37.418,1.0
00009,2025-10-12,0,GT,LAMARSA,2,2,0.0,57.348,1.0
00009,2025-10-31,5,GT,LAMARSA,2,2,0.0,77.355,1.0
00009,2025-11-29,6,GT,LAMARSA,2,2,0.0,30.503,1.0
00009,2025-12-12,5,GT,LAMARSA,2,2,0.0,62.802,1.0
00009,2026-04-01,3,GT,LAMARSA,2,2,0.0,62.114,1.0
00009,2026-05-19,2,GT,LAMARSA,2,2,0.0,28.142,6.0
00009,2026-06-29,1,GT,LAMARSA,2,2,0.0,80.111,1.0
00009,2026-07-01,3,GT,LAMARSA,2,2,0.0,72.634,1.0
00009,2026-07-14,2,GT,LAMARSA,2,2,0.0,130.508,24.0
00009,2026-08-31,1,GT,LAMARSA,2,2,0.0,18.44,1.0
00009,2026-09-27,0,GT,LAMARSA,2,2,0.0,65.343,1.0
00009,2026-11-08,0,GT,LAMARSA,2,2,0.0,38.375,24.0
00009,2026-11-09,1,GT,LAMARSA,2,2,0.0,18.155,24.0
00009,2026-11-16,1,GT,LAMARSA,2,2,0.0,72.618,48.0
00010,2025-01-08,3,SE,LASOUKRA,2,2,0.0,58.23,1.0
00010,2025-01-10,5,SE,LASOUKRA,2,2,0.0,78.408,1.0
00010,2025-02-03,1,SE,LASOUKRA,2,2,0.0,35.098,1.0
00010,2025-02-04,2,SE,LASOUKRA,2,2,0.0,313.632,2.0
00010,2025-02-11,2,SE,LASOUKRA,2,2,0.0,59.972,1.0
00010,2025-03-18,2,SE,LASOUKRA,2,2,0.0,48.591,1.0
00010,2025-04-09,3,SE,LASOUKRA,2,2,0.0,26.236,24.0
00010,2025-04-18,5,SE,LASOUKRA,2,2,0.0,32.134,6.0
00010,2025-06-04,3,SE,LASOUKRA,2,2,0.0,19.032,8.0
00010,2025-11-03,1,SE,LASOUKRA,2,2,0.0,183.658,2.0
00010,2025-12-09,2,SE,LASOUKRA,2,2,0.0,42.975,1.0
00010,2025-12-10,3,SE,LASOUKRA,2,2,0.0,98.501,18.0
00010,2025-12-17,3,SE,LASOUKRA,2,2,0.0,54.242,24.0
00010,2025-12-27,6,SE,LASOUKRA,2,2,0.0,27.823,5.0
00010,2026-01-09,5,SE,LASOUKRA,2,2,0.0,41.206,2.0
00010,2026-01-20,2,SE,LASOUKRA,2,2,0.0,466.683,4.0
00010,2026-01-28,3,SE,LASOUKRA,2,2,0.0,241.1,26.0
00010,2026-08-26,3,SE,LASOUKRA,2,2,0.0,103.739,1.0
00010,2026-09-23,3,SE,LASOUKRA,2,2,0.0,645.5459999999999,3.0
00010,2026-09-25,5,SE,LASOUKRA,2,2,0.0,355.422,2.0
00010,2026-11-13,5,SE,LASOUKRA,2,2,0.0,18.155,24.0
00011,2025-01-05,0,SE,LASOUKRA,2,2,0.0,4430.61,45.0
00011,2025-02-03,1,SE,LASOUKRA,2,2,0.0,51.442,1.0
00011,2025-02-04,2,SE,LASOUKRA,2,2,0.0,116.088,1.0
00011,2025-02-09,0,SE,LASOUKRA,2,2,0.0,119.415,24.0
00011,2025-02-10,1,SE,LASOUKRA,2,2,0.0,2367.755,5.0
00011,2025-02-11,2,SE,LASOUKRA,2,2,0.0,1435.416,4.0
00011,2025-02-13,4,SE,LASOUKRA,2,2,0.0,78.408,1.0
00011,2025-02-22,6,SE,LASOUKRA,2,2,0.0,3294.2339999999995,8.0
00011,2025-03-10,1,SE,LASOUKRA,2,2,0.0,122.014,4.0
00011,2025-03-18,2,SE,LASOUKRA,2,2,0.0,309.932,15.0
00011,2025-03-31,1,SE,LASOUKRA,2,2,0.0,14.927,3.0
00011,2025-04-11,5,SE,LASOUKRA,2,2,0.0,116.088,1.0
00011,2025-04-14,1,SE,LASOUKRA,2,2,0.0,83.964,2.0
00011,2025-04-18,5,SE,LASOUKRA,2,2,0.0,75.188,1.0
00011,2025-05-23,5,SE,LASOUKRA,2,2,0.0,21.425,4.0
00011,2025-06-04,3,SE,LASOUKRA,2,2,0.0,21515.088,216.0
00011,2025-11-11,2,SE,LASOUKRA,2,2,0.0,979.776,5.0
00011,2025-12-09,2,SE,LASOUKRA,2,2,0.0,62.802,1.0
00011,2025-12-10,3,SE,LASOUKRA,2,2,0.0,110.186,12.0
00011,2025-12-17,3,SE,LASOUKRA,2,2,0.0,54.242,24.0
00011,2025-12-26,5,SE,LASOUKRA,2,2,0.0,589.416,4.0
00011,2025-12-28,0,SE,LASOUKRA,2,2,0.0,596.536,54.0
00011,2026-01-20,2,SE,LASOUKRA,2,2,0.0,557.376,4.0
00011,2026-01-28,3,SE,LASOUKRA,2,2,0.0,161.582,48.0
00011,2026-02-01,0,SE,LASOUKRA,2,2,0.0,6812.799999999998,14.0
00011,2026-02-02,1,SE,LASOUKRA,2,2,0.0,25972.177,236.0
00011,2026-03-16,1,SE,LASOUKRA,2,2,0.0,78.654,1.0
00011,2026-04-19,0,SE,LASOUKRA,2,2,0.0,352.9,36.0
00011,2026-05-08,5,SE,LASOUKRA,2,2,0.0,78.654,1.0
00011,2026-05-25,1,SE,LASOUKRA,2,2,0.0,39.96,3.0
00011,2026-07-06,1,SE,LASOUKRA,2,2,0.0,98.661,1.0
00011,2026-08-03,1,SE,LASOUKRA,2,2,0.0,106.087,1.0
00011,2026-09-27,0,SE,LASOUKRA,2,2,0.0,4270.6849999999995,22.0
00011,2026-09-29,2,SE,LASOUKRA,2,2,0.0,460.404,48.0
00011,2026-12-16,3,SE,LASOUKRA,2,2,0.0,18630.855,45.0
00012,2025-01-27,1,SE,LASOUKRA,2,2,0.0,54.411,1.0
00012,2025-02-09,0,SE,LASOUKRA,2,2,0.0,104.732,24.0
00012,2025-02-13,4,SE,LASOUKRA,2,2,0.0,74.955,1.0
00012,2025-03-18,2,SE,LASOUKRA,2,2,0.0,32.134,6.0
00012,2025-05-23,5,SE,LASOUKRA,2,2,0.0,21.425,4.0
00012,2025-09-24,3,SE,LASOUKRA,2,2,0.0,58.918,10.0
00012,2025-10-13,1,SE,LASOUKRA,2,2,0.0,33.865,1.0
00012,2025-11-11,2,SE,LASOUKRA,2,2,0.0,166.935,30.0
00012,2025-12-22,1,SE,LASOUKRA,2,2,0.0,30.027,2.0
00012,2025-12-26,5,SE,LASOUKRA,2,2,0.0,30.503,1.0
00012,2026-09-29,2,SE,LASOUKRA,2,2,0.0,97.6,1.0
00013,2025-01-05,0,SE,LASOUKRA,2,2,0.0,27.616,5.0
00013,2025-01-27,1,SE,LASOUKRA,2,2,0.0,42.712,1.0
00013,2025-02-02,0,SE,LASOUKRA,2,2,0.0,128.539,24.0
00013,2025-02-09,0,SE,LASOUKRA,2,2,0.0,36.623,1.0
00013,2025-02-13,4,SE,LASOUKRA,2,2,0.0,52.047,1.0
00013,2025-04-09,3,SE,LASOUKRA,2,2,0.0,26.236,24.0
00013,2025-05-23,5,SE,LASOUKRA,2,2,0.0,70.568,1.0
00013,2025-09-24,3,SE,LASOUKRA,2,2,0.0,94.268,16.0
00013,2025-09-26,5,SE,LASOUKRA,2,2,0.0,35.35,6.0
00013,2025-11-08,6,SE,LASOUKRA,2,2,0.0,110.284,1.0
00013,2025-11-09,0,SE,LASOUKRA,2,2,0.0,54.411,1.0
00013,2025-12-22,1,SE,LASOUKRA,2,2,0.0,52.612,1.0
00013,2026-05-20,3,SE,LASOUKRA,2,2,0.0,84.426,18.0
00013,2026-06-22,1,SE,LASOUKRA,2,2,0.0,1113.9,75.0
00013,2026-09-30,3,SE,LASOUKRA,2,2,0.0,117.633,24.0
00013,2026-10-20,2,SE,LASOUKRA,2,2,0.0,52.797,1.0
00014,2025-07-21,1,SE,LASOUKRA,2,2,0.0,103.318,1.0
00014,2025-09-21,0,SE,LASOUKRA,2,2,0.0,22.838,1.0
00014,2025-09-26,5,SE,LASOUKRA,2,2,0.0,38.453,12.0
00014,2026-01-04,0,SE,LASOUKRA,2,2,0.0,1010.322,27.0
00014,2026-02-12,4,SE,LASOUKRA,2,2,0.0,892.876,6.0
00014,2026-05-20,3,SE,LASOUKRA,2,2,0.0,112.569,24.0
00015,2025-01-10,5,GT,Inconnue,2,2,0.0,313.632,2.0
00015,2025-01-18,6,GT,Inconnue,2,2,0.0,313.632,2.0
00015,2025-01-22,3,GT,Inconnue,2,2,0.0,19.04,1.0
00015,2025-02-14,5,GT,Inconnue,2,2,0.0,56.114,1.0
00015,2025-02-16,0,GT,Inconnue,2,2,0.0,48.591,1.0
00015,2025-02-21,5,GT,Inconnue,2,2,0.0,4155.504,42.0
00015,2025-03-07,5,GT,Inconnue,2,2,0.0,128.539,24.0
00015,2025-03-19,3,GT,Inconnue,2,2,0.0,13.091,3.0
00015,2025-03-21,5,GT,Inconnue,2,2,0.0,32.134,6.0
00015,2025-04-20,0,GT,Inconnue,2,2,0.0,22.401,1.0
00015,2025-04-29,2,GT,Inconnue,2,2,0.0,14.927,3.0
00015,2025-05-09,5,GT,Inconnue,2,2,0.0,42.85,8.0
00015,2025-05-20,2,GT,Inconnue,2,2,0.0,64.27,12.0
00015,2025-05-26,1,GT,Inconnue,2,2,0.0,29.853,6.0
00015,2025-05-28,3,GT,Inconnue,2,2,0.0,21.202,3.0
00015,2025-06-30,1,GT,Inconnue,2,2,0.0,71.422,1.0
00015,2025-07-14,1,GT,Inconnue,2,2,0.0,16.007,6.0
00015,2025-10-03,5,GT,Inconnue,2,2,0.0,37.418,1.0
00015,2025-10-06,1,GT,Inconnue,2,2,0.0,3312.684,12.0
00015,2025-10-25,6,GT,Inconnue,2,2,0.0,735.356,4.0
00015,2025-11-02,0,GT,Inconnue,2,2,0.0,116.088,1.0
00015,2025-12-09,2,GT,Inconnue,2,2,0.0,59.972,1.0
00015,2025-12-10,3,GT,Inconnue,2,2,0.0,194.364,2.0
00015,2025-12-14,0,GT,Inconnue,2,2,0.0,114.696,1.0
00015,2026-01-18,0,GT,Inconnue,2,2,0.0,39.618,1.0
00015,2026-01-23,5,GT,Inconnue,2,2,0.0,39.909,10.0
00015,2026-01-26,1,GT,Inconnue,2,2,0.0,242.826,2.0
00015,2026-01-31,6,GT,Inconnue,2,2,0.0,2842.7999999999997,116.0
00015,2026-02-11,3,GT,Inconnue,2,2,0.0,785.7660000000001,26.0
00015,2026-02-12,4,GT,Inconnue,2,2,0.0,3606.116,186.0
00015,2026-02-18,3,GT,Inconnue,2,2,0.0,450.274,48.0
00015,2026-02-23,1,GT,Inconnue,2,2,0.0,548.576,4.0
00015,2026-02-27,5,GT,Inconnue,2,2,0.0,26.576,1.0
00015,2026-04-06,1,GT,Inconnue,2,2,0.0,62.114,1.0
00015,2026-04-23,4,GT,Inconnue,2,2,0.0,283.181,15.0
00015,2026-05-22,5,GT,Inconnue,2,2,0.0,68.782,1.0
00015,2026-06-01,1,GT,Inconnue,2,2,0.0,186.328,2.0
00015,2026-06-23,2,GT,Inconnue,2,2,0.0,7405.691999999998,137.0
00015,2026-07-01,3,GT,Inconnue,2,2,0.0,616.416,3.0
00015,2026-07-15,3,GT,Inconnue,2,2,0.0,494.145,3.0
00015,2026-09-22,2,GT,Inconnue,2,2,0.0,403.416,9.0
00015,2026-09-30,3,GT,Inconnue,2,2,0.0,578.584,27.0
00015,2026-10-29,4,GT,Inconnue,2,2,0.0,143.456,2.0
00015,2026-11-11,3,GT,Inconnue,2,2,0.0,1084.816,4.0
00016,2025-01-07,2,SE,Inconnue,2,2,0.0,175.416,2.0
00016,2025-01-14,2,SE,Inconnue,2,2,0.0,110.284,1.0
00016,2025-01-18,6,SE,Inconnue,2,2,0.0,317.272,49.0
00016,2025-02-06,4,SE,Inconnue,2,2,0.0,224.458,2.0
00016,2025-02-18,2,SE,Inconnue,2,2,0.0,724.107,3.0
00016,2025-09-09,2,SE,Inconnue,2,2,0.0,1249.377,192.0
00016,2025-09-11,4,SE,Inconnue,2,2,0.0,2938.795,29.0
00016,2025-10-05,0,SE,Inconnue,2,2,0.0,1626.82,51.0
00016,2025-10-12,0,SE,Inconnue,2,2,0.0,4919.598,15.0
00016,2025-10-15,3,SE,Inconnue,2,2,0.0,1604.75,15.0
00016,2025-10-17,5,SE,Inconnue,2,2,0.0,87.551,4.0
00016,2025-10-22,3,SE,Inconnue,2,2,0.0,280.762,25.0
00016,2025-11-10,1,SE,Inconnue,2,2,0.0,4061.52,62.0
00016,2025-11-11,2,SE,Inconnue,2,2,0.0,143.878,6.0
00016,2025-11-23,0,SE,Inconnue,2,2,0.0,110.284,1.0
00016,2025-11-26,3,SE,Inconnue,2,2,0.0,742.446,3.0
00016,2025-12-03,3,SE,Inconnue,2,2,0.0,319.157,15.0
00016,2025-12-13,6,SE,Inconnue,2,2,0.0,2336.465,28.0
00016,2025-12-16,2,SE,Inconnue,2,2,0.0,103.163,1.0
00016,2025-12-20,6,SE,Inconnue,2,2,0.0,615.0,43.0
00016,2026-01-08,4,SE,Inconnue,2,2,0.0,2140.552,49.0
00016,2026-02-17,2,SE,Inconnue,2,2,0.0,1001.194,19.0
00016,2026-02-19,4,SE,Inconnue,2,2,0.0,3554.5800000000004,21.0
00016,2026-02-28,6,SE,Inconnue,2,2,0.0,3143.36,31.0
00016,2026-05-08,5,SE,Inconnue,2,2,0.0,499.794,29.0
00016,2026-05-22,5,SE,Inconnue,2,2,0.0,6309.080000000001,128.0
00016,2026-06-05,5,SE,Inconnue,2,2,0.0,3969.612000000001,23.0
00016,2026-06-09,2,SE,Inconnue,2,2,0.0,343.38,73.0
00016,2026-07-08,3,SE,Inconnue,2,2,0.0,8519.73,56.0
00016,2026-07-28,2,SE,Inconnue,2,2,0.0,11706.662,94.0
00016,2026-08-05,3,SE,Inconnue,2,2,0.0,4397.313999999999,116.0
00016,2026-08-11,2,SE,Inconnue,2,2,0.0,949.11,5.0
00016,2026-08-13,4,SE,Inconnue,2,2,0.0,343.098,35.0
00016,2026-08-23,0,SE,Inconnue,2,2,0.0,17072.416,58.0
00016,2026-08-27,4,SE,Inconnue,2,2,0.0,11472.996000000001,14.0
00016,2026-08-31,1,SE,Inconnue,2,2,0.0,2665.825,29.0
00016,2026-10-06,2,SE,Inconnue,2,2,0.0,8902.848000000002,73.0
00017,2025-02-18,2,SE,ETTADHAMEN,2,2,0.0,315.264,2.0
00017,2026-06-08,1,SE,ETTADHAMEN,2,2,0.0,27.238,1.0
00017,2026-06-09,2,SE,ETTADHAMEN,2,2,0.0,343.38,73.0
00018,2025-08-04,1,GT,LAGOULETTE,2,2,0.0,1737.1319999999998,20.0
00020,2025-01-11,6,GT,Inconnue,2,2,0.0,13.555,2.0
00020,2025-01-25,6,GT,Inconnue,2,2,0.0,34.699,1.0
00020,2025-02-08,6,GT,Inconnue,2,2,0.0,37.676,24.0
00020,2025-02-24,1,GT,Inconnue,2,2,0.0,52.472,48.0
00020,2025-03-08,6,GT,Inconnue,2,2,0.0,993.48,50.0
00020,2025-03-19,3,GT,Inconnue,2,2,0.0,24.349,1.0
00020,2025-03-31,1,GT,Inconnue,2,2,0.0,29.754,5.0
00020,2025-04-04,5,GT,Inconnue,2,2,0.0,23.272,1.0
00020,2025-04-05,6,GT,Inconnue,2,2,0.0,4.121,1.0
00020,2025-04-11,5,GT,Inconnue,2,2,0.0,26.236,24.0
00020,2025-04-12,6,GT,Inconnue,2,2,0.0,23.272,1.0
00020,2025-04-27,0,GT,Inconnue,2,2,0.0,19.902,4.0
00020,2025-05-07,3,GT,Inconnue,2,2,0.0,43.376,1.0
00020,2025-05-18,0,GT,Inconnue,2,2,0.0,71.422,1.0
00020,2025-05-21,3,GT,Inconnue,2,2,0.0,71.422,1.0
00020,2025-06-18,3,GT,Inconnue,2,2,0.0,42.847,8.0
00020,2025-06-20,5,GT,Inconnue,2,2,0.0,16.068,3.0
00020,2025-06-29,0,GT,Inconnue,2,2,0.0,19.902,4.0
00020,2025-07-23,3,GT,Inconnue,2,2,0.0,70.701,12.0
00020,2025-08-01,5,GT,Inconnue,2,2,0.0,34.957,12.0
00020,2025-08-05,2,GT,Inconnue,2,2,0.0,79.33,1.0
00020,2025-08-13,3,GT,Inconnue,2,2,0.0,34.957,12.0
00020,2025-08-25,1,GT,Inconnue,2,2,0.0,61.216,1.0
00020,2025-08-27,3,GT,Inconnue,2,2,0.0,19.906,1.0
00020,2025-10-08,3,GT,Inconnue,2,2,0.0,837.424,96.0
00020,2025-10-29,3,GT,Inconnue,2,2,0.0,19.906,1.0
00020,2025-11-01,6,GT,Inconnue,2,2,0.0,33.865,1.0
00020,2025-11-22,6,GT,Inconnue,2,2,0.0,8.497,3.0
00020,2025-11-30,0,GT,Inconnue,2,2,0.0,19.64,3.0
00020,2025-12-17,3,GT,Inconnue,2,2,0.0,54.242,24.0
00020,2026-01-30,5,GT,Inconnue,2,2,0.0,153.288,2.0
00020,2026-02-27,5,GT,Inconnue,2,2,0.0,278.68,4.0
00020,2026-03-22,0,GT,Inconnue,2,2,0.0,114.718,2.0
00020,2026-03-26,4,GT,Inconnue,2,2,0.0,282.7,3.0
00020,2026-04-15,3,GT,Inconnue,2,2,0.0,15.342,1.0
00020,2026-04-21,2,GT,Inconnue,2,2,0.0,71.728,1.0
00020,2026-05-15,5,GT,Inconnue,2,2,0.0,106.425,24.0
00020,2026-05-17,0,GT,Inconnue,2,2,0.0,425.704,96.0
00020,2026-05-19,2,GT,Inconnue,2,2,0.0,343.38,73.0
00020,2026-06-10,3,GT,Inconnue,2,2,0.0,852.48,74.0
00020,2026-06-26,5,GT,Inconnue,2,2,0.0,62.114,1.0
00020,2026-07-28,2,GT,Inconnue,2,2,0.0,813.549,3.0
00020,2026-07-31,5,GT,Inconnue,2,2,0.0,1565.77,5.0
00020,2026-08-04,2,GT,Inconnue,2,2,0.0,4663.922999999999,133.0
00020,2026-09-21,1,GT,Inconnue,2,2,0.0,361.707,49.0
00020,2026-10-21,3,GT,Inconnue,2,2,0.0,218.938,2.0
00020,2026-11-06,5,GT,Inconnue,2,2,0.0,117.633,24.0
00020,2026-11-10,2,GT,Inconnue,2,2,0.0,18.155,24.0
00020,2026-11-17,2,GT,Inconnue,2,2,0.0,106.087,1.0
00020,2026-11-29,0,GT,Inconnue,2,2,0.0,42.273,2.0
00020,2026-12-22,2,GT,Inconnue,2,2,0.0,116.136,2.0
00021,2025-01-11,6,GT,LAGOULETTE,2,2,0.0,13.555,2.0
00021,2025-01-25,6,GT,LAGOULETTE,2,2,0.0,34.699,1.0
00021,2025-01-29,3,GT,LAGOULETTE,2,2,0.0,29.092,6.0
00021,2025-02-19,3,GT,LAGOULETTE,2,2,0.0,43.376,1.0
00021,2025-02-23,0,GT,LAGOULETTE,2,2,0.0,19.04,1.0
00021,2025-03-02,0,GT,LAGOULETTE,2,2,0.0,30.503,1.0
00021,2025-03-19,3,GT,LAGOULETTE,2,2,0.0,22.218,12.0
00021,2025-04-04,5,GT,LAGOULETTE,2,2,0.0,29.092,6.0
00021,2025-04-11,5,GT,LAGOULETTE,2,2,0.0,30.503,1.0
00021,2025-04-25,5,GT,LAGOULETTE,2,2,0.0,14.927,3.0
00021,2025-05-05,1,GT,LAGOULETTE,2,2,0.0,10.711,2.0
00021,2025-05-19,1,GT,LAGOULETTE,2,2,0.0,16.067,3.0
00021,2025-05-21,3,GT,LAGOULETTE,2,2,0.0,32.134,6.0
00021,2025-05-24,6,GT,LAGOULETTE,2,2,0.0,36.996,20.0
00021,2025-06-11,3,GT,LAGOULETTE,2,2,0.0,30.503,1.0
00021,2025-06-18,3,GT,LAGOULETTE,2,2,0.0,149.67,2.0
00021,2025-07-23,3,GT,LAGOULETTE,2,2,0.0,27.616,24.0
00021,2025-08-06,3,GT,LAGOULETTE,2,2,0.0,22.401,1.0
00021,2025-08-13,3,GT,LAGOULETTE,2,2,0.0,558.963,15.0
00021,2025-08-25,1,GT,LAGOULETTE,2,2,0.0,66.917,1.0
00021,2025-08-27,3,GT,LAGOULETTE,2,2,0.0,37.351,14.0
00021,2025-09-28,0,GT,LAGOULETTE,2,2,0.0,38.583,1.0
00021,2025-10-05,0,GT,LAGOULETTE,2,2,0.0,126.97200000000001,25.0
00021,2025-11-22,6,GT,LAGOULETTE,2,2,0.0,57.097,24.0
00021,2025-12-01,1,GT,LAGOULETTE,2,2,0.0,57.097,24.0
00021,2025-12-06,6,GT,LAGOULETTE,2,2,0.0,35.546,1.0
00021,2025-12-14,0,GT,LAGOULETTE,2,2,0.0,30.503,1.0
00021,2025-12-17,3,GT,LAGOULETTE,2,2,0.0,28.814,6.0
00021,2026-01-21,3,GT,LAGOULETTE,2,2,0.0,95.783,24.0
00021,2026-01-23,5,GT,LAGOULETTE,2,2,0.0,759.68,4.0
00021,2026-01-30,5,GT,LAGOULETTE,2,2,0.0,17.416,1.0
00021,2026-02-11,3,GT,LAGOULETTE,2,2,0.0,237.81,3.0
00021,2026-05-19,2,GT,LAGOULETTE,2,2,0.0,100.783,1.0
00021,2026-05-20,3,GT,LAGOULETTE,2,2,0.0,263.908,2.0
00021,2026-07-16,4,GT,LAGOULETTE,2,2,0.0,227.83,73.0
00021,2026-07-28,2,GT,LAGOULETTE,2,2,0.0,328.634,2.0
00021,2026-07-31,5,GT,LAGOULETTE,2,2,0.0,62.114,1.0
00021,2026-08-03,1,GT,LAGOULETTE,2,2,0.0,90.63,1.0
00021,2026-08-04,2,GT,LAGOULETTE,2,2,0.0,905.1800000000001,99.0
00021,2026-08-05,3,GT,LAGOULETTE,2,2,0.0,22.237,1.0
00021,2026-08-25,2,GT,LAGOULETTE,2,2,0.0,99.722,1.0
00021,2026-09-15,2,GT,LAGOULETTE,2,2,0.0,20.053,1.0
00021,2026-09-21,1,GT,LAGOULETTE,2,2,0.0,164.388,25.0
00021,2026-10-04,0,GT,LAGOULETTE,2,2,0.0,40.687,1.0
00021,2026-11-06,5,GT,LAGOULETTE,2,2,0.0,69.002,1.0
00021,2026-11-10,2,GT,LAGOULETTE,2,2,0.0,14.578,2.0
00021,2026-12-22,2,GT,LAGOULETTE,2,2,0.0,914.46,4.0
00022,2025-01-20,1,GT,LAGOULETTE,2,2,0.0,14.16,5.0
00022,2025-01-29,3,GT,LAGOULETTE,2,2,0.0,767.6300000000001,76.0
00022,2025-02-11,2,GT,LAGOULETTE,2,2,0.0,37.676,24.0
00022,2025-02-15,6,GT,LAGOULETTE,2,2,0.0,436.02,3.0
00022,2025-02-19,3,GT,LAGOULETTE,2,2,0.0,35.832,1.0
00022,2025-02-28,5,GT,LAGOULETTE,2,2,0.0,36.623,1.0
00022,2025-03-02,0,GT,LAGOULETTE,2,2,0.0,614.104,76.0
00022,2025-03-11,2,GT,LAGOULETTE,2,2,0.0,1053.924,9.0
00022,2025-03-13,4,GT,LAGOULETTE,2,2,0.0,52.258,1.0
00022,2025-03-16,0,GT,LAGOULETTE,2,2,0.0,3336.174,21.0
00022,2025-04-04,5,GT,LAGOULETTE,2,2,0.0,65.94,3.0
00022,2025-04-13,0,GT,LAGOULETTE,2,2,0.0,67.863,1.0
00022,2025-04-27,0,GT,LAGOULETTE,2,2,0.0,24.878,5.0
00022,2025-05-07,3,GT,LAGOULETTE,2,2,0.0,43.376,1.0
00022,2025-05-24,6,GT,LAGOULETTE,2,2,0.0,36.996,20.0
00022,2025-05-25,0,GT,LAGOULETTE,2,2,0.0,36.996,20.0
00022,2025-05-28,3,GT,LAGOULETTE,2,2,0.0,45.414,2.0
00022,2025-06-11,3,GT,LAGOULETTE,2,2,0.0,43.376,1.0
00022,2025-06-18,3,GT,LAGOULETTE,2,2,0.0,2081.636,16.0
00022,2025-07-11,5,GT,LAGOULETTE,2,2,0.0,64.03,24.0
00022,2025-07-19,6,GT,LAGOULETTE,2,2,0.0,1797.604,7.0
00022,2025-08-13,3,GT,LAGOULETTE,2,2,0.0,66.917,1.0
00022,2025-08-25,1,GT,LAGOULETTE,2,2,0.0,16.007,6.0
00022,2025-09-07,0,GT,LAGOULETTE,2,2,0.0,339.204,60.0
00022,2025-09-20,6,GT,LAGOULETTE,2,2,0.0,4972.700000000001,90.0
00022,2025-11-10,1,GT,LAGOULETTE,2,2,0.0,39.813,2.0
00022,2025-11-18,2,GT,LAGOULETTE,2,2,0.0,19.906,1.0
00022,2025-12-24,3,GT,LAGOULETTE,2,2,0.0,28.935,12.0
00022,2025-12-27,6,GT,LAGOULETTE,2,2,0.0,714.96,4.0
00022,2026-01-06,2,GT,LAGOULETTE,2,2,0.0,303.678,2.0
00022,2026-01-11,0,GT,LAGOULETTE,2,2,0.0,38.551,6.0
00022,2026-01-16,5,GT,LAGOULETTE,2,2,0.0,2209.319,124.0
00022,2026-01-23,5,GT,LAGOULETTE,2,2,0.0,826.1129999999999,3.0
00022,2026-01-30,5,GT,LAGOULETTE,2,2,0.0,6236.451000000001,104.0
00022,2026-02-20,5,GT,LAGOULETTE,2,2,0.0,20546.942000000003,173.0
00022,2026-02-27,5,GT,LAGOULETTE,2,2,0.0,228.92,72.0
00022,2026-03-02,1,GT,LAGOULETTE,2,2,0.0,3758.0480000000002,101.0
00022,2026-03-11,3,GT,LAGOULETTE,2,2,0.0,6018.380999999999,126.0
00022,2026-03-12,4,GT,LAGOULETTE,2,2,0.0,26.12,1.0
00022,2026-03-22,0,GT,LAGOULETTE,2,2,0.0,143.472,5.0
00022,2026-03-26,4,GT,LAGOULETTE,2,2,0.0,9842.470000000003,156.0
00022,2026-04-16,4,GT,LAGOULETTE,2,2,0.0,5692.554,23.0
00022,2026-04-20,1,GT,LAGOULETTE,2,2,0.0,145.132,5.0
00022,2026-05-11,1,GT,LAGOULETTE,2,2,0.0,8496.117,103.0
00022,2026-05-19,2,GT,LAGOULETTE,2,2,0.0,1245.066,7.0
00022,2026-06-19,5,GT,LAGOULETTE,2,2,0.0,1725.384,20.0
00022,2026-07-08,3,GT,LAGOULETTE,2,2,0.0,5488.08,60.0
00022,2026-07-28,2,GT,LAGOULETTE,2,2,0.0,12899.588,160.0
00022,2026-07-30,4,GT,LAGOULETTE,2,2,0.0,427.74299999999994,3.0
00022,2026-08-14,5,GT,LAGOULETTE,2,2,0.0,825.12,18.0
00022,2026-08-25,2,GT,LAGOULETTE,2,2,0.0,14536.122000000005,109.0
00022,2026-09-01,2,GT,LAGOULETTE,2,2,0.0,11522.433999999997,156.0
00022,2026-09-15,2,GT,LAGOULETTE,2,2,0.0,278.008,2.0
00022,2026-09-22,2,GT,LAGOULETTE,2,2,0.0,1062.567,31.0
00022,2026-10-04,0,GT,LAGOULETTE,2,2,0.0,7054.927,105.0
00022,2026-11-10,2,GT,LAGOULETTE,2,2,0.0,6942.286,107.0
00022,2026-11-17,2,GT,LAGOULETTE,2,2,0.0,2239.63,14.0
00022,2026-11-18,3,GT,LAGOULETTE,2,2,0.0,166.398,48.0
00022,2026-12-22,2,GT,LAGOULETTE,2,2,0.0,188.382,2.0
00022,2026-12-25,5,GT,LAGOULETTE,2,2,0.0,1951.79,9.0
00023,2025-01-20,1,,LAGOULETTE,2,2,0.0,8.497,3.0
00023,2025-01-22,3,,LAGOULETTE,2,2,0.0,64.275,12.0
00023,2025-02-08,6,,LAGOULETTE,2,2,0.0,56.114,1.0
00023,2025-02-11,2,,LAGOULETTE,2,2,0.0,34.608,12.0
00023,2025-04-11,5,,LAGOULETTE,2,2,0.0,24.349,1.0
00023,2025-04-12,6,,LAGOULETTE,2,2,0.0,34.469,1.0
00023,2025-04-15,2,,LAGOULETTE,2,2,0.0,52.472,48.0
00023,2025-04-25,5,,LAGOULETTE,2,2,0.0,23.272,1.0
00023,2025-05-28,3,,LAGOULETTE,2,2,0.0,21.362,12.0
00023,2025-06-11,3,,LAGOULETTE,2,2,0.0,54.411,1.0
00023,2025-06-18,3,,LAGOULETTE,2,2,0.0,24.349,1.0
00023,2025-06-29,0,,LAGOULETTE,2,2,0.0,37.418,1.0
00023,2025-07-13,0,,LAGOULETTE,2,2,0.0,19.906,1.0
00023,2025-07-23,3,,LAGOULETTE,2,2,0.0,35.35,6.0
00023,2025-08-25,1,,LAGOULETTE,2,2,0.0,103.318,1.0
00023,2025-10-12,0,,LAGOULETTE,2,2,0.0,43.872,1.0
00023,2025-10-22,3,,LAGOULETTE,2,2,0.0,30.503,1.0
00023,2025-10-29,3,,LAGOULETTE,2,2,0.0,43.872,1.0
00023,2025-11-09,0,,LAGOULETTE,2,2,0.0,19.906,1.0
00023,2025-11-10,1,,LAGOULETTE,2,2,0.0,19.906,1.0
00023,2025-11-12,3,,LAGOULETTE,2,2,0.0,16.993,6.0
00023,2025-11-26,3,,LAGOULETTE,2,2,0.0,16.694,3.0
00023,2025-11-30,0,,LAGOULETTE,2,2,0.0,39.278,6.0
00023,2025-12-14,0,,LAGOULETTE,2,2,0.0,36.728,4.0
00023,2025-12-24,3,,LAGOULETTE,2,2,0.0,28.935,12.0
00023,2025-12-29,1,,LAGOULETTE,2,2,0.0,25.194,1.0
00023,2026-02-27,5,,LAGOULETTE,2,2,0.0,180.712,2.0
00023,2026-03-22,0,,LAGOULETTE,2,2,0.0,106.087,1.0
00023,2026-04-21,2,,LAGOULETTE,2,2,0.0,68.702,1.0
00023,2026-05-19,2,,LAGOULETTE,2,2,0.0,56.285,12.0
00023,2026-07-31,5,,LAGOULETTE,2,2,0.0,313.276,3.0
00023,2026-08-04,2,,LAGOULETTE,2,2,0.0,1002.188,98.0
00023,2026-09-08,2,,LAGOULETTE,2,2,0.0,2514.8599999999997,6.0
00023,2026-09-15,2,,LAGOULETTE,2,2,0.0,52.797,1.0
00023,2026-10-02,5,,LAGOULETTE,2,2,0.0,1347.04,10.0
00023,2026-10-13,2,,LAGOULETTE,2,2,0.0,116.46,2.0
00023,2026-10-30,5,,LAGOULETTE,2,2,0.0,685.125,3.0
00023,2026-11-06,5,,LAGOULETTE,2,2,0.0,153.504,48.0
00023,2026-11-13,5,,LAGOULETTE,2,2,0.0,71.728,1.0
00023,2026-11-17,2,,LAGOULETTE,2,2,0.0,106.087,1.0
00024,2025-01-14,2,GT,LAGOULETTE,2,2,0.0,24.004,24.0
00024,2025-01-19,0,GT,LAGOULETTE,2,2,0.0,119.415,24.0
00024,2025-01-27,1,GT,LAGOULETTE,2,2,0.0,114.224,1.0
00024,2025-01-29,3,GT,LAGOULETTE,2,2,0.0,33.893,1.0
00024,2025-02-10,1,GT,LAGOULETTE,2,2,0.0,35.832,1.0
00024,2025-02-11,2,GT,LAGOULETTE,2,2,0.0,34.608,12.0
00024,2025-02-16,0,GT,LAGOULETTE,2,2,0.0,54.242,24.0
00024,2025-02-19,3,GT,LAGOULETTE,2,2,0.0,147.742,4.0
00024,2025-05-21,3,GT,LAGOULETTE,2,2,0.0,26.778,5.0
00024,2025-06-18,3,GT,LAGOULETTE,2,2,0.0,24.349,1.0
00024,2025-06-29,0,GT,LAGOULETTE,2,2,0.0,50.494,24.0
00024,2025-07-23,3,GT,LAGOULETTE,2,2,0.0,58.918,10.0
00024,2025-10-22,3,GT,LAGOULETTE,2,2,0.0,17.676,3.0
00024,2025-11-09,0,GT,LAGOULETTE,2,2,0.0,32.016,6.0
00024,2025-11-12,3,GT,LAGOULETTE,2,2,0.0,152.26,36.0
00024,2025-12-14,0,GT,LAGOULETTE,2,2,0.0,30.503,1.0
00024,2026-05-19,2,GT,LAGOULETTE,2,2,0.0,465.474,3.0
00024,2026-07-03,5,GT,LAGOULETTE,2,2,0.0,28.054,1.0
00024,2026-07-31,5,GT,LAGOULETTE,2,2,0.0,98.661,1.0
00024,2026-08-03,1,GT,LAGOULETTE,2,2,0.0,88.225,18.0
00024,2026-09-04,5,GT,LAGOULETTE,2,2,0.0,225.64,2.0
00024,2026-10-21,3,GT,LAGOULETTE,2,2,0.0,106.425,24.0
00024,2026-10-23,5,GT,LAGOULETTE,2,2,0.0,69.596,2.0
00024,2026-10-29,4,GT,LAGOULETTE,2,2,0.0,79.236,2.0
00024,2026-10-30,5,GT,LAGOULETTE,2,2,0.0,307.284,3.0
00024,2026-11-10,2,GT,LAGOULETTE,2,2,0.0,117.633,24.0
00024,2026-11-13,5,GT,LAGOULETTE,2,2,0.0,68.702,1.0
00024,2026-12-09,3,GT,LAGOULETTE,2,2,0.0,287.48,25.0
00024,2026-12-11,5,GT,LAGOULETTE,2,2,0.0,118.79,2.0
00024,2026-12-27,0,GT,LAGOULETTE,2,2,0.0,157.414,72.0
00025,2025-01-14,2,GT,LAGOULETTE,2,2,0.0,8.497,3.0
00025,2025-01-19,0,GT,LAGOULETTE,2,2,0.0,75.188,1.0
00025,2025-01-22,3,GT,LAGOULETTE,2,2,0.0,64.275,12.0
00025,2025-02-11,2,GT,LAGOULETTE,2,2,0.0,54.242,24.0
00025,2025-02-19,3,GT,LAGOULETTE,2,2,0.0,57.804,1.0
00025,2025-03-19,3,GT,LAGOULETTE,2,2,0.0,22.218,12.0
00025,2025-04-04,5,GT,LAGOULETTE,2,2,0.0,23.272,1.0
00025,2025-04-25,5,GT,LAGOULETTE,2,2,0.0,14.927,3.0
00025,2025-05-05,1,GT,LAGOULETTE,2,2,0.0,23.272,1.0
00025,2025-05-10,6,GT,LAGOULETTE,2,2,0.0,114.762,18.0
00025,2025-05-19,1,GT,LAGOULETTE,2,2,0.0,54.378,1.0
00025,2025-05-21,3,GT,LAGOULETTE,2,2,0.0,32.134,6.0
00025,2025-06-18,3,GT,LAGOULETTE,2,2,0.0,42.85,8.0
00025,2025-06-25,3,GT,LAGOULETTE,2,2,0.0,27.616,24.0
00025,2025-06-29,0,GT,LAGOULETTE,2,2,0.0,24.878,5.0
00025,2025-07-23,3,GT,LAGOULETTE,2,2,0.0,141.403,24.0
00025,2025-08-05,2,GT,LAGOULETTE,2,2,0.0,43.376,1.0
00025,2025-08-29,5,GT,LAGOULETTE,2,2,0.0,66.917,1.0
00025,2025-09-07,0,GT,LAGOULETTE,2,2,0.0,50.494,24.0
00025,2025-10-22,3,GT,LAGOULETTE,2,2,0.0,57.097,24.0
00025,2025-10-29,3,GT,LAGOULETTE,2,2,0.0,17.676,3.0
00025,2025-11-09,0,GT,LAGOULETTE,2,2,0.0,37.676,24.0
00025,2025-11-12,3,GT,LAGOULETTE,2,2,0.0,16.993,6.0
00025,2025-11-18,2,GT,LAGOULETTE,2,2,0.0,19.906,1.0
00025,2025-11-22,6,GT,LAGOULETTE,2,2,0.0,110.284,1.0
00025,2025-12-01,1,GT,LAGOULETTE,2,2,0.0,57.097,24.0
00025,2025-12-14,0,GT,LAGOULETTE,2,2,0.0,30.027,2.0
00025,2025-12-17,3,GT,LAGOULETTE,2,2,0.0,54.242,24.0
00025,2026-01-06,2,GT,LAGOULETTE,2,2,0.0,95.783,24.0
00025,2026-02-06,5,GT,LAGOULETTE,2,2,0.0,61.368,2.0
00025,2026-05-20,3,GT,LAGOULETTE,2,2,0.0,83.323,17.0
00025,2026-08-04,2,GT,LAGOULETTE,2,2,0.0,61.993,1.0
00025,2026-09-05,6,GT,LAGOULETTE,2,2,0.0,97.6,1.0
00025,2026-09-21,1,GT,LAGOULETTE,2,2,0.0,236.972,25.0
00025,2026-10-12,1,GT,LAGOULETTE,2,2,0.0,38.375,24.0
00025,2026-10-13,2,GT,LAGOULETTE,2,2,0.0,38.375,24.0
00025,2026-10-21,3,GT,LAGOULETTE,2,2,0.0,97.6,1.0
00025,2026-10-23,5,GT,LAGOULETTE,2,2,0.0,34.798,2.0
00025,2026-12-04,5,GT,LAGOULETTE,2,2,0.0,31.171,1.0
00026,2025-01-03,5,GT,LAGOULETTE,2,2,0.0,87.743,1.0
00026,2025-01-14,2,GT,LAGOULETTE,2,2,0.0,44.885,1.0
00026,2025-01-19,0,GT,LAGOULETTE,2,2,0.0,75.188,1.0
00026,2025-02-16,0,GT,LAGOULETTE,2,2,0.0,54.242,24.0
00026,2025-03-08,6,GT,LAGOULETTE,2,2,0.0,208.192,2.0
00026,2025-03-19,3,GT,LAGOULETTE,2,2,0.0,70.568,1.0
00026,2025-04-07,1,GT,LAGOULETTE,2,2,0.0,5.248,1.0
00026,2025-04-25,5,GT,LAGOULETTE,2,2,0.0,24.349,1.0
00026,2025-05-21,3,GT,LAGOULETTE,2,2,0.0,16.067,3.0
00026,2025-06-18,3,GT,LAGOULETTE,2,2,0.0,71.422,1.0
00026,2025-06-29,0,GT,LAGOULETTE,2,2,0.0,37.418,1.0
00026,2025-07-23,3,GT,LAGOULETTE,2,2,0.0,35.35,6.0
00026,2025-09-07,0,GT,LAGOULETTE,2,2,0.0,34.957,12.0
00026,2025-10-12,0,GT,LAGOULETTE,2,2,0.0,91.356,2.0
00026,2025-10-22,3,GT,LAGOULETTE,2,2,0.0,37.676,24.0
00026,2025-10-29,3,GT,LAGOULETTE,2,2,0.0,37.676,24.0
00026,2025-11-24,1,GT,LAGOULETTE,2,2,0.0,116.088,1.0
00026,2025-11-26,3,GT,LAGOULETTE,2,2,0.0,30.503,1.0
00026,2025-11-30,0,GT,LAGOULETTE,2,2,0.0,67.863,1.0
00026,2025-12-14,0,GT,LAGOULETTE,2,2,0.0,45.911,5.0
00026,2025-12-20,6,GT,LAGOULETTE,2,2,0.0,30.027,2.0
00026,2025-12-24,3,GT,LAGOULETTE,2,2,0.0,28.814,6.0
00026,2026-01-06,2,GT,LAGOULETTE,2,2,0.0,908.1650000000001,9.0
00026,2026-04-29,3,GT,LAGOULETTE,2,2,0.0,322.696,35.0
00026,2026-09-04,5,GT,LAGOULETTE,2,2,0.0,117.633,24.0
00026,2026-09-05,6,GT,LAGOULETTE,2,2,0.0,274.14,2.0
00026,2026-10-13,2,GT,LAGOULETTE,2,2,0.0,116.46,2.0
00026,2026-11-06,5,GT,LAGOULETTE,2,2,0.0,14.578,2.0
00026,2026-11-15,0,GT,LAGOULETTE,2,2,0.0,21.866,3.0
00026,2026-12-11,5,GT,LAGOULETTE,2,2,0.0,68.702,1.0
00026,2026-12-22,2,GT,LAGOULETTE,2,2,0.0,176.082,2.0
00026,2026-12-23,3,GT,LAGOULETTE,2,2,0.0,739.791,3.0
00026,2026-12-27,0,GT,LAGOULETTE,2,2,0.0,42.213,24.0
00027,2025-01-03,5,GT,Inconnue,2,2,0.0,49.873,1.0
00027,2025-01-12,0,GT,Inconnue,2,2,0.0,52.047,1.0
00027,2025-01-14,2,GT,Inconnue,2,2,0.0,44.885,1.0
00027,2025-01-19,0,GT,Inconnue,2,2,0.0,36.623,1.0
00027,2025-01-29,3,GT,Inconnue,2,2,0.0,767.6300000000001,76.0
00027,2025-02-04,2,GT,Inconnue,2,2,0.0,87.743,1.0
00027,2025-02-11,2,GT,Inconnue,2,2,0.0,14.576,1.0
00027,2025-02-28,5,GT,Inconnue,2,2,0.0,159.369,27.0
00027,2025-03-03,1,GT,Inconnue,2,2,0.0,30.503,1.0
00027,2025-03-08,6,GT,Inconnue,2,2,0.0,1193.67,6.0
00027,2025-03-14,5,GT,Inconnue,2,2,0.0,33.841,1.0
00027,2025-03-16,0,GT,Inconnue,2,2,0.0,23.272,1.0
00027,2025-03-31,1,GT,Inconnue,2,2,0.0,17.853,3.0
00027,2025-04-04,5,GT,Inconnue,2,2,0.0,23.272,1.0
00027,2025-04-11,5,GT,Inconnue,2,2,0.0,71.422,1.0
00027,2025-04-12,6,GT,Inconnue,2,2,0.0,30.503,1.0
00027,2025-04-25,5,GT,Inconnue,2,2,0.0,19.902,4.0
00027,2025-05-05,1,GT,Inconnue,2,2,0.0,16.067,3.0
00027,2025-05-21,3,GT,Inconnue,2,2,0.0,26.781,5.0
00027,2025-05-24,6,GT,Inconnue,2,2,0.0,9.128,1.0
00027,2025-06-11,3,GT,Inconnue,2,2,0.0,30.503,1.0
00027,2025-07-19,6,GT,Inconnue,2,2,0.0,19.617,40.0
00027,2025-07-28,1,GT,Inconnue,2,2,0.0,141.402,12.0
00027,2025-07-30,3,GT,Inconnue,2,2,0.0,87.445,1.0
00027,2025-08-01,5,GT,Inconnue,2,2,0.0,37.418,1.0
00027,2025-08-05,2,GT,Inconnue,2,2,0.0,30.503,1.0
00027,2025-08-13,3,GT,Inconnue,2,2,0.0,19.906,1.0
00027,2025-08-25,1,GT,Inconnue,2,2,0.0,111.088,1.0
00027,2025-08-28,4,GT,Inconnue,2,2,0.0,194.364,2.0
00027,2025-09-07,0,GT,Inconnue,2,2,0.0,88.172,1.0
00027,2025-09-10,3,GT,Inconnue,2,2,0.0,61.216,1.0
00027,2025-09-20,6,GT,Inconnue,2,2,0.0,116.088,1.0
00027,2025-09-28,0,GT,Inconnue,2,2,0.0,38.453,12.0
00027,2025-10-03,5,GT,Inconnue,2,2,0.0,38.453,12.0
00027,2025-10-08,3,GT,Inconnue,2,2,0.0,335.262,2.0
00027,2025-10-15,3,GT,Inconnue,2,2,0.0,77.355,1.0
00027,2025-10-17,5,GT,Inconnue,2,2,0.0,83.531,1.0
00027,2025-10-22,3,GT,Inconnue,2,2,0.0,30.503,1.0
00027,2025-10-24,5,GT,Inconnue,2,2,0.0,38.583,1.0
00027,2025-10-29,3,GT,Inconnue,2,2,0.0,164.97,14.0
00027,2025-11-12,3,GT,Inconnue,2,2,0.0,16.993,6.0
00027,2025-11-14,5,GT,Inconnue,2,2,0.0,16.993,6.0
00027,2025-11-15,6,GT,Inconnue,2,2,0.0,54.411,1.0
00027,2025-11-19,3,GT,Inconnue,2,2,0.0,83.282,1.0
00027,2025-11-22,6,GT,Inconnue,2,2,0.0,57.097,24.0
00027,2025-11-24,1,GT,Inconnue,2,2,0.0,37.676,24.0
00027,2025-12-06,6,GT,Inconnue,2,2,0.0,35.546,1.0
00027,2025-12-07,0,GT,Inconnue,2,2,0.0,15.014,1.0
00027,2025-12-17,3,GT,Inconnue,2,2,0.0,30.027,2.0
00027,2025-12-22,1,GT,Inconnue,2,2,0.0,17.676,3.0
00027,2025-12-24,3,GT,Inconnue,2,2,0.0,28.814,6.0
00027,2025-12-29,1,GT,Inconnue,2,2,0.0,42.778,4.0
00027,2026-01-02,5,GT,Inconnue,2,2,0.0,286.912,2.0
00027,2026-01-06,2,GT,Inconnue,2,2,0.0,51.4,4.0
00027,2026-01-23,5,GT,Inconnue,2,2,0.0,1646.3999999999999,5.0
00027,2026-01-27,2,GT,Inconnue,2,2,0.0,26.576,1.0
00027,2026-01-30,5,GT,Inconnue,2,2,0.0,265.752,5.0
00027,2026-02-06,5,GT,Inconnue,2,2,0.0,112.569,24.0
00027,2026-02-11,3,GT,Inconnue,2,2,0.0,78.654,1.0
00027,2026-02-27,5,GT,Inconnue,2,2,0.0,35.482,2.0
00027,2026-03-17,2,GT,Inconnue,2,2,0.0,62.342,2.0
00027,2026-03-19,4,GT,Inconnue,2,2,0.0,2956.04,107.0
00027,2026-03-22,0,GT,Inconnue,2,2,0.0,212.174,2.0
00027,2026-04-12,0,GT,Inconnue,2,2,0.0,3590.7920000000004,73.0
00027,2026-04-15,3,GT,Inconnue,2,2,0.0,23.699,24.0
00027,2026-04-21,2,GT,Inconnue,2,2,0.0,71.728,1.0
00027,2026-05-17,0,GT,Inconnue,2,2,0.0,319.761,3.0
00027,2026-05-20,3,GT,Inconnue,2,2,0.0,4804.173000000001,80.0
00027,2026-05-27,3,GT,Inconnue,2,2,0.0,6292.373999999999,142.0
00027,2026-07-07,2,GT,Inconnue,2,2,0.0,39.618,1.0
00027,2026-07-15,3,GT,Inconnue,2,2,0.0,43.818,1.0
00027,2026-07-28,2,GT,Inconnue,2,2,0.0,58.23,1.0
00027,2026-07-31,5,GT,Inconnue,2,2,0.0,106.087,1.0
00027,2026-08-03,1,GT,Inconnue,2,2,0.0,39.212,8.0
00027,2026-09-04,5,GT,Inconnue,2,2,0.0,97.6,1.0
00027,2026-10-09,5,GT,Inconnue,2,2,0.0,1253.908,21.0
00027,2026-10-15,4,GT,Inconnue,2,2,0.0,34.666,24.0
00027,2026-10-21,3,GT,Inconnue,2,2,0.0,97.6,1.0
00027,2026-11-17,2,GT,Inconnue,2,2,0.0,424.348,2.0
00027,2026-11-20,5,GT,Inconnue,2,2,0.0,262.828,2.0
00027,2026-11-28,6,GT,Inconnue,2,2,0.0,106.087,1.0
00027,2026-12-02,3,GT,Inconnue,2,2,0.0,129.634,2.0
00027,2026-12-22,2,GT,Inconnue,2,2,0.0,117.259,25.0
00027,2026-12-23,3,GT,Inconnue,2,2,0.0,1314.711,19.0
00027,2026-12-30,3,GT,Inconnue,2,2,0.0,35.942,1.0
00028,2025-01-14,2,GT,Inconnue,2,2,0.0,38.405,6.0
00028,2025-03-08,6,GT,Inconnue,2,2,0.0,208.192,2.0
00028,2025-03-10,1,GT,Inconnue,2,2,0.0,91.423,1.0
00028,2025-05-10,6,GT,Inconnue,2,2,0.0,25.247,12.0
00028,2025-10-12,0,GT,Inconnue,2,2,0.0,22.838,1.0
00028,2025-10-29,3,GT,Inconnue,2,2,0.0,83.531,1.0
00028,2025-11-24,1,GT,Inconnue,2,2,0.0,124.96000000000001,25.0
00028,2025-11-30,0,GT,Inconnue,2,2,0.0,116.088,1.0
00028,2026-05-24,0,GT,Inconnue,2,2,0.0,61.993,1.0
00028,2026-07-14,2,GT,Inconnue,2,2,0.0,106.087,1.0
00028,2026-08-03,1,GT,Inconnue,2,2,0.0,106.087,1.0
00030,2025-01-17,5,GT,LAMARSA,2,2,0.0,22.981,1.0
00030,2025-01-20,1,GT,LAMARSA,2,2,0.0,38.405,6.0
00030,2025-02-18,2,GT,LAMARSA,2,2,0.0,669.7,11.0
00030,2025-03-04,2,GT,LAMARSA,2,2,0.0,342.71999999999997,49.0
00030,2025-03-07,5,GT,LAMARSA,2,2,0.0,30.027,2.0
00030,2025-03-09,0,GT,LAMARSA,2,2,0.0,583.7040000000001,11.0
00030,2025-03-10,1,GT,LAMARSA,2,2,0.0,162.908,7.0
00030,2025-03-22,6,GT,LAMARSA,2,2,0.0,826.068,4.0
00030,2025-03-29,6,GT,LAMARSA,2,2,0.0,116.088,1.0
00030,2025-04-06,0,GT,LAMARSA,2,2,0.0,5.248,1.0
00030,2025-04-12,6,GT,LAMARSA,2,2,0.0,87.445,1.0
00030,2025-04-19,6,GT,LAMARSA,2,2,0.0,79.351,1.0
00030,2025-04-26,6,GT,LAMARSA,2,2,0.0,24.729,6.0
00030,2025-05-17,6,GT,LAMARSA,2,2,0.0,451.556,10.0
00030,2025-05-20,2,GT,LAMARSA,2,2,0.0,14.927,3.0
00030,2025-07-20,0,GT,LAMARSA,2,2,0.0,50.494,24.0
00030,2025-07-26,6,GT,LAMARSA,2,2,0.0,711.417,3.0
00030,2025-07-29,2,GT,LAMARSA,2,2,0.0,1364.544,23.0
00030,2025-08-12,2,GT,LAMARSA,2,2,0.0,240.818,48.0
00030,2025-08-30,6,GT,LAMARSA,2,2,0.0,123.972,6.0
00030,2025-09-06,6,GT,LAMARSA,2,2,0.0,110.284,1.0
00030,2025-11-01,6,GT,LAMARSA,2,2,0.0,48.591,1.0
00030,2025-11-17,1,GT,LAMARSA,2,2,0.0,54.411,1.0
00030,2025-12-16,2,GT,LAMARSA,2,2,0.0,115.152,4.0
00030,2026-01-08,4,GT,LAMARSA,2,2,0.0,1258.8,5.0
00030,2026-01-22,4,GT,LAMARSA,2,2,0.0,1312.7649999999999,5.0
00030,2026-01-29,4,GT,LAMARSA,2,2,0.0,485.648,4.0
00030,2026-02-12,4,GT,LAMARSA,2,2,0.0,4734.539999999999,9.0
00030,2026-03-09,1,GT,LAMARSA,2,2,0.0,130.508,24.0
00030,2026-04-27,1,GT,LAMARSA,2,2,0.0,130.508,24.0
00030,2026-05-07,4,GT,LAMARSA,2,2,0.0,343.38,73.0
00030,2026-05-18,1,GT,LAMARSA,2,2,0.0,62.114,1.0
00030,2026-05-25,1,GT,LAMARSA,2,2,0.0,1055.727,7.0
00030,2026-06-01,1,GT,LAMARSA,2,2,0.0,93.514,3.0
00030,2026-06-15,1,GT,LAMARSA,2,2,0.0,1653.8,5.0
00030,2026-06-25,4,GT,LAMARSA,2,2,0.0,286.912,2.0
00030,2026-07-09,4,GT,LAMARSA,2,2,0.0,78.654,1.0
00030,2026-08-23,0,GT,LAMARSA,2,2,0.0,827.378,39.0
00030,2026-08-31,1,GT,LAMARSA,2,2,0.0,99.722,1.0
00030,2026-09-03,4,GT,LAMARSA,2,2,0.0,117.633,24.0
00030,2026-09-10,4,GT,LAMARSA,2,2,0.0,65.343,1.0
00030,2026-09-23,3,GT,LAMARSA,2,2,0.0,2571.136,42.0
00030,2026-10-19,1,GT,LAMARSA,2,2,0.0,129.048,25.0
00030,2026-11-18,3,GT,LAMARSA,2,2,0.0,147.954,7.0
00030,2026-11-23,1,GT,LAMARSA,2,2,0.0,2517.048,29.0
00030,2026-12-07,1,GT,LAMARSA,2,2,0.0,2598.2740000000003,8.0
00030,2026-12-09,3,GT,LAMARSA,2,2,0.0,112.569,24.0
00031,2025-02-16,0,,LAMARSA,2,2,0.0,116.088,1.0
00031,2025-04-08,2,,LAMARSA,2,2,0.0,10.495,2.0
00031,2025-05-17,6,,LAMARSA,2,2,0.0,14.927,3.0
00031,2025-06-10,2,,LAMARSA,2,2,0.0,14.927,3.0
00031,2025-06-22,0,,LAMARSA,2,2,0.0,50.494,24.0
00031,2025-09-16,2,,LAMARSA,2,2,0.0,12.596,1.0
00031,2025-10-11,6,,LAMARSA,2,2,0.0,77.355,1.0
00031,2025-10-18,6,,LAMARSA,2,2,0.0,12.596,1.0
00031,2025-11-03,1,,LAMARSA,2,2,0.0,57.097,24.0
00031,2025-12-13,6,,LAMARSA,2,2,0.0,62.802,1.0
00031,2026-01-05,1,,LAMARSA,2,2,0.0,80.111,1.0
00031,2026-01-19,1,,LAMARSA,2,2,0.0,251.499,3.0
00031,2026-04-24,5,,LAMARSA,2,2,0.0,39.618,1.0
00031,2026-06-01,1,,LAMARSA,2,2,0.0,147.042,30.0
00031,2026-06-25,4,,LAMARSA,2,2,0.0,28.054,1.0
00031,2026-10-15,4,,LAMARSA,2,2,0.0,72.634,1.0
00031,2026-10-22,4,,LAMARSA,2,2,0.0,68.702,1.0
00032,2025-01-06,1,GT,LAMARSA,2,2,0.0,628.284,3.0
00032,2025-01-19,0,GT,LAMARSA,2,2,0.0,399.646,2.0
00032,2025-02-16,0,GT,LAMARSA,2,2,0.0,1639.431,39.0
00032,2025-03-03,1,GT,LAMARSA,2,2,0.0,3815.1749999999997,24.0
00032,2025-03-14,5,GT,LAMARSA,2,2,0.0,75.188,1.0
00032,2025-03-17,1,GT,LAMARSA,2,2,0.0,116.088,1.0
00032,2025-04-08,2,GT,LAMARSA,2,2,0.0,314.744,2.0
00032,2025-05-27,2,GT,LAMARSA,2,2,0.0,149.67,2.0
00032,2025-06-10,2,GT,LAMARSA,2,2,0.0,797.178,28.0
00032,2025-06-27,5,GT,LAMARSA,2,2,0.0,9295.86,36.0
00032,2025-07-20,0,GT,LAMARSA,2,2,0.0,4080.041000000001,11.0
00032,2025-07-29,2,GT,LAMARSA,2,2,0.0,487.94399999999996,3.0
00032,2025-08-19,2,GT,LAMARSA,2,2,0.0,3694.696,30.0
00032,2025-08-26,2,GT,LAMARSA,2,2,0.0,30.503,1.0
00032,2025-09-16,2,GT,LAMARSA,2,2,0.0,38.583,1.0
00032,2025-09-27,6,GT,LAMARSA,2,2,0.0,1567.1399999999999,36.0
00032,2025-10-11,6,GT,LAMARSA,2,2,0.0,36.278,1.0
00032,2025-10-18,6,GT,LAMARSA,2,2,0.0,38.583,1.0
00032,2025-10-21,2,GT,LAMARSA,2,2,0.0,38.453,12.0
00032,2025-10-24,5,GT,LAMARSA,2,2,0.0,103.163,1.0
00032,2025-11-03,1,GT,LAMARSA,2,2,0.0,2045.33,28.0
00032,2025-11-17,1,GT,LAMARSA,2,2,0.0,1276.806,17.0
00032,2025-11-28,5,GT,LAMARSA,2,2,0.0,118.952,21.0
00032,2025-12-02,2,GT,LAMARSA,2,2,0.0,616.806,3.0
00032,2025-12-21,0,GT,LAMARSA,2,2,0.0,116.088,1.0
00032,2026-01-19,1,GT,LAMARSA,2,2,0.0,251.499,3.0
00032,2026-02-04,3,GT,LAMARSA,2,2,0.0,8815.443,13.0
00032,2026-02-12,4,GT,LAMARSA,2,2,0.0,1857.408,9.0
00032,2026-02-19,4,GT,LAMARSA,2,2,0.0,106.087,1.0
00032,2026-04-09,4,GT,LAMARSA,2,2,0.0,261.632,2.0
00032,2026-05-18,1,GT,LAMARSA,2,2,0.0,2294.706,99.0
00032,2026-05-21,4,GT,LAMARSA,2,2,0.0,141.578,2.0
00032,2026-06-01,1,GT,LAMARSA,2,2,0.0,1638.1439999999998,6.0
00032,2026-06-21,0,GT,LAMARSA,2,2,0.0,817.836,26.0
00032,2026-06-30,2,GT,LAMARSA,2,2,0.0,1446.66,4.0
00032,2026-07-16,4,GT,LAMARSA,2,2,0.0,813.0509999999999,26.0
00032,2026-08-13,4,GT,LAMARSA,2,2,0.0,19.332,1.0
00032,2026-09-16,3,GT,LAMARSA,2,2,0.0,2900.8559999999998,28.0
00032,2026-10-08,4,GT,LAMARSA,2,2,0.0,37.758,2.0
00032,2026-10-15,4,GT,LAMARSA,2,2,0.0,38.375,24.0
00032,2026-12-06,0,GT,LAMARSA,2,2,0.0,4370.728,8.0
00035,2026-04-05,0,SE,Inconnue,2,2,0.0,444.105,49.0
00036,2026-01-13,2,SE,ARIANAVILLE,2,2,0.0,40.395,24.0
00037,2025-01-04,6,SE,MNIHLA,55,2,0.0,163.063,3.0
00037,2025-01-14,2,SE,MNIHLA,55,2,0.0,3157.6900000000005,49.0
00037,2025-01-17,5,SE,MNIHLA,55,2,0.0,341.846,4.0
00037,2025-01-27,1,SE,MNIHLA,55,2,0.0,5374.787000000001,62.0
00037,2025-02-07,5,SE,MNIHLA,55,2,0.0,60.64,3.0
00037,2025-07-07,1,SE,MNIHLA,55,2,0.0,19.906,1.0
00037,2025-07-18,5,SE,MNIHLA,55,2,0.0,864.056,96.0
00037,2025-08-11,1,SE,MNIHLA,55,2,0.0,63.535,2.0
00037,2025-08-25,1,SE,MNIHLA,55,2,0.0,142.82,24.0
00037,2025-09-20,6,SE,MNIHLA,55,2,0.0,38.583,1.0
00037,2025-09-23,2,SE,MNIHLA,55,2,0.0,13780.163,23.0
00037,2025-09-28,0,SE,MNIHLA,55,2,0.0,249.538,14.0
00037,2025-10-02,4,SE,MNIHLA,55,2,0.0,805.3320000000001,3.0
00037,2025-10-24,5,SE,MNIHLA,55,2,0.0,3092.7120000000004,7.0
00037,2025-10-28,2,SE,MNIHLA,55,2,0.0,12.596,1.0
00037,2025-11-03,1,SE,MNIHLA,55,2,0.0,61.216,1.0
00037,2025-11-12,3,SE,MNIHLA,55,2,0.0,5688.584000000001,61.0
00037,2025-12-07,0,SE,MNIHLA,55,2,0.0,1487.7380000000003,31.0
00037,2025-12-09,2,SE,MNIHLA,55,2,0.0,1080.162,30.0
00037,2025-12-16,2,SE,MNIHLA,55,2,0.0,1163.414,20.0
00037,2025-12-24,3,SE,MNIHLA,55,2,0.0,1148.772,8.0
00037,2025-12-27,6,SE,MNIHLA,55,2,0.0,1666.096,30.0
00037,2025-12-30,2,SE,MNIHLA,55,2,0.0,24.011,5.0
00037,2026-01-13,2,SE,MNIHLA,55,2,0.0,36.618,1.0
00037,2026-01-18,0,SE,MNIHLA,55,2,0.0,518.202,12.0
00037,2026-04-01,3,SE,MNIHLA,55,2,0.0,198.674,13.0
00037,2026-04-05,0,SE,MNIHLA,55,2,0.0,479.442,3.0
00037,2026-08-19,3,SE,MNIHLA,55,2,0.0,3047.7920000000004,17.0
00037,2026-08-20,4,SE,MNIHLA,55,2,0.0,527.127,3.0
00037,2026-08-31,1,SE,MNIHLA,55,2,0.0,99.722,1.0
00037,2026-09-16,3,SE,MNIHLA,55,2,0.0,263.96,3.0
00038,2025-02-26,3,SE,MNIHLA,55,2,0.0,53.774,3.0
00040,2025-09-13,6,SE,ARIANAVILLE,2,2,0.0,62.984,5.0
00043,2025-01-11,6,GT,Inconnue,2,2,0.0,55.389,1.0
00043,2025-01-21,2,GT,Inconnue,2,2,0.0,42.712,1.0
00043,2025-01-23,4,GT,Inconnue,2,2,0.0,22.981,1.0
00043,2025-01-28,2,GT,Inconnue,2,2,0.0,33.893,1.0
00043,2025-02-02,0,GT,Inconnue,2,2,0.0,122.433,2.0
00043,2025-02-10,1,GT,Inconnue,2,2,0.0,25.782,1.0
00043,2025-02-23,0,GT,Inconnue,2,2,0.0,33.112,1.0
00043,2025-02-27,4,GT,Inconnue,2,2,0.0,54.242,24.0
00043,2025-03-10,1,GT,Inconnue,2,2,0.0,75.188,1.0
00043,2025-03-31,1,GT,Inconnue,2,2,0.0,13.091,3.0
00043,2025-04-02,3,GT,Inconnue,2,2,0.0,14.576,1.0
00043,2025-04-22,2,GT,Inconnue,2,2,0.0,19.262,24.0
00043,2025-07-14,1,GT,Inconnue,2,2,0.0,19.906,1.0
00043,2025-08-25,1,GT,Inconnue,2,2,0.0,30.037,1.0
00043,2025-09-17,3,GT,Inconnue,2,2,0.0,19.906,1.0
00043,2025-11-23,0,GT,Inconnue,2,2,0.0,35.546,1.0
00043,2025-11-30,0,GT,Inconnue,2,2,0.0,228.388,48.0
00043,2025-12-07,0,GT,Inconnue,2,2,0.0,38.453,12.0
00043,2025-12-12,5,GT,Inconnue,2,2,0.0,110.284,1.0
00043,2025-12-19,5,GT,Inconnue,2,2,0.0,23.567,4.0
00043,2026-02-01,0,GT,Inconnue,2,2,0.0,72.634,1.0
00043,2026-02-08,0,GT,Inconnue,2,2,0.0,106.087,1.0
00043,2026-02-19,4,GT,Inconnue,2,2,0.0,212.174,2.0
00043,2026-02-25,3,GT,Inconnue,2,2,0.0,62.114,1.0
00043,2026-03-11,3,GT,Inconnue,2,2,0.0,416.704,48.0
00043,2026-03-22,0,GT,Inconnue,2,2,0.0,106.087,1.0
00043,2026-04-14,2,GT,Inconnue,2,2,0.0,207.93,2.0
00043,2026-05-17,0,GT,Inconnue,2,2,0.0,117.633,24.0
00043,2026-05-20,3,GT,Inconnue,2,2,0.0,31.171,1.0
00043,2026-05-24,0,GT,Inconnue,2,2,0.0,61.993,1.0
00043,2026-06-07,0,GT,Inconnue,2,2,0.0,69.39,6.0
00043,2026-06-22,1,GT,Inconnue,2,2,0.0,61.993,1.0
00043,2026-07-19,0,GT,Inconnue,2,2,0.0,106.087,1.0
00043,2026-07-26,0,GT,Inconnue,2,2,0.0,328.634,2.0
00043,2026-08-23,0,GT,Inconnue,2,2,0.0,2278.528,7.0
00043,2026-09-01,2,GT,Inconnue,2,2,0.0,175.566,2.0
00043,2026-09-20,0,GT,Inconnue,2,2,0.0,93.239,7.0
00043,2026-10-04,0,GT,Inconnue,2,2,0.0,200.13299999999998,3.0
00043,2026-10-05,1,GT,Inconnue,2,2,0.0,20.053,1.0
00043,2026-11-08,0,GT,Inconnue,2,2,0.0,18.155,24.0
00043,2026-11-15,0,GT,Inconnue,2,2,0.0,108.928,72.0
00043,2026-11-22,0,GT,Inconnue,2,2,0.0,143.024,72.0
00043,2026-11-29,0,GT,Inconnue,2,2,0.0,231.042,2.0
00044,2025-01-09,4,GT,LAGOULETTE,2,2,0.0,22.981,1.0
00044,2025-02-09,0,GT,LAGOULETTE,2,2,0.0,54.242,24.0
00044,2025-02-10,1,GT,LAGOULETTE,2,2,0.0,33.865,1.0
00044,2025-02-21,5,GT,LAGOULETTE,2,2,0.0,33.865,1.0
00044,2025-02-23,0,GT,LAGOULETTE,2,2,0.0,37.676,24.0
00044,2025-03-31,1,GT,LAGOULETTE,2,2,0.0,14.927,3.0
00044,2025-04-14,1,GT,LAGOULETTE,2,2,0.0,71.422,1.0
00044,2025-04-23,3,GT,LAGOULETTE,2,2,0.0,26.778,5.0
00044,2025-07-14,1,GT,LAGOULETTE,2,2,0.0,32.016,12.0
00044,2025-08-10,0,GT,LAGOULETTE,2,2,0.0,2055.2799999999997,17.0
00044,2025-08-25,1,GT,LAGOULETTE,2,2,0.0,194.364,2.0
00044,2025-09-24,3,GT,LAGOULETTE,2,2,0.0,22.838,1.0
00044,2025-11-23,0,GT,LAGOULETTE,2,2,0.0,48.591,1.0
00044,2025-11-30,0,GT,LAGOULETTE,2,2,0.0,37.676,24.0
00044,2025-12-07,0,GT,LAGOULETTE,2,2,0.0,30.503,1.0
00044,2025-12-12,5,GT,LAGOULETTE,2,2,0.0,91.423,1.0
00044,2025-12-19,5,GT,LAGOULETTE,2,2,0.0,65.378,4.0
00044,2026-02-01,0,GT,LAGOULETTE,2,2,0.0,51.575,1.0
00044,2026-02-08,0,GT,LAGOULETTE,2,2,0.0,78.654,1.0
00044,2026-02-19,4,GT,LAGOULETTE,2,2,0.0,473.19,25.0
00044,2026-03-11,3,GT,LAGOULETTE,2,2,0.0,360.42,42.0
00044,2026-03-22,0,GT,LAGOULETTE,2,2,0.0,38.322,1.0
00044,2026-04-14,2,GT,LAGOULETTE,2,2,0.0,61.993,1.0
00044,2026-04-19,0,GT,LAGOULETTE,2,2,0.0,103.965,1.0
00044,2026-06-07,0,GT,LAGOULETTE,2,2,0.0,98.661,1.0
00044,2026-06-11,4,GT,LAGOULETTE,2,2,0.0,98.661,1.0
00044,2026-06-15,1,GT,LAGOULETTE,2,2,0.0,52.612,1.0
00044,2026-07-09,4,GT,LAGOULETTE,2,2,0.0,39.618,1.0
00044,2026-07-12,0,GT,LAGOULETTE,2,2,0.0,79.625,1.0
00044,2026-07-26,0,GT,LAGOULETTE,2,2,0.0,90.63,1.0
00044,2026-08-23,0,GT,LAGOULETTE,2,2,0.0,757.398,3.0
00044,2026-09-01,2,GT,LAGOULETTE,2,2,0.0,246.88800000000003,3.0
00044,2026-09-08,2,GT,LAGOULETTE,2,2,0.0,78.654,1.0
00044,2026-09-20,0,GT,LAGOULETTE,2,2,0.0,61.993,1.0
00044,2026-09-27,0,GT,LAGOULETTE,2,2,0.0,97.6,1.0
00044,2026-10-11,0,GT,LAGOULETTE,2,2,0.0,28.142,6.0
00044,2026-11-11,3,GT,LAGOULETTE,2,2,0.0,109.329,3.0
00044,2026-11-15,0,GT,LAGOULETTE,2,2,0.0,301.764,72.0
00044,2026-11-22,0,GT,LAGOULETTE,2,2,0.0,275.568,2.0
00044,2026-12-06,0,GT,LAGOULETTE,2,2,0.0,71.728,1.0
00045,2025-01-09,4,GT,Inconnue,2,2,0.0,313.632,2.0
00045,2025-01-10,5,GT,Inconnue,2,2,0.0,84.48,2.0
00045,2025-01-24,5,GT,Inconnue,2,2,0.0,29.092,6.0
00045,2025-01-26,0,GT,Inconnue,2,2,0.0,110.284,1.0
00045,2025-02-06,4,GT,Inconnue,2,2,0.0,54.242,24.0
00045,2025-02-10,1,GT,Inconnue,2,2,0.0,190.16,2.0
00045,2025-03-28,5,GT,Inconnue,2,2,0.0,63.985,1.0
00045,2025-04-23,3,GT,Inconnue,2,2,0.0,32.134,6.0
00045,2025-07-14,1,GT,Inconnue,2,2,0.0,319.97700000000003,3.0
00045,2025-09-15,1,GT,Inconnue,2,2,0.0,37.676,24.0
00045,2025-09-17,3,GT,Inconnue,2,2,0.0,43.872,1.0
00045,2025-09-21,0,GT,Inconnue,2,2,0.0,160.494,24.0
00045,2025-11-26,3,GT,Inconnue,2,2,0.0,57.097,24.0
00045,2025-12-07,0,GT,Inconnue,2,2,0.0,45.042,3.0
00045,2025-12-12,5,GT,Inconnue,2,2,0.0,27.547,3.0
00045,2026-01-13,2,GT,Inconnue,2,2,0.0,28.695,1.0
00045,2026-02-01,0,GT,Inconnue,2,2,0.0,750.084,3.0
00045,2026-02-25,3,GT,Inconnue,2,2,0.0,62.114,1.0
00045,2026-03-11,3,GT,Inconnue,2,2,0.0,701.06,120.0
00045,2026-04-19,0,GT,Inconnue,2,2,0.0,467.388,3.0
00045,2026-04-30,4,GT,Inconnue,2,2,0.0,31.171,1.0
00045,2026-06-10,3,GT,Inconnue,2,2,0.0,15.342,1.0
00045,2026-06-21,0,GT,Inconnue,2,2,0.0,9.803,2.0
00045,2026-08-23,0,GT,Inconnue,2,2,0.0,213.56699999999998,61.0
00045,2026-09-08,2,GT,Inconnue,2,2,0.0,38.375,24.0
00045,2026-09-11,5,GT,Inconnue,2,2,0.0,80.111,1.0
00045,2026-09-13,0,GT,Inconnue,2,2,0.0,71.728,1.0
00045,2026-09-27,0,GT,Inconnue,2,2,0.0,58.23,1.0
00045,2026-10-04,0,GT,Inconnue,2,2,0.0,258.15,72.0
00045,2026-10-07,3,GT,Inconnue,2,2,0.0,1009.835,51.0
00045,2026-10-14,3,GT,Inconnue,2,2,0.0,38.375,24.0
00045,2026-10-19,1,GT,Inconnue,2,2,0.0,23.837,24.0
00045,2026-11-11,3,GT,Inconnue,2,2,0.0,38.375,24.0
00045,2026-11-22,0,GT,Inconnue,2,2,0.0,326.784,144.0
00045,2026-12-06,0,GT,Inconnue,2,2,0.0,185.728,2.0
00045,2026-12-13,0,GT,Inconnue,2,2,0.0,168.852,48.0
00046,2025-01-09,4,GT,LAGOULETTE,2,2,0.0,110.284,1.0
00046,2025-01-10,5,GT,LAGOULETTE,2,2,0.0,52.047,1.0
00046,2025-01-23,4,GT,LAGOULETTE,2,2,0.0,16.993,6.0
00046,2025-01-28,2,GT,LAGOULETTE,2,2,0.0,48.196,1.0
00046,2025-02-06,4,GT,LAGOULETTE,2,2,0.0,59.972,1.0
00046,2025-02-07,5,GT,LAGOULETTE,2,2,0.0,32.134,6.0
00046,2025-02-21,5,GT,LAGOULETTE,2,2,0.0,48.591,1.0
00046,2025-03-04,2,GT,LAGOULETTE,2,2,0.0,61.007,2.0
00046,2025-03-31,1,GT,LAGOULETTE,2,2,0.0,5.951,1.0
00046,2025-04-22,2,GT,LAGOULETTE,2,2,0.0,16.067,3.0
00046,2025-04-23,3,GT,LAGOULETTE,2,2,0.0,32.137,6.0
00046,2025-07-14,1,GT,LAGOULETTE,2,2,0.0,125.036,13.0
00046,2025-09-17,3,GT,LAGOULETTE,2,2,0.0,38.583,1.0
00046,2025-11-14,5,GT,LAGOULETTE,2,2,0.0,106.052,9.0
00046,2025-11-26,3,GT,LAGOULETTE,2,2,0.0,57.097,24.0
00046,2025-12-12,5,GT,LAGOULETTE,2,2,0.0,30.867,1.0
00046,2026-01-13,2,GT,LAGOULETTE,2,2,0.0,23.946,6.0
00046,2026-02-08,0,GT,LAGOULETTE,2,2,0.0,46.028,3.0
00046,2026-02-25,3,GT,LAGOULETTE,2,2,0.0,322.419,3.0
00046,2026-04-19,0,GT,LAGOULETTE,2,2,0.0,77.102,6.0
00046,2026-09-01,2,GT,LAGOULETTE,2,2,0.0,275.58,22.0
00046,2026-09-11,5,GT,LAGOULETTE,2,2,0.0,58.23,1.0
00046,2026-09-13,0,GT,LAGOULETTE,2,2,0.0,2026.599,7.0
00046,2026-10-14,3,GT,LAGOULETTE,2,2,0.0,69.596,2.0
00046,2026-11-09,1,GT,LAGOULETTE,2,2,0.0,130.79399999999998,49.0
00046,2026-11-11,3,GT,LAGOULETTE,2,2,0.0,189.352,2.0
00047,2025-01-10,5,,CARTHAGE,2,2,0.0,52.047,1.0
00047,2025-02-06,4,,CARTHAGE,2,2,0.0,74.955,1.0
00047,2025-03-02,0,,CARTHAGE,2,2,0.0,53.774,3.0
00047,2025-03-31,1,,CARTHAGE,2,2,0.0,17.456,4.0
00047,2025-04-28,1,,CARTHAGE,2,2,0.0,29.853,6.0
00047,2025-07-14,1,,CARTHAGE,2,2,0.0,16.007,6.0
00047,2025-08-10,0,,CARTHAGE,2,2,0.0,19.906,1.0
00047,2025-09-15,1,,CARTHAGE,2,2,0.0,43.376,1.0
00047,2025-09-17,3,,CARTHAGE,2,2,0.0,17.676,3.0
00047,2025-12-12,5,,CARTHAGE,2,2,0.0,27.547,3.0
00047,2026-01-25,0,,CARTHAGE,2,2,0.0,17.419,1.0
00047,2026-03-01,0,,CARTHAGE,2,2,0.0,420.396,3.0
00047,2026-04-19,0,,CARTHAGE,2,2,0.0,130.508,24.0
00047,2026-05-17,0,,CARTHAGE,2,2,0.0,51.575,1.0
00047,2026-05-31,0,,CARTHAGE,2,2,0.0,71.728,1.0
00047,2026-06-02,2,,CARTHAGE,2,2,0.0,112.569,24.0
00047,2026-07-02,4,,CARTHAGE,2,2,0.0,117.633,24.0
00047,2026-09-01,2,,CARTHAGE,2,2,0.0,175.566,2.0
00047,2026-09-05,6,,CARTHAGE,2,2,0.0,58.23,1.0
00047,2026-09-08,2,,CARTHAGE,2,2,0.0,162.746,2.0
00047,2026-10-04,0,,CARTHAGE,2,2,0.0,248.54399999999998,26.0
00047,2026-10-19,1,,CARTHAGE,2,2,0.0,58.23,1.0
00047,2026-10-25,0,,CARTHAGE,2,2,0.0,17.4,1.0
00047,2026-11-08,0,,CARTHAGE,2,2,0.0,72.618,48.0
00047,2026-11-15,0,,CARTHAGE,2,2,0.0,241.785,69.0
00048,2025-01-10,5,GT,CARTHAGE,2,2,0.0,293.61,49.0
00048,2025-02-02,0,GT,CARTHAGE,2,2,0.0,5615.412,250.0
00048,2025-02-03,1,GT,CARTHAGE,2,2,0.0,880.117,44.0
00048,2025-02-24,1,GT,CARTHAGE,2,2,0.0,461.568,2.0
00048,2025-02-28,5,GT,CARTHAGE,2,2,0.0,614.104,76.0
00048,2025-03-04,2,GT,CARTHAGE,2,2,0.0,173.506,2.0
00048,2025-03-11,2,GT,CARTHAGE,2,2,0.0,13.091,3.0
00048,2025-03-21,5,GT,CARTHAGE,2,2,0.0,16.067,3.0
00048,2025-04-02,3,GT,CARTHAGE,2,2,0.0,23.272,1.0
00048,2025-04-04,5,GT,CARTHAGE,2,2,0.0,14.576,1.0
00048,2025-04-22,2,GT,CARTHAGE,2,2,0.0,16.067,3.0
00048,2025-05-30,5,GT,CARTHAGE,2,2,0.0,33.841,1.0
00048,2025-07-04,5,GT,CARTHAGE,2,2,0.0,13.607,3.0
00048,2025-07-15,2,GT,CARTHAGE,2,2,0.0,16.007,6.0
00048,2025-07-22,2,GT,CARTHAGE,2,2,0.0,19.617,40.0
00048,2025-08-30,6,GT,CARTHAGE,2,2,0.0,79.33,1.0
00048,2025-09-02,2,GT,CARTHAGE,2,2,0.0,36.278,1.0
00048,2025-09-08,1,GT,CARTHAGE,2,2,0.0,369.618,2.0
00048,2025-09-30,2,GT,CARTHAGE,2,2,0.0,403.54200000000003,3.0
00048,2025-11-04,2,GT,CARTHAGE,2,2,0.0,83.282,1.0
00048,2025-11-14,5,GT,CARTHAGE,2,2,0.0,16.993,6.0
00048,2025-11-26,3,GT,CARTHAGE,2,2,0.0,57.097,24.0
00048,2025-12-08,1,GT,CARTHAGE,2,2,0.0,15.014,1.0
00048,2026-01-08,4,GT,CARTHAGE,2,2,0.0,54.316,1.0
00048,2026-01-22,4,GT,CARTHAGE,2,2,0.0,40.395,24.0
00048,2026-02-01,0,GT,CARTHAGE,2,2,0.0,59.299,1.0
00048,2026-03-01,0,GT,CARTHAGE,2,2,0.0,457.77600000000007,4.0
00048,2026-03-24,2,GT,CARTHAGE,2,2,0.0,62.114,1.0
00048,2026-04-09,4,GT,CARTHAGE,2,2,0.0,340.22,3.0
00048,2026-05-05,2,GT,CARTHAGE,2,2,0.0,385.244,25.0
00048,2026-06-02,2,GT,CARTHAGE,2,2,0.0,69.39,6.0
00048,2026-06-12,5,GT,CARTHAGE,2,2,0.0,18.761,4.0
00048,2026-08-02,0,GT,CARTHAGE,2,2,0.0,112.569,24.0
00048,2026-08-23,0,GT,CARTHAGE,2,2,0.0,722.082,50.0
00048,2026-08-24,1,GT,CARTHAGE,2,2,0.0,55.232,2.0
00048,2026-10-20,2,GT,CARTHAGE,2,2,0.0,43.84,1.0
00048,2026-10-21,3,GT,CARTHAGE,2,2,0.0,26.607,6.0
00049,2025-01-19,0,GT,Inconnue,2,2,0.0,14.927,3.0
00049,2025-03-07,5,GT,Inconnue,2,2,0.0,13.091,3.0
00049,2025-03-21,5,GT,Inconnue,2,2,0.0,30.503,1.0
00049,2025-03-28,5,GT,Inconnue,2,2,0.0,54.411,1.0
00049,2025-04-04,5,GT,Inconnue,2,2,0.0,23.272,1.0
00049,2025-04-28,1,GT,Inconnue,2,2,0.0,12.364,3.0
00049,2025-06-08,0,GT,Inconnue,2,2,0.0,54.002,12.0
00049,2025-06-27,5,GT,Inconnue,2,2,0.0,50.494,24.0
00049,2025-07-04,5,GT,Inconnue,2,2,0.0,13.607,3.0
00049,2025-07-15,2,GT,Inconnue,2,2,0.0,79.351,1.0
00049,2025-07-18,5,GT,Inconnue,2,2,0.0,20.275,24.0
00049,2025-07-22,2,GT,Inconnue,2,2,0.0,38.583,1.0
00049,2025-08-30,6,GT,Inconnue,2,2,0.0,158.662,2.0
00049,2025-09-08,1,GT,Inconnue,2,2,0.0,110.284,1.0
00049,2025-09-17,3,GT,Inconnue,2,2,0.0,38.583,1.0
00049,2025-11-12,3,GT,Inconnue,2,2,0.0,57.097,24.0
00049,2025-11-16,0,GT,Inconnue,2,2,0.0,110.284,1.0
00049,2025-12-08,1,GT,Inconnue,2,2,0.0,30.503,1.0
00049,2026-01-08,4,GT,Inconnue,2,2,0.0,72.634,1.0
00049,2026-01-22,4,GT,Inconnue,2,2,0.0,251.499,3.0
00049,2026-03-01,0,GT,Inconnue,2,2,0.0,2415.95,28.0
00049,2026-03-04,3,GT,Inconnue,2,2,0.0,62.632,1.0
00049,2026-03-16,1,GT,Inconnue,2,2,0.0,62.632,1.0
00049,2026-04-01,3,GT,Inconnue,2,2,0.0,296.976,33.0
00049,2026-06-21,0,GT,Inconnue,2,2,0.0,71.728,1.0
00049,2026-08-23,0,GT,Inconnue,2,2,0.0,69.002,1.0
00049,2026-08-31,1,GT,Inconnue,2,2,0.0,303.886,31.0
00049,2026-09-07,1,GT,Inconnue,2,2,0.0,80.111,1.0
00049,2026-10-04,0,GT,Inconnue,2,2,0.0,40.687,1.0
00050,2025-01-19,0,GT,CARTHAGE,2,2,0.0,119.415,24.0
00050,2025-02-03,1,GT,CARTHAGE,2,2,0.0,74.955,1.0
00050,2025-03-04,2,GT,CARTHAGE,2,2,0.0,26.512,24.0
00050,2025-03-17,1,GT,CARTHAGE,2,2,0.0,16.068,3.0
00050,2025-03-21,5,GT,CARTHAGE,2,2,0.0,71.422,1.0
00050,2025-03-25,2,GT,CARTHAGE,2,2,0.0,14.576,1.0
00050,2025-04-28,1,GT,CARTHAGE,2,2,0.0,14.058,8.0
00050,2025-05-30,5,GT,CARTHAGE,2,2,0.0,30.503,1.0
00050,2025-07-04,5,GT,CARTHAGE,2,2,0.0,27.212,6.0
00050,2025-07-18,5,GT,CARTHAGE,2,2,0.0,39.205,1.0
00050,2025-09-08,1,GT,CARTHAGE,2,2,0.0,27.034,1.0
00050,2025-11-04,2,GT,CARTHAGE,2,2,0.0,35.546,1.0
00050,2026-03-04,3,GT,CARTHAGE,2,2,0.0,152.614,48.0
00050,2026-03-10,2,GT,CARTHAGE,2,2,0.0,62.342,2.0
00050,2026-03-15,0,GT,CARTHAGE,2,2,0.0,80.111,1.0
00050,2026-03-23,1,GT,CARTHAGE,2,2,0.0,78.654,1.0
00050,2026-04-27,1,GT,CARTHAGE,2,2,0.0,71.728,1.0
00050,2026-05-10,0,GT,CARTHAGE,2,2,0.0,46.904,10.0
00050,2026-06-02,2,GT,CARTHAGE,2,2,0.0,430.364,3.0
00050,2026-07-23,4,GT,CARTHAGE,2,2,0.0,98.661,1.0
00050,2026-08-23,0,GT,CARTHAGE,2,2,0.0,932.132,5.0
00051,2025-04-22,2,,LAMARSA,2,2,0.0,30.503,1.0
00051,2025-12-21,0,,LAMARSA,2,2,0.0,27.823,5.0
00051,2026-01-29,4,,LAMARSA,2,2,0.0,123.986,2.0
00051,2026-09-17,4,,LAMARSA,2,2,0.0,52.797,1.0
00052,2025-01-02,4,GT,LAMARSA,2,2,0.0,2495.664,18.0
00052,2025-01-06,1,GT,LAMARSA,2,2,0.0,3683.4960000000005,9.0
00052,2025-02-02,0,GT,LAMARSA,2,2,0.0,740.034,33.0
00052,2025-02-16,0,GT,LAMARSA,2,2,0.0,2287.224,8.0
00052,2025-02-24,1,GT,LAMARSA,2,2,0.0,1091.045,89.0
00052,2025-03-09,0,GT,LAMARSA,2,2,0.0,3725.795,25.0
00052,2025-03-17,1,GT,LAMARSA,2,2,0.0,29.853,6.0
00052,2025-03-21,5,GT,LAMARSA,2,2,0.0,5650.451999999999,40.0
00052,2025-04-08,2,GT,LAMARSA,2,2,0.0,12.364,3.0
00052,2025-04-13,0,GT,LAMARSA,2,2,0.0,752.212,29.0
00052,2025-06-02,1,GT,LAMARSA,2,2,0.0,682.598,3.0
00052,2025-06-08,0,GT,LAMARSA,2,2,0.0,19080.74,226.0
00052,2025-06-22,0,GT,LAMARSA,2,2,0.0,722.28,97.0
00052,2025-07-18,5,GT,LAMARSA,2,2,0.0,1773.816,41.0
00052,2025-08-06,3,GT,LAMARSA,2,2,0.0,785.0729999999999,4.0
00052,2025-08-30,6,GT,LAMARSA,2,2,0.0,4076.796,43.0
00052,2025-09-16,2,GT,LAMARSA,2,2,0.0,730.844,8.0
00052,2025-10-11,6,GT,LAMARSA,2,2,0.0,110.284,1.0
00052,2025-10-25,6,GT,LAMARSA,2,2,0.0,734.256,4.0
00052,2025-11-28,5,GT,LAMARSA,2,2,0.0,2127.97,16.0
00052,2025-12-05,5,GT,LAMARSA,2,2,0.0,1631.62,6.0
00052,2026-01-19,1,GT,LAMARSA,2,2,0.0,4408.398,16.0
00052,2026-01-27,2,GT,LAMARSA,2,2,0.0,9651.972,281.0
00052,2026-02-04,3,GT,LAMARSA,2,2,0.0,1032.308,11.0
00052,2026-02-13,5,GT,LAMARSA,2,2,0.0,1573.868,6.0
00052,2026-03-02,1,GT,LAMARSA,2,2,0.0,4552.45,27.0
00052,2026-03-15,0,GT,LAMARSA,2,2,0.0,1438.96,30.0
00052,2026-04-01,3,GT,LAMARSA,2,2,0.0,1379.192,33.0
00052,2026-04-08,3,GT,LAMARSA,2,2,0.0,1040.085,5.0
00052,2026-05-06,3,GT,LAMARSA,2,2,0.0,2918.334999999999,44.0
00052,2026-06-21,0,GT,LAMARSA,2,2,0.0,3385.1590000000006,38.0
00052,2026-06-29,1,GT,LAMARSA,2,2,0.0,3259.8050000000003,15.0
00052,2026-08-11,2,GT,LAMARSA,2,2,0.0,564.132,4.0
00052,2026-08-24,1,GT,LAMARSA,2,2,0.0,9807.127999999999,217.0
00052,2026-09-08,2,GT,LAMARSA,2,2,0.0,4292.32,44.0
00052,2026-09-10,4,GT,LAMARSA,2,2,0.0,114.78999999999999,2.0
00052,2026-10-26,1,GT,LAMARSA,2,2,0.0,5763.465000000001,16.0
00052,2026-11-03,2,GT,LAMARSA,2,2,0.0,380.16,9.0
00052,2026-11-26,4,GT,LAMARSA,2,2,0.0,2513.776,7.0
00052,2026-12-18,5,GT,LAMARSA,2,2,0.0,5210.776,21.0
00052,2026-12-25,5,GT,LAMARSA,2,2,0.0,573.82,4.0
00053,2025-01-07,2,,LAMARSA,2,2,0.0,44.02,1.0
00053,2025-01-23,4,,LAMARSA,2,2,0.0,55.389,1.0
00053,2025-03-01,6,,LAMARSA,2,2,0.0,59.972,1.0
00053,2025-03-19,3,,LAMARSA,2,2,0.0,85.951,1.0
00053,2025-03-21,5,,LAMARSA,2,2,0.0,24.349,1.0
00053,2025-04-11,5,,LAMARSA,2,2,0.0,70.568,1.0
00053,2025-04-21,1,,LAMARSA,2,2,0.0,14.576,1.0
00053,2025-05-17,6,,LAMARSA,2,2,0.0,71.422,1.0
00053,2025-05-27,2,,LAMARSA,2,2,0.0,71.422,1.0
00053,2025-06-01,0,,LAMARSA,2,2,0.0,37.418,1.0
00053,2025-06-03,2,,LAMARSA,2,2,0.0,61.216,1.0
00053,2025-06-15,0,,LAMARSA,2,2,0.0,687.798,11.0
00053,2025-06-17,2,,LAMARSA,2,2,0.0,16.068,3.0
00053,2025-06-30,1,,LAMARSA,2,2,0.0,30.503,1.0
00053,2025-07-20,0,,LAMARSA,2,2,0.0,98.132,5.0
00053,2025-08-20,3,,LAMARSA,2,2,0.0,42.87,1.0
00053,2025-10-07,2,,LAMARSA,2,2,0.0,43.872,1.0
00053,2025-10-14,2,,LAMARSA,2,2,0.0,30.503,1.0
00053,2025-11-22,6,,LAMARSA,2,2,0.0,57.097,24.0
00053,2025-12-13,6,,LAMARSA,2,2,0.0,59.972,1.0
00053,2025-12-16,2,,LAMARSA,2,2,0.0,45.042,3.0
00053,2025-12-23,2,,LAMARSA,2,2,0.0,62.802,1.0
00053,2026-01-20,2,,LAMARSA,2,2,0.0,54.316,1.0
00053,2026-01-22,4,,LAMARSA,2,2,0.0,251.499,3.0
00053,2026-04-23,4,,LAMARSA,2,2,0.0,168.556,25.0
00053,2026-04-26,0,,LAMARSA,2,2,0.0,112.569,24.0
00053,2026-09-03,4,,LAMARSA,2,2,0.0,60.35,1.0
00053,2026-09-17,4,,LAMARSA,2,2,0.0,97.6,1.0
00053,2026-11-12,4,,LAMARSA,2,2,0.0,153.504,48.0
00054,2025-01-23,4,,LAMARSA,2,2,0.0,175.416,2.0
00054,2025-02-26,3,,LAMARSA,2,2,0.0,35.832,1.0
00054,2025-03-01,6,,LAMARSA,2,2,0.0,54.242,24.0
00054,2025-03-19,3,,LAMARSA,2,2,0.0,71.422,1.0
00054,2025-04-23,3,,LAMARSA,2,2,0.0,23.804,4.0
00054,2025-05-17,6,,LAMARSA,2,2,0.0,29.853,6.0
00054,2025-05-20,2,,LAMARSA,2,2,0.0,34.83,7.0
00054,2025-06-27,5,,LAMARSA,2,2,0.0,30.503,1.0
00054,2025-06-30,1,,LAMARSA,2,2,0.0,29.853,6.0
00054,2025-10-07,2,,LAMARSA,2,2,0.0,38.583,1.0
00054,2025-10-18,6,,LAMARSA,2,2,0.0,170.498,6.0
00054,2025-11-22,6,,LAMARSA,2,2,0.0,87.743,1.0
00054,2025-12-02,2,,LAMARSA,2,2,0.0,116.088,1.0
00054,2025-12-13,6,,LAMARSA,2,2,0.0,30.867,1.0
00054,2025-12-16,2,,LAMARSA,2,2,0.0,28.814,6.0
00054,2026-01-20,2,,LAMARSA,2,2,0.0,40.395,24.0
00054,2026-01-22,4,,LAMARSA,2,2,0.0,97.17,7.0
00054,2026-01-27,2,,LAMARSA,2,2,0.0,556.503,3.0
00054,2026-02-02,1,,LAMARSA,2,2,0.0,263.864,2.0
00054,2026-04-23,4,,LAMARSA,2,2,0.0,26.607,6.0
00054,2026-04-26,0,,LAMARSA,2,2,0.0,53.213,12.0
00054,2026-05-21,4,,LAMARSA,2,2,0.0,68.782,1.0
00054,2026-05-28,4,,LAMARSA,2,2,0.0,71.728,1.0
00054,2026-09-10,4,,LAMARSA,2,2,0.0,425.704,48.0
00054,2026-11-12,4,,LAMARSA,2,2,0.0,71.728,1.0
00055,2025-11-07,5,GT,Inconnue,2,2,0.0,48.591,1.0
00055,2026-05-31,0,GT,Inconnue,2,2,0.0,72.634,1.0
00055,2026-07-30,4,GT,Inconnue,2,2,0.0,58.23,1.0
00055,2026-10-23,5,GT,Inconnue,2,2,0.0,141.226,13.0
00056,2025-01-23,4,,CARTHAGE,2,2,0.0,722.82,4.0
00056,2025-12-23,2,,CARTHAGE,2,2,0.0,13.774,1.0
00057,2025-02-03,1,GT,CARTHAGE,2,2,0.0,59.972,1.0
00057,2025-02-12,3,GT,CARTHAGE,2,2,0.0,164.968,2.0
00057,2025-04-02,3,GT,CARTHAGE,2,2,0.0,63.985,1.0
00057,2025-04-04,5,GT,CARTHAGE,2,2,0.0,23.272,1.0
00057,2025-04-08,2,GT,CARTHAGE,2,2,0.0,24.349,1.0
00057,2025-04-18,5,GT,CARTHAGE,2,2,0.0,16.068,3.0
00057,2025-04-29,2,GT,CARTHAGE,2,2,0.0,63.985,1.0
00057,2025-05-13,2,GT,CARTHAGE,2,2,0.0,10.713,2.0
00057,2025-05-30,5,GT,CARTHAGE,2,2,0.0,43.376,1.0
00057,2025-08-30,6,GT,CARTHAGE,2,2,0.0,124.968,21.0
00057,2025-09-05,5,GT,CARTHAGE,2,2,0.0,124.77,7.0
00057,2025-09-17,3,GT,CARTHAGE,2,2,0.0,22.838,1.0
00057,2025-09-22,1,GT,CARTHAGE,2,2,0.0,22.838,1.0
00057,2025-09-24,3,GT,CARTHAGE,2,2,0.0,116.088,1.0
00057,2025-10-06,1,GT,CARTHAGE,2,2,0.0,37.418,1.0
00057,2025-12-16,2,GT,CARTHAGE,2,2,0.0,62.201,12.0
00057,2025-12-23,2,GT,CARTHAGE,2,2,0.0,211.554,2.0
00057,2025-12-27,6,GT,CARTHAGE,2,2,0.0,7924.450000000001,269.0
00057,2026-01-02,5,GT,CARTHAGE,2,2,0.0,147865.00300000003,387.0
00057,2026-01-13,2,GT,CARTHAGE,2,2,0.0,587.288,4.0
00057,2026-02-01,0,GT,CARTHAGE,2,2,0.0,41763.147,141.0
00057,2026-02-13,5,GT,CARTHAGE,2,2,0.0,49612.840000000026,154.0
00057,2026-03-01,0,GT,CARTHAGE,2,2,0.0,2007.252,23.0
00057,2026-03-08,0,GT,CARTHAGE,2,2,0.0,119538.64799999991,373.0
00057,2026-03-27,5,GT,CARTHAGE,2,2,0.0,23463.517999999996,98.0
00057,2026-04-07,2,GT,CARTHAGE,2,2,0.0,5405.8820000000005,184.0
00057,2026-04-08,3,GT,CARTHAGE,2,2,0.0,11056.492999999999,66.0
00057,2026-05-05,2,GT,CARTHAGE,2,2,0.0,7543.569000000001,12.0
00057,2026-05-17,0,GT,CARTHAGE,2,2,0.0,10809.812,208.0
00057,2026-05-20,3,GT,CARTHAGE,2,2,0.0,2289.06,101.0
00057,2026-06-05,5,GT,CARTHAGE,2,2,0.0,12262.608,20.0
00057,2026-06-16,2,GT,CARTHAGE,2,2,0.0,9961.027999999997,276.0
00057,2026-06-23,2,GT,CARTHAGE,2,2,0.0,555.124,48.0
00057,2026-07-17,5,GT,CARTHAGE,2,2,0.0,17950.953999999998,99.0
00057,2026-08-05,3,GT,CARTHAGE,2,2,0.0,7437.787,84.0
00057,2026-09-04,5,GT,CARTHAGE,2,2,0.0,16962.048000000003,59.0
00057,2026-09-09,3,GT,CARTHAGE,2,2,0.0,80.111,1.0
00057,2026-10-13,2,GT,CARTHAGE,2,2,0.0,195.199,2.0
00057,2026-11-19,4,GT,CARTHAGE,2,2,0.0,128.436,2.0
00057,2026-12-13,0,GT,CARTHAGE,2,2,0.0,907.488,27.0
00058,2025-01-06,1,,CARTHAGE,2,2,0.0,67.028,1.0
00058,2025-01-09,4,,CARTHAGE,2,2,0.0,44.885,1.0
00058,2025-01-18,6,,CARTHAGE,2,2,0.0,26.236,24.0
00058,2025-01-20,1,,CARTHAGE,2,2,0.0,64.27,12.0
00058,2025-02-01,6,,CARTHAGE,2,2,0.0,119.415,24.0
00058,2025-02-04,2,,CARTHAGE,2,2,0.0,33.112,1.0
00058,2025-02-06,4,,CARTHAGE,2,2,0.0,37.676,24.0
00058,2025-02-16,0,,CARTHAGE,2,2,0.0,48.591,1.0
00058,2025-02-27,4,,CARTHAGE,2,2,0.0,51.442,1.0
00058,2025-04-12,6,,CARTHAGE,2,2,0.0,14.576,1.0
00058,2025-04-23,3,,CARTHAGE,2,2,0.0,32.134,6.0
00058,2025-05-25,0,,CARTHAGE,2,2,0.0,6.002,6.0
00058,2025-08-30,6,,CARTHAGE,2,2,0.0,79.33,1.0
00058,2025-09-05,5,,CARTHAGE,2,2,0.0,82.485,14.0
00058,2025-09-11,4,,CARTHAGE,2,2,0.0,61.216,1.0
00058,2025-09-17,3,,CARTHAGE,2,2,0.0,22.838,1.0
00058,2025-09-24,3,,CARTHAGE,2,2,0.0,196.928,2.0
00058,2025-10-31,5,,CARTHAGE,2,2,0.0,110.284,1.0
00058,2025-12-02,2,,CARTHAGE,2,2,0.0,54.411,1.0
00058,2025-12-14,0,,CARTHAGE,2,2,0.0,69.739,1.0
00058,2025-12-16,2,,CARTHAGE,2,2,0.0,54.242,24.0
00058,2025-12-21,0,,CARTHAGE,2,2,0.0,16.417,3.0
00058,2025-12-23,2,,CARTHAGE,2,2,0.0,42.975,1.0
00058,2026-02-09,1,,CARTHAGE,2,2,0.0,106.087,1.0
00058,2026-02-10,2,,CARTHAGE,2,2,0.0,106.087,1.0
00058,2026-02-16,1,,CARTHAGE,2,2,0.0,171.746,2.0
00058,2026-02-24,2,,CARTHAGE,2,2,0.0,38.153,24.0
00058,2026-03-24,2,,CARTHAGE,2,2,0.0,68.782,1.0
00058,2026-04-01,3,,CARTHAGE,2,2,0.0,61.993,1.0
00058,2026-05-04,1,,CARTHAGE,2,2,0.0,286.912,2.0
00058,2026-05-08,5,,CARTHAGE,2,2,0.0,1063.206,122.0
00058,2026-05-15,5,,CARTHAGE,2,2,0.0,196.055,40.0
00058,2026-06-03,3,,CARTHAGE,2,2,0.0,71.728,1.0
00058,2026-06-22,1,,CARTHAGE,2,2,0.0,4122.498,22.0
00058,2026-07-14,2,,CARTHAGE,2,2,0.0,141.383,26.0
00058,2026-08-24,1,,CARTHAGE,2,2,0.0,765.837,49.0
00058,2026-09-20,0,,CARTHAGE,2,2,0.0,377.25,3.0
00058,2026-09-22,2,,CARTHAGE,2,2,0.0,157.232,3.0
00058,2026-09-23,3,,CARTHAGE,2,2,0.0,623.538,26.0
00058,2026-10-30,5,,CARTHAGE,2,2,0.0,891.18,73.0
00059,2025-02-03,1,GT,CARTHAGE,2,2,0.0,33.112,1.0
00059,2025-03-08,6,GT,CARTHAGE,2,2,0.0,24.349,1.0
00059,2025-04-02,3,GT,CARTHAGE,2,2,0.0,23.272,1.0
00059,2025-04-18,5,GT,CARTHAGE,2,2,0.0,26.781,5.0
00059,2025-05-14,3,GT,CARTHAGE,2,2,0.0,64.27,12.0
00059,2025-05-31,6,GT,CARTHAGE,2,2,0.0,144.606,9.0
00059,2025-06-09,1,GT,CARTHAGE,2,2,0.0,16.068,3.0
00059,2025-07-04,5,GT,CARTHAGE,2,2,0.0,27.212,6.0
00059,2025-09-05,5,GT,CARTHAGE,2,2,0.0,110.284,1.0
00059,2025-09-10,3,GT,CARTHAGE,2,2,0.0,37.418,1.0
00059,2025-09-22,1,GT,CARTHAGE,2,2,0.0,57.348,1.0
00059,2025-09-23,2,GT,CARTHAGE,2,2,0.0,22.838,1.0
00059,2025-10-06,1,GT,CARTHAGE,2,2,0.0,36.278,1.0
00059,2025-10-31,5,GT,CARTHAGE,2,2,0.0,110.284,1.0
00059,2025-12-02,2,GT,CARTHAGE,2,2,0.0,54.411,1.0
00059,2025-12-21,0,GT,CARTHAGE,2,2,0.0,66.774,6.0
00059,2026-02-04,3,GT,CARTHAGE,2,2,0.0,426.282,4.0
00059,2026-02-16,1,GT,CARTHAGE,2,2,0.0,516.354,97.0
00059,2026-03-24,2,GT,CARTHAGE,2,2,0.0,130.508,24.0
00059,2026-04-24,5,GT,CARTHAGE,2,2,0.0,61.993,1.0
00059,2026-05-12,2,GT,CARTHAGE,2,2,0.0,36.916,1.0
00059,2026-08-31,1,GT,CARTHAGE,2,2,0.0,559.106,3.0
00059,2026-11-19,4,GT,CARTHAGE,2,2,0.0,259.268,2.0
00060,2025-01-11,6,GT,CARTHAGE,2,2,0.0,85.951,1.0
00060,2025-01-17,5,GT,CARTHAGE,2,2,0.0,35.098,1.0
00060,2025-01-18,6,GT,CARTHAGE,2,2,0.0,42.213,24.0
00060,2025-02-03,1,GT,CARTHAGE,2,2,0.0,33.112,1.0
00060,2025-02-06,4,GT,CARTHAGE,2,2,0.0,34.608,12.0
00060,2025-02-07,5,GT,CARTHAGE,2,2,0.0,79.351,1.0
00060,2025-02-23,0,GT,CARTHAGE,2,2,0.0,41.39,1.0
00060,2025-02-27,4,GT,CARTHAGE,2,2,0.0,56.114,1.0
00060,2025-05-14,3,GT,CARTHAGE,2,2,0.0,24.729,6.0
00060,2025-05-25,0,GT,CARTHAGE,2,2,0.0,18.499,10.0
00060,2025-05-30,5,GT,CARTHAGE,2,2,0.0,24.729,6.0
00060,2025-06-21,6,GT,CARTHAGE,2,2,0.0,50.494,24.0
00060,2025-09-14,0,GT,CARTHAGE,2,2,0.0,79.33,1.0
00060,2025-09-22,1,GT,CARTHAGE,2,2,0.0,22.838,1.0
00060,2025-10-06,1,GT,CARTHAGE,2,2,0.0,37.418,1.0
00060,2025-10-12,0,GT,CARTHAGE,2,2,0.0,38.453,12.0
00060,2025-11-03,1,GT,CARTHAGE,2,2,0.0,37.418,1.0
00060,2025-12-12,5,GT,CARTHAGE,2,2,0.0,90.084,6.0
00060,2025-12-23,2,GT,CARTHAGE,2,2,0.0,77.902,14.0
00060,2026-01-30,5,GT,CARTHAGE,2,2,0.0,41.204,4.0
00060,2026-02-06,5,GT,CARTHAGE,2,2,0.0,334.62,3.0
00060,2026-02-10,2,GT,CARTHAGE,2,2,0.0,78.654,1.0
00060,2026-02-16,1,GT,CARTHAGE,2,2,0.0,730.713,3.0
00060,2026-03-01,0,GT,CARTHAGE,2,2,0.0,297.786,2.0
00060,2026-03-24,2,GT,CARTHAGE,2,2,0.0,62.114,1.0
00060,2026-03-25,3,GT,CARTHAGE,2,2,0.0,92.249,2.0
00060,2026-04-07,2,GT,CARTHAGE,2,2,0.0,375.23,40.0
00060,2026-04-22,3,GT,CARTHAGE,2,2,0.0,39.618,1.0
00060,2026-05-05,2,GT,CARTHAGE,2,2,0.0,1651.8,6.0
00060,2026-06-12,5,GT,CARTHAGE,2,2,0.0,228.92,73.0
00060,2026-08-05,3,GT,CARTHAGE,2,2,0.0,61.993,1.0
00060,2026-09-09,3,GT,CARTHAGE,2,2,0.0,1216.292,4.0
00060,2026-09-22,2,GT,CARTHAGE,2,2,0.0,122.436,2.0
00060,2026-09-23,3,GT,CARTHAGE,2,2,0.0,41.917,1.0
00060,2026-10-11,0,GT,CARTHAGE,2,2,0.0,69.596,2.0
00060,2026-10-15,4,GT,CARTHAGE,2,2,0.0,133.94,2.0
00060,2026-11-06,5,GT,CARTHAGE,2,2,0.0,1069.44,4.0
00060,2026-11-16,1,GT,CARTHAGE,2,2,0.0,38.375,24.0
00060,2026-11-17,2,GT,CARTHAGE,2,2,0.0,130.508,24.0
00060,2026-12-13,0,GT,CARTHAGE,2,2,0.0,5646.396,192.0
00061,2025-04-21,1,GT,LAGOULETTE,2,2,0.0,11.901,2.0
00061,2025-06-15,0,GT,LAGOULETTE,2,2,0.0,37.418,1.0
00061,2025-07-16,3,GT,LAGOULETTE,2,2,0.0,27.616,24.0
00061,2025-07-28,1,GT,LAGOULETTE,2,2,0.0,214.586,2.0
00061,2025-09-09,2,GT,LAGOULETTE,2,2,0.0,46.726,1.0
00061,2025-10-08,3,GT,LAGOULETTE,2,2,0.0,38.583,1.0
00061,2025-10-15,3,GT,LAGOULETTE,2,2,0.0,35.35,6.0
00061,2025-11-17,1,GT,LAGOULETTE,2,2,0.0,79.33,1.0
00061,2025-12-03,3,GT,LAGOULETTE,2,2,0.0,38.453,12.0
00061,2026-02-03,2,GT,LAGOULETTE,2,2,0.0,309.65999999999997,3.0
00061,2026-02-05,4,GT,LAGOULETTE,2,2,0.0,3502.2539999999995,30.0
00061,2026-08-23,0,GT,LAGOULETTE,2,2,0.0,3388.678999999999,36.0
00061,2026-09-05,6,GT,LAGOULETTE,2,2,0.0,204.096,2.0
00061,2026-09-16,3,GT,LAGOULETTE,2,2,0.0,236.278,2.0
00061,2026-10-15,4,GT,LAGOULETTE,2,2,0.0,417.72,3.0
00061,2026-11-11,3,GT,LAGOULETTE,2,2,0.0,181.546,120.0
00061,2026-12-09,3,GT,LAGOULETTE,2,2,0.0,2562.364,50.0
00061,2026-12-23,3,GT,LAGOULETTE,2,2,0.0,817.374,3.0
00062,2025-09-26,5,SE,ARIANAVILLE,2,2,0.0,79.33,1.0
00063,2025-11-08,6,SE,ARIANAVILLE,2,2,0.0,8.671,1.0
00063,2025-11-29,6,SE,ARIANAVILLE,2,2,0.0,67.863,1.0
00065,2025-01-13,1,SE,ARIANAVILLE,2,2,0.0,4771.115999999999,60.0
00065,2025-01-23,4,SE,ARIANAVILLE,2,2,0.0,455.286,7.0
00065,2025-01-28,2,SE,ARIANAVILLE,2,2,0.0,969.864,19.0
00065,2025-02-11,2,SE,ARIANAVILLE,2,2,0.0,116.088,1.0
00065,2025-02-25,2,SE,ARIANAVILLE,2,2,0.0,174.29,2.0
00065,2025-03-08,6,SE,ARIANAVILLE,2,2,0.0,2494.2,11.0
00065,2025-07-20,0,SE,ARIANAVILLE,2,2,0.0,4681.26,47.0
00065,2025-08-12,2,SE,ARIANAVILLE,2,2,0.0,7854.812999999998,169.0
00065,2025-09-03,3,SE,ARIANAVILLE,2,2,0.0,14158.880000000003,22.0
00065,2025-09-17,3,SE,ARIANAVILLE,2,2,0.0,640.694,3.0
00065,2025-09-27,6,SE,ARIANAVILLE,2,2,0.0,3420.8159999999993,74.0
00065,2025-10-11,6,SE,ARIANAVILLE,2,2,0.0,446.592,25.0
00065,2025-11-03,1,SE,ARIANAVILLE,2,2,0.0,47.959,2.0
00065,2025-11-09,0,SE,ARIANAVILLE,2,2,0.0,267.094,24.0
00065,2025-11-21,5,SE,ARIANAVILLE,2,2,0.0,6092.68,74.0
00065,2025-12-03,3,SE,ARIANAVILLE,2,2,0.0,1373.4,5.0
00065,2025-12-12,5,SE,ARIANAVILLE,2,2,0.0,185.196,3.0
00065,2025-12-23,2,SE,ARIANAVILLE,2,2,0.0,61.007,2.0
00065,2026-01-15,4,SE,ARIANAVILLE,2,2,0.0,66.03,48.0
00065,2026-01-20,2,SE,ARIANAVILLE,2,2,0.0,3019.8080000000004,78.0
00065,2026-03-25,3,SE,ARIANAVILLE,2,2,0.0,2189.694,52.0
00065,2026-04-02,4,SE,ARIANAVILLE,2,2,0.0,65.254,12.0
00065,2026-04-05,0,SE,ARIANAVILLE,2,2,0.0,62.114,1.0
00065,2026-05-18,1,SE,ARIANAVILLE,2,2,0.0,5896.697999999999,323.0
00065,2026-12-01,2,SE,ARIANAVILLE,2,2,0.0,223.436,4.0
00065,2026-12-20,0,SE,ARIANAVILLE,2,2,0.0,1705.8959999999997,19.0
00066,2025-07-16,3,SE,ARIANAVILLE,2,2,0.0,35.35,6.0
00066,2026-03-25,3,SE,ARIANAVILLE,2,2,0.0,216.476,2.0
00066,2026-04-02,4,SE,ARIANAVILLE,2,2,0.0,333.296,34.0
00067,2025-01-31,5,SE,ARIANAVILLE,2,2,0.0,1527.084,14.0
00067,2025-12-07,0,SE,ARIANAVILLE,2,2,0.0,123.464,2.0
00067,2025-12-28,0,SE,ARIANAVILLE,2,2,0.0,185.534,15.0
00068,2026-04-26,0,SE,Inconnue,2,2,0.0,72.634,1.0
00069,2025-09-26,5,SE,ARIANAVILLE,2,2,0.0,35.35,6.0
00070,2025-01-27,1,SE,ARIANAVILLE,2,2,0.0,38.79,8.0
00070,2025-09-26,5,SE,ARIANAVILLE,2,2,0.0,57.097,24.0
00079,2026-02-02,1,SE,Inconnue,2,2,0.0,53.15,2.0
00079,2026-02-04,3,SE,Inconnue,2,2,0.0,145.267,2.0
00079,2026-03-03,2,SE,Inconnue,2,2,0.0,270.532,2.0
00079,2026-04-09,4,SE,Inconnue,2,2,0.0,765.759,3.0
00079,2026-09-02,3,SE,Inconnue,2,2,0.0,71.728,1.0
00081,2025-02-15,6,SE,LASOUKRA,2,2,0.0,78.408,1.0
00081,2025-04-20,0,SE,LASOUKRA,2,2,0.0,26.236,24.0
00081,2025-04-26,6,SE,LASOUKRA,2,2,0.0,30.503,1.0
00081,2025-05-26,1,SE,LASOUKRA,2,2,0.0,24.349,1.0
00081,2025-06-16,1,SE,LASOUKRA,2,2,0.0,16.067,3.0
00081,2025-06-30,1,SE,LASOUKRA,2,2,0.0,30.503,1.0
00081,2025-07-13,0,SE,LASOUKRA,2,2,0.0,16.007,6.0
00081,2025-07-18,5,SE,LASOUKRA,2,2,0.0,30.503,1.0
00081,2025-09-06,6,SE,LASOUKRA,2,2,0.0,36.278,1.0
00081,2025-09-09,2,SE,LASOUKRA,2,2,0.0,88.172,1.0
00081,2025-10-27,1,SE,LASOUKRA,2,2,0.0,33.865,1.0
00081,2025-11-01,6,SE,LASOUKRA,2,2,0.0,33.865,1.0
00081,2025-11-07,5,SE,LASOUKRA,2,2,0.0,38.557,1.0
00081,2025-12-19,5,SE,LASOUKRA,2,2,0.0,36.278,1.0
00081,2026-07-07,2,SE,LASOUKRA,2,2,0.0,68.782,1.0
00081,2026-12-14,1,SE,LASOUKRA,2,2,0.0,1026.976,4.0
00082,2025-01-20,1,SE,LASOUKRA,2,2,0.0,37.404,1.0
00082,2025-01-22,3,SE,LASOUKRA,2,2,0.0,64.27,12.0
00082,2025-01-26,0,SE,LASOUKRA,2,2,0.0,63.985,1.0
00082,2025-02-15,6,SE,LASOUKRA,2,2,0.0,52.047,1.0
00082,2025-04-26,6,SE,LASOUKRA,2,2,0.0,19.902,4.0
00082,2025-05-26,1,SE,LASOUKRA,2,2,0.0,13.501,6.0
00082,2025-07-18,5,SE,LASOUKRA,2,2,0.0,11.636,1.0
00082,2025-09-22,1,SE,LASOUKRA,2,2,0.0,79.33,1.0
00082,2025-11-07,5,SE,LASOUKRA,2,2,0.0,36.278,1.0
00083,2025-01-20,1,SE,LASOUKRA,2,2,0.0,48.591,1.0
00083,2025-01-26,0,SE,LASOUKRA,2,2,0.0,33.893,1.0
00083,2025-02-24,1,SE,LASOUKRA,2,2,0.0,54.411,1.0
00083,2025-03-02,0,SE,LASOUKRA,2,2,0.0,51.442,1.0
00083,2025-04-25,5,SE,LASOUKRA,2,2,0.0,26.236,24.0
00083,2025-05-26,1,SE,LASOUKRA,2,2,0.0,24.349,1.0
00083,2025-07-18,5,SE,LASOUKRA,2,2,0.0,71.422,1.0
00083,2025-09-09,2,SE,LASOUKRA,2,2,0.0,37.418,1.0
00083,2025-09-22,1,SE,LASOUKRA,2,2,0.0,22.838,1.0
00083,2025-11-07,5,SE,LASOUKRA,2,2,0.0,33.387,6.0
00083,2025-12-15,1,SE,LASOUKRA,2,2,0.0,161.302,25.0
00083,2025-12-19,5,SE,LASOUKRA,2,2,0.0,30.027,2.0
00083,2025-12-22,1,SE,LASOUKRA,2,2,0.0,48.591,1.0
00083,2026-01-08,4,SE,LASOUKRA,2,2,0.0,71.728,1.0
00083,2026-09-23,3,SE,LASOUKRA,2,2,0.0,682.674,3.0
00083,2026-10-21,3,SE,LASOUKRA,2,2,0.0,97.6,1.0
00084,2025-01-13,1,SE,LASOUKRA,2,2,0.0,8.497,3.0
00084,2025-01-26,0,SE,LASOUKRA,2,2,0.0,61.216,1.0
00084,2025-03-02,0,SE,LASOUKRA,2,2,0.0,78.408,1.0
00084,2025-04-25,5,SE,LASOUKRA,2,2,0.0,71.422,1.0
00084,2025-04-28,1,SE,LASOUKRA,2,2,0.0,24.729,6.0
00084,2025-05-16,5,SE,LASOUKRA,2,2,0.0,32.134,6.0
00084,2025-05-26,1,SE,LASOUKRA,2,2,0.0,32.137,6.0
00084,2025-06-15,0,SE,LASOUKRA,2,2,0.0,37.418,1.0
00084,2025-07-18,5,SE,LASOUKRA,2,2,0.0,87.445,1.0
00084,2025-09-22,1,SE,LASOUKRA,2,2,0.0,20.061,3.0
00084,2025-11-07,5,SE,LASOUKRA,2,2,0.0,38.583,1.0
00084,2025-11-28,5,SE,LASOUKRA,2,2,0.0,66.774,12.0
00084,2025-12-07,0,SE,LASOUKRA,2,2,0.0,91.423,1.0
00084,2025-12-15,1,SE,LASOUKRA,2,2,0.0,54.242,24.0
00084,2025-12-26,5,SE,LASOUKRA,2,2,0.0,48.591,1.0
00084,2026-06-09,2,SE,LASOUKRA,2,2,0.0,343.38,73.0
00084,2026-11-05,4,SE,LASOUKRA,2,2,0.0,38.375,24.0
00084,2026-11-24,2,SE,LASOUKRA,2,2,0.0,71.728,1.0
00085,2025-01-07,2,SE,LASOUKRA,2,2,0.0,35.098,1.0
00085,2025-01-10,5,SE,LASOUKRA,2,2,0.0,26.236,24.0
00085,2025-01-16,4,SE,LASOUKRA,2,2,0.0,23.188,24.0
00085,2025-02-13,4,SE,LASOUKRA,2,2,0.0,24.004,24.0
00085,2025-02-15,6,SE,LASOUKRA,2,2,0.0,25.782,1.0
00085,2025-04-02,3,SE,LASOUKRA,2,2,0.0,23.272,1.0
00085,2025-05-16,5,SE,LASOUKRA,2,2,0.0,15.304,1.0
00085,2025-05-28,3,SE,LASOUKRA,2,2,0.0,24.729,6.0
00085,2025-05-31,6,SE,LASOUKRA,2,2,0.0,9.128,1.0
00085,2025-06-11,3,SE,LASOUKRA,2,2,0.0,37.418,1.0
00085,2025-07-07,1,SE,LASOUKRA,2,2,0.0,19.906,1.0
00085,2025-08-25,1,SE,LASOUKRA,2,2,0.0,1372.89,6.0
00085,2025-09-08,1,SE,LASOUKRA,2,2,0.0,61.216,1.0
00085,2025-09-22,1,SE,LASOUKRA,2,2,0.0,34.87,1.0
00085,2025-10-13,1,SE,LASOUKRA,2,2,0.0,35.35,6.0
00085,2025-11-07,5,SE,LASOUKRA,2,2,0.0,38.583,1.0
00085,2025-12-01,1,SE,LASOUKRA,2,2,0.0,37.676,24.0
00085,2025-12-07,0,SE,LASOUKRA,2,2,0.0,110.284,1.0
00085,2025-12-19,5,SE,LASOUKRA,2,2,0.0,155.07,2.0
00085,2025-12-26,5,SE,LASOUKRA,2,2,0.0,54.411,1.0
00085,2026-04-22,3,SE,LASOUKRA,2,2,0.0,71.728,1.0
00085,2026-04-28,2,SE,LASOUKRA,2,2,0.0,26.607,6.0
00085,2026-05-27,3,SE,LASOUKRA,2,2,0.0,61.993,1.0
00085,2026-09-10,4,SE,LASOUKRA,2,2,0.0,182.64000000000001,72.0
00085,2026-10-21,3,SE,LASOUKRA,2,2,0.0,52.797,1.0
00085,2026-11-05,4,SE,LASOUKRA,2,2,0.0,53.407,1.0
00085,2026-11-12,4,SE,LASOUKRA,2,2,0.0,652.224,51.0
00085,2026-11-23,1,SE,LASOUKRA,2,2,0.0,1071.896,4.0
00085,2026-11-24,2,SE,LASOUKRA,2,2,0.0,25.894,1.0
00086,2025-01-07,2,SE,LASOUKRA,2,2,0.0,38.405,6.0
00086,2025-01-13,1,SE,LASOUKRA,2,2,0.0,38.453,12.0
00086,2025-02-13,4,SE,LASOUKRA,2,2,0.0,52.047,1.0
00086,2025-02-23,0,SE,LASOUKRA,2,2,0.0,129.613,24.0
00086,2025-04-25,5,SE,LASOUKRA,2,2,0.0,24.878,5.0
00086,2025-04-28,1,SE,LASOUKRA,2,2,0.0,12.364,3.0
00086,2025-05-09,5,SE,LASOUKRA,2,2,0.0,21.425,4.0
00086,2025-05-16,5,SE,LASOUKRA,2,2,0.0,10.495,1.0
00086,2025-05-28,3,SE,LASOUKRA,2,2,0.0,24.729,6.0
00086,2025-06-15,0,SE,LASOUKRA,2,2,0.0,37.418,1.0
00086,2025-10-10,5,SE,LASOUKRA,2,2,0.0,190.16,2.0
00086,2025-10-13,1,SE,LASOUKRA,2,2,0.0,35.35,6.0
00086,2025-11-02,0,SE,LASOUKRA,2,2,0.0,79.33,1.0
00086,2025-11-19,3,SE,LASOUKRA,2,2,0.0,38.453,12.0
00086,2026-01-07,3,SE,LASOUKRA,2,2,0.0,170.74099999999999,2.0
00086,2026-02-05,4,SE,LASOUKRA,2,2,0.0,80.111,1.0
00086,2026-04-13,1,SE,LASOUKRA,2,2,0.0,62.114,1.0
00086,2026-04-14,2,SE,LASOUKRA,2,2,0.0,191.559,28.0
00086,2026-04-22,3,SE,LASOUKRA,2,2,0.0,62.632,1.0
00086,2026-10-22,4,SE,LASOUKRA,2,2,0.0,320.464,2.0
00086,2026-11-05,4,SE,LASOUKRA,2,2,0.0,18.155,24.0
00086,2026-11-12,4,SE,LASOUKRA,2,2,0.0,252.12,49.0
00086,2026-11-23,1,SE,LASOUKRA,2,2,0.0,64.818,1.0
00087,2025-01-04,6,SE,LASOUKRA,2,2,0.0,49.873,1.0
00087,2025-01-24,5,SE,LASOUKRA,2,2,0.0,52.047,1.0
00087,2025-02-13,4,SE,LASOUKRA,2,2,0.0,37.676,24.0
00087,2025-02-24,1,SE,LASOUKRA,2,2,0.0,37.676,24.0
00087,2025-03-28,5,SE,LASOUKRA,2,2,0.0,75.188,1.0
00087,2025-04-25,5,SE,LASOUKRA,2,2,0.0,30.503,1.0
00087,2025-05-09,5,SE,LASOUKRA,2,2,0.0,30.503,1.0
00087,2025-05-16,5,SE,LASOUKRA,2,2,0.0,32.137,6.0
00087,2025-06-15,0,SE,LASOUKRA,2,2,0.0,61.216,1.0
00087,2025-09-08,1,SE,LASOUKRA,2,2,0.0,88.172,1.0
00087,2025-09-22,1,SE,LASOUKRA,2,2,0.0,30.503,1.0
00087,2025-10-13,1,SE,LASOUKRA,2,2,0.0,38.453,12.0
00087,2025-11-02,0,SE,LASOUKRA,2,2,0.0,54.411,1.0
00087,2025-11-16,0,SE,LASOUKRA,2,2,0.0,33.387,6.0
00087,2025-11-19,3,SE,LASOUKRA,2,2,0.0,38.453,12.0
00087,2026-04-28,2,SE,LASOUKRA,2,2,0.0,117.633,24.0
00087,2026-06-03,3,SE,LASOUKRA,2,2,0.0,62.342,2.0
00087,2026-09-10,4,SE,LASOUKRA,2,2,0.0,3651.228000000001,7.0
00087,2026-09-16,3,SE,LASOUKRA,2,2,0.0,27.431,1.0
00087,2026-11-24,2,SE,LASOUKRA,2,2,0.0,236.544,2.0
00087,2026-11-27,5,SE,LASOUKRA,2,2,0.0,659.434,49.0
00088,2025-01-25,6,SE,Inconnue,2,2,0.0,71.422,1.0
00088,2025-03-22,6,SE,Inconnue,2,2,0.0,30.503,1.0
00088,2025-04-02,3,SE,Inconnue,2,2,0.0,23.272,1.0
00088,2025-04-09,3,SE,Inconnue,2,2,0.0,16.486,2.0
00088,2025-04-25,5,SE,Inconnue,2,2,0.0,12.364,3.0
00088,2025-05-09,5,SE,Inconnue,2,2,0.0,49.456,12.0
00088,2025-05-16,5,SE,Inconnue,2,2,0.0,32.137,6.0
00088,2025-05-17,6,SE,Inconnue,2,2,0.0,29.853,6.0
00088,2025-06-15,0,SE,Inconnue,2,2,0.0,30.503,1.0
00088,2025-06-28,6,SE,Inconnue,2,2,0.0,30.503,1.0
00088,2025-08-09,6,SE,Inconnue,2,2,0.0,360.105,3.0
00088,2025-08-20,3,SE,Inconnue,2,2,0.0,34.957,12.0
00088,2025-09-07,0,SE,Inconnue,2,2,0.0,74.525,1.0
00088,2025-09-08,1,SE,Inconnue,2,2,0.0,33.865,1.0
00088,2025-09-22,1,SE,Inconnue,2,2,0.0,57.348,1.0
00088,2025-10-13,1,SE,Inconnue,2,2,0.0,30.027,2.0
00088,2025-11-02,0,SE,Inconnue,2,2,0.0,30.027,2.0
00088,2025-11-10,1,SE,Inconnue,2,2,0.0,33.986,12.0
00088,2025-11-11,2,SE,Inconnue,2,2,0.0,79.33,1.0
00088,2025-12-07,0,SE,Inconnue,2,2,0.0,33.865,1.0
00088,2026-02-23,1,SE,Inconnue,2,2,0.0,30.684,2.0
00088,2026-04-28,2,SE,Inconnue,2,2,0.0,35.476,8.0
00088,2026-09-10,4,SE,Inconnue,2,2,0.0,860.73,4.0
00088,2026-09-16,3,SE,Inconnue,2,2,0.0,60.35,1.0
00088,2026-12-14,1,SE,Inconnue,2,2,0.0,70.791,13.0
00088,2026-12-24,4,SE,Inconnue,2,2,0.0,174.398,2.0
00089,2026-11-24,2,GT,Inconnue,2,2,0.0,103.739,1.0
00090,2025-01-13,1,GT,LAGOULETTE,2,2,0.0,16.993,6.0
00090,2025-01-19,0,GT,LAGOULETTE,2,2,0.0,23.188,24.0
00090,2025-01-25,6,GT,LAGOULETTE,2,2,0.0,282.27,2.0
00090,2025-01-28,2,GT,LAGOULETTE,2,2,0.0,36.623,1.0
00090,2025-02-11,2,GT,LAGOULETTE,2,2,0.0,54.242,24.0
00090,2025-02-13,4,GT,LAGOULETTE,2,2,0.0,44.885,1.0
00090,2025-02-17,1,GT,LAGOULETTE,2,2,0.0,19.04,1.0
00090,2025-03-08,6,GT,LAGOULETTE,2,2,0.0,39.739,1.0
00090,2025-05-07,3,GT,LAGOULETTE,2,2,0.0,30.503,1.0
00090,2025-05-14,3,GT,LAGOULETTE,2,2,0.0,71.422,1.0
00090,2025-05-16,5,GT,LAGOULETTE,2,2,0.0,24.349,1.0
00090,2025-05-17,6,GT,LAGOULETTE,2,2,0.0,29.853,6.0
00090,2025-05-19,1,GT,LAGOULETTE,2,2,0.0,43.376,1.0
00090,2025-05-26,1,GT,LAGOULETTE,2,2,0.0,29.853,6.0
00090,2025-06-01,0,GT,LAGOULETTE,2,2,0.0,37.418,1.0
00090,2025-06-18,3,GT,LAGOULETTE,2,2,0.0,43.376,1.0
00090,2025-06-22,0,GT,LAGOULETTE,2,2,0.0,372.51300000000003,3.0
00090,2025-09-09,2,GT,LAGOULETTE,2,2,0.0,34.957,12.0
00090,2025-09-10,3,GT,LAGOULETTE,2,2,0.0,33.865,1.0
00090,2025-09-23,2,GT,LAGOULETTE,2,2,0.0,37.676,24.0
00090,2025-09-29,1,GT,LAGOULETTE,2,2,0.0,43.376,1.0
00090,2025-10-07,2,GT,LAGOULETTE,2,2,0.0,19.906,1.0
00090,2025-10-13,1,GT,LAGOULETTE,2,2,0.0,33.865,1.0
00090,2025-10-22,3,GT,LAGOULETTE,2,2,0.0,37.676,24.0
00090,2025-10-28,2,GT,LAGOULETTE,2,2,0.0,37.676,24.0
00090,2025-11-02,0,GT,LAGOULETTE,2,2,0.0,54.411,1.0
00090,2025-11-10,1,GT,LAGOULETTE,2,2,0.0,32.016,6.0
00090,2025-11-12,3,GT,LAGOULETTE,2,2,0.0,115.164,25.0
00090,2025-11-25,2,GT,LAGOULETTE,2,2,0.0,38.453,12.0
00090,2025-12-03,3,GT,LAGOULETTE,2,2,0.0,49.446,1.0
00090,2025-12-09,2,GT,LAGOULETTE,2,2,0.0,57.097,24.0
00090,2025-12-10,3,GT,LAGOULETTE,2,2,0.0,27.034,1.0
00090,2025-12-13,6,GT,LAGOULETTE,2,2,0.0,42.975,1.0
00090,2025-12-24,3,GT,LAGOULETTE,2,2,0.0,62.802,1.0
00090,2025-12-29,1,GT,LAGOULETTE,2,2,0.0,28.935,12.0
00090,2026-06-17,3,GT,LAGOULETTE,2,2,0.0,88.946,2.0
00090,2026-08-04,2,GT,LAGOULETTE,2,2,0.0,72.634,1.0
00090,2026-08-07,5,GT,LAGOULETTE,2,2,0.0,72.634,1.0
00090,2026-10-07,3,GT,LAGOULETTE,2,2,0.0,23.837,24.0
00090,2026-10-28,3,GT,LAGOULETTE,2,2,0.0,43.818,1.0
00090,2026-11-08,0,GT,LAGOULETTE,2,2,0.0,112.569,24.0
00090,2026-11-10,2,GT,LAGOULETTE,2,2,0.0,43.732,2.0
00090,2026-11-20,5,GT,LAGOULETTE,2,2,0.0,602.41,52.0
00090,2026-11-22,0,GT,LAGOULETTE,2,2,0.0,84.124,2.0
00090,2026-11-23,1,GT,LAGOULETTE,2,2,0.0,541.128,4.0
00090,2026-12-04,5,GT,LAGOULETTE,2,2,0.0,21.136,1.0
00090,2026-12-22,2,GT,LAGOULETTE,2,2,0.0,391.428,3.0
00091,2025-01-06,1,GT,LAMARSA,2,2,0.0,31.171,1.0
00091,2025-01-09,4,GT,LAMARSA,2,2,0.0,44.885,1.0
00091,2025-01-14,2,GT,LAMARSA,2,2,0.0,259.268,2.0
00091,2025-01-18,6,GT,LAMARSA,2,2,0.0,35.098,1.0
00091,2025-01-25,6,GT,LAMARSA,2,2,0.0,110.284,1.0
00091,2025-02-06,4,GT,LAMARSA,2,2,0.0,313.632,2.0
00091,2025-02-16,0,GT,LAMARSA,2,2,0.0,34.608,12.0
00091,2025-02-18,2,GT,LAMARSA,2,2,0.0,35.684,2.0
00091,2025-02-27,4,GT,LAMARSA,2,2,0.0,83.737,1.0
00091,2025-03-06,4,GT,LAMARSA,2,2,0.0,22.981,1.0
00091,2025-03-14,5,GT,LAMARSA,2,2,0.0,26.183,6.0
00091,2025-03-15,6,GT,LAMARSA,2,2,0.0,54.411,1.0
00091,2025-03-17,1,GT,LAMARSA,2,2,0.0,34.83,7.0
00091,2025-03-21,5,GT,LAMARSA,2,2,0.0,22.218,12.0
00091,2025-03-26,3,GT,LAMARSA,2,2,0.0,34.469,1.0
00091,2025-04-06,0,GT,LAMARSA,2,2,0.0,34.469,1.0
00091,2025-04-12,6,GT,LAMARSA,2,2,0.0,23.272,1.0
00091,2025-04-18,5,GT,LAMARSA,2,2,0.0,16.067,3.0
00091,2025-04-19,6,GT,LAMARSA,2,2,0.0,16.067,3.0
00091,2025-04-21,1,GT,LAMARSA,2,2,0.0,30.503,1.0
00091,2025-04-23,3,GT,LAMARSA,2,2,0.0,26.778,5.0
00091,2025-04-30,3,GT,LAMARSA,2,2,0.0,26.236,24.0
00091,2025-05-09,5,GT,LAMARSA,2,2,0.0,71.422,1.0
00091,2025-05-11,0,GT,LAMARSA,2,2,0.0,16.068,3.0
00091,2025-05-17,6,GT,LAMARSA,2,2,0.0,29.853,6.0
00091,2025-05-30,5,GT,LAMARSA,2,2,0.0,13.501,6.0
00091,2025-06-08,0,GT,LAMARSA,2,2,0.0,13.501,6.0
00091,2025-06-13,5,GT,LAMARSA,2,2,0.0,54.411,1.0
00091,2025-06-21,6,GT,LAMARSA,2,2,0.0,50.494,24.0
00091,2025-06-22,0,GT,LAMARSA,2,2,0.0,641.6,4.0
00091,2025-06-27,5,GT,LAMARSA,2,2,0.0,50.494,24.0
00091,2025-07-15,2,GT,LAMARSA,2,2,0.0,50.494,24.0
00091,2025-07-18,5,GT,LAMARSA,2,2,0.0,19.617,40.0
00091,2025-07-29,2,GT,LAMARSA,2,2,0.0,43.731,3.0
00091,2025-08-12,2,GT,LAMARSA,2,2,0.0,271.892,60.0
00091,2025-08-16,6,GT,LAMARSA,2,2,0.0,30.503,1.0
00091,2025-08-20,3,GT,LAMARSA,2,2,0.0,30.503,1.0
00091,2025-08-26,2,GT,LAMARSA,2,2,0.0,34.957,12.0
00091,2025-09-02,2,GT,LAMARSA,2,2,0.0,35.35,6.0
00091,2025-09-06,6,GT,LAMARSA,2,2,0.0,61.216,1.0
00091,2025-09-21,0,GT,LAMARSA,2,2,0.0,22.838,1.0
00091,2025-09-22,1,GT,LAMARSA,2,2,0.0,20.061,3.0
00091,2025-09-24,3,GT,LAMARSA,2,2,0.0,57.097,24.0
00091,2025-10-03,5,GT,LAMARSA,2,2,0.0,36.278,1.0
00091,2025-10-12,0,GT,LAMARSA,2,2,0.0,38.453,12.0
00091,2025-10-17,5,GT,LAMARSA,2,2,0.0,30.027,2.0
00091,2025-10-24,5,GT,LAMARSA,2,2,0.0,38.583,1.0
00091,2025-11-01,6,GT,LAMARSA,2,2,0.0,48.591,1.0
00091,2025-11-04,2,GT,LAMARSA,2,2,0.0,51.737,1.0
00091,2025-11-06,4,GT,LAMARSA,2,2,0.0,37.676,24.0
00091,2025-11-10,1,GT,LAMARSA,2,2,0.0,40.123,6.0
00091,2025-11-15,6,GT,LAMARSA,2,2,0.0,32.663,1.0
00091,2025-11-28,5,GT,LAMARSA,2,2,0.0,145.928,24.0
00091,2025-11-29,6,GT,LAMARSA,2,2,0.0,75.632,1.0
00091,2025-12-08,1,GT,LAMARSA,2,2,0.0,15.014,1.0
00091,2025-12-12,5,GT,LAMARSA,2,2,0.0,131.336,12.0
00091,2025-12-13,6,GT,LAMARSA,2,2,0.0,192.342,13.0
00091,2025-12-21,0,GT,LAMARSA,2,2,0.0,16.417,3.0
00091,2026-01-12,1,GT,LAMARSA,2,2,0.0,200.13299999999998,3.0
00091,2026-01-18,0,GT,LAMARSA,2,2,0.0,251.499,3.0
00091,2026-01-29,4,GT,LAMARSA,2,2,0.0,104.484,2.0
00091,2026-02-06,5,GT,LAMARSA,2,2,0.0,421.238,25.0
00091,2026-02-13,5,GT,LAMARSA,2,2,0.0,189.592,96.0
00091,2026-03-01,0,GT,LAMARSA,2,2,0.0,349.578,2.0
00091,2026-03-03,2,GT,LAMARSA,2,2,0.0,850.05,121.0
00091,2026-04-05,0,GT,LAMARSA,2,2,0.0,286.912,2.0
00091,2026-05-25,1,GT,LAMARSA,2,2,0.0,71.728,1.0
00091,2026-06-01,1,GT,LAMARSA,2,2,0.0,115.071,24.0
00091,2026-06-17,3,GT,LAMARSA,2,2,0.0,22.787,1.0
00091,2026-06-24,3,GT,LAMARSA,2,2,0.0,46.418,1.0
00091,2026-07-09,4,GT,LAMARSA,2,2,0.0,130.508,24.0
00091,2026-07-26,0,GT,LAMARSA,2,2,0.0,43.818,1.0
00091,2026-07-30,4,GT,LAMARSA,2,2,0.0,130.508,24.0
00091,2026-08-24,1,GT,LAMARSA,2,2,0.0,60.35,1.0
00091,2026-09-21,1,GT,LAMARSA,2,2,0.0,58.23,1.0
00091,2026-09-22,2,GT,LAMARSA,2,2,0.0,97.6,1.0
00091,2026-09-27,0,GT,LAMARSA,2,2,0.0,340.468,2.0
00091,2026-10-04,0,GT,LAMARSA,2,2,0.0,17.4,1.0
00091,2026-10-13,2,GT,LAMARSA,2,2,0.0,23.837,24.0
00091,2026-10-15,4,GT,LAMARSA,2,2,0.0,138.666,48.0
00091,2026-10-20,2,GT,LAMARSA,2,2,0.0,214.314,25.0
00091,2026-11-09,1,GT,LAMARSA,2,2,0.0,64.218,1.0
00091,2026-12-29,2,GT,LAMARSA,2,2,0.0,46.61,1.0
00092,2025-12-27,6,GT,Inconnue,2,2,0.0,98.501,18.0
00094,2026-01-15,4,SE,Inconnue,2,2,0.0,432.72,46.0
00094,2026-01-18,0,SE,Inconnue,2,2,0.0,251.499,3.0
00094,2026-04-05,0,SE,Inconnue,2,2,0.0,171.626,25.0
00095,2025-02-18,2,GT,LAMARSA,2,2,0.0,33.893,1.0
00095,2025-03-01,6,GT,LAMARSA,2,2,0.0,53.774,3.0
00095,2026-02-09,1,GT,LAMARSA,2,2,0.0,16439.624,26.0
00095,2026-04-10,5,GT,LAMARSA,2,2,0.0,12249.648,84.0
00096,2025-02-16,0,GT,LAMARSA,2,2,0.0,114.696,1.0
00099,2025-01-14,2,GT,LAMARSA,2,2,0.0,3408.59,109.0
00099,2025-01-20,1,GT,LAMARSA,2,2,0.0,4428.294,109.0
00099,2025-02-15,6,GT,LAMARSA,2,2,0.0,4410.329,71.0
00099,2025-02-20,4,GT,LAMARSA,2,2,0.0,1875.0940000000003,7.0
00099,2025-03-06,4,GT,LAMARSA,2,2,0.0,12606.758999999996,90.0
00099,2025-03-11,2,GT,LAMARSA,2,2,0.0,74.955,1.0
00099,2025-03-12,3,GT,LAMARSA,2,2,0.0,3902.604,101.0
00099,2025-03-21,5,GT,LAMARSA,2,2,0.0,32.134,6.0
00099,2025-03-30,0,GT,LAMARSA,2,2,0.0,2960.274,10.0
00099,2025-04-11,5,GT,LAMARSA,2,2,0.0,14.576,1.0
00099,2025-04-16,3,GT,LAMARSA,2,2,0.0,16.068,3.0
00099,2025-04-22,2,GT,LAMARSA,2,2,0.0,5243.64,110.0
00099,2025-05-27,2,GT,LAMARSA,2,2,0.0,24.349,1.0
00099,2025-06-01,0,GT,LAMARSA,2,2,0.0,37.418,1.0
00099,2025-06-08,0,GT,LAMARSA,2,2,0.0,3279.294,46.0
00099,2025-06-27,5,GT,LAMARSA,2,2,0.0,9295.86,36.0
00099,2025-07-20,0,GT,LAMARSA,2,2,0.0,5112.723,63.0
00099,2025-08-19,2,GT,LAMARSA,2,2,0.0,9331.3,79.0
00099,2025-09-23,2,GT,LAMARSA,2,2,0.0,9500.502,139.0
00099,2025-10-11,6,GT,LAMARSA,2,2,0.0,91.356,2.0
00099,2025-11-17,1,GT,LAMARSA,2,2,0.0,6669.8240000000005,146.0
00099,2025-11-18,2,GT,LAMARSA,2,2,0.0,57.097,24.0
00099,2025-11-28,5,GT,LAMARSA,2,2,0.0,30.503,1.0
00099,2025-12-20,6,GT,LAMARSA,2,2,0.0,69.739,1.0
00099,2026-01-29,4,GT,LAMARSA,2,2,0.0,3279.096,94.0
00099,2026-04-15,3,GT,LAMARSA,2,2,0.0,3769.428000000001,122.0
00099,2026-05-21,4,GT,LAMARSA,2,2,0.0,274.968,2.0
00099,2026-05-26,2,GT,LAMARSA,2,2,0.0,4476.7029999999995,62.0
00099,2026-06-21,0,GT,LAMARSA,2,2,0.0,28.054,1.0
00099,2026-06-30,2,GT,LAMARSA,2,2,0.0,58.23,1.0
00099,2026-07-09,4,GT,LAMARSA,2,2,0.0,61.993,1.0
00099,2026-08-06,4,GT,LAMARSA,2,2,0.0,19.332,1.0
00099,2026-08-07,5,GT,LAMARSA,2,2,0.0,3825.8500000000004,51.0
00099,2026-08-27,4,GT,LAMARSA,2,2,0.0,689.655,26.0
00099,2026-09-10,4,GT,LAMARSA,2,2,0.0,106.425,24.0
00099,2026-10-05,1,GT,LAMARSA,2,2,0.0,954.052,5.0
00099,2026-10-07,3,GT,LAMARSA,2,2,0.0,2958.9719999999998,104.0
00099,2026-11-11,3,GT,LAMARSA,2,2,0.0,4275.696,124.0
00099,2026-12-09,3,GT,LAMARSA,2,2,0.0,5042.311999999999,83.0
00099,2026-12-25,5,GT,LAMARSA,2,2,0.0,203.922,3.0
00101,2025-10-02,4,SE,LASOUKRA,2,2,0.0,140.286,2.0
00102,2025-03-18,2,GT,LAMARSA,2,2,0.0,71.422,1.0
00102,2026-07-06,1,GT,LAMARSA,2,2,0.0,130.508,24.0
00102,2026-11-16,1,GT,LAMARSA,2,2,0.0,168.96,4.0
00104,2025-01-07,2,GT,LAMARSA,2,2,0.0,71.728,1.0
00104,2025-01-14,2,GT,LAMARSA,2,2,0.0,180.42,2.0
00104,2025-01-18,6,GT,LAMARSA,2,2,0.0,78.408,1.0
00104,2025-01-20,1,GT,LAMARSA,2,2,0.0,36.996,20.0
00104,2025-02-01,6,GT,LAMARSA,2,2,0.0,70.568,1.0
00104,2025-02-02,0,GT,LAMARSA,2,2,0.0,54.242,24.0
00104,2025-02-07,5,GT,LAMARSA,2,2,0.0,87.743,1.0
00104,2025-02-08,6,GT,LAMARSA,2,2,0.0,767.6300000000001,76.0
00104,2025-03-07,5,GT,LAMARSA,2,2,0.0,70.568,1.0
00104,2025-04-12,6,GT,LAMARSA,2,2,0.0,67.863,1.0
00104,2025-05-27,2,GT,LAMARSA,2,2,0.0,24.004,12.0
00104,2025-06-10,2,GT,LAMARSA,2,2,0.0,19.902,4.0
00104,2025-06-15,0,GT,LAMARSA,2,2,0.0,71.422,1.0
00104,2025-07-29,2,GT,LAMARSA,2,2,0.0,103.318,1.0
00104,2025-09-02,2,GT,LAMARSA,2,2,0.0,27.034,1.0
00104,2025-09-09,2,GT,LAMARSA,2,2,0.0,38.583,1.0
00104,2025-09-16,2,GT,LAMARSA,2,2,0.0,22.838,1.0
00104,2025-09-27,6,GT,LAMARSA,2,2,0.0,30.503,1.0
00104,2025-10-04,6,GT,LAMARSA,2,2,0.0,36.278,1.0
00104,2025-10-21,2,GT,LAMARSA,2,2,0.0,38.453,12.0
00104,2025-11-01,6,GT,LAMARSA,2,2,0.0,38.453,12.0
00104,2025-12-02,2,GT,LAMARSA,2,2,0.0,57.097,24.0
00104,2025-12-23,2,GT,LAMARSA,2,2,0.0,54.411,1.0
00104,2026-02-02,1,GT,LAMARSA,2,2,0.0,62.114,1.0
00104,2026-06-18,4,GT,LAMARSA,2,2,0.0,28.054,1.0
00104,2026-07-13,1,GT,LAMARSA,2,2,0.0,28.054,1.0
00104,2026-08-27,4,GT,LAMARSA,2,2,0.0,194.692,21.0
00104,2026-09-03,4,GT,LAMARSA,2,2,0.0,39.618,1.0
00104,2026-10-01,4,GT,LAMARSA,2,2,0.0,478.028,4.0
00104,2026-10-19,1,GT,LAMARSA,2,2,0.0,97.6,1.0
00104,2026-10-22,4,GT,LAMARSA,2,2,0.0,294.872,2.0
00104,2026-12-01,2,GT,LAMARSA,2,2,0.0,1580.076,9.0
00105,2026-05-21,4,GT,Inconnue,2,2,0.0,62.114,1.0
00106,2025-01-04,6,SE,LASOUKRA,2,2,0.0,60.69,1.0
00106,2025-03-28,5,SE,LASOUKRA,2,2,0.0,540.633,3.0
00106,2025-09-26,5,SE,LASOUKRA,2,2,0.0,47.135,8.0
00106,2025-10-02,4,SE,LASOUKRA,2,2,0.0,74.835,2.0
00106,2026-07-15,3,SE,LASOUKRA,2,2,0.0,103.739,1.0
00106,2026-11-27,5,SE,LASOUKRA,2,2,0.0,584.91,4.0
00108,2025-01-06,1,GT,LAMARSA,2,2,0.0,16.57,3.0
00108,2025-03-03,1,GT,LAMARSA,2,2,0.0,78.408,1.0
00108,2025-05-23,5,GT,LAMARSA,2,2,0.0,16.067,3.0
00108,2025-11-03,1,GT,LAMARSA,2,2,0.0,37.676,24.0
00108,2025-11-16,0,GT,LAMARSA,2,2,0.0,48.591,1.0
00108,2025-11-28,5,GT,LAMARSA,2,2,0.0,154.006,25.0
00108,2025-12-27,6,GT,LAMARSA,2,2,0.0,32.833,6.0
00108,2026-04-02,4,GT,LAMARSA,2,2,0.0,106.087,1.0
00108,2026-09-14,1,GT,LAMARSA,2,2,0.0,286.912,2.0
00108,2026-09-29,2,GT,LAMARSA,2,2,0.0,287.994,2.0
00112,2025-02-09,0,GT,LAMARSA,2,2,0.0,34.699,1.0
00112,2026-02-11,3,GT,LAMARSA,2,2,0.0,4689.904000000001,57.0
00112,2026-04-27,1,GT,LAMARSA,2,2,0.0,294.084,30.0
00112,2026-06-22,1,GT,LAMARSA,2,2,0.0,98.661,1.0
00114,2025-01-06,1,SE,ETTADHAMEN,2,2,0.0,35.098,1.0
00114,2025-02-08,6,SE,ETTADHAMEN,2,2,0.0,767.6300000000001,76.0
00114,2025-03-17,1,SE,ETTADHAMEN,2,2,0.0,30.503,1.0
00114,2025-08-24,0,SE,ETTADHAMEN,2,2,0.0,50.494,24.0
00114,2026-10-02,5,SE,ETTADHAMEN,2,2,0.0,97.6,1.0
00114,2026-10-15,4,SE,ETTADHAMEN,2,2,0.0,7.759,1.0
00115,2025-01-04,6,SE,ETTADHAMEN,2,2,0.0,71.728,1.0
00115,2025-05-21,3,SE,ETTADHAMEN,2,2,0.0,43.376,1.0
00116,2025-03-25,2,SE,ETTADHAMEN,2,2,0.0,54.411,1.0
00117,2025-01-06,1,SE,ARIANAVILLE,2,2,0.0,114.696,1.0
00120,2026-10-22,4,SE,Inconnue,2,2,0.0,38.375,24.0
00121,2025-12-09,2,SE,ARIANAVILLE,2,2,0.0,102.033,3.0
00123,2025-01-26,0,GT,CARTHAGE,2,2,0.0,714.882,39.0
00123,2025-02-03,1,GT,CARTHAGE,2,2,0.0,59.972,1.0
00123,2025-02-07,5,GT,CARTHAGE,2,2,0.0,33.893,1.0
00123,2025-02-24,1,GT,CARTHAGE,2,2,0.0,54.242,24.0
00123,2025-03-21,5,GT,CARTHAGE,2,2,0.0,32.134,6.0
00123,2025-04-14,1,GT,CARTHAGE,2,2,0.0,20.607,5.0
00123,2025-07-08,2,GT,CARTHAGE,2,2,0.0,23.567,4.0
00123,2025-07-15,2,GT,CARTHAGE,2,2,0.0,17.676,3.0
00123,2025-07-18,5,GT,CARTHAGE,2,2,0.0,42.87,1.0
00123,2025-07-22,2,GT,CARTHAGE,2,2,0.0,38.583,1.0
00123,2025-08-04,1,GT,CARTHAGE,2,2,0.0,32.016,12.0
00123,2025-08-30,6,GT,CARTHAGE,2,2,0.0,79.33,1.0
00123,2025-09-08,1,GT,CARTHAGE,2,2,0.0,257.208,72.0
00123,2025-11-04,2,GT,CARTHAGE,2,2,0.0,127.663,6.0
00123,2025-11-16,0,GT,CARTHAGE,2,2,0.0,110.284,1.0
00123,2026-01-22,4,GT,CARTHAGE,2,2,0.0,71.728,1.0
00123,2026-02-03,2,GT,CARTHAGE,2,2,0.0,263.864,2.0
00123,2026-03-01,0,GT,CARTHAGE,2,2,0.0,3049.452,100.0
00123,2026-03-16,1,GT,CARTHAGE,2,2,0.0,159.64,36.0
00123,2026-03-23,1,GT,CARTHAGE,2,2,0.0,1451.508,6.0
00123,2026-04-16,4,GT,CARTHAGE,2,2,0.0,103.965,1.0
00123,2026-06-03,3,GT,CARTHAGE,2,2,0.0,58.817,12.0
00123,2026-06-29,1,GT,CARTHAGE,2,2,0.0,2092.614,77.0
00123,2026-08-12,3,GT,CARTHAGE,2,2,0.0,5357.149999999999,106.0
00123,2026-09-16,3,GT,CARTHAGE,2,2,0.0,4615.280000000002,262.0
00123,2026-10-10,6,GT,CARTHAGE,2,2,0.0,2822.5099999999998,66.0
00123,2026-11-11,3,GT,CARTHAGE,2,2,0.0,3551.0579999999995,103.0
00123,2026-11-13,5,GT,CARTHAGE,2,2,0.0,1032.576,74.0
00124,2025-01-12,0,GT,CARTHAGE,2,2,0.0,58.817,12.0
00124,2025-01-14,2,GT,CARTHAGE,2,2,0.0,227.324,25.0
00124,2025-01-17,5,GT,CARTHAGE,2,2,0.0,67.028,1.0
00124,2025-01-18,6,GT,CARTHAGE,2,2,0.0,67.336,1.0
00124,2025-01-20,1,GT,CARTHAGE,2,2,0.0,44.781,9.0
00124,2025-02-06,4,GT,CARTHAGE,2,2,0.0,34.608,12.0
00124,2025-02-17,1,GT,CARTHAGE,2,2,0.0,98.026,18.0
00124,2025-02-21,5,GT,CARTHAGE,2,2,0.0,115.051,4.0
00124,2025-02-27,4,GT,CARTHAGE,2,2,0.0,198.802,15.0
00124,2025-03-06,4,GT,CARTHAGE,2,2,0.0,44.891,1.0
00124,2025-03-14,5,GT,CARTHAGE,2,2,0.0,75.188,1.0
00124,2025-03-17,1,GT,CARTHAGE,2,2,0.0,48.591,1.0
00124,2025-03-26,3,GT,CARTHAGE,2,2,0.0,34.469,1.0
00124,2025-04-18,5,GT,CARTHAGE,2,2,0.0,75.188,1.0
00124,2025-04-21,1,GT,CARTHAGE,2,2,0.0,14.576,1.0
00124,2025-04-30,3,GT,CARTHAGE,2,2,0.0,436.658,48.0
00124,2025-05-09,5,GT,CARTHAGE,2,2,0.0,30.503,1.0
00124,2025-05-17,6,GT,CARTHAGE,2,2,0.0,30.503,1.0
00124,2025-05-23,5,GT,CARTHAGE,2,2,0.0,16.067,3.0
00124,2025-05-24,6,GT,CARTHAGE,2,2,0.0,12.002,12.0
00124,2025-06-13,5,GT,CARTHAGE,2,2,0.0,54.411,1.0
00124,2025-06-17,2,GT,CARTHAGE,2,2,0.0,37.418,1.0
00124,2025-06-21,6,GT,CARTHAGE,2,2,0.0,32.134,6.0
00124,2025-06-22,0,GT,CARTHAGE,2,2,0.0,100.988,48.0
00124,2025-06-27,5,GT,CARTHAGE,2,2,0.0,50.494,24.0
00124,2025-07-06,0,GT,CARTHAGE,2,2,0.0,35.35,6.0
00124,2025-07-11,5,GT,CARTHAGE,2,2,0.0,61.986,3.0
00124,2025-07-15,2,GT,CARTHAGE,2,2,0.0,50.494,24.0
00124,2025-07-18,5,GT,CARTHAGE,2,2,0.0,20.275,24.0
00124,2025-07-26,6,GT,CARTHAGE,2,2,0.0,87.462,6.0
00124,2025-08-12,2,GT,CARTHAGE,2,2,0.0,413.272,2.0
00124,2025-08-16,6,GT,CARTHAGE,2,2,0.0,30.503,1.0
00124,2025-08-26,2,GT,CARTHAGE,2,2,0.0,33.865,1.0
00124,2025-09-20,6,GT,CARTHAGE,2,2,0.0,30.503,1.0
00124,2025-09-21,0,GT,CARTHAGE,2,2,0.0,30.503,1.0
00124,2025-09-22,1,GT,CARTHAGE,2,2,0.0,57.097,24.0
00124,2025-10-03,5,GT,CARTHAGE,2,2,0.0,37.676,24.0
00124,2025-10-31,5,GT,CARTHAGE,2,2,0.0,35.546,1.0
00124,2025-11-15,6,GT,CARTHAGE,2,2,0.0,38.557,1.0
00124,2025-11-28,5,GT,CARTHAGE,2,2,0.0,297.732,2.0
00124,2025-12-01,1,GT,CARTHAGE,2,2,0.0,37.676,24.0
00124,2025-12-08,1,GT,CARTHAGE,2,2,0.0,42.975,1.0
00124,2025-12-13,6,GT,CARTHAGE,2,2,0.0,83.467,15.0
00124,2026-02-13,5,GT,CARTHAGE,2,2,0.0,519.176,4.0
00124,2026-02-15,0,GT,CARTHAGE,2,2,0.0,1484.456,288.0
00124,2026-04-05,0,GT,CARTHAGE,2,2,0.0,213.117,16.0
00124,2026-05-12,2,GT,CARTHAGE,2,2,0.0,68.782,1.0
00124,2026-05-15,5,GT,CARTHAGE,2,2,0.0,112.569,24.0
00124,2026-05-25,1,GT,CARTHAGE,2,2,0.0,39.96,3.0
00124,2026-05-28,4,GT,CARTHAGE,2,2,0.0,71.728,1.0
00124,2026-06-01,1,GT,CARTHAGE,2,2,0.0,57.144,1.0
00124,2026-06-29,1,GT,CARTHAGE,2,2,0.0,28.054,1.0
00124,2026-07-30,4,GT,CARTHAGE,2,2,0.0,62.114,1.0
00124,2026-08-24,1,GT,CARTHAGE,2,2,0.0,62.114,1.0
00124,2026-09-22,2,GT,CARTHAGE,2,2,0.0,58.23,1.0
00124,2026-10-13,2,GT,CARTHAGE,2,2,0.0,58.23,1.0
00124,2026-10-14,3,GT,CARTHAGE,2,2,0.0,58.23,1.0
00124,2026-11-05,4,GT,CARTHAGE,2,2,0.0,18.155,24.0
00124,2026-11-09,1,GT,CARTHAGE,2,2,0.0,72.618,48.0
00124,2026-11-16,1,GT,CARTHAGE,2,2,0.0,46.371,29.0
00124,2026-12-06,0,GT,CARTHAGE,2,2,0.0,138.005,2.0
00125,2025-03-06,4,GT,CARTHAGE,2,2,0.0,55.25,1.0
00127,2025-03-19,3,,LAMARSA,2,2,0.0,32.134,6.0
00127,2025-03-21,5,,LAMARSA,2,2,0.0,33.865,1.0
00127,2025-03-26,3,,LAMARSA,2,2,0.0,87.445,1.0
00127,2025-04-21,1,,LAMARSA,2,2,0.0,19.262,24.0
00127,2025-04-23,3,,LAMARSA,2,2,0.0,53.558,10.0
00127,2025-05-16,5,,LAMARSA,2,2,0.0,30.503,1.0
00127,2025-05-24,6,,LAMARSA,2,2,0.0,6.002,6.0
00127,2025-06-17,2,,LAMARSA,2,2,0.0,71.422,1.0
00127,2026-02-04,3,,LAMARSA,2,2,0.0,90.63,1.0
00127,2026-02-06,5,,LAMARSA,2,2,0.0,345.484,34.0
00127,2026-05-05,2,,LAMARSA,2,2,0.0,488.474,3.0
00127,2026-05-28,4,,LAMARSA,2,2,0.0,174.159,6.0
00128,2025-01-18,6,GT,CARTHAGE,2,2,0.0,53.492,4.0
00128,2025-01-28,2,GT,CARTHAGE,2,2,0.0,114.224,1.0
00128,2025-02-27,4,GT,CARTHAGE,2,2,0.0,37.676,24.0
00128,2025-03-01,6,GT,CARTHAGE,2,2,0.0,59.972,1.0
00128,2025-03-03,1,GT,CARTHAGE,2,2,0.0,161.324,2.0
00128,2025-03-07,5,GT,CARTHAGE,2,2,0.0,105.215,3.0
00128,2025-03-18,2,GT,CARTHAGE,2,2,0.0,24.878,5.0
00128,2025-03-22,6,GT,CARTHAGE,2,2,0.0,23.272,1.0
00128,2025-03-29,6,GT,CARTHAGE,2,2,0.0,23.272,1.0
00128,2025-04-06,0,GT,CARTHAGE,2,2,0.0,20.99,2.0
00128,2025-04-08,2,GT,CARTHAGE,2,2,0.0,26.236,24.0
00128,2025-05-27,2,GT,CARTHAGE,2,2,0.0,13.501,6.0
00128,2025-05-31,6,GT,CARTHAGE,2,2,0.0,32.137,6.0
00128,2025-06-06,5,GT,CARTHAGE,2,2,0.0,64.275,12.0
00128,2025-06-08,0,GT,CARTHAGE,2,2,0.0,32.137,6.0
00128,2025-06-15,0,GT,CARTHAGE,2,2,0.0,43.376,1.0
00128,2025-06-17,2,GT,CARTHAGE,2,2,0.0,16.068,3.0
00128,2025-06-21,6,GT,CARTHAGE,2,2,0.0,50.494,24.0
00128,2025-06-22,0,GT,CARTHAGE,2,2,0.0,128.539,24.0
00128,2025-06-30,1,GT,CARTHAGE,2,2,0.0,24.349,1.0
00128,2025-07-01,2,GT,CARTHAGE,2,2,0.0,37.418,1.0
00128,2025-07-06,0,GT,CARTHAGE,2,2,0.0,17.676,3.0
00128,2025-07-11,5,GT,CARTHAGE,2,2,0.0,28.268,1.0
00128,2025-07-15,2,GT,CARTHAGE,2,2,0.0,27.616,24.0
00128,2025-07-18,5,GT,CARTHAGE,2,2,0.0,71.422,1.0
00128,2025-07-26,6,GT,CARTHAGE,2,2,0.0,37.418,1.0
00128,2025-07-29,2,GT,CARTHAGE,2,2,0.0,58.307,4.0
00128,2025-08-12,2,GT,CARTHAGE,2,2,0.0,50.494,24.0
00128,2025-08-16,6,GT,CARTHAGE,2,2,0.0,30.503,1.0
00128,2025-08-26,2,GT,CARTHAGE,2,2,0.0,87.445,1.0
00128,2025-09-06,6,GT,CARTHAGE,2,2,0.0,27.616,24.0
00128,2025-09-21,0,GT,CARTHAGE,2,2,0.0,30.503,1.0
00128,2025-09-27,6,GT,CARTHAGE,2,2,0.0,88.172,1.0
00128,2025-10-07,2,GT,CARTHAGE,2,2,0.0,27.034,1.0
00128,2025-11-01,6,GT,CARTHAGE,2,2,0.0,116.088,1.0
00128,2025-11-08,6,GT,CARTHAGE,2,2,0.0,54.411,1.0
00128,2025-12-02,2,GT,CARTHAGE,2,2,0.0,54.411,1.0
00128,2025-12-09,2,GT,CARTHAGE,2,2,0.0,15.014,1.0
00128,2025-12-14,0,GT,CARTHAGE,2,2,0.0,55.094,6.0
00128,2025-12-15,1,GT,CARTHAGE,2,2,0.0,125.16,2.0
00128,2025-12-20,6,GT,CARTHAGE,2,2,0.0,33.387,6.0
00128,2025-12-23,2,GT,CARTHAGE,2,2,0.0,48.591,1.0
00128,2025-12-24,3,GT,CARTHAGE,2,2,0.0,30.503,1.0
00128,2025-12-30,2,GT,CARTHAGE,2,2,0.0,37.676,24.0
00128,2026-01-18,0,GT,CARTHAGE,2,2,0.0,24.688,1.0
00128,2026-02-05,4,GT,CARTHAGE,2,2,0.0,1082.358,6.0
00128,2026-02-13,5,GT,CARTHAGE,2,2,0.0,20.068,2.0
00128,2026-03-03,2,GT,CARTHAGE,2,2,0.0,15.342,1.0
00128,2026-03-16,1,GT,CARTHAGE,2,2,0.0,46.124,1.0
00128,2026-06-07,0,GT,CARTHAGE,2,2,0.0,27.238,1.0
00128,2026-06-09,2,GT,CARTHAGE,2,2,0.0,28.054,1.0
00128,2026-06-22,1,GT,CARTHAGE,2,2,0.0,343.38,73.0
00128,2026-06-24,3,GT,CARTHAGE,2,2,0.0,902.7099999999999,5.0
00128,2026-07-09,4,GT,CARTHAGE,2,2,0.0,61.993,1.0
00128,2026-07-26,0,GT,CARTHAGE,2,2,0.0,58.23,1.0
00128,2026-09-01,2,GT,CARTHAGE,2,2,0.0,209.744,13.0
00128,2026-10-07,3,GT,CARTHAGE,2,2,0.0,212.85,24.0
00128,2026-10-13,2,GT,CARTHAGE,2,2,0.0,58.23,1.0
00128,2026-10-16,5,GT,CARTHAGE,2,2,0.0,34.666,24.0
00128,2026-11-09,1,GT,CARTHAGE,2,2,0.0,7.288,1.0
00128,2026-11-15,0,GT,CARTHAGE,2,2,0.0,64.818,1.0
00128,2026-11-23,1,GT,CARTHAGE,2,2,0.0,58.23,1.0
00128,2026-11-25,3,GT,CARTHAGE,2,2,0.0,34.08,1.0
00128,2026-12-27,0,GT,CARTHAGE,2,2,0.0,57.796,1.0
00129,2025-01-21,2,GT,LAGOULETTE,2,2,0.0,117.558,4.0
00129,2025-11-14,5,GT,LAGOULETTE,2,2,0.0,79.33,1.0
00129,2026-05-26,2,GT,LAGOULETTE,2,2,0.0,39.96,3.0
00129,2026-05-29,5,GT,LAGOULETTE,2,2,0.0,72.634,1.0
00129,2026-10-21,3,GT,LAGOULETTE,2,2,0.0,97.6,1.0
00130,2026-08-09,0,SE,ARIANAVILLE,2,2,0.0,465.354,144.0
00130,2026-09-09,3,SE,ARIANAVILLE,2,2,0.0,13131.432,65.0
00130,2026-11-16,1,SE,ARIANAVILLE,2,2,0.0,55768.54,94.0
00130,2026-11-19,4,SE,ARIANAVILLE,2,2,0.0,2497.224,26.0
00130,2026-11-25,3,SE,ARIANAVILLE,2,2,0.0,543.782,6.0
00130,2026-12-20,0,SE,ARIANAVILLE,2,2,0.0,6345.264000000001,64.0
00131,2025-02-18,2,GT,LAGOULETTE,2,2,1.0,26.183,6.0
00132,2025-02-18,2,GT,LAGOULETTE,2,2,1.0,75.188,1.0
00136,2025-02-28,5,GT,LAGOULETTE,2,2,1.0,115.608,2.0
00136,2025-03-08,6,GT,LAGOULETTE,2,2,1.0,87.293,1.0
00152,2025-01-03,5,GT,Ariana_Ville,1,1,0.0,166.752,16.0
00152,2025-01-04,6,GT,Ariana_Ville,1,1,0.0,1699.738,525.0
00152,2025-01-11,6,GT,Ariana_Ville,1,1,0.0,168.852,48.0
00152,2025-01-17,5,GT,Ariana_Ville,1,1,0.0,35.098,1.0
00152,2025-01-22,3,GT,Ariana_Ville,1,1,0.0,90.0,6.0
00152,2025-02-09,0,GT,Ariana_Ville,1,1,0.0,1304.8980000000001,13.0
00152,2025-02-13,4,GT,Ariana_Ville,1,1,0.0,1307.8980000000001,13.0
00152,2025-02-18,2,GT,Ariana_Ville,1,1,0.0,428.154,105.0
00152,2025-02-20,4,GT,Ariana_Ville,1,1,0.0,60.6,4.0
00152,2025-02-21,5,GT,Ariana_Ville,1,1,0.0,247.92672000000002,60.0
00152,2025-02-22,6,GT,Ariana_Ville,1,1,0.0,42.213,24.0
00152,2025-03-01,6,GT,Ariana_Ville,1,1,0.0,70.568,1.0
00152,2025-03-08,6,GT,Ariana_Ville,1,1,0.0,26.512,24.0
00152,2025-03-15,6,GT,Ariana_Ville,1,1,0.0,71.422,1.0
00152,2025-03-22,6,GT,Ariana_Ville,1,1,0.0,26.512,24.0
00152,2025-03-23,0,GT,Ariana_Ville,1,1,0.0,150.0,10.0
00152,2025-04-05,6,GT,Ariana_Ville,1,1,0.0,61.986,3.0
00152,2025-04-15,2,GT,Ariana_Ville,1,1,0.0,26.236,24.0
00152,2025-04-17,4,GT,Ariana_Ville,1,1,0.0,909.0,45.0
00152,2025-04-19,6,GT,Ariana_Ville,1,1,0.0,1092.87252,34.0
00152,2025-04-25,5,GT,Ariana_Ville,1,1,0.0,138.792,4.0
00152,2025-05-09,5,GT,Ariana_Ville,1,1,0.0,2009.664,13.0
00152,2025-05-23,5,GT,Ariana_Ville,1,1,0.0,252.08,20.0
00152,2025-05-26,1,GT,Ariana_Ville,1,1,0.0,46.026,10.0
00152,2025-05-31,6,GT,Ariana_Ville,1,1,0.0,7.671,3.0
00152,2025-06-06,5,GT,Ariana_Ville,1,1,0.0,909.32,27.0
00152,2025-06-07,6,GT,Ariana_Ville,1,1,0.0,260.879,58.0
00152,2025-06-14,6,GT,Ariana_Ville,1,1,0.0,160.02,13.0
00152,2025-06-20,5,GT,Ariana_Ville,1,1,0.0,8.671,3.0
00152,2025-06-21,6,GT,Ariana_Ville,1,1,0.0,50.494,24.0
00152,2025-06-24,2,GT,Ariana_Ville,1,1,0.0,7211.486,26.0
00152,2025-06-27,5,GT,Ariana_Ville,1,1,0.0,5196.808,15.0
00152,2025-06-30,1,GT,Ariana_Ville,1,1,0.0,15.15,1.0
00152,2025-07-07,1,GT,Ariana_Ville,1,1,0.0,5421.568,188.0
00152,2025-07-14,1,GT,Ariana_Ville,1,1,0.0,15.342,6.0
00152,2025-08-01,5,GT,Ariana_Ville,1,1,0.0,138.078,27.0
00152,2025-08-02,6,GT,Ariana_Ville,1,1,0.0,107.39399999999999,23.0
00152,2025-08-04,1,GT,Ariana_Ville,1,1,0.0,2171.864,95.0
00152,2025-08-07,4,GT,Ariana_Ville,1,1,0.0,25.57,10.0
00152,2025-08-12,2,GT,Ariana_Ville,1,1,0.0,268.48499999999996,38.0
00152,2025-08-15,5,GT,Ariana_Ville,1,1,0.0,4635.841000000001,671.0
00152,2025-08-16,6,GT,Ariana_Ville,1,1,0.0,306.84000000000003,40.0
00152,2025-08-28,4,GT,Ariana_Ville,1,1,0.0,2955.768,432.0
00152,2025-08-30,6,GT,Ariana_Ville,1,1,0.0,48.591,1.0
00152,2025-09-04,4,GT,Ariana_Ville,1,1,0.0,61.368,24.0
00152,2025-09-06,6,GT,Ariana_Ville,1,1,0.0,508.197,90.0
00152,2025-09-07,0,GT,Ariana_Ville,1,1,0.0,2027.701,410.0
00152,2025-09-21,0,GT,Ariana_Ville,1,1,0.0,28569.09,242.0
00152,2025-09-22,1,GT,Ariana_Ville,1,1,0.0,1465.2450000000001,145.0
00152,2025-09-24,3,GT,Ariana_Ville,1,1,0.0,1108.98,11.0
00152,2025-09-26,5,GT,Ariana_Ville,1,1,0.0,40.912000000000006,11.0
00152,2025-09-27,6,GT,Ariana_Ville,1,1,0.0,22.838,1.0
00152,2025-10-20,1,GT,Ariana_Ville,1,1,0.0,15.341999999999999,6.0
00152,2025-12-11,4,GT,Ariana_Ville,1,1,0.0,40.912,8.0
00152,2026-01-02,5,GT,Ariana_Ville,1,1,0.0,466.0,29.0
00152,2026-01-06,2,GT,Ariana_Ville,1,1,0.0,3190.9400000000005,165.0
00152,2026-01-08,4,GT,Ariana_Ville,1,1,0.0,135.0,9.0
00152,2026-01-09,5,GT,Ariana_Ville,1,1,0.0,615.0,6.0
00152,2026-01-12,1,GT,Ariana_Ville,1,1,0.0,31.857,1.0
00152,2026-01-14,3,GT,Ariana_Ville,1,1,0.0,8020.0,25.0
00152,2026-01-20,2,GT,Ariana_Ville,1,1,0.0,1665.0,5.0
00152,2026-01-22,4,GT,Ariana_Ville,1,1,0.0,60.0,3.0
00152,2026-01-23,5,GT,Ariana_Ville,1,1,0.0,41.0,2.0
00152,2026-01-24,6,GT,Ariana_Ville,1,1,0.0,21.0,1.0
00152,2026-01-26,1,GT,Ariana_Ville,1,1,0.0,418.938,36.0
00152,2026-01-27,2,GT,Ariana_Ville,1,1,0.0,2935.164,497.0
00152,2026-01-29,4,GT,Ariana_Ville,1,1,0.0,1782.117,65.0
00152,2026-02-02,1,GT,Ariana_Ville,1,1,0.0,40.395,24.0
00152,2026-02-03,2,GT,Ariana_Ville,1,1,0.0,2755.011,298.0
00152,2026-02-04,3,GT,Ariana_Ville,1,1,0.0,1614.7910000000002,101.0
00152,2026-02-06,5,GT,Ariana_Ville,1,1,0.0,1466.84,18.0
00152,2026-03-02,1,GT,Ariana_Ville,1,1,0.0,152.614,48.0
00152,2026-04-06,1,GT,Ariana_Ville,1,1,0.0,36.514,2.0
00152,2026-05-18,1,GT,Ariana_Ville,1,1,0.0,228.92,73.0
00152,2026-06-08,1,GT,Ariana_Ville,1,1,0.0,38.665,2.0
00152,2026-06-15,1,GT,Ariana_Ville,1,1,0.0,425.091,74.0
00152,2026-06-18,4,GT,Ariana_Ville,1,1,0.0,1430.16,21.0
00152,2026-06-22,1,GT,Ariana_Ville,1,1,0.0,72.634,1.0
00152,2026-08-04,2,GT,Ariana_Ville,1,1,0.0,3012.2320799999998,258.0
00152,2026-08-18,2,GT,Ariana_Ville,1,1,0.0,131.502,2.0
00152,2026-09-07,1,GT,Ariana_Ville,1,1,0.0,38.375,24.0
00152,2026-09-14,1,GT,Ariana_Ville,1,1,0.0,34.798,2.0
00152,2026-09-21,1,GT,Ariana_Ville,1,1,0.0,43.891,24.0
00152,2026-10-01,4,GT,Ariana_Ville,1,1,0.0,41.32112,16.0
00152,2026-10-12,1,GT,Ariana_Ville,1,1,0.0,23.153,1.0
00152,2026-10-19,1,GT,Ariana_Ville,1,1,0.0,286.912,2.0
00152,2026-10-26,1,GT,Ariana_Ville,1,1,0.0,76.752,48.0
00152,2026-11-16,1,GT,Ariana_Ville,1,1,0.0,38.375,24.0
00152,2026-12-02,3,GT,Ariana_Ville,1,1,0.0,242.4,16.0
00152,2026-12-04,5,GT,Ariana_Ville,1,1,0.0,361.5,24.0
00152,2026-12-05,6,GT,Ariana_Ville,1,1,0.0,60.0,4.0
00152,2026-12-09,3,GT,Ariana_Ville,1,1,0.0,155859.913,375.0
00152,2026-12-11,5,GT,Ariana_Ville,1,1,0.0,642679.1400000001,425.0
00152,2026-12-14,1,GT,Ariana_Ville,1,1,0.0,84.48,2.0
00152,2026-12-15,2,GT,Ariana_Ville,1,1,0.0,952.8499999999999,22.0
00152,2026-12-16,3,GT,Ariana_Ville,1,1,0.0,21106.113,316.0
00152,2026-12-19,6,GT,Ariana_Ville,1,1,0.0,81.0,3.0
00152,2026-12-21,1,GT,Ariana_Ville,1,1,0.0,68.782,1.0
00152,2026-12-22,2,GT,Ariana_Ville,1,1,0.0,2812.3289999999997,39.0
00152,2026-12-23,3,GT,Ariana_Ville,1,1,0.0,500.0,20.0
00152,2026-12-28,1,GT,Ariana_Ville,1,1,0.0,68.782,1.0
00152,2026-12-30,3,GT,Ariana_Ville,1,1,0.0,135.0,9.0
00152,2027-06-15,2,GT,Ariana_Ville,1,1,0.0,21424.128000000008,389.0
00153,2025-01-04,6,GT,MEGRINE,1300,1300,1.0,30.0,2.0
00153,2025-01-10,5,GT,MEGRINE,1300,1300,1.0,22.981,1.0
00153,2025-01-11,6,GT,MEGRINE,1300,1300,1.0,300.0,5.0
00153,2025-01-31,5,GT,MEGRINE,1300,1300,1.0,1520.856,5.0
00153,2025-02-01,6,GT,MEGRINE,1300,1300,1.0,4443.267,104.0
00153,2025-02-02,0,GT,MEGRINE,1300,1300,1.0,270.0,117.0
00153,2025-02-12,3,GT,MEGRINE,1300,1300,1.0,639.693,83.0
00153,2025-02-13,4,GT,MEGRINE,1300,1300,1.0,636.693,83.0
00153,2025-02-20,4,GT,MEGRINE,1300,1300,1.0,122.73599999999999,16.0
00153,2025-03-23,0,GT,MEGRINE,1300,1300,1.0,300.0,20.0
00153,2025-04-16,3,GT,MEGRINE,1300,1300,1.0,1440.0,8.0
00153,2025-06-23,1,GT,MEGRINE,1300,1300,1.0,1175.118,5.0
00153,2025-08-11,1,GT,MEGRINE,1300,1300,1.0,20.456,8.0
00153,2025-08-16,6,GT,MEGRINE,1300,1300,1.0,11.636,1.0
00153,2025-08-22,5,GT,MEGRINE,1300,1300,1.0,606.7600000000001,78.0
00153,2025-08-30,6,GT,MEGRINE,1300,1300,1.0,50.494,24.0
00153,2025-09-21,0,GT,MEGRINE,1300,1300,1.0,6336.246,678.0
00153,2025-10-11,6,GT,MEGRINE,1300,1300,1.0,57.097,24.0
00153,2025-10-15,3,GT,MEGRINE,1300,1300,1.0,25.194,2.0
00153,2025-10-18,6,GT,MEGRINE,1300,1300,1.0,57.097,24.0
00153,2025-10-19,0,GT,MEGRINE,1300,1300,1.0,51.14,20.0
00153,2025-10-22,3,GT,MEGRINE,1300,1300,1.0,297.097,118.0
00153,2025-10-24,5,GT,MEGRINE,1300,1300,1.0,153.42,60.0
00153,2025-10-25,6,GT,MEGRINE,1300,1300,1.0,19.906,1.0
00153,2025-11-07,5,GT,MEGRINE,1300,1300,1.0,184.104,72.0
00153,2025-11-08,6,GT,MEGRINE,1300,1300,1.0,57.097,24.0
00153,2025-12-13,6,GT,MEGRINE,1300,1300,1.0,57.097,24.0
00153,2025-12-19,5,GT,MEGRINE,1300,1300,1.0,220.925,96.0
00153,2025-12-20,6,GT,MEGRINE,1300,1300,1.0,19.906,1.0
00153,2025-12-27,6,GT,MEGRINE,1300,1300,1.0,54.242,24.0
00153,2026-01-12,1,GT,MEGRINE,1300,1300,1.0,40.395,24.0
00154,2025-01-04,6,GT,Ariana_Ville,1,1,0.0,38.997,1.0
00154,2025-01-11,6,GT,Ariana_Ville,1,1,0.0,31.416999999999998,2.0
00154,2025-01-17,5,GT,Ariana_Ville,1,1,0.0,54.242,24.0
00154,2025-01-18,6,GT,Ariana_Ville,1,1,0.0,42.213,24.0
00154,2025-01-24,5,GT,Ariana_Ville,1,1,0.0,962.45,120.0
00154,2025-01-25,6,GT,Ariana_Ville,1,1,0.0,176.606,2.0
00154,2025-01-31,5,GT,Ariana_Ville,1,1,0.0,73.282,25.0
00154,2025-02-01,6,GT,Ariana_Ville,1,1,0.0,42.213,24.0
00154,2025-02-08,6,GT,Ariana_Ville,1,1,0.0,26.236,24.0
00154,2025-02-14,5,GT,Ariana_Ville,1,1,0.0,83.737,1.0
00154,2025-02-15,6,GT,Ariana_Ville,1,1,0.0,33.893,1.0
00154,2025-02-17,1,GT,Ariana_Ville,1,1,0.0,24.548,24.0
00154,2025-02-22,6,GT,Ariana_Ville,1,1,0.0,67.995,25.0
00154,2025-03-04,2,GT,Ariana_Ville,1,1,0.0,4613.016,80.0
00154,2025-03-11,2,GT,Ariana_Ville,1,1,0.0,182.284,2.0
00154,2025-03-22,6,GT,Ariana_Ville,1,1,0.0,23.272,1.0
00154,2025-04-05,6,GT,Ariana_Ville,1,1,0.0,9.128,1.0
00154,2025-04-19,6,GT,Ariana_Ville,1,1,0.0,196.92,2.0
00154,2025-04-27,0,GT,Ariana_Ville,1,1,0.0,30.503,1.0
00154,2025-05-04,0,GT,Ariana_Ville,1,1,0.0,25.247,12.0
00154,2025-05-10,6,GT,Ariana_Ville,1,1,0.0,50.494,24.0
00154,2025-05-24,6,GT,Ariana_Ville,1,1,0.0,20.275,24.0
00154,2025-05-25,0,GT,Ariana_Ville,1,1,0.0,96.016,48.0
00154,2025-05-26,1,GT,Ariana_Ville,1,1,0.0,30.503,1.0
00154,2025-05-31,6,GT,Ariana_Ville,1,1,0.0,24.004,24.0
00154,2025-06-01,0,GT,Ariana_Ville,1,1,0.0,116.088,1.0
00154,2025-06-07,6,GT,Ariana_Ville,1,1,0.0,30.503,1.0
00154,2025-06-08,0,GT,Ariana_Ville,1,1,0.0,75.188,1.0
00154,2025-06-14,6,GT,Ariana_Ville,1,1,0.0,11.636,1.0
00154,2025-06-21,6,GT,Ariana_Ville,1,1,0.0,50.494,24.0
00154,2025-06-22,0,GT,Ariana_Ville,1,1,0.0,50.494,24.0
00154,2025-06-25,3,GT,Ariana_Ville,1,1,0.0,50.494,24.0
00154,2025-07-01,2,GT,Ariana_Ville,1,1,0.0,19.617,40.0
00154,2025-07-05,6,GT,Ariana_Ville,1,1,0.0,1119.966,146.0
00154,2025-07-12,6,GT,Ariana_Ville,1,1,0.0,50.494,24.0
00154,2025-07-20,0,GT,Ariana_Ville,1,1,0.0,340.47,2.0
00154,2025-08-12,2,GT,Ariana_Ville,1,1,0.0,71.422,1.0
00154,2025-08-15,5,GT,Ariana_Ville,1,1,0.0,1473.342,502.0
00154,2025-08-28,4,GT,Ariana_Ville,1,1,0.0,127.85,50.0
00154,2025-08-31,0,GT,Ariana_Ville,1,1,0.0,103.318,1.0
00154,2025-09-26,5,GT,Ariana_Ville,1,1,0.0,84.381,11.0
00154,2025-09-27,6,GT,Ariana_Ville,1,1,0.0,88.172,1.0
00154,2025-10-04,6,GT,Ariana_Ville,1,1,0.0,242.826,25.0
00154,2025-10-07,2,GT,Ariana_Ville,1,1,0.0,57.097,24.0
00154,2025-10-11,6,GT,Ariana_Ville,1,1,0.0,131.54,25.0
00154,2025-10-18,6,GT,Ariana_Ville,1,1,0.0,8.671,1.0
00154,2025-10-26,0,GT,Ariana_Ville,1,1,0.0,30.503,1.0
00154,2025-11-02,0,GT,Ariana_Ville,1,1,0.0,116.088,1.0
00154,2025-11-07,5,GT,Ariana_Ville,1,1,0.0,64.03,12.0
00154,2025-11-11,2,GT,Ariana_Ville,1,1,0.0,27.034,1.0
00154,2025-11-15,6,GT,Ariana_Ville,1,1,0.0,57.097,24.0
00154,2025-11-29,6,GT,Ariana_Ville,1,1,0.0,30.503,1.0
00154,2025-12-06,6,GT,Ariana_Ville,1,1,0.0,122.74,2.0
00154,2025-12-13,6,GT,Ariana_Ville,1,1,0.0,57.097,24.0
00154,2025-12-20,6,GT,Ariana_Ville,1,1,0.0,463.104,3.0
00154,2025-12-27,6,GT,Ariana_Ville,1,1,0.0,42.975,1.0
00154,2025-12-30,2,GT,Ariana_Ville,1,1,0.0,54.242,24.0
00154,2026-01-05,1,GT,Ariana_Ville,1,1,0.0,288.06899999999996,3.0
00154,2026-01-12,1,GT,Ariana_Ville,1,1,0.0,88.946,2.0
00154,2026-01-19,1,GT,Ariana_Ville,1,1,0.0,9524.704999999998,230.0
00154,2026-01-27,2,GT,Ariana_Ville,1,1,0.0,1070.862,75.0
00154,2026-01-29,4,GT,Ariana_Ville,1,1,0.0,45.45,3.0
00154,2026-02-02,1,GT,Ariana_Ville,1,1,0.0,59.273,25.0
00154,2026-02-09,1,GT,Ariana_Ville,1,1,0.0,106.087,1.0
00154,2026-02-16,1,GT,Ariana_Ville,1,1,0.0,38.153,24.0
00154,2026-02-23,1,GT,Ariana_Ville,1,1,0.0,39.269,1.0
00154,2026-03-02,1,GT,Ariana_Ville,1,1,0.0,345.396,52.0
00154,2026-03-10,2,GT,Ariana_Ville,1,1,0.0,31.171,1.0
00154,2026-04-06,1,GT,Ariana_Ville,1,1,0.0,71.728,1.0
00154,2026-05-01,5,GT,Ariana_Ville,1,1,0.0,71.728,1.0
00154,2026-05-18,1,GT,Ariana_Ville,1,1,0.0,68.782,1.0
00154,2026-05-25,1,GT,Ariana_Ville,1,1,0.0,414.48,97.0
00154,2026-06-07,0,GT,Ariana_Ville,1,1,0.0,470.24,5.0
00154,2026-06-15,1,GT,Ariana_Ville,1,1,0.0,27.238,1.0
00154,2026-06-22,1,GT,Ariana_Ville,1,1,0.0,15.342,1.0
00154,2026-07-06,1,GT,Ariana_Ville,1,1,0.0,25.092,24.0
00154,2026-07-13,1,GT,Ariana_Ville,1,1,0.0,242.896,2.0
00154,2026-08-03,1,GT,Ariana_Ville,1,1,0.0,39.667,25.0
00154,2026-08-19,3,GT,Ariana_Ville,1,1,0.0,841.132,6.0
00154,2026-08-31,1,GT,Ariana_Ville,1,1,0.0,198.97000000000003,3.0
00154,2026-09-07,1,GT,Ariana_Ville,1,1,0.0,105.81599999999999,2.0
00154,2026-09-15,2,GT,Ariana_Ville,1,1,0.0,106.425,24.0
00154,2026-09-22,2,GT,Ariana_Ville,1,1,0.0,38.375,24.0
00154,2026-09-28,1,GT,Ariana_Ville,1,1,0.0,38.375,24.0
00154,2026-10-12,1,GT,Ariana_Ville,1,1,0.0,274.336,49.0
00154,2026-10-19,1,GT,Ariana_Ville,1,1,0.0,97.6,1.0
00154,2026-10-27,2,GT,Ariana_Ville,1,1,0.0,52.797,1.0
00154,2026-11-02,1,GT,Ariana_Ville,1,1,0.0,84.48,2.0
00154,2026-11-09,1,GT,Ariana_Ville,1,1,0.0,63.359,3.0
00154,2026-11-16,1,GT,Ariana_Ville,1,1,0.0,540.251,50.0
00154,2026-11-29,0,GT,Ariana_Ville,1,1,0.0,68.782,1.0
00154,2026-12-09,3,GT,Ariana_Ville,1,1,0.0,156.42000000000002,21.0
00154,2026-12-23,3,GT,Ariana_Ville,1,1,0.0,1003.0,40.0
00154,2026-12-28,1,GT,Ariana_Ville,1,1,0.0,26.236,24.0
00154,2027-06-15,2,GT,Ariana_Ville,1,1,0.0,187504.50999999992,445.0
00155,2025-01-11,6,GT,Ariana_Ville,1,1,0.0,136.898,48.0
00155,2025-01-17,5,GT,Ariana_Ville,1,1,0.0,54.242,24.0
00155,2025-01-18,6,GT,Ariana_Ville,1,1,0.0,42.213,24.0
00155,2025-01-25,6,GT,Ariana_Ville,1,1,0.0,26.236,24.0
00155,2025-02-01,6,GT,Ariana_Ville,1,1,0.0,33.893,1.0
00155,2025-02-04,2,GT,Ariana_Ville,1,1,0.0,41.91,1.0
00155,2025-02-07,5,GT,Ariana_Ville,1,1,0.0,37.676,24.0
00155,2025-02-08,6,GT,Ariana_Ville,1,1,0.0,26.236,24.0
00155,2025-03-04,2,GT,Ariana_Ville,1,1,0.0,5205.762000000001,174.0
00155,2025-03-08,6,GT,Ariana_Ville,1,1,0.0,30.503,1.0
00155,2025-03-23,0,GT,Ariana_Ville,1,1,0.0,150.0,10.0
00155,2025-03-29,6,GT,Ariana_Ville,1,1,0.0,71.411,12.0
00155,2025-04-17,4,GT,Ariana_Ville,1,1,0.0,150.0,10.0
00155,2025-04-23,3,GT,Ariana_Ville,1,1,0.0,26.236,24.0
00155,2025-04-26,6,GT,Ariana_Ville,1,1,0.0,19.262,24.0
00155,2025-05-04,0,GT,Ariana_Ville,1,1,0.0,29.853,6.0
00155,2025-05-10,6,GT,Ariana_Ville,1,1,0.0,9.128,1.0
00155,2025-05-31,6,GT,Ariana_Ville,1,1,0.0,24.004,24.0
00155,2025-06-07,6,GT,Ariana_Ville,1,1,0.0,24.004,24.0
00155,2025-06-14,6,GT,Ariana_Ville,1,1,0.0,11.636,1.0
00155,2025-06-24,2,GT,Ariana_Ville,1,1,0.0,263.229,3.0
00155,2025-07-05,6,GT,Ariana_Ville,1,1,0.0,27.616,24.0
00155,2025-07-19,6,GT,Ariana_Ville,1,1,0.0,19.617,40.0
00155,2025-07-20,0,GT,Ariana_Ville,1,1,0.0,103.318,1.0
00155,2025-08-12,2,GT,Ariana_Ville,1,1,0.0,71.422,1.0
00155,2025-08-16,6,GT,Ariana_Ville,1,1,0.0,50.494,24.0
00155,2025-08-23,6,GT,Ariana_Ville,1,1,0.0,19.617,40.0
00155,2025-09-13,6,GT,Ariana_Ville,1,1,0.0,8.671,1.0
00155,2025-09-14,0,GT,Ariana_Ville,1,1,0.0,1428.232,7.0
00155,2025-09-27,6,GT,Ariana_Ville,1,1,0.0,37.676,24.0
00155,2025-09-30,2,GT,Ariana_Ville,1,1,0.0,149.67,2.0
00155,2025-10-04,6,GT,Ariana_Ville,1,1,0.0,9.128,1.0
00155,2025-10-18,6,GT,Ariana_Ville,1,1,0.0,8.671,1.0
00155,2025-10-25,6,GT,Ariana_Ville,1,1,0.0,110.284,1.0
00155,2025-10-26,0,GT,Ariana_Ville,1,1,0.0,37.676,24.0
00155,2025-10-29,3,GT,Ariana_Ville,1,1,0.0,19.906,1.0
00155,2025-11-02,0,GT,Ariana_Ville,1,1,0.0,22.838,1.0
00155,2025-11-08,6,GT,Ariana_Ville,1,1,0.0,35.546,1.0
00155,2025-11-15,6,GT,Ariana_Ville,1,1,0.0,37.676,24.0
00155,2025-11-22,6,GT,Ariana_Ville,1,1,0.0,67.863,1.0
00155,2025-12-06,6,GT,Ariana_Ville,1,1,0.0,37.676,24.0
00155,2025-12-20,6,GT,Ariana_Ville,1,1,0.0,42.975,1.0
00155,2025-12-27,6,GT,Ariana_Ville,1,1,0.0,42.975,1.0
00155,2026-01-10,6,GT,Ariana_Ville,1,1,0.0,4985.36,4.0
00155,2026-01-12,1,GT,Ariana_Ville,1,1,0.0,86132.895,144.0
00155,2026-01-19,1,GT,Ariana_Ville,1,1,0.0,17098.312,19.0
00155,2026-02-02,1,GT,Ariana_Ville,1,1,0.0,25.092,24.0
00155,2026-02-23,1,GT,Ariana_Ville,1,1,0.0,23.699,24.0
00155,2026-03-02,1,GT,Ariana_Ville,1,1,0.0,38.153,24.0
00155,2026-03-09,1,GT,Ariana_Ville,1,1,0.0,114.46,72.0
00155,2026-03-16,1,GT,Ariana_Ville,1,1,0.0,23.699,24.0
00155,2026-03-23,1,GT,Ariana_Ville,1,1,0.0,15.342,1.0
00155,2026-03-30,1,GT,Ariana_Ville,1,1,0.0,38.153,24.0
00155,2026-04-06,1,GT,Ariana_Ville,1,1,0.0,9.128,1.0
00155,2026-04-20,1,GT,Ariana_Ville,1,1,0.0,4.564,1.0
00155,2026-05-25,1,GT,Ariana_Ville,1,1,0.0,15.342,1.0
00155,2026-06-01,1,GT,Ariana_Ville,1,1,0.0,9.128,1.0
00155,2026-06-08,1,GT,Ariana_Ville,1,1,0.0,93.14,2.0
00155,2026-06-15,1,GT,Ariana_Ville,1,1,0.0,38.153,24.0
00155,2026-06-29,1,GT,Ariana_Ville,1,1,0.0,128.67000000000002,3.0
00155,2026-07-27,1,GT,Ariana_Ville,1,1,0.0,227.83,73.0
00155,2026-09-28,1,GT,Ariana_Ville,1,1,0.0,75.29,25.0
00155,2026-10-05,1,GT,Ariana_Ville,1,1,0.0,93.182,25.0
00155,2026-10-19,1,GT,Ariana_Ville,1,1,0.0,17.4,1.0
00155,2026-10-26,1,GT,Ariana_Ville,1,1,0.0,209.916,49.0
00155,2026-11-02,1,GT,Ariana_Ville,1,1,0.0,106.087,1.0
00155,2026-11-16,1,GT,Ariana_Ville,1,1,0.0,105.906,25.0
00155,2026-12-14,1,GT,Ariana_Ville,1,1,0.0,26.236,24.0
00155,2026-12-21,1,GT,Ariana_Ville,1,1,0.0,21.119,1.0
00155,2026-12-28,1,GT,Ariana_Ville,1,1,0.0,68.782,1.0
00156,2025-01-03,5,GT,Takelsa,C6,1,0.0,88.816,44.0
00156,2025-01-10,5,GT,Takelsa,C6,1,0.0,22.981,1.0
00156,2025-01-11,6,GT,Takelsa,C6,1,0.0,42.213,24.0
00156,2025-01-16,4,GT,Takelsa,C6,1,0.0,184.104,72.0
00156,2025-01-25,6,GT,Takelsa,C6,1,0.0,19.04,1.0
00156,2025-01-31,5,GT,Takelsa,C6,1,0.0,54.242,24.0
00156,2025-02-01,6,GT,Takelsa,C6,1,0.0,42.213,24.0
00156,2025-02-04,2,GT,Takelsa,C6,1,0.0,78.408,1.0
00156,2025-02-07,5,GT,Takelsa,C6,1,0.0,23.188,24.0
00156,2025-02-11,2,GT,Takelsa,C6,1,0.0,83.737,1.0
00156,2025-02-14,5,GT,Takelsa,C6,1,0.0,37.676,24.0
00156,2025-02-15,6,GT,Takelsa,C6,1,0.0,42.213,24.0
00156,2025-03-04,2,GT,Takelsa,C6,1,0.0,26.512,24.0
00156,2025-03-22,6,GT,Takelsa,C6,1,0.0,44.437,24.0
00156,2025-04-05,6,GT,Takelsa,C6,1,0.0,61.986,3.0
00156,2025-04-12,6,GT,Takelsa,C6,1,0.0,8.671,1.0
00156,2025-04-19,6,GT,Takelsa,C6,1,0.0,19.262,24.0
00156,2025-04-23,3,GT,Takelsa,C6,1,0.0,26.236,24.0
00156,2025-05-04,0,GT,Takelsa,C6,1,0.0,25.247,12.0
00156,2025-05-07,3,GT,Takelsa,C6,1,0.0,272.052,12.0
00156,2025-05-17,6,GT,Takelsa,C6,1,0.0,30.503,1.0
00156,2025-05-24,6,GT,Takelsa,C6,1,0.0,24.349,1.0
00156,2025-05-27,2,GT,Takelsa,C6,1,0.0,431.61899999999997,59.0
00156,2025-05-31,6,GT,Takelsa,C6,1,0.0,24.004,24.0
00156,2025-06-14,6,GT,Takelsa,C6,1,0.0,33.986,1.0
00156,2025-06-19,4,GT,Takelsa,C6,1,0.0,130.228,6.0
00156,2025-06-21,6,GT,Takelsa,C6,1,0.0,27.616,24.0
00156,2025-07-13,0,GT,Takelsa,C6,1,0.0,50.494,24.0
00156,2025-07-19,6,GT,Takelsa,C6,1,0.0,20.275,24.0
00156,2025-07-26,6,GT,Takelsa,C6,1,0.0,50.494,24.0
00156,2025-08-01,5,GT,Takelsa,C6,1,0.0,90.0,6.0
00156,2025-08-12,2,GT,Takelsa,C6,1,0.0,79.33,1.0
00156,2025-08-15,5,GT,Takelsa,C6,1,0.0,205.598,21.0
00156,2025-08-28,4,GT,Takelsa,C6,1,0.0,519.826,16.0
00156,2025-08-29,5,GT,Takelsa,C6,1,0.0,319.54,10.0
00156,2025-08-30,6,GT,Takelsa,C6,1,0.0,22.401,1.0
00156,2025-09-03,3,GT,Takelsa,C6,1,0.0,1314.795,6.0
00156,2025-09-06,6,GT,Takelsa,C6,1,0.0,19.906,1.0
00156,2025-09-13,6,GT,Takelsa,C6,1,0.0,27676.32,122.0
00156,2025-09-20,6,GT,Takelsa,C6,1,0.0,30.503,1.0
00156,2025-09-30,2,GT,Takelsa,C6,1,0.0,91.356,2.0
00156,2025-10-02,4,GT,Takelsa,C6,1,0.0,331532.301,319.0
00156,2025-10-04,6,GT,Takelsa,C6,1,0.0,33.893,1.0
00156,2025-10-11,6,GT,Takelsa,C6,1,0.0,37.676,24.0
00156,2025-10-18,6,GT,Takelsa,C6,1,0.0,57.097,24.0
00156,2025-10-22,3,GT,Takelsa,C6,1,0.0,657.0,653.0
00156,2025-10-25,6,GT,Takelsa,C6,1,0.0,30.503,1.0
00156,2025-10-29,3,GT,Takelsa,C6,1,0.0,20.555,1.0
00156,2025-10-31,5,GT,Takelsa,C6,1,0.0,792.0,25.0
00156,2025-11-01,6,GT,Takelsa,C6,1,0.0,255.0,17.0
00156,2025-11-08,6,GT,Takelsa,C6,1,0.0,110.284,1.0
00156,2025-11-13,4,GT,Takelsa,C6,1,0.0,158.013,6.0
00156,2025-11-22,6,GT,Takelsa,C6,1,0.0,57.097,24.0
00156,2025-11-29,6,GT,Takelsa,C6,1,0.0,30.503,1.0
00156,2025-12-06,6,GT,Takelsa,C6,1,0.0,19.906,1.0
00156,2025-12-09,2,GT,Takelsa,C6,1,0.0,11145.0,53.0
00156,2025-12-20,6,GT,Takelsa,C6,1,0.0,42.975,1.0
00156,2025-12-26,5,GT,Takelsa,C6,1,0.0,22.22,2.0
00156,2025-12-27,6,GT,Takelsa,C6,1,0.0,42.975,1.0
00156,2026-01-05,1,GT,Takelsa,C6,1,0.0,20.488,1.0
00156,2026-01-12,1,GT,Takelsa,C6,1,0.0,25.092,24.0
00156,2026-01-23,5,GT,Takelsa,C6,1,0.0,1764.0590000000002,38.0
00156,2026-01-26,1,GT,Takelsa,C6,1,0.0,1394.42,5.0
00156,2026-02-09,1,GT,Takelsa,C6,1,0.0,26.576,1.0
00156,2026-02-16,1,GT,Takelsa,C6,1,0.0,23.699,24.0
00156,2026-02-23,1,GT,Takelsa,C6,1,0.0,26.576,1.0
00156,2026-02-28,6,GT,Takelsa,C6,1,0.0,11.11,2.0
00156,2026-03-02,1,GT,Takelsa,C6,1,0.0,38.153,24.0
00156,2026-03-09,1,GT,Takelsa,C6,1,0.0,52.572,25.0
00156,2026-03-16,1,GT,Takelsa,C6,1,0.0,31.171,1.0
00156,2026-03-23,1,GT,Takelsa,C6,1,0.0,26.576,1.0
00156,2026-03-30,1,GT,Takelsa,C6,1,0.0,31.171,1.0
00156,2026-04-06,1,GT,Takelsa,C6,1,0.0,9.128,1.0
00156,2026-04-20,1,GT,Takelsa,C6,1,0.0,38.153,24.0
00156,2026-04-27,1,GT,Takelsa,C6,1,0.0,23.699,24.0
00156,2026-05-18,1,GT,Takelsa,C6,1,0.0,18.44,1.0
00156,2026-05-19,2,GT,Takelsa,C6,1,0.0,319.614,9.0
00156,2026-05-25,1,GT,Takelsa,C6,1,0.0,31.171,1.0
00156,2026-05-30,6,GT,Takelsa,C6,1,0.0,32.73,7.0
00156,2026-06-01,1,GT,Takelsa,C6,1,0.0,18.44,1.0
00156,2026-06-08,1,GT,Takelsa,C6,1,0.0,101.872,25.0
00156,2026-06-15,1,GT,Takelsa,C6,1,0.0,92.988,2.0
00156,2026-06-22,1,GT,Takelsa,C6,1,0.0,18.44,1.0
00156,2026-06-29,1,GT,Takelsa,C6,1,0.0,23.699,24.0
00156,2026-07-24,5,GT,Takelsa,C6,1,0.0,1538.82,97.0
00156,2026-07-31,5,GT,Takelsa,C6,1,0.0,662.4,48.0
00156,2026-08-10,1,GT,Takelsa,C6,1,0.0,19.332,1.0
00156,2026-08-24,1,GT,Takelsa,C6,1,0.0,17.158,24.0
00156,2026-08-31,1,GT,Takelsa,C6,1,0.0,18.44,1.0
00156,2026-09-07,1,GT,Takelsa,C6,1,0.0,17.416,1.0
00156,2026-09-14,1,GT,Takelsa,C6,1,0.0,97.6,1.0
00156,2026-09-16,3,GT,Takelsa,C6,1,0.0,182.83,8.5
00156,2026-09-19,6,GT,Takelsa,C6,1,0.0,184.83,8.5
00156,2026-09-21,1,GT,Takelsa,C6,1,0.0,38.375,24.0
00156,2026-09-22,2,GT,Takelsa,C6,1,0.0,60.0,4.0
00156,2026-09-28,1,GT,Takelsa,C6,1,0.0,17.416,1.0
00156,2026-10-05,1,GT,Takelsa,C6,1,0.0,23.837,24.0
00156,2026-10-12,1,GT,Takelsa,C6,1,0.0,20.488,1.0
00156,2026-10-18,0,GT,Takelsa,C6,1,0.0,546.057,3.0
00156,2026-10-19,1,GT,Takelsa,C6,1,0.0,17.4,1.0
00156,2026-10-26,1,GT,Takelsa,C6,1,0.0,20.488,1.0
00156,2026-11-02,1,GT,Takelsa,C6,1,0.0,23.837,24.0
00156,2026-11-16,1,GT,Takelsa,C6,1,0.0,20.488,1.0
00156,2026-12-07,1,GT,Takelsa,C6,1,0.0,20.488,1.0
00156,2035-02-15,4,GT,Takelsa,C6,1,0.0,39854.837,69.0
00157,2025-01-10,5,GT,Ariana_Ville,1,1,0.0,35.098,1.0
00157,2025-01-14,2,GT,Ariana_Ville,1,1,0.0,103.163,1.0
00157,2025-02-07,5,GT,Ariana_Ville,1,1,0.0,23.188,24.0
00157,2025-05-28,3,GT,Ariana_Ville,1,1,0.0,1302.28,30.0
00157,2025-06-04,3,GT,Ariana_Ville,1,1,0.0,554.148,17.0
00157,2025-06-07,6,GT,Ariana_Ville,1,1,0.0,92.28,9.0
00157,2025-07-26,6,GT,Ariana_Ville,1,1,0.0,156.22,48.0
00157,2025-08-02,6,GT,Ariana_Ville,1,1,0.0,248.04299999999998,29.0
00157,2025-08-21,4,GT,Ariana_Ville,1,1,0.0,2989.36,20.0
00157,2025-08-23,6,GT,Ariana_Ville,1,1,0.0,50.494,24.0
00157,2025-09-20,6,GT,Ariana_Ville,1,1,0.0,189.546,48.0
00157,2025-09-24,3,GT,Ariana_Ville,1,1,0.0,4107.767,95.0
00157,2025-09-27,6,GT,Ariana_Ville,1,1,0.0,57.097,24.0
00157,2025-10-18,6,GT,Ariana_Ville,1,1,0.0,19.906,1.0
00157,2025-11-08,6,GT,Ariana_Ville,1,1,0.0,22.838,1.0
00157,2026-01-09,5,GT,Ariana_Ville,1,1,0.0,1157.7830000000001,24.0
00157,2026-06-18,4,GT,Ariana_Ville,1,1,0.0,632.4,2.0
00158,2025-05-29,4,GT,Ariana_Ville,1,1,0.0,2984.024,166.0
00158,2025-09-21,0,GT,Ariana_Ville,1,1,0.0,5688.684,60.0
00158,2026-01-19,1,GT,Ariana_Ville,1,1,0.0,980.7660000000001,80.0
00158,2026-02-04,3,GT,Ariana_Ville,1,1,0.0,46.0,3.0
00158,2026-02-18,3,GT,Ariana_Ville,1,1,0.0,139.268,3.0
00158,2026-04-29,3,GT,Ariana_Ville,1,1,0.0,153.318,28.0
00158,2026-05-21,4,GT,Ariana_Ville,1,1,0.0,92454.767,158.0
00158,2026-05-28,4,GT,Ariana_Ville,1,1,0.0,60.94500000000001,3.0
00158,2026-05-29,5,GT,Ariana_Ville,1,1,0.0,10.228,5.0
00158,2026-06-11,4,GT,Ariana_Ville,1,1,0.0,1366.4479999999999,263.0
00158,2026-06-23,2,GT,Ariana_Ville,1,1,0.0,578784.0,524.0
00158,2026-06-24,3,GT,Ariana_Ville,1,1,0.0,10.228,4.0
00158,2026-07-17,5,GT,Ariana_Ville,1,1,0.0,29759.649999999998,464.0
00158,2026-07-18,6,GT,Ariana_Ville,1,1,0.0,18798.029,303.0
00158,2026-07-22,3,GT,Ariana_Ville,1,1,0.0,2412.105,103.0
00158,2026-07-23,4,GT,Ariana_Ville,1,1,0.0,2736.3,169.0
00158,2026-07-31,5,GT,Ariana_Ville,1,1,0.0,4647.142,210.0
00158,2026-08-02,0,GT,Ariana_Ville,1,1,0.0,1665.0,115.0
00158,2026-08-04,2,GT,Ariana_Ville,1,1,0.0,8647.23,568.0
00158,2026-08-11,2,GT,Ariana_Ville,1,1,0.0,709.2669999999999,27.0
00158,2026-08-19,3,GT,Ariana_Ville,1,1,0.0,8296.416,352.0
00158,2026-08-20,4,GT,Ariana_Ville,1,1,0.0,160.57,19.0
00158,2026-08-25,2,GT,Ariana_Ville,1,1,0.0,1358.208,70.0
00158,2026-08-26,3,GT,Ariana_Ville,1,1,0.0,150.0,10.0
00158,2026-09-02,3,GT,Ariana_Ville,1,1,0.0,60.0,4.0
00158,2026-09-10,4,GT,Ariana_Ville,1,1,0.0,165.0,11.0
00158,2026-09-30,3,GT,Ariana_Ville,1,1,0.0,2441.982,55.0
00158,2026-10-03,6,GT,Ariana_Ville,1,1,0.0,45.0,3.0
00158,2026-10-06,2,GT,Ariana_Ville,1,1,0.0,662.2429999999999,20.0
00158,2026-10-08,4,GT,Ariana_Ville,1,1,0.0,2100.0,58.0
00158,2026-10-09,5,GT,Ariana_Ville,1,1,0.0,122.0,4.0
00158,2026-10-10,6,GT,Ariana_Ville,1,1,0.0,9834.060000000001,35.0
00158,2026-10-13,2,GT,Ariana_Ville,1,1,0.0,731.1400000000001,18.0
00159,2025-01-03,5,GT,Ariana_Ville,1,C6-,0.0,818.24,320.0
00159,2025-02-09,0,GT,Ariana_Ville,1,C6-,0.0,42.213,24.0
00159,2025-05-24,6,GT,Ariana_Ville,1,C6-,0.0,378.12,30.0
00159,2026-01-22,4,GT,Ariana_Ville,1,C6-,0.0,164.912,6.0
00159,2026-01-23,5,GT,Ariana_Ville,1,C6-,0.0,100.671,3.0
00160,2025-01-25,6,GT,Ariana_Ville,1,1,0.0,22.981,1.0
00160,2025-01-28,2,GT,Ariana_Ville,1,1,0.0,85.951,1.0
00160,2025-02-01,6,GT,Ariana_Ville,1,1,0.0,57.804,1.0
00160,2025-02-09,0,GT,Ariana_Ville,1,1,0.0,26.236,24.0
00160,2025-02-15,6,GT,Ariana_Ville,1,1,0.0,788.78,27.0
00160,2025-02-22,6,GT,Ariana_Ville,1,1,0.0,361.634,26.0
00160,2025-03-01,6,GT,Ariana_Ville,1,1,0.0,24.349,1.0
00160,2025-03-03,1,GT,Ariana_Ville,1,1,0.0,24.349,1.0
00160,2025-03-08,6,GT,Ariana_Ville,1,1,0.0,71.422,1.0
00160,2025-03-10,1,GT,Ariana_Ville,1,1,0.0,117.448,1.0
00160,2025-03-24,1,GT,Ariana_Ville,1,1,0.0,23.272,1.0
00160,2025-03-25,2,GT,Ariana_Ville,1,1,0.0,52.367,12.0
00160,2025-04-26,6,GT,Ariana_Ville,1,1,0.0,31.85,1.0
00160,2025-04-27,0,GT,Ariana_Ville,1,1,0.0,26.236,24.0
00160,2025-05-17,6,GT,Ariana_Ville,1,1,0.0,152.516,5.0
00160,2025-06-04,3,GT,Ariana_Ville,1,1,0.0,1824.624,240.0
00160,2025-06-07,6,GT,Ariana_Ville,1,1,0.0,427.204,2.0
00160,2025-06-14,6,GT,Ariana_Ville,1,1,0.0,550.9680000000001,5.0
00160,2025-06-21,6,GT,Ariana_Ville,1,1,0.0,259.416,3.0
00160,2025-06-22,0,GT,Ariana_Ville,1,1,0.0,2602.604,290.0
00160,2025-06-25,3,GT,Ariana_Ville,1,1,0.0,46.545,4.0
00160,2025-07-19,6,GT,Ariana_Ville,1,1,0.0,2526.5819999999994,7.0
00160,2025-08-16,6,GT,Ariana_Ville,1,1,0.0,3400.6140000000005,105.0
00160,2025-08-23,6,GT,Ariana_Ville,1,1,0.0,1640.784,8.0
00160,2025-08-30,6,GT,Ariana_Ville,1,1,0.0,1203.078,9.0
00160,2025-09-13,6,GT,Ariana_Ville,1,1,0.0,54.068,2.0
00160,2025-09-27,6,GT,Ariana_Ville,1,1,0.0,149.67,2.0
00160,2025-10-18,6,GT,Ariana_Ville,1,1,0.0,627.813,53.0
00160,2025-10-21,2,GT,Ariana_Ville,1,1,0.0,25.194,2.0
00160,2025-11-01,6,GT,Ariana_Ville,1,1,0.0,222.136,3.0
00160,2025-11-15,6,GT,Ariana_Ville,1,1,0.0,1075.443,78.0
00160,2025-11-19,3,GT,Ariana_Ville,1,1,0.0,54.411,1.0
00160,2025-12-24,3,GT,Ariana_Ville,1,1,0.0,67.731,2.0
00160,2025-12-29,1,GT,Ariana_Ville,1,1,0.0,2011.868,55.0
00160,2026-01-12,1,GT,Ariana_Ville,1,1,0.0,72.634,1.0
00160,2026-01-19,1,GT,Ariana_Ville,1,1,0.0,2504.183,132.0
00160,2026-01-26,1,GT,Ariana_Ville,1,1,0.0,10678.660999999998,31.0
00160,2026-02-16,1,GT,Ariana_Ville,1,1,0.0,101.78099999999999,74.0
00160,2026-02-23,1,GT,Ariana_Ville,1,1,0.0,72.634,1.0
00160,2026-03-24,2,GT,Ariana_Ville,1,1,0.0,305.946,3.0
00160,2026-04-16,4,GT,Ariana_Ville,1,1,0.0,1073.36,51.0
00160,2026-04-21,2,GT,Ariana_Ville,1,1,0.0,3697.355,104.0
00160,2026-05-11,1,GT,Ariana_Ville,1,1,0.0,5700.552,19.0
00160,2026-05-18,1,GT,Ariana_Ville,1,1,0.0,80.111,1.0
00160,2026-05-25,1,GT,Ariana_Ville,1,1,0.0,409.686,8.0
00160,2026-05-26,2,GT,Ariana_Ville,1,1,0.0,27051.84,72.0
00160,2026-06-01,1,GT,Ariana_Ville,1,1,0.0,199.906,2.0
00160,2026-06-11,4,GT,Ariana_Ville,1,1,0.0,401.379,74.0
00160,2026-06-15,1,GT,Ariana_Ville,1,1,0.0,100.05,2.0
00160,2026-06-29,1,GT,Ariana_Ville,1,1,0.0,2863.104,16.0
00160,2026-08-03,1,GT,Ariana_Ville,1,1,0.0,106.087,1.0
00160,2026-08-18,2,GT,Ariana_Ville,1,1,0.0,674.316,27.0
00160,2026-08-24,1,GT,Ariana_Ville,1,1,0.0,290.906,2.0
00160,2026-09-14,1,GT,Ariana_Ville,1,1,0.0,450.026,168.0
00160,2026-09-20,0,GT,Ariana_Ville,1,1,0.0,4980.568,85.0
00160,2026-09-28,1,GT,Ariana_Ville,1,1,0.0,325.886,2.0
00160,2026-10-05,1,GT,Ariana_Ville,1,1,0.0,632.538,4.0
00160,2026-10-19,1,GT,Ariana_Ville,1,1,0.0,896.049,76.0
00160,2026-10-26,1,GT,Ariana_Ville,1,1,0.0,569.676,4.0
00160,2026-11-02,1,GT,Ariana_Ville,1,1,0.0,250.549,26.0
00160,2026-11-16,1,GT,Ariana_Ville,1,1,0.0,1310.454,313.0
00160,2026-12-14,1,GT,Ariana_Ville,1,1,0.0,155.856,5.0
00160,2026-12-22,2,GT,Ariana_Ville,1,1,0.0,2449.552,18.0
00161,2025-01-03,5,GT,Ariana_Ville,1,1,0.0,92.812,1.0
00161,2025-01-11,6,GT,Ariana_Ville,1,1,0.0,68.782,1.0
00161,2025-01-12,0,GT,Ariana_Ville,1,1,0.0,25.194,1.0
00161,2025-01-14,2,GT,Ariana_Ville,1,1,0.0,25.194,1.0
00161,2025-01-24,5,GT,Ariana_Ville,1,1,0.0,22.981,1.0
00161,2025-01-25,6,GT,Ariana_Ville,1,1,0.0,42.213,24.0
00161,2025-02-01,6,GT,Ariana_Ville,1,1,0.0,215.91899999999998,3.0
00161,2025-02-15,6,GT,Ariana_Ville,1,1,0.0,338.112,48.0
00161,2025-02-22,6,GT,Ariana_Ville,1,1,0.0,1345.116,30.0
00161,2025-02-28,5,GT,Ariana_Ville,1,1,0.0,7.515,1.0
00161,2025-03-22,6,GT,Ariana_Ville,1,1,0.0,103.311,5.0
00161,2025-03-25,2,GT,Ariana_Ville,1,1,0.0,61.986,3.0
00161,2025-04-06,0,GT,Ariana_Ville,1,1,0.0,172.456,2.0
00161,2025-05-24,6,GT,Ariana_Ville,1,1,0.0,116.088,1.0
00161,2025-06-08,0,GT,Ariana_Ville,1,1,0.0,33.986,1.0
00161,2025-06-18,3,GT,Ariana_Ville,1,1,0.0,360.0,18.0
00161,2025-06-27,5,GT,Ariana_Ville,1,1,0.0,82.649,4.0
00161,2025-07-26,6,GT,Ariana_Ville,1,1,0.0,19.906,1.0
00161,2025-08-23,6,GT,Ariana_Ville,1,1,0.0,41.324,2.0
00161,2025-09-20,6,GT,Ariana_Ville,1,1,0.0,88.172,1.0
00161,2025-09-27,6,GT,Ariana_Ville,1,1,0.0,74.525,1.0
00161,2025-10-04,6,GT,Ariana_Ville,1,1,0.0,116.088,1.0
00161,2025-10-22,3,GT,Ariana_Ville,1,1,0.0,22.838,1.0
00161,2025-10-27,1,GT,Ariana_Ville,1,1,0.0,281.256,25.0
00161,2025-10-29,3,GT,Ariana_Ville,1,1,0.0,70.701,12.0
00161,2025-11-03,1,GT,Ariana_Ville,1,1,0.0,116.088,1.0
00161,2025-11-19,3,GT,Ariana_Ville,1,1,0.0,48.591,1.0
00161,2025-11-22,6,GT,Ariana_Ville,1,1,0.0,260.38,2.0
00161,2025-12-02,2,GT,Ariana_Ville,1,1,0.0,57.097,24.0
00161,2025-12-06,6,GT,Ariana_Ville,1,1,0.0,122.74,2.0
00161,2025-12-20,6,GT,Ariana_Ville,1,1,0.0,211.554,2.0
00161,2025-12-24,3,GT,Ariana_Ville,1,1,0.0,85.951,2.0
00161,2026-01-09,5,GT,Ariana_Ville,1,1,0.0,465.748,6.0
00161,2026-01-12,1,GT,Ariana_Ville,1,1,0.0,51.575,1.0
00161,2026-01-19,1,GT,Ariana_Ville,1,1,0.0,40.395,24.0
00161,2026-02-02,1,GT,Ariana_Ville,1,1,0.0,40.395,24.0
00161,2026-02-09,1,GT,Ariana_Ville,1,1,0.0,329.358,5.0
00161,2026-02-23,1,GT,Ariana_Ville,1,1,0.0,349.738,2.0
00161,2026-03-02,1,GT,Ariana_Ville,1,1,0.0,38.153,24.0
00161,2026-03-23,1,GT,Ariana_Ville,1,1,0.0,165.492,2.0
00161,2026-03-30,1,GT,Ariana_Ville,1,1,0.0,106.087,1.0
00161,2026-04-06,1,GT,Ariana_Ville,1,1,0.0,31.171,1.0
00161,2026-04-20,1,GT,Ariana_Ville,1,1,0.0,461.316,73.0
00161,2026-04-27,1,GT,Ariana_Ville,1,1,0.0,21.945,24.0
00161,2026-05-04,1,GT,Ariana_Ville,1,1,0.0,213.87,25.0
00161,2026-05-25,1,GT,Ariana_Ville,1,1,0.0,277.872,25.0
00161,2026-06-08,1,GT,Ariana_Ville,1,1,0.0,356.421,3.0
00161,2026-06-15,1,GT,Ariana_Ville,1,1,0.0,290.156,2.0
00161,2026-06-22,1,GT,Ariana_Ville,1,1,0.0,460.41600000000005,5.0
00161,2026-08-24,1,GT,Ariana_Ville,1,1,0.0,99.722,1.0
00161,2026-09-14,1,GT,Ariana_Ville,1,1,0.0,572.517,3.0
00161,2026-09-28,1,GT,Ariana_Ville,1,1,0.0,123.056,25.0
00161,2026-10-13,2,GT,Ariana_Ville,1,1,0.0,43.84,1.0
00161,2026-10-19,1,GT,Ariana_Ville,1,1,0.0,68.782,1.0
00161,2026-11-02,1,GT,Ariana_Ville,1,1,0.0,68.782,1.0
00161,2026-11-29,0,GT,Ariana_Ville,1,1,0.0,113.272,6.0
00161,2026-12-07,1,GT,Ariana_Ville,1,1,0.0,14.253,1.0
00161,2026-12-14,1,GT,Ariana_Ville,1,1,0.0,80.111,1.0
00162,2025-02-15,6,GT,MEGRINE,1,1,0.0,42.213,24.0
00162,2025-02-22,6,GT,MEGRINE,1,1,0.0,35.832,1.0
00162,2025-03-01,6,GT,MEGRINE,1,1,0.0,24.349,1.0
00162,2025-03-22,6,GT,MEGRINE,1,1,0.0,22.218,12.0
00162,2025-03-25,2,GT,MEGRINE,1,1,0.0,41.324,2.0
00162,2025-03-29,6,GT,MEGRINE,1,1,0.0,26.512,24.0
00162,2025-04-05,6,GT,MEGRINE,1,1,0.0,17.344,2.0
00162,2025-04-12,6,GT,MEGRINE,1,1,0.0,8.671,1.0
00162,2025-05-10,6,GT,MEGRINE,1,1,0.0,50.494,24.0
00162,2025-05-17,6,GT,MEGRINE,1,1,0.0,25.247,12.0
00162,2025-05-24,6,GT,MEGRINE,1,1,0.0,43.376,1.0
00162,2025-06-21,6,GT,MEGRINE,1,1,0.0,50.494,24.0
00162,2025-07-05,6,GT,MEGRINE,1,1,0.0,50.494,24.0
00162,2026-01-12,1,GT,MEGRINE,1,1,0.0,40.395,24.0
00162,2026-01-19,1,GT,MEGRINE,1,1,0.0,40.395,24.0
00162,2026-02-09,1,GT,MEGRINE,1,1,0.0,77.456,2.0
00162,2026-03-02,1,GT,MEGRINE,1,1,0.0,38.153,24.0
00162,2026-03-30,1,GT,MEGRINE,1,1,0.0,15.342,1.0
00162,2026-06-15,1,GT,MEGRINE,1,1,0.0,425.091,74.0
00162,2026-06-29,1,GT,MEGRINE,1,1,0.0,39.503,24.0
00162,2026-07-27,1,GT,MEGRINE,1,1,0.0,17.344,2.0
00162,2026-08-31,1,GT,MEGRINE,1,1,0.0,13.808,1.0
00162,2026-09-14,1,GT,MEGRINE,1,1,0.0,38.375,24.0
00162,2026-09-21,1,GT,MEGRINE,1,1,0.0,20.053,1.0
00162,2026-10-05,1,GT,MEGRINE,1,1,0.0,13.808,1.0
00162,2026-10-12,1,GT,MEGRINE,1,1,0.0,13.808,1.0
00162,2026-10-19,1,GT,MEGRINE,1,1,0.0,38.375,24.0
00162,2026-11-09,1,GT,MEGRINE,1,1,0.0,38.375,24.0
00162,2026-11-23,1,GT,MEGRINE,1,1,0.0,25.894,1.0
00162,2026-12-27,0,GT,MEGRINE,1,1,0.0,894.884,4.0
00163,2025-01-18,6,GT,MEGRINE,1,1,0.0,42.213,24.0
00163,2025-02-01,6,GT,MEGRINE,1,1,0.0,20.275,24.0
00163,2025-03-07,5,GT,MEGRINE,1,1,0.0,71.422,1.0
00163,2025-03-15,6,GT,MEGRINE,1,1,0.0,23.272,1.0
00163,2025-03-22,6,GT,MEGRINE,1,1,0.0,20.275,24.0
00163,2025-03-29,6,GT,MEGRINE,1,1,0.0,9.128,1.0
00163,2025-04-19,6,GT,MEGRINE,1,1,0.0,31.85,1.0
00163,2025-04-26,6,GT,MEGRINE,1,1,0.0,26.236,24.0
00163,2025-05-25,0,GT,MEGRINE,1,1,0.0,24.004,24.0
00163,2025-05-31,6,GT,MEGRINE,1,1,0.0,24.004,24.0
00163,2025-06-07,6,GT,MEGRINE,1,1,0.0,24.004,24.0
00163,2025-06-28,6,GT,MEGRINE,1,1,0.0,20.275,24.0
00163,2026-01-19,1,GT,MEGRINE,1,1,0.0,113.162,48.0
00163,2026-01-26,1,GT,MEGRINE,1,1,0.0,10.301,1.0
00163,2026-02-02,1,GT,MEGRINE,1,1,0.0,40.395,24.0
00163,2026-06-15,1,GT,MEGRINE,1,1,0.0,27.238,1.0
00163,2026-06-22,1,GT,MEGRINE,1,1,0.0,62.114,1.0
00163,2026-11-16,1,GT,MEGRINE,1,1,0.0,105.52,2.0
00163,2026-11-23,1,GT,MEGRINE,1,1,0.0,43.891,24.0
00163,2026-12-14,1,GT,MEGRINE,1,1,0.0,80.111,1.0
00164,2025-01-03,5,GT,MEGRINE,1,1,0.0,960.223,11.0
00164,2025-02-23,0,GT,MEGRINE,1,1,0.0,268.02,25.0
00164,2025-03-04,2,GT,MEGRINE,1,1,0.0,175.038,26.0
00164,2025-03-24,1,GT,MEGRINE,1,1,0.0,276.614,13.0
00165,2025-01-11,6,GT,Ariana_Ville,1,1,0.0,84.48,2.0
00165,2025-03-21,5,GT,Ariana_Ville,1,1,0.0,22.218,12.0
00165,2025-03-29,6,GT,Ariana_Ville,1,1,0.0,20.275,24.0
00165,2025-04-05,6,GT,Ariana_Ville,1,1,0.0,61.986,3.0
00165,2025-04-08,2,GT,Ariana_Ville,1,1,0.0,26.236,24.0
00165,2025-04-12,6,GT,Ariana_Ville,1,1,0.0,26.236,24.0
00165,2025-04-28,1,GT,Ariana_Ville,1,1,0.0,26.236,24.0
00165,2025-05-04,0,GT,Ariana_Ville,1,1,0.0,25.247,12.0
00165,2025-05-10,6,GT,Ariana_Ville,1,1,0.0,36.514,2.0
00165,2025-05-12,1,GT,Ariana_Ville,1,1,0.0,23.272,1.0
00165,2025-05-19,1,GT,Ariana_Ville,1,1,0.0,24.349,1.0
00165,2025-06-01,0,GT,Ariana_Ville,1,1,0.0,9.128,1.0
00165,2025-06-07,6,GT,Ariana_Ville,1,1,0.0,24.349,1.0
00165,2025-06-14,6,GT,Ariana_Ville,1,1,0.0,9.128,1.0
00165,2025-06-21,6,GT,Ariana_Ville,1,1,0.0,50.494,24.0
00165,2025-07-01,2,GT,Ariana_Ville,1,1,0.0,19.617,40.0
00165,2025-07-26,6,GT,Ariana_Ville,1,1,0.0,201.976,48.0
00165,2026-01-09,5,GT,Ariana_Ville,1,1,0.0,1378.536,15.0
00165,2026-01-12,1,GT,Ariana_Ville,1,1,0.0,10.301,1.0
00165,2026-01-19,1,GT,Ariana_Ville,1,1,0.0,16.187,24.0
00165,2026-02-02,1,GT,Ariana_Ville,1,1,0.0,10.301,1.0
00165,2026-02-09,1,GT,Ariana_Ville,1,1,0.0,25.092,24.0
00165,2026-03-02,1,GT,Ariana_Ville,1,1,0.0,7.759,1.0
00165,2026-03-09,1,GT,Ariana_Ville,1,1,0.0,9.128,1.0
00165,2026-04-06,1,GT,Ariana_Ville,1,1,0.0,9.128,1.0
00165,2026-05-18,1,GT,Ariana_Ville,1,1,0.0,9.128,1.0
00165,2026-06-01,1,GT,Ariana_Ville,1,1,0.0,17.158,24.0
00165,2026-06-08,1,GT,Ariana_Ville,1,1,0.0,48.94,25.0
00165,2026-06-22,1,GT,Ariana_Ville,1,1,0.0,38.153,24.0
00165,2026-07-06,1,GT,Ariana_Ville,1,1,0.0,8.216,1.0
00165,2026-08-10,1,GT,Ariana_Ville,1,1,0.0,38.779,24.0
00165,2026-08-31,1,GT,Ariana_Ville,1,1,0.0,8.671,1.0
00165,2026-09-28,1,GT,Ariana_Ville,1,1,0.0,8.216,1.0
00165,2026-10-19,1,GT,Ariana_Ville,1,1,0.0,106.425,24.0
00165,2026-10-26,1,GT,Ariana_Ville,1,1,0.0,38.375,24.0
00165,2026-11-09,1,GT,Ariana_Ville,1,1,0.0,38.375,24.0
00165,2026-12-28,1,GT,Ariana_Ville,1,1,0.0,13.444,1.0
00166,2025-06-04,3,GT,Raoued,1,1,0.0,1389.132,274.0
00166,2026-01-09,5,GT,Raoued,1,1,0.0,5709.264000000001,17.0
00166,2026-01-28,3,GT,Raoued,1,1,0.0,45.583,19.0
00166,2026-05-26,2,GT,Raoued,1,1,0.0,385.502,13.0
00167,2025-01-06,1,GT,MEGRINE,1,1,0.0,25.194,1.0
00167,2025-01-19,0,GT,MEGRINE,1,1,0.0,85.951,1.0
00167,2025-02-08,6,GT,MEGRINE,1,1,0.0,54.242,24.0
00167,2025-02-09,0,GT,MEGRINE,1,1,0.0,570.16,4.0
00167,2025-02-14,5,GT,MEGRINE,1,1,0.0,167.172,2.0
00167,2025-02-20,4,GT,MEGRINE,1,1,0.0,375.98,4.0
00167,2025-02-21,5,GT,MEGRINE,1,1,0.0,47.737,48.0
00167,2025-03-02,0,GT,MEGRINE,1,1,0.0,97.396,2.0
00167,2025-03-03,1,GT,MEGRINE,1,1,0.0,872.4,28.0
00167,2025-03-07,5,GT,MEGRINE,1,1,0.0,1253.2920000000001,29.0
00167,2025-03-08,6,GT,MEGRINE,1,1,0.0,337.264,96.0
00167,2025-03-11,2,GT,MEGRINE,1,1,0.0,159.794,2.0
00167,2025-03-18,2,GT,MEGRINE,1,1,0.0,1160.564,33.0
00167,2025-03-22,6,GT,MEGRINE,1,1,0.0,20.662,1.0
00167,2025-03-29,6,GT,MEGRINE,1,1,0.0,70.568,1.0
00167,2025-04-06,0,GT,MEGRINE,1,1,0.0,17.344,2.0
00167,2025-05-10,6,GT,MEGRINE,1,1,0.0,54.378,1.0
00167,2025-05-17,6,GT,MEGRINE,1,1,0.0,25.247,12.0
00167,2025-05-21,3,GT,MEGRINE,1,1,0.0,71.422,1.0
00167,2025-06-10,2,GT,MEGRINE,1,1,0.0,71.28,25.0
00167,2025-06-15,0,GT,MEGRINE,1,1,0.0,149.67,2.0
00167,2025-06-21,6,GT,MEGRINE,1,1,0.0,50.494,24.0
00167,2025-06-22,0,GT,MEGRINE,1,1,0.0,201.976,48.0
00167,2025-07-01,2,GT,MEGRINE,1,1,0.0,27.616,24.0
00167,2025-07-14,1,GT,MEGRINE,1,1,0.0,48.698,2.0
00167,2025-07-23,3,GT,MEGRINE,1,1,0.0,201.976,48.0
00167,2025-08-17,0,GT,MEGRINE,1,1,0.0,50.494,24.0
00167,2025-08-23,6,GT,MEGRINE,1,1,0.0,30.503,1.0
00167,2025-09-14,0,GT,MEGRINE,1,1,0.0,1552.5749999999998,29.0
00167,2025-09-23,2,GT,MEGRINE,1,1,0.0,74.525,1.0
00167,2025-10-04,6,GT,MEGRINE,1,1,0.0,57.097,24.0
00167,2025-10-06,1,GT,MEGRINE,1,1,0.0,57.097,24.0
00167,2025-10-11,6,GT,MEGRINE,1,1,0.0,51.737,1.0
00167,2025-10-15,3,GT,MEGRINE,1,1,0.0,176.355,14.0
00167,2025-10-19,0,GT,MEGRINE,1,1,0.0,54.411,1.0
00167,2025-10-29,3,GT,MEGRINE,1,1,0.0,6358.912999999999,45.0
00167,2025-12-23,2,GT,MEGRINE,1,1,0.0,879.268,5.0
00167,2025-12-26,5,GT,MEGRINE,1,1,0.0,42.975,1.0
00167,2026-01-30,5,GT,MEGRINE,1,1,0.0,362.492,2.0
00167,2026-03-04,3,GT,MEGRINE,1,1,0.0,2338.94,66.0
00167,2026-03-05,4,GT,MEGRINE,1,1,0.0,370.16,25.0
00167,2026-03-09,1,GT,MEGRINE,1,1,0.0,106.087,1.0
00167,2026-03-10,2,GT,MEGRINE,1,1,0.0,155.856,5.0
00167,2026-03-17,2,GT,MEGRINE,1,1,0.0,164.204,2.0
00167,2026-03-30,1,GT,MEGRINE,1,1,0.0,682.828,27.0
00167,2026-04-06,1,GT,MEGRINE,1,1,0.0,82.155,3.0
00167,2026-04-15,3,GT,MEGRINE,1,1,0.0,935.776,50.0
00167,2026-04-16,4,GT,MEGRINE,1,1,0.0,3403.1130000000003,151.0
00167,2026-04-27,1,GT,MEGRINE,1,1,0.0,106.087,1.0
00167,2026-05-04,1,GT,MEGRINE,1,1,0.0,636.7139999999999,3.0
00167,2026-06-01,1,GT,MEGRINE,1,1,0.0,1370.875,16.0
00167,2026-06-08,1,GT,MEGRINE,1,1,0.0,19.332,1.0
00167,2026-06-15,1,GT,MEGRINE,1,1,0.0,22.787,1.0
00167,2026-06-19,5,GT,MEGRINE,1,1,0.0,73.76,2.0
00167,2026-06-29,1,GT,MEGRINE,1,1,0.0,100.05,2.0
00167,2026-07-03,5,GT,MEGRINE,1,1,0.0,621.67,3.0
00167,2026-07-27,1,GT,MEGRINE,1,1,0.0,1058.82,4.0
00167,2026-08-03,1,GT,MEGRINE,1,1,0.0,1025.232,219.0
00167,2026-08-25,2,GT,MEGRINE,1,1,0.0,1337.0849999999998,5.0
00167,2026-09-08,2,GT,MEGRINE,1,1,0.0,38.375,24.0
00167,2026-09-11,5,GT,MEGRINE,1,1,0.0,482.562,3.0
00167,2026-09-13,0,GT,MEGRINE,1,1,0.0,1277.11,144.0
00167,2026-09-20,0,GT,MEGRINE,1,1,0.0,97.6,1.0
00167,2026-10-05,1,GT,MEGRINE,1,1,0.0,350.004,3.0
00167,2026-10-09,5,GT,MEGRINE,1,1,0.0,8659.92,113.0
00167,2026-10-19,1,GT,MEGRINE,1,1,0.0,286.912,2.0
00167,2026-11-01,0,GT,MEGRINE,1,1,0.0,395.01599999999996,72.0
00167,2026-11-09,1,GT,MEGRINE,1,1,0.0,146.174,3.0
00167,2026-11-11,3,GT,MEGRINE,1,1,0.0,942.72,5.0
00167,2026-11-20,5,GT,MEGRINE,1,1,0.0,7556.355000000001,14.0
00167,2026-11-27,5,GT,MEGRINE,1,1,0.0,2174.812,17.0
00167,2026-12-07,1,GT,MEGRINE,1,1,0.0,25.894,1.0
00167,2026-12-20,0,GT,MEGRINE,1,1,0.0,800.704,51.0
00167,2026-12-29,2,GT,MEGRINE,1,1,0.0,143.472,5.0
00168,2026-03-05,4,SE,,1,1,0.0,260.804,26.0
00168,2026-03-13,5,SE,,1,1,0.0,38.153,24.0
00168,2026-03-23,1,SE,,1,1,0.0,327.85200000000003,28.0
00168,2026-04-08,3,SE,,1,1,0.0,309.33,72.0
00168,2026-04-13,1,SE,,1,1,0.0,18.44,1.0
00168,2026-05-04,1,SE,,1,1,0.0,123.706,48.0
00168,2026-06-05,5,SE,,1,1,0.0,75.546,2.0
00168,2026-06-10,3,SE,,1,1,0.0,27.238,1.0
00168,2026-07-07,2,SE,,1,1,0.0,1124.7350000000001,74.0
00168,2026-08-10,1,SE,,1,1,0.0,161.108,2.0
00168,2026-08-16,0,SE,,1,1,0.0,219.376,2.0
00168,2026-09-16,3,SE,,1,1,0.0,295.485,3.0
00169,2025-01-14,2,SE,ARIANAVILLE,1,1,0.0,116.088,1.0
00169,2025-01-28,2,SE,ARIANAVILLE,1,1,0.0,83.282,1.0
00169,2025-02-02,0,SE,ARIANAVILLE,1,1,0.0,232.088,2.0
00169,2025-02-14,5,SE,ARIANAVILLE,1,1,0.0,39.739,1.0
00169,2025-02-25,2,SE,ARIANAVILLE,1,1,0.0,238.316,2.0
00169,2025-06-27,5,SE,ARIANAVILLE,1,1,0.0,198.078,25.0
00169,2025-07-29,2,SE,ARIANAVILLE,1,1,0.0,19.906,1.0
00169,2025-08-02,6,SE,ARIANAVILLE,1,1,0.0,577.1850000000001,26.0
00169,2025-09-21,0,SE,ARIANAVILLE,1,1,0.0,2003.4,7.0
00169,2025-10-11,6,SE,ARIANAVILLE,1,1,0.0,247.46099999999998,3.0
00169,2025-11-03,1,SE,ARIANAVILLE,1,1,0.0,116.088,1.0
00169,2025-11-12,3,SE,ARIANAVILLE,1,1,0.0,19.906,1.0
00169,2025-11-23,0,SE,ARIANAVILLE,1,1,0.0,154.33,2.0
00169,2025-12-07,0,SE,ARIANAVILLE,1,1,0.0,645.4259999999999,3.0
00169,2025-12-20,6,SE,ARIANAVILLE,1,1,0.0,608.985,27.0
00169,2026-03-13,5,SE,ARIANAVILLE,1,1,0.0,544.806,12.0
00169,2026-03-25,3,SE,ARIANAVILLE,1,1,0.0,15.342,1.0
00169,2026-04-08,3,SE,ARIANAVILLE,1,1,0.0,1691.39,5.0
00169,2026-05-27,3,SE,ARIANAVILLE,1,1,0.0,325.794,2.0
00169,2026-06-05,5,SE,ARIANAVILLE,1,1,0.0,1478.0549999999998,28.0
00169,2026-06-25,4,SE,ARIANAVILLE,1,1,0.0,28.054,1.0
00169,2026-07-07,2,SE,ARIANAVILLE,1,1,0.0,539.664,27.0
00169,2026-07-28,2,SE,ARIANAVILLE,1,1,0.0,782.96,5.0
00169,2026-08-16,0,SE,ARIANAVILLE,1,1,0.0,1979.0539999999999,7.0
00169,2026-09-16,3,SE,ARIANAVILLE,1,1,0.0,609.123,26.0
00170,2025-01-14,2,SE,Raoued,1,1,0.0,41.91,1.0
00170,2025-02-25,2,SE,Raoued,1,1,0.0,53.774,3.0
00170,2025-09-26,5,SE,Raoued,1,1,0.0,304.78499999999997,3.0
00170,2025-10-21,2,SE,Raoued,1,1,0.0,19.617,40.0
00170,2025-10-29,3,SE,Raoued,1,1,0.0,12.596,1.0
00170,2025-11-10,1,SE,Raoued,1,1,0.0,37.676,24.0
00170,2025-11-14,5,SE,Raoued,1,1,0.0,964.5,51.0
00170,2025-12-07,0,SE,Raoued,1,1,0.0,69.739,1.0
00170,2026-03-04,3,SE,Raoued,1,1,0.0,257.772,4.0
00170,2026-03-13,5,SE,Raoued,1,1,0.0,250.23899999999998,3.0
00170,2026-03-25,3,SE,Raoued,1,1,0.0,76.307,48.0
00170,2026-08-10,1,SE,Raoued,1,1,0.0,211.864,2.0
00170,2026-08-16,0,SE,Raoued,1,1,0.0,808.292,4.0
00170,2026-09-24,4,SE,Raoued,1,1,0.0,52.797,1.0
00170,2026-09-29,2,SE,Raoued,1,1,0.0,601.588,4.0
00170,2026-10-29,4,SE,Raoued,1,1,0.0,193.228,2.0
00171,2025-07-29,2,SE,ARIANAVILLE,1,1,0.0,309.982,72.0
00171,2025-10-20,1,SE,ARIANAVILLE,1,1,0.0,160.494,24.0
00171,2025-10-31,5,SE,ARIANAVILLE,1,1,0.0,4044.0510000000004,19.0
00171,2025-11-29,6,SE,ARIANAVILLE,1,1,0.0,110.284,1.0
00172,2025-01-06,1,SE,ARIANAVILLE,1,1300,0.0,34.699,1.0
00172,2025-02-27,4,SE,ARIANAVILLE,1,1300,0.0,43.512,1.0
00172,2025-03-23,0,SE,ARIANAVILLE,1,1300,0.0,208.866,2.0
00172,2025-07-29,2,SE,ARIANAVILLE,1,1300,0.0,4248.414,90.0
00172,2025-11-19,3,SE,ARIANAVILLE,1,1300,0.0,79.33,1.0
00172,2025-11-29,6,SE,ARIANAVILLE,1,1300,0.0,110.284,1.0
00172,2025-11-30,0,SE,ARIANAVILLE,1,1300,0.0,27.034,1.0
00172,2025-12-12,5,SE,ARIANAVILLE,1,1300,0.0,42.975,1.0
00172,2026-10-02,5,SE,ARIANAVILLE,1,1300,0.0,563.077,5.0
00172,2026-10-15,4,SE,ARIANAVILLE,1,1300,0.0,34.666,24.0
00172,2026-10-28,3,SE,ARIANAVILLE,1,1300,0.0,41.076,3.0
00172,2026-11-13,5,SE,ARIANAVILLE,1,1300,0.0,234.774,26.0
00173,2025-03-18,2,SE,ARIANAVILLE,1,1,0.0,282.27,2.0
00173,2025-08-18,1,SE,ARIANAVILLE,1,1,0.0,87.445,1.0
00174,2025-01-06,1,SE,ARIANAVILLE,1,1300,0.0,471.98,14.0
00174,2025-01-14,2,SE,ARIANAVILLE,1,1300,0.0,2365.974,30.0
00174,2025-01-17,5,SE,ARIANAVILLE,1,1300,0.0,592.995,31.0
00174,2025-01-20,1,SE,ARIANAVILLE,1,1300,0.0,388.784,25.0
00174,2025-01-27,1,SE,ARIANAVILLE,1,1300,0.0,493.842,26.0
00174,2025-02-04,2,SE,ARIANAVILLE,1,1300,0.0,1318.718,41.0
00174,2025-02-19,3,SE,ARIANAVILLE,1,1300,0.0,70.568,1.0
00174,2025-03-06,4,SE,ARIANAVILLE,1,1300,0.0,2143.722,13.0
00174,2025-03-09,0,SE,ARIANAVILLE,1,1300,0.0,523.292,27.0
00174,2025-05-13,2,SE,ARIANAVILLE,1,1300,0.0,2806.008,33.0
00174,2025-06-06,5,SE,ARIANAVILLE,1,1300,0.0,20.607,5.0
00174,2025-06-11,3,SE,ARIANAVILLE,1,1300,0.0,42.722,24.0
00174,2025-06-18,3,SE,ARIANAVILLE,1,1300,0.0,50.494,24.0
00174,2025-06-23,1,SE,ARIANAVILLE,1,1300,0.0,243.832,25.0
00174,2025-07-29,2,SE,ARIANAVILLE,1,1300,0.0,481.376,5.0
00174,2025-08-22,5,SE,ARIANAVILLE,1,1300,0.0,269.422,6.0
00174,2025-08-26,2,SE,ARIANAVILLE,1,1300,0.0,170.904,36.0
00174,2025-09-07,0,SE,ARIANAVILLE,1,1300,0.0,388.258,7.0
00174,2025-09-10,3,SE,ARIANAVILLE,1,1300,0.0,724.018,20.0
00174,2025-10-20,1,SE,ARIANAVILLE,1,1300,0.0,115.076,2.0
00174,2025-10-26,0,SE,ARIANAVILLE,1,1300,0.0,281.993,8.0
00174,2025-11-09,0,SE,ARIANAVILLE,1,1300,0.0,62.802,1.0
00174,2025-11-12,3,SE,ARIANAVILLE,1,1300,0.0,67.863,1.0
00174,2025-12-10,3,SE,ARIANAVILLE,1,1300,0.0,3417.169,35.0
00174,2025-12-16,2,SE,ARIANAVILLE,1,1300,0.0,188.11,26.0
00174,2026-04-22,3,SE,ARIANAVILLE,1,1300,0.0,269.72400000000005,3.0
00174,2026-04-29,3,SE,ARIANAVILLE,1,1300,0.0,851.12,27.0
00174,2026-06-26,5,SE,ARIANAVILLE,1,1300,0.0,549.726,74.0
00174,2026-09-13,0,SE,ARIANAVILLE,1,1300,0.0,12290.530000000004,46.0
00174,2026-09-29,2,SE,ARIANAVILLE,1,1300,0.0,2430.708,19.0
00174,2026-10-28,3,SE,ARIANAVILLE,1,1300,0.0,5274.23,81.0
00174,2026-11-06,5,SE,ARIANAVILLE,1,1300,0.0,38.375,24.0
00174,2026-11-18,3,SE,ARIANAVILLE,1,1300,0.0,4127.37,9.0
00174,2026-11-20,5,SE,ARIANAVILLE,1,1300,0.0,105.682,5.0
00174,2026-11-25,3,SE,ARIANAVILLE,1,1300,0.0,2991.296,53.0
00174,2026-12-24,4,SE,ARIANAVILLE,1,1300,0.0,1535.996,9.0
00174,2026-12-28,1,SE,ARIANAVILLE,1,1300,0.0,95.551,1.0
00175,2025-07-29,2,SE,ARIANAVILLE,1,1,0.0,178.548,2.0
00175,2025-10-21,2,SE,ARIANAVILLE,1,1,0.0,30.503,1.0
00175,2025-11-19,3,SE,ARIANAVILLE,1,1,0.0,32.663,1.0
00176,2025-01-06,1,SE,ARIANAVILLE,1,1,0.0,103.953,2.0
00176,2025-03-07,5,SE,ARIANAVILLE,1,1,0.0,382.78499999999997,22.0
00176,2025-05-30,5,SE,ARIANAVILLE,1,1,0.0,203.408,2.0
00176,2025-06-18,3,SE,ARIANAVILLE,1,1,0.0,54.411,1.0
00176,2025-10-24,5,SE,ARIANAVILLE,1,1,0.0,1137.244,8.0
00176,2025-11-23,0,SE,ARIANAVILLE,1,1,0.0,27.034,1.0
00176,2026-09-24,4,SE,ARIANAVILLE,1,1,0.0,1423.464,6.0
00176,2026-10-29,4,SE,ARIANAVILLE,1,1,0.0,316.185,6.0
00176,2026-12-02,3,SE,ARIANAVILLE,1,1,0.0,31.171,1.0
00177,2025-01-03,5,SE,ARIANAVILLE,1,1,0.0,859.152,168.0
00177,2025-07-29,2,SE,ARIANAVILLE,1,1,0.0,385.812,72.0
00177,2025-08-02,6,SE,ARIANAVILLE,1,1,0.0,413.272,2.0
00177,2025-09-21,0,SE,ARIANAVILLE,1,1,0.0,2465.974,7.0
00177,2025-10-13,1,SE,ARIANAVILLE,1,1,0.0,452.742,2.0
00177,2025-10-24,5,SE,ARIANAVILLE,1,1,0.0,12.596,1.0
00177,2025-11-19,3,SE,ARIANAVILLE,1,1,0.0,35.546,1.0
00177,2026-12-02,3,SE,ARIANAVILLE,1,1,0.0,205.798,2.0
00178,2025-04-06,0,SE,HAJEBELAYOUN,1,1,0.0,155.77800000000002,12.0
00178,2026-03-30,1,SE,HAJEBELAYOUN,1,1,0.0,62.114,1.0
00178,2026-04-17,5,SE,HAJEBELAYOUN,1,1,0.0,345.494,2.0
00178,2026-08-27,4,SE,HAJEBELAYOUN,1,1,0.0,568.716,7.0
00178,2026-11-10,2,SE,HAJEBELAYOUN,1,1,0.0,38.375,24.0
00180,2025-01-03,5,GT,RADES,1,1,0.0,668.736,44.0
00181,2025-01-05,0,GT,RADES,1,1,0.0,23.467,1.0
00181,2025-01-11,6,GT,RADES,1,1,0.0,386.02799999999996,26.0
00181,2025-01-12,0,GT,RADES,1,1,0.0,31.171,1.0
00181,2025-01-18,6,GT,RADES,1,1,0.0,227.012,2.0
00181,2025-01-19,0,GT,RADES,1,1,0.0,136.898,48.0
00181,2025-01-26,0,GT,RADES,1,1,0.0,282.27,2.0
00181,2025-02-01,6,GT,RADES,1,1,0.0,382.928,3.0
00181,2025-02-02,0,GT,RADES,1,1,0.0,26.236,24.0
00181,2025-02-08,6,GT,RADES,1,1,0.0,236.688,13.0
00181,2025-02-15,6,GT,RADES,1,1,0.0,160.494,24.0
00181,2025-02-22,6,GT,RADES,1,1,0.0,239.588,2.0
00181,2025-02-23,0,GT,RADES,1,1,0.0,180.442,25.0
00181,2025-03-01,6,GT,RADES,1,1,0.0,509.33,25.0
00181,2025-03-08,6,GT,RADES,1,1,0.0,955.745,51.0
00181,2025-03-09,0,GT,RADES,1,1,0.0,580.112,29.0
00181,2025-03-16,0,GT,RADES,1,1,0.0,75.188,1.0
00181,2025-03-23,0,GT,RADES,1,1,0.0,46.545,2.0
00181,2025-03-30,0,GT,RADES,1,1,0.0,87.445,1.0
00181,2025-04-04,5,GT,RADES,1,1,0.0,116.088,1.0
00181,2025-04-13,0,GT,RADES,1,1,0.0,161.294,25.0
00181,2025-04-20,0,GT,RADES,1,1,0.0,278.722,2.0
00181,2025-04-27,0,GT,RADES,1,1,0.0,279.834,49.0
00181,2025-05-04,0,GT,RADES,1,1,0.0,25.247,12.0
00181,2025-05-12,1,GT,RADES,1,1,0.0,294.348,26.0
00181,2025-05-18,0,GT,RADES,1,1,0.0,87.445,1.0
00181,2025-06-01,0,GT,RADES,1,1,0.0,24.004,24.0
00181,2025-06-08,0,GT,RADES,1,1,0.0,297.54900000000004,3.0
00181,2025-06-24,2,GT,RADES,1,1,0.0,27.616,24.0
00181,2025-06-29,0,GT,RADES,1,1,0.0,282.896,25.0
00181,2025-07-06,0,GT,RADES,1,1,0.0,103.318,1.0
00181,2025-07-13,0,GT,RADES,1,1,0.0,475.50300000000004,72.0
00181,2025-07-20,0,GT,RADES,1,1,0.0,1533.79,75.0
00181,2025-07-27,0,GT,RADES,1,1,0.0,24.349,1.0
00181,2025-08-10,0,GT,RADES,1,1,0.0,703.296,50.0
00181,2025-08-17,0,GT,RADES,1,1,0.0,103.318,1.0
00181,2025-08-24,0,GT,RADES,1,1,0.0,194.364,2.0
00181,2025-08-31,0,GT,RADES,1,1,0.0,103.318,1.0
00181,2025-09-07,0,GT,RADES,1,1,0.0,317.178,72.0
00181,2025-09-14,0,GT,RADES,1,1,0.0,88.172,1.0
00181,2025-09-28,0,GT,RADES,1,1,0.0,806.976,74.0
00181,2025-10-05,0,GT,RADES,1,1,0.0,92.812,1.0
00181,2025-10-12,0,GT,RADES,1,1,0.0,1327.386,6.0
00181,2025-10-19,0,GT,RADES,1,1,0.0,50.387,4.0
00181,2025-10-26,0,GT,RADES,1,1,0.0,964.424,50.0
00181,2025-11-02,0,GT,RADES,1,1,0.0,57.097,24.0
00181,2025-11-09,0,GT,RADES,1,1,0.0,27.034,1.0
00181,2025-11-16,0,GT,RADES,1,1,0.0,87.743,1.0
00181,2025-11-23,0,GT,RADES,1,1,0.0,67.863,1.0
00181,2025-11-30,0,GT,RADES,1,1,0.0,110.284,1.0
00181,2025-12-07,0,GT,RADES,1,1,0.0,271.572,2.0
00181,2025-12-14,0,GT,RADES,1,1,0.0,1965.2040000000002,6.0
00181,2025-12-21,0,GT,RADES,1,1,0.0,736.266,7.0
00181,2025-12-28,0,GT,RADES,1,1,0.0,2127.76,6.0
00181,2026-01-06,2,GT,RADES,1,1,0.0,255.315,6.0
00181,2026-01-13,2,GT,RADES,1,1,0.0,25.092,24.0
00181,2026-01-20,2,GT,RADES,1,1,0.0,484.9,73.0
00181,2026-01-27,2,GT,RADES,1,1,0.0,349.738,2.0
00181,2026-02-03,2,GT,RADES,1,1,0.0,1094.076,7.0
00181,2026-02-10,2,GT,RADES,1,1,0.0,1984.62,79.0
00181,2026-02-17,2,GT,RADES,1,1,0.0,106.087,1.0
00181,2026-02-24,2,GT,RADES,1,1,0.0,259.572,25.0
00181,2026-03-03,2,GT,RADES,1,1,0.0,435.267,49.0
00181,2026-03-10,2,GT,RADES,1,1,0.0,258.462,6.0
00181,2026-03-17,2,GT,RADES,1,1,0.0,1673.76,98.0
00181,2026-03-24,2,GT,RADES,1,1,0.0,115.622,3.0
00181,2026-03-31,2,GT,RADES,1,1,0.0,400.74299999999994,49.0
00181,2026-04-07,2,GT,RADES,1,1,0.0,949.94,4.0
00181,2026-04-14,2,GT,RADES,1,1,0.0,465.856,50.0
00181,2026-04-21,2,GT,RADES,1,1,0.0,623.3100000000001,3.0
00181,2026-04-28,2,GT,RADES,1,1,0.0,1197.1200000000001,77.0
00181,2026-05-12,2,GT,RADES,1,1,0.0,228.92,73.0
00181,2026-05-19,2,GT,RADES,1,1,0.0,414.48,97.0
00181,2026-05-26,2,GT,RADES,1,1,0.0,78.084,25.0
00181,2026-06-09,2,GT,RADES,1,1,0.0,923.6450000000001,99.0
00181,2026-06-16,2,GT,RADES,1,1,0.0,639.36,74.0
00181,2026-06-23,2,GT,RADES,1,1,0.0,1328.27,52.0
00181,2026-06-30,2,GT,RADES,1,1,0.0,160.67,27.0
00181,2026-07-07,2,GT,RADES,1,1,0.0,683.324,27.0
00181,2026-07-14,2,GT,RADES,1,1,0.0,1094.472,7.0
00181,2026-07-28,2,GT,RADES,1,1,0.0,1570.86,76.0
00181,2026-08-04,2,GT,RADES,1,1,0.0,810.8059999999999,5.0
00181,2026-08-11,2,GT,RADES,1,1,0.0,1816.554,124.0
00181,2026-08-25,2,GT,RADES,1,1,0.0,69.002,1.0
00181,2026-09-01,2,GT,RADES,1,1,0.0,1058.032,4.0
00181,2026-09-08,2,GT,RADES,1,1,0.0,239.238,26.0
00181,2026-09-15,2,GT,RADES,1,1,0.0,236.972,25.0
00181,2026-09-22,2,GT,RADES,1,1,0.0,1949.022,29.0
00181,2026-09-29,2,GT,RADES,1,1,0.0,390.04,4.0
00181,2026-10-13,2,GT,RADES,1,1,0.0,1553.005,28.0
00181,2026-10-20,2,GT,RADES,1,1,0.0,330.676,27.0
00181,2026-10-27,2,GT,RADES,1,1,0.0,97.6,1.0
00181,2026-11-17,2,GT,RADES,1,1,0.0,1438.216,75.0
00181,2026-11-22,0,GT,RADES,1,1,0.0,103.739,1.0
00181,2026-12-01,2,GT,RADES,1,1,0.0,538.224,27.0
00181,2026-12-20,0,GT,RADES,1,1,0.0,2758.314,76.0
00181,2026-12-22,2,GT,RADES,1,1,0.0,80.111,1.0
00181,2026-12-29,2,GT,RADES,1,1,0.0,302.318,3.0
00184,2025-01-05,0,GT,RADES,1,1,0.0,144.102,48.0
00184,2025-01-19,0,GT,RADES,1,1,0.0,22.401,1.0
00184,2025-01-26,0,GT,RADES,1,1,0.0,48.196,1.0
00184,2025-02-02,0,GT,RADES,1,1,0.0,42.213,24.0
00184,2025-02-08,6,GT,RADES,1,1,0.0,83.737,1.0
00184,2025-02-09,0,GT,RADES,1,1,0.0,52.367,12.0
00184,2025-02-16,0,GT,RADES,1,1,0.0,75.188,1.0
00184,2025-04-06,0,GT,RADES,1,1,0.0,382.552,2.0
00184,2025-04-27,0,GT,RADES,1,1,0.0,30.503,1.0
00184,2025-05-18,0,GT,RADES,1,1,0.0,25.247,12.0
00184,2025-06-08,0,GT,RADES,1,1,0.0,14.927,3.0
00184,2025-06-15,0,GT,RADES,1,1,0.0,24.004,24.0
00184,2025-07-06,0,GT,RADES,1,1,0.0,19.617,40.0
00184,2025-07-13,0,GT,RADES,1,1,0.0,50.494,24.0
00184,2025-07-20,0,GT,RADES,1,1,0.0,50.494,24.0
00184,2025-09-07,0,GT,RADES,1,1,0.0,55.232,48.0
00184,2025-09-14,0,GT,RADES,1,1,0.0,114.194,48.0
00184,2025-10-05,0,GT,RADES,1,1,0.0,399.646,2.0
00184,2025-10-19,0,GT,RADES,1,1,0.0,86.788,2.0
00184,2025-10-26,0,GT,RADES,1,1,0.0,122.86500000000001,49.0
00184,2025-11-23,0,GT,RADES,1,1,0.0,67.863,1.0
00184,2025-11-30,0,GT,RADES,1,1,0.0,8.671,1.0
00184,2025-12-07,0,GT,RADES,1,1,0.0,57.097,24.0
00184,2026-01-06,2,GT,RADES,1,1,0.0,161.582,48.0
00184,2026-01-13,2,GT,RADES,1,1,0.0,153.334,25.0
00184,2026-02-17,2,GT,RADES,1,1,0.0,20.603,2.0
00184,2026-05-26,2,GT,RADES,1,1,0.0,38.153,24.0
00184,2026-06-09,2,GT,RADES,1,1,0.0,23.699,24.0
00184,2026-06-23,2,GT,RADES,1,1,0.0,414.48,97.0
00184,2026-08-04,2,GT,RADES,1,1,0.0,38.779,24.0
00184,2026-10-20,2,GT,RADES,1,1,0.0,301.764,72.0
00184,2026-10-27,2,GT,RADES,1,1,0.0,22.787,1.0
00184,2026-12-01,2,GT,RADES,1,1,0.0,2164.267,77.0
00185,2026-03-24,2,GT,,1,1,0.0,38.153,24.0
00188,2025-01-11,6,GT,Ariana_Ville,1,1,0.0,54.242,24.0
00188,2025-01-25,6,GT,Ariana_Ville,1,1,0.0,110.284,1.0
00188,2025-02-01,6,GT,Ariana_Ville,1,1,0.0,136.178,1.0
00188,2025-08-17,0,GT,Ariana_Ville,1,1,0.0,50.494,24.0
00188,2025-08-24,0,GT,Ariana_Ville,1,1,0.0,50.494,24.0
00188,2025-08-31,0,GT,Ariana_Ville,1,1,0.0,100.988,48.0
00188,2025-10-05,0,GT,Ariana_Ville,1,1,0.0,37.418,1.0
00188,2025-11-02,0,GT,Ariana_Ville,1,1,0.0,36.278,1.0
00188,2025-11-07,5,GT,Ariana_Ville,1,1,0.0,110.284,1.0
00188,2025-11-09,0,GT,Ariana_Ville,1,1,0.0,35.546,1.0
00188,2025-12-07,0,GT,Ariana_Ville,1,1,0.0,92.812,1.0
00188,2026-01-13,2,GT,Ariana_Ville,1,1,0.0,242.372,72.0
00188,2026-02-03,2,GT,Ariana_Ville,1,1,0.0,40.395,24.0
00188,2026-02-10,2,GT,Ariana_Ville,1,1,0.0,152.614,48.0
00188,2026-02-24,2,GT,Ariana_Ville,1,1,0.0,47.399,48.0
00188,2026-05-19,2,GT,Ariana_Ville,1,1,0.0,343.38,73.0
00188,2026-06-09,2,GT,Ariana_Ville,1,1,0.0,414.48,97.0
00188,2026-08-25,2,GT,Ariana_Ville,1,1,0.0,38.779,24.0
00188,2026-10-13,2,GT,Ariana_Ville,1,1,0.0,23.153,1.0
00189,2025-01-12,0,GT,RADES,1,1,0.0,693.42,3.0
00189,2025-01-14,2,GT,RADES,1,1,0.0,52.047,1.0
00189,2025-01-18,6,GT,RADES,1,1,0.0,606.606,49.0
00189,2025-01-25,6,GT,RADES,1,1,0.0,359.892,19.0
00189,2025-01-26,0,GT,RADES,1,1,0.0,485.524,50.0
00189,2025-02-08,6,GT,RADES,1,1,0.0,83.737,1.0
00189,2025-02-15,6,GT,RADES,1,1,0.0,43.204,8.0
00189,2025-02-22,6,GT,RADES,1,1,0.0,343.38,25.0
00189,2025-02-23,0,GT,RADES,1,1,0.0,291.51,2.0
00189,2025-03-01,6,GT,RADES,1,1,0.0,92.812,1.0
00189,2025-03-08,6,GT,RADES,1,1,0.0,239.778,28.0
00189,2025-03-30,0,GT,RADES,1,1,0.0,75.188,1.0
00189,2025-04-20,0,GT,RADES,1,1,0.0,754.893,55.0
00189,2025-05-04,0,GT,RADES,1,1,0.0,50.494,24.0
00189,2025-05-25,0,GT,RADES,1,1,0.0,265.06,50.0
00189,2025-06-08,0,GT,RADES,1,1,0.0,52.534,1.0
00189,2025-06-15,0,GT,RADES,1,1,0.0,33.986,1.0
00189,2025-09-14,0,GT,RADES,1,1,0.0,264.9,72.0
00189,2025-10-05,0,GT,RADES,1,1,0.0,303.742,72.0
00189,2025-10-26,0,GT,RADES,1,1,0.0,647.103,75.0
00189,2025-11-09,0,GT,RADES,1,1,0.0,110.284,1.0
00189,2025-11-23,0,GT,RADES,1,1,0.0,67.863,1.0
00189,2025-11-30,0,GT,RADES,1,1,0.0,1624.444,56.0
00189,2025-12-07,0,GT,RADES,1,1,0.0,183.836,48.0
00189,2025-12-21,0,GT,RADES,1,1,0.0,54.242,24.0
00189,2025-12-28,0,GT,RADES,1,1,0.0,534.9000000000001,50.0
00189,2026-01-06,2,GT,RADES,1,1,0.0,130.974,48.0
00189,2026-01-27,2,GT,RADES,1,1,0.0,990.168,55.0
00189,2026-02-03,2,GT,RADES,1,1,0.0,106.087,1.0
00189,2026-02-10,2,GT,RADES,1,1,0.0,123.706,48.0
00189,2026-03-03,2,GT,RADES,1,1,0.0,68.782,1.0
00189,2026-03-17,2,GT,RADES,1,1,0.0,18.257,2.0
00189,2026-03-24,2,GT,RADES,1,1,0.0,272.646,73.0
00189,2026-04-07,2,GT,RADES,1,1,0.0,255.33,25.0
00189,2026-05-12,2,GT,RADES,1,1,0.0,370.767,74.0
00189,2026-05-26,2,GT,RADES,1,1,0.0,536.0790000000001,3.0
00189,2026-06-09,2,GT,RADES,1,1,0.0,485.574,121.0
00189,2026-06-23,2,GT,RADES,1,1,0.0,47.399,48.0
00189,2026-07-26,0,GT,RADES,1,1,0.0,113.272,6.0
00189,2026-09-15,2,GT,RADES,1,1,0.0,76.752,48.0
00189,2026-10-06,2,GT,RADES,1,1,0.0,325.6,120.0
00189,2026-10-13,2,GT,RADES,1,1,0.0,81.102,2.0
00189,2026-10-20,2,GT,RADES,1,1,0.0,972.532,50.0
00189,2026-11-17,2,GT,RADES,1,1,0.0,325.6,120.0
00189,2026-12-29,2,GT,RADES,1,1,0.0,68.782,1.0
00190,2025-01-06,1,GT,RADES,1,1,0.0,25.194,1.0
00190,2025-01-16,4,GT,RADES,1,1,0.0,41.91,1.0
00190,2025-01-19,0,GT,RADES,1,1,0.0,8.922,1.0
00190,2025-01-25,6,GT,RADES,1,1,0.0,27.616,5.0
00190,2025-01-26,0,GT,RADES,1,1,0.0,103.163,1.0
00190,2025-02-03,1,GT,RADES,1,1,0.0,35.098,1.0
00190,2025-02-08,6,GT,RADES,1,1,0.0,83.737,1.0
00190,2025-03-23,0,GT,RADES,1,1,0.0,75.188,1.0
00190,2025-04-13,0,GT,RADES,1,1,0.0,70.568,1.0
00190,2025-05-16,5,GT,RADES,1,1,0.0,25.247,12.0
00190,2025-05-18,0,GT,RADES,1,1,0.0,25.247,12.0
00190,2025-05-25,0,GT,RADES,1,1,0.0,24.004,24.0
00190,2025-06-08,0,GT,RADES,1,1,0.0,14.927,3.0
00190,2025-06-10,2,GT,RADES,1,1,0.0,30.503,1.0
00190,2025-06-14,6,GT,RADES,1,1,0.0,106.801,1.0
00190,2025-08-24,0,GT,RADES,1,1,0.0,66.917,1.0
00190,2025-09-21,0,GT,RADES,1,1,0.0,57.097,24.0
00190,2025-10-12,0,GT,RADES,1,1,0.0,62.802,1.0
00190,2025-10-19,0,GT,RADES,1,1,0.0,25.194,2.0
00190,2025-11-09,0,GT,RADES,1,1,0.0,79.33,1.0
00190,2025-11-23,0,GT,RADES,1,1,0.0,67.863,1.0
00190,2025-11-26,3,GT,RADES,1,1,0.0,36.278,1.0
00190,2025-12-03,3,GT,RADES,1,1,0.0,57.097,24.0
00190,2025-12-12,5,GT,RADES,1,1,0.0,57.097,24.0
00190,2025-12-14,0,GT,RADES,1,1,0.0,62.802,1.0
00190,2025-12-23,2,GT,RADES,1,1,0.0,62.802,1.0
00190,2025-12-26,5,GT,RADES,1,1,0.0,42.975,1.0
00190,2026-01-06,2,GT,RADES,1,1,0.0,40.395,24.0
00190,2026-01-20,2,GT,RADES,1,1,0.0,25.092,24.0
00190,2026-01-27,2,GT,RADES,1,1,0.0,349.738,2.0
00190,2026-02-10,2,GT,RADES,1,1,0.0,305.13,9.0
00190,2026-02-17,2,GT,RADES,1,1,0.0,26.576,1.0
00190,2026-02-24,2,GT,RADES,1,1,0.0,26.12,1.0
00190,2026-03-17,2,GT,RADES,1,1,0.0,120.782,25.0
00190,2026-03-31,2,GT,RADES,1,1,0.0,38.153,24.0
00190,2026-04-14,2,GT,RADES,1,1,0.0,38.153,24.0
00190,2026-04-21,2,GT,RADES,1,1,0.0,43.891,48.0
00190,2026-05-05,2,GT,RADES,1,1,0.0,76.307,48.0
00190,2026-05-12,2,GT,RADES,1,1,0.0,228.92,73.0
00190,2026-05-26,2,GT,RADES,1,1,0.0,22.237,1.0
00190,2026-06-16,2,GT,RADES,1,1,0.0,27.238,1.0
00190,2026-06-30,2,GT,RADES,1,1,0.0,22.237,1.0
00190,2026-07-14,2,GT,RADES,1,1,0.0,27.238,1.0
00190,2026-08-25,2,GT,RADES,1,1,0.0,27.238,1.0
00190,2026-09-01,2,GT,RADES,1,1,0.0,38.779,24.0
00190,2026-09-08,2,GT,RADES,1,1,0.0,23.837,24.0
00190,2026-09-22,2,GT,RADES,1,1,0.0,109.728,2.0
00190,2026-09-29,2,GT,RADES,1,1,0.0,52.797,1.0
00190,2026-10-13,2,GT,RADES,1,1,0.0,2148.906,9.0
00190,2026-10-20,2,GT,RADES,1,1,0.0,732.6909999999999,5.0
00190,2026-10-27,2,GT,RADES,1,1,0.0,23.153,1.0
00190,2026-11-10,2,GT,RADES,1,1,0.0,87.783,48.0
00190,2026-12-01,2,GT,RADES,1,1,0.0,938.804,4.0
00190,2026-12-22,2,GT,RADES,1,1,0.0,349.578,2.0
00190,2026-12-29,2,GT,RADES,1,1,0.0,400.424,7.0
00191,2025-01-05,0,GT,RADES,1,1,0.0,116.136,2.0
00191,2025-01-06,1,GT,RADES,1,1,0.0,132.559,24.0
00191,2025-01-11,6,GT,RADES,1,1,0.0,40.426,2.0
00191,2025-01-18,6,GT,RADES,1,1,0.0,472.83000000000004,8.0
00191,2025-02-01,6,GT,RADES,1,1,0.0,1551.084,27.0
00191,2025-02-08,6,GT,RADES,1,1,0.0,832.026,26.0
00191,2025-02-15,6,GT,RADES,1,1,0.0,871.6109999999999,7.0
00191,2025-02-22,6,GT,RADES,1,1,0.0,429.314,19.0
00191,2025-02-23,0,GT,RADES,1,1,0.0,42.213,24.0
00191,2025-03-01,6,GT,RADES,1,1,0.0,500.76599999999996,26.0
00191,2025-03-02,0,GT,RADES,1,1,0.0,546.528,50.0
00191,2025-04-04,5,GT,RADES,1,1,0.0,116.088,1.0
00191,2025-05-11,0,GT,RADES,1,1,0.0,333.164,25.0
00191,2025-05-25,0,GT,RADES,1,1,0.0,24.349,1.0
00191,2025-06-01,0,GT,RADES,1,1,0.0,54.411,1.0
00191,2025-06-08,0,GT,RADES,1,1,0.0,33.986,1.0
00191,2025-06-15,0,GT,RADES,1,1,0.0,71.422,1.0
00191,2025-06-29,0,GT,RADES,1,1,0.0,442.956,89.0
00191,2025-08-17,0,GT,RADES,1,1,0.0,161.996,25.0
00191,2025-08-31,0,GT,RADES,1,1,0.0,1885.495,30.0
00191,2025-09-14,0,GT,RADES,1,1,0.0,777.024,52.0
00191,2025-09-21,0,GT,RADES,1,1,0.0,61.216,1.0
00191,2025-10-05,0,GT,RADES,1,1,0.0,92.812,1.0
00191,2025-10-19,0,GT,RADES,1,1,0.0,57.097,24.0
00191,2025-11-02,0,GT,RADES,1,1,0.0,263.864,26.0
00191,2025-11-09,0,GT,RADES,1,1,0.0,57.097,24.0
00191,2025-11-17,1,GT,RADES,1,1,0.0,87.769,2.0
00191,2025-11-30,0,GT,RADES,1,1,0.0,20.555,1.0
00191,2025-12-07,0,GT,RADES,1,1,0.0,2439.78,100.0
00191,2025-12-14,0,GT,RADES,1,1,0.0,346.172,2.0
00191,2026-02-03,2,GT,RADES,1,1,0.0,334.833,49.0
00191,2026-02-17,2,GT,RADES,1,1,0.0,663.544,4.0
00191,2026-02-24,2,GT,RADES,1,1,0.0,349.738,2.0
00191,2026-03-17,2,GT,RADES,1,1,0.0,2230.1879999999996,53.0
00191,2026-03-24,2,GT,RADES,1,1,0.0,38.153,24.0
00191,2026-03-31,2,GT,RADES,1,1,0.0,1448.544,29.0
00191,2026-04-07,2,GT,RADES,1,1,0.0,123.706,48.0
00191,2026-04-14,2,GT,RADES,1,1,0.0,2080.61,5.0
00191,2026-05-26,2,GT,RADES,1,1,0.0,228.92,73.0
00191,2026-06-16,2,GT,RADES,1,1,0.0,774.344,5.0
00191,2026-06-30,2,GT,RADES,1,1,0.0,38.153,24.0
00191,2026-11-18,3,GT,RADES,1,1,0.0,2371.5,33.0
00191,2026-12-01,2,GT,RADES,1,1,0.0,2642.936,32.0
00192,2025-01-06,1,GT,RADES,1,1,0.0,180.0,12.0
00192,2025-01-14,2,GT,RADES,1,1,0.0,35.098,1.0
00192,2025-02-08,6,GT,RADES,1,1,0.0,23.188,24.0
00192,2025-03-02,0,GT,RADES,1,1,0.0,42.213,24.0
00192,2025-03-24,1,GT,RADES,1,1,0.0,30.503,1.0
00192,2025-04-22,2,GT,RADES,1,1,0.0,26.236,24.0
00192,2025-05-18,0,GT,RADES,1,1,0.0,25.247,12.0
00192,2025-06-15,0,GT,RADES,1,1,0.0,33.986,1.0
00192,2025-06-24,2,GT,RADES,1,1,0.0,329.88,49.0
00192,2025-07-13,0,GT,RADES,1,1,0.0,27.616,24.0
00192,2025-07-27,0,GT,RADES,1,1,0.0,156.22,48.0
00192,2025-08-31,0,GT,RADES,1,1,0.0,302.712,26.0
00192,2025-09-07,0,GT,RADES,1,1,0.0,30.503,1.0
00192,2025-09-14,0,GT,RADES,1,1,0.0,37.676,24.0
00192,2025-09-21,0,GT,RADES,1,1,0.0,57.097,24.0
00192,2025-10-19,0,GT,RADES,1,1,0.0,189.546,48.0
00192,2025-10-22,3,GT,RADES,1,1,0.0,110.284,1.0
00192,2025-10-26,0,GT,RADES,1,1,0.0,57.627,12.0
00192,2025-11-09,0,GT,RADES,1,1,0.0,37.676,24.0
00192,2025-11-12,3,GT,RADES,1,1,0.0,57.097,24.0
00192,2025-11-16,0,GT,RADES,1,1,0.0,110.284,1.0
00192,2025-11-30,0,GT,RADES,1,1,0.0,35.546,1.0
00192,2025-12-14,0,GT,RADES,1,1,0.0,54.242,24.0
00192,2025-12-28,0,GT,RADES,1,1,0.0,42.975,1.0
00192,2026-01-15,4,GT,RADES,1,1,0.0,51.575,1.0
00192,2026-02-10,2,GT,RADES,1,1,0.0,76.306,48.0
00192,2026-03-03,2,GT,RADES,1,1,0.0,18.257,2.0
00192,2026-03-17,2,GT,RADES,1,1,0.0,46.124,1.0
00192,2026-03-31,2,GT,RADES,1,1,0.0,72.634,1.0
00192,2026-04-21,2,GT,RADES,1,1,0.0,38.153,24.0
00192,2026-05-26,2,GT,RADES,1,1,0.0,38.153,24.0
00192,2026-06-09,2,GT,RADES,1,1,0.0,23.699,24.0
00192,2026-06-16,2,GT,RADES,1,1,0.0,93.14,2.0
00192,2026-07-07,2,GT,RADES,1,1,0.0,98.661,1.0
00192,2026-07-14,2,GT,RADES,1,1,0.0,43.891,24.0
00192,2026-08-04,2,GT,RADES,1,1,0.0,19.332,1.0
00192,2026-09-01,2,GT,RADES,1,1,0.0,25.092,24.0
00192,2026-09-15,2,GT,RADES,1,1,0.0,38.375,24.0
00192,2026-11-10,2,GT,RADES,1,1,0.0,124.426,48.0
00194,2025-01-06,1,GT,BOUMHELELBASSATINE,1,1,0.0,37.676,24.0
00194,2025-01-07,2,GT,BOUMHELELBASSATINE,1,1,0.0,68.782,1.0
00194,2025-01-14,2,GT,BOUMHELELBASSATINE,1,1,0.0,26.236,24.0
00194,2025-01-27,1,GT,BOUMHELELBASSATINE,1,1,0.0,37.676,24.0
00194,2025-01-28,2,GT,BOUMHELELBASSATINE,1,1,0.0,33.893,1.0
00194,2025-02-11,2,GT,BOUMHELELBASSATINE,1,1,0.0,42.213,24.0
00194,2025-02-18,2,GT,BOUMHELELBASSATINE,1,1,0.0,42.213,24.0
00194,2025-02-24,1,GT,BOUMHELELBASSATINE,1,1,0.0,47.737,48.0
00194,2025-03-10,1,GT,BOUMHELELBASSATINE,1,1,0.0,24.548,24.0
00194,2025-03-11,2,GT,BOUMHELELBASSATINE,1,1,0.0,116.363,5.0
00194,2025-03-25,2,GT,BOUMHELELBASSATINE,1,1,0.0,22.218,12.0
00194,2025-04-22,2,GT,BOUMHELELBASSATINE,1,1,0.0,26.236,24.0
00194,2025-05-13,2,GT,BOUMHELELBASSATINE,1,1,0.0,24.349,1.0
00194,2025-05-27,2,GT,BOUMHELELBASSATINE,1,1,0.0,24.004,24.0
00194,2025-06-24,2,GT,BOUMHELELBASSATINE,1,1,0.0,27.616,24.0
00194,2025-07-08,2,GT,BOUMHELELBASSATINE,1,1,0.0,61.216,1.0
00194,2025-08-12,2,GT,BOUMHELELBASSATINE,1,1,0.0,140.222,64.0
00194,2025-09-30,2,GT,BOUMHELELBASSATINE,1,1,0.0,57.097,24.0
00194,2025-10-21,2,GT,BOUMHELELBASSATINE,1,1,0.0,189.546,48.0
00194,2025-11-11,2,GT,BOUMHELELBASSATINE,1,1,0.0,37.676,24.0
00194,2025-11-25,2,GT,BOUMHELELBASSATINE,1,1,0.0,67.863,1.0
00194,2025-12-02,2,GT,BOUMHELELBASSATINE,1,1,0.0,339.09000000000003,50.0
00194,2025-12-09,2,GT,BOUMHELELBASSATINE,1,1,0.0,57.097,24.0
00194,2025-12-16,2,GT,BOUMHELELBASSATINE,1,1,0.0,48.591,1.0
00194,2025-12-23,2,GT,BOUMHELELBASSATINE,1,1,0.0,42.975,1.0
00194,2025-12-30,2,GT,BOUMHELELBASSATINE,1,1,0.0,161.302,25.0
00194,2026-01-08,4,GT,BOUMHELELBASSATINE,1,1,0.0,16.187,24.0
00194,2026-02-19,4,GT,BOUMHELELBASSATINE,1,1,0.0,38.153,24.0
00194,2026-03-12,4,GT,BOUMHELELBASSATINE,1,1,0.0,23.699,24.0
00194,2026-04-09,4,GT,BOUMHELELBASSATINE,1,1,0.0,38.153,24.0
00194,2026-05-21,4,GT,BOUMHELELBASSATINE,1,1,0.0,38.153,24.0
00194,2026-06-18,4,GT,BOUMHELELBASSATINE,1,1,0.0,19.332,1.0
00194,2026-07-02,4,GT,BOUMHELELBASSATINE,1,1,0.0,38.153,24.0
00194,2026-07-09,4,GT,BOUMHELELBASSATINE,1,1,0.0,28.054,1.0
00194,2026-08-06,4,GT,BOUMHELELBASSATINE,1,1,0.0,38.779,24.0
00194,2026-08-27,4,GT,BOUMHELELBASSATINE,1,1,0.0,38.779,24.0
00194,2026-09-03,4,GT,BOUMHELELBASSATINE,1,1,0.0,38.375,24.0
00194,2026-09-10,4,GT,BOUMHELELBASSATINE,1,1,0.0,38.375,24.0
00194,2026-09-17,4,GT,BOUMHELELBASSATINE,1,1,0.0,106.425,24.0
00194,2026-09-24,4,GT,BOUMHELELBASSATINE,1,1,0.0,135.456,48.0
00194,2026-10-08,4,GT,BOUMHELELBASSATINE,1,1,0.0,111.55,25.0
00194,2026-10-15,4,GT,BOUMHELELBASSATINE,1,1,0.0,38.375,24.0
00194,2026-10-22,4,GT,BOUMHELELBASSATINE,1,1,0.0,52.797,1.0
00194,2026-11-12,4,GT,BOUMHELELBASSATINE,1,1,0.0,21.119,1.0
00194,2026-11-19,4,GT,BOUMHELELBASSATINE,1,1,0.0,38.375,24.0
00194,2026-12-09,3,GT,BOUMHELELBASSATINE,1,1,0.0,42.213,24.0
00194,2026-12-24,4,GT,BOUMHELELBASSATINE,1,1,0.0,33.501,1.0
00195,2025-01-07,2,GT,BOUMHELELBASSATINE,1,1,0.0,144.102,48.0
00195,2025-01-12,0,GT,BOUMHELELBASSATINE,1,1,0.0,84.48,2.0
00195,2025-02-03,1,GT,BOUMHELELBASSATINE,1,1,0.0,116.088,1.0
00195,2025-02-11,2,GT,BOUMHELELBASSATINE,1,1,0.0,103.124,2.0
00195,2025-02-25,2,GT,BOUMHELELBASSATINE,1,1,0.0,136.898,48.0
00195,2025-03-03,1,GT,BOUMHELELBASSATINE,1,1,0.0,620.494,144.0
00195,2025-03-18,2,GT,BOUMHELELBASSATINE,1,1,0.0,141.896,48.0
00195,2025-03-25,2,GT,BOUMHELELBASSATINE,1,1,0.0,22.218,12.0
00195,2025-05-27,2,GT,BOUMHELELBASSATINE,1,1,0.0,24.004,24.0
00195,2025-06-24,2,GT,BOUMHELELBASSATINE,1,1,0.0,50.494,24.0
00195,2025-07-01,2,GT,BOUMHELELBASSATINE,1,1,0.0,19.617,40.0
00195,2025-08-12,2,GT,BOUMHELELBASSATINE,1,1,0.0,50.494,24.0
00195,2025-08-19,2,GT,BOUMHELELBASSATINE,1,1,0.0,50.494,24.0
00195,2025-08-26,2,GT,BOUMHELELBASSATINE,1,1,0.0,30.037,1.0
00195,2025-09-09,2,GT,BOUMHELELBASSATINE,1,1,0.0,27.616,24.0
00195,2025-09-30,2,GT,BOUMHELELBASSATINE,1,1,0.0,65.668,12.0
00195,2025-10-07,2,GT,BOUMHELELBASSATINE,1,1,0.0,28.814,6.0
00195,2025-11-19,3,GT,BOUMHELELBASSATINE,1,1,0.0,37.676,24.0
00195,2025-11-25,2,GT,BOUMHELELBASSATINE,1,1,0.0,57.097,24.0
00195,2025-12-02,2,GT,BOUMHELELBASSATINE,1,1,0.0,57.097,24.0
00195,2026-01-08,4,GT,BOUMHELELBASSATINE,1,1,0.0,40.395,24.0
00195,2026-01-29,4,GT,BOUMHELELBASSATINE,1,1,0.0,25.092,24.0
00195,2026-02-05,4,GT,BOUMHELELBASSATINE,1,1,0.0,40.395,24.0
00195,2026-03-05,4,GT,BOUMHELELBASSATINE,1,1,0.0,38.153,24.0
00195,2026-04-02,4,GT,BOUMHELELBASSATINE,1,1,0.0,38.153,24.0
00195,2026-04-30,4,GT,BOUMHELELBASSATINE,1,1,0.0,38.153,24.0
00195,2026-05-21,4,GT,BOUMHELELBASSATINE,1,1,0.0,343.38,73.0
00195,2026-06-04,4,GT,BOUMHELELBASSATINE,1,1,0.0,77.33,2.0
00195,2026-06-11,4,GT,BOUMHELELBASSATINE,1,1,0.0,27.238,1.0
00195,2026-07-09,4,GT,BOUMHELELBASSATINE,1,1,0.0,19.332,1.0
00195,2026-08-06,4,GT,BOUMHELELBASSATINE,1,1,0.0,132.034,25.0
00195,2026-09-03,4,GT,BOUMHELELBASSATINE,1,1,0.0,38.375,24.0
00195,2026-09-10,4,GT,BOUMHELELBASSATINE,1,1,0.0,124.426,48.0
00195,2026-09-24,4,GT,BOUMHELELBASSATINE,1,1,0.0,81.373,2.0
00195,2026-10-01,4,GT,BOUMHELELBASSATINE,1,1,0.0,17.4,1.0
00195,2026-10-08,4,GT,BOUMHELELBASSATINE,1,1,0.0,124.426,48.0
00195,2026-10-15,4,GT,BOUMHELELBASSATINE,1,1,0.0,20.488,1.0
00195,2026-11-12,4,GT,BOUMHELELBASSATINE,1,1,0.0,124.426,48.0
00195,2026-11-19,4,GT,BOUMHELELBASSATINE,1,1,0.0,38.375,24.0
00195,2026-12-03,4,GT,BOUMHELELBASSATINE,1,1,0.0,248.106,49.0
00195,2026-12-09,3,GT,BOUMHELELBASSATINE,1,1,0.0,84.48,2.0
00196,2025-01-14,2,GT,BOUMHELELBASSATINE,1,1,0.0,26.236,24.0
00196,2025-02-11,2,GT,BOUMHELELBASSATINE,1,1,0.0,52.367,12.0
00196,2025-03-11,2,GT,BOUMHELELBASSATINE,1,1,0.0,46.545,2.0
00196,2025-03-31,1,GT,BOUMHELELBASSATINE,1,1,0.0,24.349,1.0
00196,2025-04-08,2,GT,BOUMHELELBASSATINE,1,1,0.0,34.688,2.0
00196,2025-05-06,2,GT,BOUMHELELBASSATINE,1,1,0.0,20.275,24.0
00196,2025-05-13,2,GT,BOUMHELELBASSATINE,1,1,0.0,25.247,12.0
00196,2026-01-22,4,GT,BOUMHELELBASSATINE,1,1,0.0,40.395,24.0
00196,2026-06-18,4,GT,BOUMHELELBASSATINE,1,1,0.0,72.634,1.0
00196,2026-08-06,4,GT,BOUMHELELBASSATINE,1,1,0.0,38.779,24.0
00196,2026-09-03,4,GT,BOUMHELELBASSATINE,1,1,0.0,107.609,6.0
00196,2026-09-17,4,GT,BOUMHELELBASSATINE,1,1,0.0,17.4,1.0
00196,2026-10-22,4,GT,BOUMHELELBASSATINE,1,1,0.0,34.798,2.0
00197,2025-02-11,2,GT,BOUMHELELBASSATINE,1,1,0.0,42.213,24.0
00197,2025-03-25,2,GT,BOUMHELELBASSATINE,1,1,0.0,75.188,1.0
00197,2025-04-08,2,GT,BOUMHELELBASSATINE,1,1,0.0,26.236,24.0
00197,2025-04-22,2,GT,BOUMHELELBASSATINE,1,1,0.0,26.236,24.0
00197,2025-05-06,2,GT,BOUMHELELBASSATINE,1,1,0.0,27.616,24.0
00197,2025-05-13,2,GT,BOUMHELELBASSATINE,1,1,0.0,25.247,12.0
00197,2025-07-15,2,GT,BOUMHELELBASSATINE,1,1,0.0,27.616,24.0
00197,2026-04-30,4,GT,BOUMHELELBASSATINE,1,1,0.0,38.153,24.0
00197,2026-10-15,4,GT,BOUMHELELBASSATINE,1,1,0.0,68.592,2.0
00197,2026-10-22,4,GT,BOUMHELELBASSATINE,1,1,0.0,17.4,1.0
00198,2026-01-09,5,SE,,1,1,0.0,200.13299999999998,3.0
00198,2026-01-13,2,SE,,1,1,0.0,264.67499999999995,18.0
00198,2026-01-20,2,SE,,1,1,0.0,161.582,48.0
00198,2026-01-27,2,SE,,1,1,0.0,1022.734,19.0
00198,2026-02-03,2,SE,,1,1,0.0,1786.625,75.0
00198,2026-02-11,3,SE,,1,1,0.0,366.801,26.0
00198,2026-02-22,0,SE,,1,1,0.0,78.537,2.0
00198,2026-02-24,2,SE,,1,1,0.0,38.153,24.0
00198,2026-03-03,2,SE,,1,1,0.0,26.576,1.0
00198,2026-03-04,3,SE,,1,1,0.0,1835.115,92.0
00198,2026-03-11,3,SE,,1,1,0.0,284.522,8.0
00198,2026-03-17,2,SE,,1,1,0.0,1109.94,32.0
00198,2026-03-24,2,SE,,1,1,0.0,212.174,2.0
00198,2026-03-31,2,SE,,1,1,0.0,4166.321999999999,45.0
00198,2026-04-07,2,SE,,1,1,0.0,150.55,25.0
00198,2026-04-14,2,SE,,1,1,0.0,38.153,24.0
00198,2026-04-24,5,SE,,1,1,0.0,150.124,49.0
00198,2026-04-28,2,SE,,1,1,0.0,6989.899999999999,80.0
00198,2026-05-08,5,SE,,1,1,0.0,6053.079999999999,192.0
00198,2026-05-12,2,SE,,1,1,0.0,286.912,2.0
00198,2026-05-26,2,SE,,1,1,0.0,635.736,75.0
00198,2026-06-01,1,SE,,1,1,0.0,225.138,24.0
00198,2026-06-16,2,SE,,1,1,0.0,2190.438,163.0
00198,2026-06-25,4,SE,,1,1,0.0,669.735,4.0
00198,2026-06-30,2,SE,,1,1,0.0,106.087,1.0
00198,2026-07-05,0,SE,,1,1,0.0,343.006,7.0
00198,2026-07-09,4,SE,,1,1,0.0,116.46,2.0
00198,2026-08-04,2,SE,,1,1,0.0,642.483,51.0
00198,2026-08-13,4,SE,,1,1,0.0,1472.744,6.0
00198,2026-08-25,2,SE,,1,1,0.0,1511.272,57.0
00198,2026-09-03,4,SE,,1,1,0.0,61.993,1.0
00198,2026-09-08,2,SE,,1,1,0.0,4698.04,57.0
00198,2026-09-15,2,SE,,1,1,0.0,338.654,2.0
00198,2026-09-22,2,SE,,1,1,0.0,660.804,74.0
00198,2026-09-29,2,SE,,1,1,0.0,936.632,27.0
00198,2026-10-06,2,SE,,1,1,0.0,506.562,36.0
00198,2026-10-13,2,SE,,1,1,0.0,2292.616,78.0
00198,2026-10-20,2,SE,,1,1,0.0,106.425,24.0
00198,2026-10-27,2,SE,,1,1,0.0,3866.1420000000003,130.0
00198,2026-11-10,2,SE,,1,1,0.0,1071.896,73.0
00198,2026-11-17,2,SE,,1,1,0.0,19493.708,41.0
00199,2025-01-06,1,GT,EZZAHRA,1,1,0.0,37.676,24.0
00199,2025-01-07,2,GT,EZZAHRA,1,1,0.0,68.782,1.0
00199,2025-01-13,1,GT,EZZAHRA,1,1,0.0,54.242,24.0
00199,2025-03-18,2,GT,EZZAHRA,1,1,0.0,142.845,2.0
00199,2025-03-25,2,GT,EZZAHRA,1,1,0.0,22.218,12.0
00199,2025-04-09,3,GT,EZZAHRA,1,1,0.0,71.422,1.0
00199,2025-04-23,3,GT,EZZAHRA,1,1,0.0,148.371,36.0
00199,2025-05-31,6,GT,EZZAHRA,1,1,0.0,116.088,1.0
00199,2025-08-19,2,GT,EZZAHRA,1,1,0.0,48.39,23.0
00199,2025-09-01,1,GT,EZZAHRA,1,1,0.0,33.865,1.0
00199,2025-11-04,2,GT,EZZAHRA,1,1,0.0,57.097,24.0
00199,2025-12-16,2,GT,EZZAHRA,1,1,0.0,85.951,2.0
00199,2026-06-18,4,GT,EZZAHRA,1,1,0.0,36.88,2.0
00199,2026-09-10,4,GT,EZZAHRA,1,1,0.0,47.675,48.0
00199,2026-10-01,4,GT,EZZAHRA,1,1,0.0,307.004,96.0
00200,2025-01-02,4,GT,EZZAHRA,1,1,0.0,52.047,1.0
00200,2025-01-14,2,GT,EZZAHRA,1,1,0.0,68.782,1.0
00200,2025-01-21,2,GT,EZZAHRA,1,1,0.0,425.949,4.0
00200,2025-01-27,1,GT,EZZAHRA,1,1,0.0,313.632,2.0
00200,2025-02-07,5,GT,EZZAHRA,1,1,0.0,33.893,1.0
00200,2025-02-11,2,GT,EZZAHRA,1,1,0.0,57.804,1.0
00200,2025-02-25,2,GT,EZZAHRA,1,1,0.0,149.62,2.0
00200,2025-03-18,2,GT,EZZAHRA,1,1,0.0,282.27,2.0
00200,2025-03-25,2,GT,EZZAHRA,1,1,0.0,247.95299999999997,16.0
00200,2025-04-08,2,GT,EZZAHRA,1,1,0.0,111.088,1.0
00200,2025-04-23,3,GT,EZZAHRA,1,1,0.0,52.472,48.0
00200,2025-05-30,5,GT,EZZAHRA,1,1,0.0,1591.472,27.0
00200,2025-05-31,6,GT,EZZAHRA,1,1,0.0,66.093,15.0
00200,2025-06-09,1,GT,EZZAHRA,1,1,0.0,54.003,24.0
00200,2025-07-22,2,GT,EZZAHRA,1,1,0.0,103.318,1.0
00200,2025-08-16,6,GT,EZZAHRA,1,1,0.0,501.316,52.0
00200,2025-08-29,5,GT,EZZAHRA,1,1,0.0,30.503,1.0
00200,2025-09-23,2,GT,EZZAHRA,1,1,0.0,74.525,1.0
00200,2025-10-15,3,GT,EZZAHRA,1,1,0.0,110.284,1.0
00200,2025-10-18,6,GT,EZZAHRA,1,1,0.0,37.676,24.0
00200,2025-10-28,2,GT,EZZAHRA,1,1,0.0,116.088,1.0
00200,2025-12-02,2,GT,EZZAHRA,1,1,0.0,57.097,24.0
00200,2025-12-16,2,GT,EZZAHRA,1,1,0.0,85.951,2.0
00200,2026-01-15,4,GT,EZZAHRA,1,1,0.0,81.956,2.0
00200,2026-02-05,4,GT,EZZAHRA,1,1,0.0,1085.104,6.0
00200,2026-03-05,4,GT,EZZAHRA,1,1,0.0,702.988,4.0
00200,2026-03-18,3,GT,EZZAHRA,1,1,0.0,892.434,4.0
00200,2026-04-02,4,GT,EZZAHRA,1,1,0.0,124.228,2.0
00200,2026-04-09,4,GT,EZZAHRA,1,1,0.0,873.82,5.0
00200,2026-05-21,4,GT,EZZAHRA,1,1,0.0,124.228,2.0
00200,2026-06-11,4,GT,EZZAHRA,1,1,0.0,22.237,1.0
00200,2026-06-18,4,GT,EZZAHRA,1,1,0.0,56.108,2.0
00200,2026-06-25,4,GT,EZZAHRA,1,1,0.0,71.728,1.0
00200,2026-07-02,4,GT,EZZAHRA,1,1,0.0,38.153,24.0
00200,2026-07-12,0,GT,EZZAHRA,1,1,0.0,559.0980000000001,51.0
00200,2026-09-03,4,GT,EZZAHRA,1,1,0.0,65.343,1.0
00200,2026-09-07,1,GT,EZZAHRA,1,1,0.0,38.375,24.0
00200,2026-09-10,4,GT,EZZAHRA,1,1,0.0,125.543,7.0
00200,2026-09-24,4,GT,EZZAHRA,1,1,0.0,54.864,2.0
00200,2026-10-01,4,GT,EZZAHRA,1,1,0.0,259.096,49.0
00200,2026-11-12,4,GT,EZZAHRA,1,1,0.0,211.053,3.0
00201,2025-01-02,4,GT,EZZAHRA,1,1,0.0,9.128,1.0
00201,2025-01-21,2,GT,EZZAHRA,1,1,0.0,71.422,1.0
00201,2025-02-07,5,GT,EZZAHRA,1,1,0.0,26.236,24.0
00201,2025-02-18,2,GT,EZZAHRA,1,1,0.0,87.462,6.0
00201,2025-03-18,2,GT,EZZAHRA,1,1,0.0,33.865,1.0
00201,2025-03-25,2,GT,EZZAHRA,1,1,0.0,43.891,24.0
00201,2025-04-08,2,GT,EZZAHRA,1,1,0.0,71.422,1.0
00201,2025-05-20,2,GT,EZZAHRA,1,1,0.0,24.349,1.0
00201,2025-08-12,2,GT,EZZAHRA,1,1,0.0,87.445,1.0
00201,2025-09-01,1,GT,EZZAHRA,1,1,0.0,170.904,36.0
00201,2025-10-07,2,GT,EZZAHRA,1,1,0.0,22.838,1.0
00201,2025-11-04,2,GT,EZZAHRA,1,1,0.0,48.591,1.0
00201,2025-11-25,2,GT,EZZAHRA,1,1,0.0,67.863,1.0
00201,2025-12-02,2,GT,EZZAHRA,1,1,0.0,154.33,2.0
00201,2025-12-09,2,GT,EZZAHRA,1,1,0.0,116.088,1.0
00201,2026-01-08,4,GT,EZZAHRA,1,1,0.0,25.092,24.0
00201,2026-01-22,4,GT,EZZAHRA,1,1,0.0,40.395,24.0
00201,2026-03-12,4,GT,EZZAHRA,1,1,0.0,38.153,24.0
00201,2026-04-23,4,GT,EZZAHRA,1,1,0.0,38.153,24.0
00201,2026-06-11,4,GT,EZZAHRA,1,1,0.0,98.661,1.0
00201,2026-06-18,4,GT,EZZAHRA,1,1,0.0,72.634,1.0
00201,2026-10-22,4,GT,EZZAHRA,1,1,0.0,34.798,2.0
00201,2026-10-29,4,GT,EZZAHRA,1,1,0.0,23.837,24.0
00202,2025-03-26,3,GT,EZZAHRA,1,1,0.0,22.218,12.0
00202,2025-04-30,3,GT,EZZAHRA,1,1,0.0,24.349,1.0
00202,2025-05-07,3,GT,EZZAHRA,1,1,0.0,87.445,1.0
00202,2025-07-23,3,GT,EZZAHRA,1,1,0.0,172.85,13.0
00202,2025-09-01,1,GT,EZZAHRA,1,1,0.0,135.462,2.0
00202,2026-06-05,5,GT,EZZAHRA,1,1,0.0,452.548,4.0
00203,2025-01-07,2,GT,BABBHAR,1,1,0.0,106.708,3.0
00203,2025-01-28,2,GT,BABBHAR,1,1,0.0,2271.08,7.0
00203,2025-02-11,2,GT,BABBHAR,1,1,0.0,1015.712,30.0
00203,2025-03-11,2,GT,BABBHAR,1,1,0.0,1194.612,4.0
00203,2025-05-14,3,GT,BABBHAR,1,1,0.0,109.704,2.0
00203,2025-06-11,3,GT,BABBHAR,1,1,0.0,71.422,1.0
00203,2025-06-18,3,GT,BABBHAR,1,1,0.0,636.432,73.0
00203,2025-06-25,3,GT,BABBHAR,1,1,0.0,156.22,48.0
00203,2025-10-22,3,GT,BABBHAR,1,1,0.0,62.802,1.0
00203,2025-10-29,3,GT,BABBHAR,1,1,0.0,1002.32,39.0
00203,2025-11-12,3,GT,BABBHAR,1,1,0.0,205.102,5.0
00203,2025-11-19,3,GT,BABBHAR,1,1,0.0,274.636,2.0
00203,2025-11-26,3,GT,BABBHAR,1,1,0.0,67.863,1.0
00203,2025-12-03,3,GT,BABBHAR,1,1,0.0,104.298,3.0
00203,2025-12-10,3,GT,BABBHAR,1,1,0.0,713.832,27.0
00203,2025-12-24,3,GT,BABBHAR,1,1,0.0,695.824,27.0
00203,2026-01-09,5,GT,BABBHAR,1,1,0.0,267.96,52.0
00203,2026-02-06,5,GT,BABBHAR,1,1,0.0,292.964,25.0
00203,2026-02-13,5,GT,BABBHAR,1,1,0.0,109.512,25.0
00203,2026-02-20,5,GT,BABBHAR,1,1,0.0,639.066,26.0
00203,2026-03-06,5,GT,BABBHAR,1,1,0.0,504.83399999999995,72.0
00203,2026-03-13,5,GT,BABBHAR,1,1,0.0,138.65,25.0
00203,2026-03-27,5,GT,BABBHAR,1,1,0.0,336.858,3.0
00203,2026-04-10,5,GT,BABBHAR,1,1,0.0,106.425,24.0
00203,2026-04-24,5,GT,BABBHAR,1,1,0.0,787.956,50.0
00203,2026-05-22,5,GT,BABBHAR,1,1,0.0,228.92,73.0
00203,2026-05-29,5,GT,BABBHAR,1,1,0.0,263.908,2.0
00203,2026-06-12,5,GT,BABBHAR,1,1,0.0,27.238,1.0
00203,2026-07-03,5,GT,BABBHAR,1,1,0.0,210.519,3.0
00203,2026-08-07,5,GT,BABBHAR,1,1,0.0,1193.22,6.0
00203,2026-08-28,5,GT,BABBHAR,1,1,0.0,99.722,1.0
00203,2026-09-25,5,GT,BABBHAR,1,1,0.0,426.798,26.0
00203,2026-10-23,5,GT,BABBHAR,1,1,0.0,151.552,4.0
00203,2026-11-06,5,GT,BABBHAR,1,1,0.0,1017.744,98.0
00204,2025-01-09,4,GT,BABBHAR,1,1,0.0,25.194,1.0
00204,2025-01-28,2,GT,BABBHAR,1,1,0.0,37.676,24.0
00204,2025-02-04,2,GT,BABBHAR,1,1,0.0,116.088,1.0
00204,2025-02-11,2,GT,BABBHAR,1,1,0.0,108.484,48.0
00204,2025-03-11,2,GT,BABBHAR,1,1,0.0,343.38,25.0
00204,2025-07-23,3,GT,BABBHAR,1,1,0.0,201.976,48.0
00204,2025-10-15,3,GT,BABBHAR,1,1,0.0,868.32,27.0
00204,2025-10-29,3,GT,BABBHAR,1,1,0.0,861.8399999999999,50.0
00204,2025-11-12,3,GT,BABBHAR,1,1,0.0,19.906,1.0
00204,2025-11-19,3,GT,BABBHAR,1,1,0.0,54.411,1.0
00204,2025-11-21,5,GT,BABBHAR,1,1,0.0,116.088,1.0
00204,2025-11-26,3,GT,BABBHAR,1,1,0.0,67.863,1.0
00204,2025-12-03,3,GT,BABBHAR,1,1,0.0,92.812,1.0
00204,2025-12-10,3,GT,BABBHAR,1,1,0.0,110.284,1.0
00204,2025-12-24,3,GT,BABBHAR,1,1,0.0,211.554,2.0
00204,2026-01-16,5,GT,BABBHAR,1,1,0.0,40.395,24.0
00204,2026-01-23,5,GT,BABBHAR,1,1,0.0,560.634,49.0
00204,2026-02-13,5,GT,BABBHAR,1,1,0.0,152.614,48.0
00204,2026-03-06,5,GT,BABBHAR,1,1,0.0,152.614,48.0
00204,2026-04-10,5,GT,BABBHAR,1,1,0.0,71.728,1.0
00204,2026-05-22,5,GT,BABBHAR,1,1,0.0,38.153,24.0
00204,2026-06-16,2,GT,BABBHAR,1,1,0.0,28.054,1.0
00204,2026-08-21,5,GT,BABBHAR,1,1,0.0,77.559,48.0
00204,2026-10-02,5,GT,BABBHAR,1,1,0.0,69.002,1.0
00205,2025-01-11,6,GT,BABBHAR,1,1,0.0,54.242,24.0
00205,2025-01-13,1,GT,BABBHAR,1,1,0.0,52.047,1.0
00205,2025-01-30,4,GT,BABBHAR,1,1,0.0,54.242,24.0
00205,2025-03-06,4,GT,BABBHAR,1,1,0.0,361.85,4.0
00205,2025-04-22,2,GT,BABBHAR,1,1,0.0,71.422,1.0
00205,2025-05-11,0,GT,BABBHAR,1,1,0.0,54.378,1.0
00205,2025-05-13,2,GT,BABBHAR,1,1,0.0,25.247,12.0
00205,2025-05-18,0,GT,BABBHAR,1,1,0.0,25.247,12.0
00205,2025-05-20,2,GT,BABBHAR,1,1,0.0,24.349,1.0
00205,2025-05-21,3,GT,BABBHAR,1,1,0.0,71.422,1.0
00205,2025-05-23,5,GT,BABBHAR,1,1,0.0,24.349,1.0
00205,2025-05-30,5,GT,BABBHAR,1,1,0.0,24.004,24.0
00205,2025-06-06,5,GT,BABBHAR,1,1,0.0,106.801,1.0
00205,2025-06-09,1,GT,BABBHAR,1,1,0.0,54.003,24.0
00205,2025-06-11,3,GT,BABBHAR,1,1,0.0,11.636,1.0
00205,2025-06-13,5,GT,BABBHAR,1,1,0.0,11.636,1.0
00205,2025-06-16,1,GT,BABBHAR,1,1,0.0,11.636,1.0
00205,2025-06-18,3,GT,BABBHAR,1,1,0.0,50.494,24.0
00205,2025-06-20,5,GT,BABBHAR,1,1,0.0,87.445,1.0
00205,2025-06-21,6,GT,BABBHAR,1,1,0.0,106.801,1.0
00205,2025-06-24,2,GT,BABBHAR,1,1,0.0,27.616,24.0
00205,2025-06-27,5,GT,BABBHAR,1,1,0.0,50.494,24.0
00205,2025-07-14,1,GT,BABBHAR,1,1,0.0,50.494,24.0
00205,2025-07-29,2,GT,BABBHAR,1,1,0.0,50.494,24.0
00205,2025-08-12,2,GT,BABBHAR,1,1,0.0,81.454,7.0
00205,2025-08-22,5,GT,BABBHAR,1,1,0.0,50.494,24.0
00205,2025-09-05,5,GT,BABBHAR,1,1,0.0,50.494,24.0
00205,2025-09-06,6,GT,BABBHAR,1,1,0.0,50.494,24.0
00205,2025-09-07,0,GT,BABBHAR,1,1,0.0,50.494,24.0
00205,2025-09-13,6,GT,BABBHAR,1,1,0.0,12.596,1.0
00205,2025-09-19,5,GT,BABBHAR,1,1,0.0,88.172,1.0
00205,2025-09-21,0,GT,BABBHAR,1,1,0.0,91.356,2.0
00205,2025-09-26,5,GT,BABBHAR,1,1,0.0,149.67,2.0
00205,2025-10-03,5,GT,BABBHAR,1,1,0.0,116.088,1.0
00205,2025-10-10,5,GT,BABBHAR,1,1,0.0,142.186,2.0
00205,2025-10-14,2,GT,BABBHAR,1,1,0.0,79.33,1.0
00205,2025-10-17,5,GT,BABBHAR,1,1,0.0,25.194,2.0
00205,2025-10-21,2,GT,BABBHAR,1,1,0.0,25.194,2.0
00205,2025-10-24,5,GT,BABBHAR,1,1,0.0,25.194,2.0
00205,2025-10-31,5,GT,BABBHAR,1,1,0.0,57.097,24.0
00205,2025-11-07,5,GT,BABBHAR,1,1,0.0,110.284,1.0
00205,2025-11-19,3,GT,BABBHAR,1,1,0.0,57.097,24.0
00205,2025-11-21,5,GT,BABBHAR,1,1,0.0,110.284,1.0
00205,2025-11-26,3,GT,BABBHAR,1,1,0.0,69.875,1.0
00205,2025-11-28,5,GT,BABBHAR,1,1,0.0,217.644,2.0
00205,2025-12-03,3,GT,BABBHAR,1,1,0.0,33.893,1.0
00205,2025-12-05,5,GT,BABBHAR,1,1,0.0,92.812,1.0
00205,2025-12-10,3,GT,BABBHAR,1,1,0.0,19.906,1.0
00205,2025-12-16,2,GT,BABBHAR,1,1,0.0,59.972,1.0
00207,2025-01-28,2,GT,BABBHAR,1,1,0.0,91.918,48.0
00207,2025-10-22,3,GT,BABBHAR,1,1,0.0,346.172,2.0
00207,2025-11-11,2,GT,BABBHAR,1,1,0.0,335.979,26.0
00207,2025-11-12,3,GT,BABBHAR,1,1,0.0,110.284,1.0
00207,2025-11-19,3,GT,BABBHAR,1,1,0.0,67.863,1.0
00207,2025-11-21,5,GT,BABBHAR,1,1,0.0,106.386,5.0
00207,2025-11-26,3,GT,BABBHAR,1,1,0.0,67.863,1.0
00207,2025-12-03,3,GT,BABBHAR,1,1,0.0,346.37,25.0
00207,2026-01-23,5,GT,BABBHAR,1,1,0.0,292.964,25.0
00207,2026-02-20,5,GT,BABBHAR,1,1,0.0,38.153,24.0
00207,2026-04-10,5,GT,BABBHAR,1,1,0.0,38.153,24.0
00207,2026-05-29,5,GT,BABBHAR,1,1,0.0,201.566,2.0
00207,2026-07-03,5,GT,BABBHAR,1,1,0.0,38.153,24.0
00208,2025-01-05,0,GT,BABBHAR,1,1,0.0,110.284,1.0
00208,2025-01-07,2,GT,BABBHAR,1,1,0.0,276.52,2.0
00208,2025-01-11,6,GT,BABBHAR,1,1,0.0,40.426,2.0
00208,2025-01-28,2,GT,BABBHAR,1,1,0.0,1395.5699999999997,75.0
00208,2025-02-04,2,GT,BABBHAR,1,1,0.0,200.74,8.0
00208,2025-02-11,2,GT,BABBHAR,1,1,0.0,289.38,31.0
00208,2025-02-23,0,GT,BABBHAR,1,1,0.0,218.329,96.0
00208,2025-02-25,2,GT,BABBHAR,1,1,0.0,632.442,26.0
00208,2025-03-11,2,GT,BABBHAR,1,1,0.0,267.381,3.0
00208,2025-04-27,0,GT,BABBHAR,1,1,0.0,26.236,24.0
00208,2025-05-07,3,GT,BABBHAR,1,1,0.0,25.247,12.0
00208,2025-05-21,3,GT,BABBHAR,1,1,0.0,31.768,1.0
00208,2025-06-18,3,GT,BABBHAR,1,1,0.0,250.676,49.0
00208,2025-07-04,5,GT,BABBHAR,1,1,0.0,50.494,24.0
00208,2025-07-23,3,GT,BABBHAR,1,1,0.0,54.003,24.0
00208,2025-11-21,5,GT,BABBHAR,1,1,0.0,110.284,1.0
00208,2025-12-02,2,GT,BABBHAR,1,1,0.0,217.644,2.0
00208,2025-12-03,3,GT,BABBHAR,1,1,0.0,903.388,51.0
00208,2025-12-24,3,GT,BABBHAR,1,1,0.0,1964.555,53.0
00208,2026-02-06,5,GT,BABBHAR,1,1,0.0,106.087,1.0
00208,2026-10-14,3,GT,BABBHAR,1,1,0.0,933.3989999999999,35.0
00208,2026-11-13,5,GT,BABBHAR,1,1,0.0,2995.371,32.0
00209,2025-04-07,1,GT,BABBHAR,1,1,0.0,67.863,1.0
00209,2025-04-23,3,GT,BABBHAR,1,1,0.0,26.236,24.0
00209,2025-04-30,3,GT,BABBHAR,1,1,0.0,25.247,12.0
00209,2025-05-14,3,GT,BABBHAR,1,1,0.0,54.378,1.0
00209,2025-06-02,1,GT,BABBHAR,1,1,0.0,96.016,48.0
00209,2025-06-04,3,GT,BABBHAR,1,1,0.0,58.068,24.0
00209,2025-06-11,3,GT,BABBHAR,1,1,0.0,23.272,2.0
00209,2025-06-18,3,GT,BABBHAR,1,1,0.0,27.616,24.0
00209,2025-10-18,6,GT,BABBHAR,1,1,0.0,57.097,24.0
00209,2025-11-03,1,GT,BABBHAR,1,1,0.0,48.591,1.0
00209,2026-01-02,5,GT,BABBHAR,1,1,0.0,40.395,24.0
00209,2026-01-09,5,GT,BABBHAR,1,1,0.0,40.395,24.0
00209,2026-01-16,5,GT,BABBHAR,1,1,0.0,554.892,50.0
00209,2026-02-13,5,GT,BABBHAR,1,1,0.0,274.288,2.0
00209,2026-03-27,5,GT,BABBHAR,1,1,0.0,288.48,25.0
00209,2026-04-10,5,GT,BABBHAR,1,1,0.0,71.728,1.0
00209,2026-05-22,5,GT,BABBHAR,1,1,0.0,100.783,1.0
00209,2026-06-12,5,GT,BABBHAR,1,1,0.0,98.661,1.0
00209,2026-07-03,5,GT,BABBHAR,1,1,0.0,158.008,48.0
00209,2026-10-23,5,GT,BABBHAR,1,1,0.0,18.155,24.0
00213,2025-01-07,2,GT,BABBHAR,1,1,0.0,37.676,24.0
00213,2025-11-12,3,GT,BABBHAR,1,1,0.0,469.89300000000003,26.0
00213,2025-11-19,3,GT,BABBHAR,1,1,0.0,19.906,1.0
00213,2025-12-03,3,GT,BABBHAR,1,1,0.0,488.679,26.0
00213,2025-12-10,3,GT,BABBHAR,1,1,0.0,194.434,25.0
00213,2025-12-24,3,GT,BABBHAR,1,1,0.0,85.951,2.0
00214,2025-01-07,2,GT,BABBHAR,1,1,0.0,606.606,49.0
00214,2025-01-08,3,GT,BABBHAR,1,1,0.0,1792.9029999999998,53.0
00214,2025-01-28,2,GT,BABBHAR,1,1,0.0,37.676,24.0
00214,2025-02-04,2,GT,BABBHAR,1,1,0.0,1111.34,58.0
00214,2025-02-11,2,GT,BABBHAR,1,1,0.0,283.07,25.0
00214,2025-02-25,2,GT,BABBHAR,1,1,0.0,716.58,26.0
00214,2025-02-26,3,GT,BABBHAR,1,1,0.0,2525.4179999999997,101.0
00214,2025-03-11,2,GT,BABBHAR,1,1,0.0,3175.6059999999998,87.0
00214,2025-03-12,3,GT,BABBHAR,1,1,0.0,713.46,4.0
00214,2025-03-19,3,GT,BABBHAR,1,1,0.0,541.164,50.0
00214,2025-03-26,3,GT,BABBHAR,1,1,0.0,23.272,1.0
00214,2025-04-09,3,GT,BABBHAR,1,1,0.0,67.863,1.0
00214,2025-04-16,3,GT,BABBHAR,1,1,0.0,165.95,49.0
00214,2025-04-23,3,GT,BABBHAR,1,1,0.0,412.059,50.0
00214,2025-05-14,3,GT,BABBHAR,1,1,0.0,1106.612,51.0
00214,2025-05-21,3,GT,BABBHAR,1,1,0.0,24.349,1.0
00214,2025-06-11,3,GT,BABBHAR,1,1,0.0,1180.8,5.0
00214,2025-06-25,3,GT,BABBHAR,1,1,0.0,270.558,3.0
00214,2025-07-16,3,GT,BABBHAR,1,1,0.0,52.598,25.0
00214,2025-07-23,3,GT,BABBHAR,1,1,0.0,201.976,48.0
00214,2025-10-15,3,GT,BABBHAR,1,1,0.0,361.152,26.0
00214,2025-10-29,3,GT,BABBHAR,1,1,0.0,1462.544,62.0
00214,2025-11-19,3,GT,BABBHAR,1,1,0.0,772.23,97.0
00214,2025-11-26,3,GT,BABBHAR,1,1,0.0,103.163,1.0
00214,2025-12-03,3,GT,BABBHAR,1,1,0.0,574.08,50.0
00214,2025-12-10,3,GT,BABBHAR,1,1,0.0,551.2860000000001,3.0
00214,2025-12-24,3,GT,BABBHAR,1,1,0.0,945.064,27.0
00214,2026-01-02,5,GT,BABBHAR,1,1,0.0,40.395,24.0
00214,2026-01-09,5,GT,BABBHAR,1,1,0.0,183.94,25.0
00214,2026-01-16,5,GT,BABBHAR,1,1,0.0,778.58,4.0
00214,2026-01-30,5,GT,BABBHAR,1,1,0.0,68.782,1.0
00214,2026-02-06,5,GT,BABBHAR,1,1,0.0,336.402,2.0
00214,2026-02-13,5,GT,BABBHAR,1,1,0.0,23.699,24.0
00214,2026-02-20,5,GT,BABBHAR,1,1,0.0,106.087,1.0
00214,2026-03-13,5,GT,BABBHAR,1,1,0.0,152.614,48.0
00214,2026-03-27,5,GT,BABBHAR,1,1,0.0,268.72,2.0
00214,2026-04-03,5,GT,BABBHAR,1,1,0.0,639.066,26.0
00214,2026-04-10,5,GT,BABBHAR,1,1,0.0,17.158,24.0
00214,2026-04-17,5,GT,BABBHAR,1,1,0.0,23.699,24.0
00214,2026-05-22,5,GT,BABBHAR,1,1,0.0,529.722,74.0
00214,2026-05-29,5,GT,BABBHAR,1,1,0.0,73.76,2.0
00214,2026-06-05,5,GT,BABBHAR,1,1,0.0,158.008,48.0
00214,2026-06-12,5,GT,BABBHAR,1,1,0.0,326.052,3.0
00214,2026-06-19,5,GT,BABBHAR,1,1,0.0,92.972,25.0
00214,2026-06-26,5,GT,BABBHAR,1,1,0.0,71.728,1.0
00214,2026-07-03,5,GT,BABBHAR,1,1,0.0,98.661,1.0
00214,2026-07-17,5,GT,BABBHAR,1,1,0.0,71.728,1.0
00214,2026-08-07,5,GT,BABBHAR,1,1,0.0,50.184,48.0
00214,2026-08-24,1,GT,BABBHAR,1,1,0.0,22.787,1.0
00214,2026-09-04,5,GT,BABBHAR,1,1,0.0,111.55,25.0
00214,2026-09-25,5,GT,BABBHAR,1,1,0.0,1220.925,5.0
00214,2026-10-09,5,GT,BABBHAR,1,1,0.0,248.85,96.0
00214,2026-10-23,5,GT,BABBHAR,1,1,0.0,764.376,4.0
00214,2026-11-13,5,GT,BABBHAR,1,1,0.0,1420.4050000000002,104.0
00214,2026-11-28,6,GT,BABBHAR,1,1,0.0,317.53,2.0
00215,2025-01-31,5,GT,BABSOUIKA,1,1,0.0,9.128,1.0
00215,2025-02-21,5,GT,BABSOUIKA,1,1,0.0,59.848,1.0
00215,2025-12-10,3,GT,BABSOUIKA,1,1,0.0,37.676,24.0
00215,2026-01-07,3,GT,BABSOUIKA,1,1,0.0,92.709,3.0
00215,2026-01-09,5,GT,BABSOUIKA,1,1,0.0,1839.234,192.0
00215,2026-01-28,3,GT,BABSOUIKA,1,1,0.0,1122.291,107.0
00215,2026-02-11,3,GT,BABSOUIKA,1,1,0.0,5241.599999999999,298.0
00215,2026-03-04,3,GT,BABSOUIKA,1,1,0.0,464.24699999999996,122.0
00215,2026-03-25,3,GT,BABSOUIKA,1,1,0.0,332.331,51.0
00215,2026-04-08,3,GT,BABSOUIKA,1,1,0.0,2780.3340000000003,147.0
00215,2026-04-29,3,GT,BABSOUIKA,1,1,0.0,174.159,6.0
00215,2026-05-20,3,GT,BABSOUIKA,1,1,0.0,1373.52,292.0
00215,2026-06-03,3,GT,BABSOUIKA,1,1,0.0,1249.252,194.0
00215,2026-06-17,3,GT,BABSOUIKA,1,1,0.0,228.92,73.0
00216,2026-06-19,5,GT,,1,1,0.0,644.116,75.0
00217,2025-01-05,0,GT,RADES,1,1,0.0,349.455,72.0
00217,2025-01-07,2,GT,RADES,1,1,0.0,286.912,2.0
00217,2025-01-12,0,GT,RADES,1,1,0.0,52.472,48.0
00217,2025-01-18,6,GT,RADES,1,1,0.0,8.922,1.0
00217,2025-01-19,0,GT,RADES,1,1,0.0,72.0,72.0
00217,2025-02-02,0,GT,RADES,1,1,0.0,26.236,24.0
00217,2025-02-08,6,GT,RADES,1,1,0.0,19.04,1.0
00217,2025-02-15,6,GT,RADES,1,1,0.0,26.236,24.0
00217,2025-02-18,2,GT,RADES,1,1,0.0,1005.688,98.0
00217,2025-03-01,6,GT,RADES,1,1,0.0,52.367,12.0
00217,2025-03-07,5,GT,RADES,1,1,0.0,24.349,1.0
00217,2025-03-08,6,GT,RADES,1,1,0.0,70.576,24.0
00217,2025-03-15,6,GT,RADES,1,1,0.0,75.188,1.0
00217,2025-03-24,1,GT,RADES,1,1,0.0,23.272,1.0
00217,2025-03-26,3,GT,RADES,1,1,0.0,22.218,12.0
00217,2025-04-02,3,GT,RADES,1,1,0.0,116.088,1.0
00217,2025-04-09,3,GT,RADES,1,1,0.0,71.422,1.0
00217,2025-04-20,0,GT,RADES,1,1,0.0,24.729,6.0
00217,2025-05-01,4,GT,RADES,1,1,0.0,25.247,12.0
00217,2025-05-17,6,GT,RADES,1,1,0.0,30.503,1.0
00217,2025-06-06,5,GT,RADES,1,1,0.0,59.707,12.0
00217,2025-06-09,1,GT,RADES,1,1,0.0,37.418,1.0
00217,2025-06-15,0,GT,RADES,1,1,0.0,37.418,1.0
00217,2025-07-19,6,GT,RADES,1,1,0.0,100.988,48.0
00217,2025-08-15,5,GT,RADES,1,1,0.0,87.445,1.0
00217,2025-08-17,0,GT,RADES,1,1,0.0,103.318,1.0
00217,2025-08-19,2,GT,RADES,1,1,0.0,89.274,1.0
00217,2025-08-24,0,GT,RADES,1,1,0.0,2018.076,6.0
00217,2025-09-14,0,GT,RADES,1,1,0.0,110.284,1.0
00217,2025-09-23,2,GT,RADES,1,1,0.0,22.838,1.0
00217,2025-10-06,1,GT,RADES,1,1,0.0,62.802,1.0
00217,2025-10-20,1,GT,RADES,1,1,0.0,1415.495,52.0
00217,2025-11-10,1,GT,RADES,1,1,0.0,57.097,24.0
00217,2025-11-21,5,GT,RADES,1,1,0.0,57.097,24.0
00217,2025-11-23,0,GT,RADES,1,1,0.0,110.284,1.0
00217,2025-11-26,3,GT,RADES,1,1,0.0,131.18,2.0
00217,2025-12-03,3,GT,RADES,1,1,0.0,21.277,1.0
00217,2025-12-05,5,GT,RADES,1,1,0.0,27.034,1.0
00217,2025-12-22,1,GT,RADES,1,1,0.0,4120.592,78.0
00217,2026-01-15,4,GT,RADES,1,1,0.0,81.956,2.0
00217,2026-01-29,4,GT,RADES,1,1,0.0,132.151,7.0
00217,2026-03-17,2,GT,RADES,1,1,0.0,363.072,3.0
00217,2026-05-05,2,GT,RADES,1,1,0.0,94.394,5.0
00217,2026-07-24,5,GT,RADES,1,1,0.0,94.394,5.0
00217,2026-07-27,1,GT,RADES,1,1,0.0,37.971,24.0
00217,2026-09-03,4,GT,RADES,1,1,0.0,127.742,2.0
00217,2026-09-10,4,GT,RADES,1,1,0.0,80.111,1.0
00217,2026-09-15,2,GT,RADES,1,1,0.0,17.4,1.0
00217,2026-09-27,0,GT,RADES,1,1,0.0,76.752,48.0
00217,2026-09-28,1,GT,RADES,1,1,0.0,17.4,1.0
00217,2026-09-29,2,GT,RADES,1,1,0.0,373.275,96.0
00217,2026-10-19,1,GT,RADES,1,1,0.0,69.596,2.0
00217,2026-10-22,4,GT,RADES,1,1,0.0,488.24,6.0
00217,2026-10-25,0,GT,RADES,1,1,0.0,52.797,1.0
00217,2026-11-10,2,GT,RADES,1,1,0.0,38.187,1.0
00217,2026-11-15,0,GT,RADES,1,1,0.0,68.782,1.0
00217,2026-12-22,2,GT,RADES,1,1,0.0,84.48,2.0
00219,2025-01-25,6,GT,ELKHADRA,1,1,0.0,52.047,1.0
00219,2025-02-06,4,GT,ELKHADRA,1,1,0.0,54.242,24.0
00219,2025-02-13,4,GT,ELKHADRA,1,1,0.0,64.807,12.0
00219,2025-06-27,5,GT,ELKHADRA,1,1,0.0,50.494,24.0
00219,2025-08-15,5,GT,ELKHADRA,1,1,0.0,50.494,24.0
00219,2025-08-22,5,GT,ELKHADRA,1,1,0.0,54.003,24.0
00219,2025-08-29,5,GT,ELKHADRA,1,1,0.0,32.016,12.0
00219,2025-10-03,5,GT,ELKHADRA,1,1,0.0,91.356,2.0
00219,2025-10-05,0,GT,ELKHADRA,1,1,0.0,61.216,1.0
00219,2025-10-07,2,GT,ELKHADRA,1,1,0.0,110.284,1.0
00219,2025-10-17,5,GT,ELKHADRA,1,1,0.0,57.627,12.0
00219,2025-10-20,1,GT,ELKHADRA,1,1,0.0,57.097,24.0
00219,2025-10-24,5,GT,ELKHADRA,1,1,0.0,25.194,2.0
00219,2025-11-21,5,GT,ELKHADRA,1,1,0.0,67.863,1.0
00219,2025-12-05,5,GT,ELKHADRA,1,1,0.0,360.236,13.0
00219,2026-01-04,0,GT,ELKHADRA,1,1,0.0,40.395,24.0
00219,2026-01-18,0,GT,ELKHADRA,1,1,0.0,40.395,24.0
00219,2026-02-01,0,GT,ELKHADRA,1,1,0.0,645.792,26.0
00219,2026-02-08,0,GT,ELKHADRA,1,1,0.0,438.716,7.0
00219,2026-02-15,0,GT,ELKHADRA,1,1,0.0,38.153,24.0
00219,2026-03-01,0,GT,ELKHADRA,1,1,0.0,38.153,24.0
00219,2026-03-22,0,GT,ELKHADRA,1,1,0.0,288.48,25.0
00219,2026-03-29,0,GT,ELKHADRA,1,1,0.0,53.213,12.0
00219,2026-04-05,0,GT,ELKHADRA,1,1,0.0,267.083,37.0
00219,2026-04-15,3,GT,ELKHADRA,1,1,0.0,68.782,1.0
00219,2026-04-20,1,GT,ELKHADRA,1,1,0.0,41.076,3.0
00219,2026-05-03,0,GT,ELKHADRA,1,1,0.0,106.087,1.0
00219,2026-05-10,0,GT,ELKHADRA,1,1,0.0,53.213,12.0
00219,2026-05-17,0,GT,ELKHADRA,1,1,0.0,71.728,1.0
00219,2026-06-07,0,GT,ELKHADRA,1,1,0.0,68.782,1.0
00219,2026-06-14,0,GT,ELKHADRA,1,1,0.0,22.237,1.0
00219,2026-08-02,0,GT,ELKHADRA,1,1,0.0,98.661,1.0
00219,2026-10-04,0,GT,ELKHADRA,1,1,0.0,97.6,1.0
00219,2026-10-11,0,GT,ELKHADRA,1,1,0.0,38.375,24.0
00220,2026-02-08,0,GT,,1,1,0.0,25.092,24.0
00221,2025-02-28,5,GT,ELKHADRA,1,1,0.0,42.213,24.0
00221,2026-01-04,0,GT,ELKHADRA,1,1,0.0,22.787,1.0
00221,2026-01-11,0,GT,ELKHADRA,1,1,0.0,20.488,1.0
00221,2026-04-12,0,GT,ELKHADRA,1,1,0.0,73.76,2.0
00221,2026-05-10,0,GT,ELKHADRA,1,1,0.0,18.44,1.0
00221,2026-05-17,0,GT,ELKHADRA,1,1,0.0,53.213,12.0
00221,2026-05-31,0,GT,ELKHADRA,1,1,0.0,18.44,1.0
00221,2026-06-07,0,GT,ELKHADRA,1,1,0.0,77.33,2.0
00221,2026-06-14,0,GT,ELKHADRA,1,1,0.0,71.728,1.0
00221,2026-07-12,0,GT,ELKHADRA,1,1,0.0,73.498,2.0
00221,2026-08-02,0,GT,ELKHADRA,1,1,0.0,55.387,25.0
00221,2026-08-16,0,GT,ELKHADRA,1,1,0.0,96.662,3.0
00221,2026-09-13,0,GT,ELKHADRA,1,1,0.0,38.375,24.0
00221,2026-10-04,0,GT,ELKHADRA,1,1,0.0,188.302,73.0
00223,2026-01-04,0,GT,,1,1,0.0,20.488,1.0
00223,2026-03-01,0,GT,,1,1,0.0,23.699,24.0
00223,2026-06-22,1,GT,,1,1,0.0,38.153,24.0
00223,2026-09-07,1,GT,,1,1,0.0,255.9,3.0
00225,2026-01-05,1,,,1,1,0.0,374.338,4.0
00225,2026-02-01,0,,,1,1,0.0,68.782,1.0
00225,2026-02-13,5,,,1,1,0.0,23.699,24.0
00225,2026-03-22,0,,,1,1,0.0,68.782,1.0
00225,2026-04-05,0,,,1,1,0.0,9.128,1.0
00225,2026-04-19,0,,,1,1,0.0,41.257,24.0
00225,2026-04-26,0,,,1,1,0.0,103.965,1.0
00225,2026-05-10,0,,,1,1,0.0,31.171,1.0
00225,2026-05-17,0,,,1,1,0.0,53.213,12.0
00225,2026-07-12,0,,,1,1,0.0,37.971,24.0
00225,2026-08-02,0,,,1,1,0.0,37.971,24.0
00226,2026-03-19,4,GT,,1,1,0.0,117.71,48.0
00227,2025-01-19,0,,ELMENZAH,1,1,0.0,1534.668,7.0
00227,2025-02-16,0,,ELMENZAH,1,1,0.0,9817.055999999999,51.0
00227,2025-11-08,6,,ELMENZAH,1,1,0.0,550.572,4.0
00227,2025-12-01,1,,ELMENZAH,1,1,0.0,4208.59,10.0
00227,2025-12-29,1,,ELMENZAH,1,1,0.0,626.148,5.0
00227,2026-02-06,5,,ELMENZAH,1,1,0.0,285.81,49.0
00227,2026-02-27,5,,ELMENZAH,1,1,0.0,76.307,48.0
00227,2026-03-13,5,,ELMENZAH,1,1,0.0,124.685,4.0
00227,2026-08-13,4,,ELMENZAH,1,1,0.0,46.418,1.0
00227,2026-08-14,5,,ELMENZAH,1,1,0.0,543.285,3.0
00227,2026-08-31,1,,ELMENZAH,1,1,0.0,1792.985,5.0
00227,2026-10-09,5,,ELMENZAH,1,1,0.0,248.85,96.0
00228,2025-01-03,5,,ELMENZAH,1,1,0.0,38.997,1.0
00228,2025-01-10,5,,ELMENZAH,1,1,0.0,37.676,24.0
00228,2025-01-17,5,,ELMENZAH,1,1,0.0,178.68,25.0
00228,2025-01-19,0,,ELMENZAH,1,1,0.0,59.848,1.0
00228,2025-01-24,5,,ELMENZAH,1,1,0.0,78.408,1.0
00228,2025-01-31,5,,ELMENZAH,1,1,0.0,329.052,25.0
00228,2025-02-07,5,,ELMENZAH,1,1,0.0,37.676,24.0
00228,2025-02-14,5,,ELMENZAH,1,1,0.0,35.098,1.0
00228,2025-02-21,5,,ELMENZAH,1,1,0.0,186.556,48.0
00228,2025-03-07,5,,ELMENZAH,1,1,0.0,234.888,25.0
00228,2025-08-23,6,,ELMENZAH,1,1,0.0,1004.932,27.0
00228,2025-09-06,6,,ELMENZAH,1,1,0.0,100.988,48.0
00228,2025-09-13,6,,ELMENZAH,1,1,0.0,175.2,25.0
00228,2025-09-20,6,,ELMENZAH,1,1,0.0,379.094,96.0
00228,2025-09-27,6,,ELMENZAH,1,1,0.0,189.546,48.0
00228,2025-10-04,6,,ELMENZAH,1,1,0.0,57.097,24.0
00228,2025-10-11,6,,ELMENZAH,1,1,0.0,62.802,1.0
00228,2025-10-18,6,,ELMENZAH,1,1,0.0,30.503,1.0
00228,2025-10-22,3,,ELMENZAH,1,1,0.0,19.906,1.0
00228,2025-10-25,6,,ELMENZAH,1,1,0.0,110.284,1.0
00228,2025-11-01,6,,ELMENZAH,1,1,0.0,33.893,1.0
00228,2025-11-08,6,,ELMENZAH,1,1,0.0,57.097,24.0
00228,2025-11-12,3,,ELMENZAH,1,1,0.0,172.536,25.0
00228,2025-11-15,6,,ELMENZAH,1,1,0.0,110.284,1.0
00228,2025-11-22,6,,ELMENZAH,1,1,0.0,189.546,48.0
00228,2025-11-26,3,,ELMENZAH,1,1,0.0,92.812,1.0
00228,2025-11-29,6,,ELMENZAH,1,1,0.0,110.284,1.0
00228,2025-12-06,6,,ELMENZAH,1,1,0.0,110.906,2.0
00228,2025-12-13,6,,ELMENZAH,1,1,0.0,189.546,48.0
00228,2025-12-20,6,,ELMENZAH,1,1,0.0,661.584,50.0
00228,2025-12-24,3,,ELMENZAH,1,1,0.0,54.242,24.0
00228,2025-12-27,6,,ELMENZAH,1,1,0.0,648.1800000000001,3.0
00228,2026-01-05,1,,ELMENZAH,1,1,0.0,414.36,49.0
00228,2026-01-12,1,,ELMENZAH,1,1,0.0,161.582,48.0
00228,2026-02-02,1,,ELMENZAH,1,1,0.0,130.974,48.0
00228,2026-02-09,1,,ELMENZAH,1,1,0.0,380.745,49.0
00228,2026-02-16,1,,ELMENZAH,1,1,0.0,123.706,48.0
00228,2026-02-23,1,,ELMENZAH,1,1,0.0,106.087,1.0
00228,2026-03-02,1,,ELMENZAH,1,1,0.0,852.564,50.0
00228,2026-03-09,1,,ELMENZAH,1,1,0.0,171.104,72.0
00228,2026-03-16,1,,ELMENZAH,1,1,0.0,31.171,1.0
00228,2026-03-23,1,,ELMENZAH,1,1,0.0,478.59000000000003,51.0
00228,2026-03-30,1,,ELMENZAH,1,1,0.0,68.782,1.0
00228,2026-04-06,1,,ELMENZAH,1,1,0.0,38.153,24.0
00228,2026-04-13,1,,ELMENZAH,1,1,0.0,99.222,2.0
00228,2026-04-27,1,,ELMENZAH,1,1,0.0,152.614,48.0
00228,2026-05-18,1,,ELMENZAH,1,1,0.0,602.208,3.0
00228,2026-05-25,1,,ELMENZAH,1,1,0.0,279.072,49.0
00228,2026-06-01,1,,ELMENZAH,1,1,0.0,38.153,24.0
00228,2026-06-08,1,,ELMENZAH,1,1,0.0,28.054,1.0
00228,2026-06-15,1,,ELMENZAH,1,1,0.0,223.875,3.0
00228,2026-06-22,1,,ELMENZAH,1,1,0.0,481.539,49.0
00228,2026-07-13,1,,ELMENZAH,1,1,0.0,25.092,24.0
00228,2026-07-27,1,,ELMENZAH,1,1,0.0,25.092,24.0
00228,2026-08-10,1,,ELMENZAH,1,1,0.0,25.092,24.0
00228,2026-08-24,1,,ELMENZAH,1,1,0.0,1050.81,51.0
00228,2026-08-31,1,,ELMENZAH,1,1,0.0,71.728,1.0
00228,2026-09-14,1,,ELMENZAH,1,1,0.0,348.702,49.0
00228,2026-09-27,0,,ELMENZAH,1,1,0.0,361.92,73.0
00229,2025-01-10,5,,ELMENZAH,1,1,0.0,35.098,1.0
00229,2025-01-17,5,,ELMENZAH,1,1,0.0,33.139,6.0
00229,2025-01-24,5,,ELMENZAH,1,1,0.0,15.152,1.0
00229,2025-01-31,5,,ELMENZAH,1,1,0.0,110.284,1.0
00229,2025-02-14,5,,ELMENZAH,1,1,0.0,40.426,2.0
00229,2025-02-28,5,,ELMENZAH,1,1,0.0,117.448,1.0
00229,2025-03-07,5,,ELMENZAH,1,1,0.0,182.284,2.0
00229,2025-03-09,0,,ELMENZAH,1,1,0.0,62.0,3.0
00229,2025-07-05,6,,ELMENZAH,1,1,0.0,156.22,48.0
00229,2025-07-12,6,,ELMENZAH,1,1,0.0,702.124,50.0
00229,2025-07-26,6,,ELMENZAH,1,1,0.0,156.22,48.0
00229,2025-09-06,6,,ELMENZAH,1,1,0.0,50.494,24.0
00229,2025-09-20,6,,ELMENZAH,1,1,0.0,57.097,24.0
00229,2025-10-04,6,,ELMENZAH,1,1,0.0,57.097,24.0
00229,2025-10-11,6,,ELMENZAH,1,1,0.0,110.284,1.0
00229,2025-10-18,6,,ELMENZAH,1,1,0.0,25.194,2.0
00229,2025-10-25,6,,ELMENZAH,1,1,0.0,110.284,1.0
00229,2025-11-01,6,,ELMENZAH,1,1,0.0,48.591,1.0
00229,2025-11-08,6,,ELMENZAH,1,1,0.0,57.097,24.0
00229,2025-11-29,6,,ELMENZAH,1,1,0.0,110.284,1.0
00229,2025-12-06,6,,ELMENZAH,1,1,0.0,19.906,1.0
00229,2025-12-13,6,,ELMENZAH,1,1,0.0,344.032,3.0
00229,2026-01-12,1,,ELMENZAH,1,1,0.0,699.735,5.0
00229,2026-01-19,1,,ELMENZAH,1,1,0.0,1146.672,70.0
00229,2026-02-02,1,,ELMENZAH,1,1,0.0,22.237,1.0
00229,2026-02-09,1,,ELMENZAH,1,1,0.0,989.735,20.0
00229,2026-02-16,1,,ELMENZAH,1,1,0.0,278.73,49.0
00229,2026-03-02,1,,ELMENZAH,1,1,0.0,79.919,6.0
00229,2026-03-09,1,,ELMENZAH,1,1,0.0,580.4879999999999,32.0
00229,2026-03-16,1,,ELMENZAH,1,1,0.0,106.087,1.0
00229,2026-03-30,1,,ELMENZAH,1,1,0.0,71.728,1.0
00229,2026-04-06,1,,ELMENZAH,1,1,0.0,838.544,73.0
00229,2026-05-04,1,,ELMENZAH,1,1,0.0,132.151,7.0
00229,2026-05-18,1,,ELMENZAH,1,1,0.0,38.153,24.0
00229,2026-06-01,1,,ELMENZAH,1,1,0.0,1144.446,15.0
00229,2026-06-15,1,,ELMENZAH,1,1,0.0,27.238,1.0
00229,2026-06-22,1,,ELMENZAH,1,1,0.0,80.111,1.0
00229,2026-06-29,1,,ELMENZAH,1,1,0.0,28.054,1.0
00229,2026-07-06,1,,ELMENZAH,1,1,0.0,432.588,25.0
00229,2026-07-27,1,,ELMENZAH,1,1,0.0,346.83,73.0
00229,2026-08-03,1,,ELMENZAH,1,1,0.0,37.971,24.0
00229,2026-08-10,1,,ELMENZAH,1,1,0.0,99.722,1.0
00229,2026-08-24,1,,ELMENZAH,1,1,0.0,99.722,1.0
00229,2026-08-31,1,,ELMENZAH,1,1,0.0,233.037,49.0
00229,2026-09-07,1,,ELMENZAH,1,1,0.0,1503.18,50.0
00229,2026-09-14,1,,ELMENZAH,1,1,0.0,355.422,2.0
00229,2026-09-22,2,,ELMENZAH,1,1,0.0,23.837,24.0
00229,2026-09-28,1,,ELMENZAH,1,1,0.0,97.6,1.0
00230,2025-01-13,1,,ELMENZAH,1,1,0.0,24.004,24.0
00230,2025-02-08,6,,ELMENZAH,1,1,0.0,68.558,62.0
00230,2025-03-03,1,,ELMENZAH,1,1,0.0,114.696,1.0
00231,2025-01-18,6,,ELMENZAH,1,1,0.0,136.898,48.0
00231,2025-01-24,5,,ELMENZAH,1,1,0.0,4479.26,55.0
00231,2025-01-25,6,,ELMENZAH,1,1,0.0,156.682,16.0
00231,2025-02-07,5,,ELMENZAH,1,1,0.0,2385.1240000000003,61.0
00231,2025-02-14,5,,ELMENZAH,1,1,0.0,87.293,1.0
00231,2025-03-01,6,,ELMENZAH,1,1,0.0,527.892,9.0
00231,2025-03-15,6,,ELMENZAH,1,1,0.0,826.524,15.0
00231,2025-03-20,4,,ELMENZAH,1,1,0.0,137.57,25.0
00231,2025-05-17,6,,ELMENZAH,1,1,0.0,2308.096,25.0
00231,2025-06-28,6,,ELMENZAH,1,1,0.0,78.466,80.0
00231,2025-09-06,6,,ELMENZAH,1,1,0.0,4158.96,54.0
00231,2025-09-27,6,,ELMENZAH,1,1,0.0,754.242,37.0
00231,2025-10-11,6,,ELMENZAH,1,1,0.0,1737.6659999999997,35.0
00231,2025-10-18,6,,ELMENZAH,1,1,0.0,762.676,8.0
00231,2025-11-01,6,,ELMENZAH,1,1,0.0,116.088,1.0
00231,2025-11-08,6,,ELMENZAH,1,1,0.0,71.093,2.0
00231,2025-11-29,6,,ELMENZAH,1,1,0.0,390.782,5.0
00231,2025-12-06,6,,ELMENZAH,1,1,0.0,37.676,24.0
00231,2025-12-20,6,,ELMENZAH,1,1,0.0,497.25,3.0
00231,2026-01-05,1,,ELMENZAH,1,1,0.0,81.956,2.0
00231,2026-02-09,1,,ELMENZAH,1,1,0.0,200.056,10.0
00231,2026-02-16,1,,ELMENZAH,1,1,0.0,862.404,50.0
00231,2026-02-23,1,,ELMENZAH,1,1,0.0,300.01800000000003,72.0
00231,2026-03-09,1,,ELMENZAH,1,1,0.0,843.882,26.0
00231,2026-03-16,1,,ELMENZAH,1,1,0.0,38.153,24.0
00231,2026-03-23,1,,ELMENZAH,1,1,0.0,337.438,2.0
00231,2026-03-30,1,,ELMENZAH,1,1,0.0,286.912,2.0
00231,2026-05-25,1,,ELMENZAH,1,1,0.0,23.699,24.0
00231,2026-06-15,1,,ELMENZAH,1,1,0.0,38.153,24.0
00231,2026-08-17,1,,ELMENZAH,1,1,0.0,77.559,48.0
00231,2026-09-14,1,,ELMENZAH,1,1,0.0,1462.625,28.0
00231,2026-09-25,5,,ELMENZAH,1,1,0.0,474.37199999999996,50.0
00232,2025-01-24,5,,ELMENZAH,1,1,0.0,110.284,1.0
00232,2025-02-07,5,,ELMENZAH,1,1,0.0,410.032,7.0
00232,2025-02-28,5,,ELMENZAH,1,1,0.0,122.639,6.0
00232,2025-03-07,5,,ELMENZAH,1,1,0.0,117.448,1.0
00232,2025-03-15,6,,ELMENZAH,1,1,0.0,309.932,15.0
00232,2025-03-29,6,,ELMENZAH,1,1,0.0,317.77200000000005,22.0
00232,2025-04-05,6,,ELMENZAH,1,1,0.0,61.986,3.0
00232,2025-04-26,6,,ELMENZAH,1,1,0.0,30.503,1.0
00232,2025-05-10,6,,ELMENZAH,1,1,0.0,144.635,7.0
00232,2025-05-17,6,,ELMENZAH,1,1,0.0,190.605,6.0
00232,2025-05-31,6,,ELMENZAH,1,1,0.0,24.004,24.0
00232,2025-06-28,6,,ELMENZAH,1,1,0.0,19.617,40.0
00232,2025-07-05,6,,ELMENZAH,1,1,0.0,103.311,5.0
00232,2025-09-13,6,,ELMENZAH,1,1,0.0,1511.8980000000001,17.0
00232,2025-10-11,6,,ELMENZAH,1,1,0.0,603.554,10.0
00232,2025-10-18,6,,ELMENZAH,1,1,0.0,127.663,6.0
00232,2025-10-25,6,,ELMENZAH,1,1,0.0,62.802,1.0
00232,2025-11-29,6,,ELMENZAH,1,1,0.0,475.892,7.0
00232,2025-12-06,6,,ELMENZAH,1,1,0.0,701.052,4.0
00232,2025-12-13,6,,ELMENZAH,1,1,0.0,110.284,1.0
00232,2025-12-20,6,,ELMENZAH,1,1,0.0,211.554,2.0
00232,2026-02-27,5,,ELMENZAH,1,1,0.0,113.272,6.0
00232,2026-03-09,1,,ELMENZAH,1,1,0.0,68.782,1.0
00232,2026-03-30,1,,ELMENZAH,1,1,0.0,71.728,1.0
00232,2026-04-13,1,,ELMENZAH,1,1,0.0,68.782,1.0
00232,2026-05-21,4,,ELMENZAH,1,1,0.0,100.783,1.0
00232,2026-06-15,1,,ELMENZAH,1,1,0.0,39.503,24.0
00232,2026-08-03,1,,ELMENZAH,1,1,0.0,113.272,6.0
00232,2026-08-10,1,,ELMENZAH,1,1,0.0,99.722,1.0
00232,2026-09-21,1,,ELMENZAH,1,1,0.0,80.111,1.0
00232,2026-10-05,1,,ELMENZAH,1,1,0.0,107.609,6.0
00232,2026-11-09,1,,ELMENZAH,1,1,0.0,169.909,9.0
00232,2026-12-25,5,,ELMENZAH,1,1,0.0,283.181,15.0
00233,2025-01-03,5,,ELMENZAH,1,1,0.0,603.424,3.0
00233,2025-01-10,5,,ELMENZAH,1,1,0.0,863.284,8.0
00233,2025-01-11,6,,ELMENZAH,1,1,0.0,115.593,2.0
00233,2025-01-17,5,,ELMENZAH,1,1,0.0,1178.048,10.0
00233,2025-01-24,5,,ELMENZAH,1,1,0.0,2997.008,56.0
00233,2025-01-25,6,,ELMENZAH,1,1,0.0,2093.9680000000003,43.0
00233,2025-01-31,5,,ELMENZAH,1,1,0.0,45.454,3.0
00233,2025-02-01,6,,ELMENZAH,1,1,0.0,115.608,2.0
00233,2025-02-06,4,,ELMENZAH,1,1,0.0,41.0,1.0
00233,2025-02-07,5,,ELMENZAH,1,1,0.0,255.72,2.0
00233,2025-02-08,6,,ELMENZAH,1,1,0.0,346.823,6.0
00233,2025-02-14,5,,ELMENZAH,1,1,0.0,737.358,3.0
00233,2025-02-15,6,,ELMENZAH,1,1,0.0,981.0029999999999,4.0
00233,2025-02-21,5,,ELMENZAH,1,1,0.0,714.836,44.0
00233,2025-02-22,6,,ELMENZAH,1,1,0.0,139.448,2.0
00233,2025-02-28,5,,ELMENZAH,1,1,0.0,420.52,2.0
00233,2025-03-01,6,,ELMENZAH,1,1,0.0,796.172,36.0
00233,2025-03-15,6,,ELMENZAH,1,1,0.0,1580.752,6.0
00233,2025-03-22,6,,ELMENZAH,1,1,0.0,1778.235,32.0
00233,2025-03-29,6,,ELMENZAH,1,1,0.0,1432.288,4.0
00233,2025-04-12,6,,ELMENZAH,1,1,0.0,5137.272,24.0
00233,2025-04-26,6,,ELMENZAH,1,1,0.0,145.56,26.0
00233,2025-04-28,1,,ELMENZAH,1,1,0.0,537.366,36.0
00233,2025-05-10,6,,ELMENZAH,1,1,0.0,1346.488,28.0
00233,2025-05-12,1,,ELMENZAH,1,1,0.0,98.914,24.0
00233,2025-05-14,3,,ELMENZAH,1,1,0.0,79.351,1.0
00233,2025-05-17,6,,ELMENZAH,1,1,0.0,33.841,1.0
00233,2025-05-24,6,,ELMENZAH,1,1,0.0,997.422,4.0
00233,2025-05-31,6,,ELMENZAH,1,1,0.0,96.016,48.0
00233,2025-06-04,3,,ELMENZAH,1,1,0.0,149.67,2.0
00233,2025-06-07,6,,ELMENZAH,1,1,0.0,149.67,2.0
00233,2025-06-21,6,,ELMENZAH,1,1,0.0,375.98699999999997,26.0
00233,2025-06-28,6,,ELMENZAH,1,1,0.0,776.52,4.0
00233,2025-07-05,6,,ELMENZAH,1,1,0.0,510.996,5.0
00233,2025-07-12,6,,ELMENZAH,1,1,0.0,898.052,29.0
00233,2025-07-19,6,,ELMENZAH,1,1,0.0,189.484,3.0
00233,2025-07-26,6,,ELMENZAH,1,1,0.0,201.976,48.0
00233,2025-08-23,6,,ELMENZAH,1,1,0.0,278.403,26.0
00233,2025-08-30,6,,ELMENZAH,1,1,0.0,1542.016,10.0
00233,2025-09-06,6,,ELMENZAH,1,1,0.0,1280.142,11.0
00233,2025-09-13,6,,ELMENZAH,1,1,0.0,826.395,7.0
00233,2025-09-20,6,,ELMENZAH,1,1,0.0,566.313,50.0
00233,2025-09-27,6,,ELMENZAH,1,1,0.0,1461.975,26.0
00233,2025-10-04,6,,ELMENZAH,1,1,0.0,1018.308,4.0
00233,2025-10-11,6,,ELMENZAH,1,1,0.0,372.64799999999997,3.0
00233,2025-10-18,6,,ELMENZAH,1,1,0.0,346.536,6.0
00233,2025-10-25,6,,ELMENZAH,1,1,0.0,20.555,1.0
00233,2025-11-01,6,,ELMENZAH,1,1,0.0,92.812,1.0
00233,2025-11-08,6,,ELMENZAH,1,1,0.0,27.409,2.0
00233,2025-11-15,6,,ELMENZAH,1,1,0.0,638.109,26.0
00233,2025-11-22,6,,ELMENZAH,1,1,0.0,110.284,1.0
00233,2025-11-29,6,,ELMENZAH,1,1,0.0,936.189,3.0
00233,2025-12-06,6,,ELMENZAH,1,1,0.0,223.016,25.0
00233,2025-12-20,6,,ELMENZAH,1,1,0.0,368.562,3.0
00233,2025-12-27,6,,ELMENZAH,1,1,0.0,351.369,26.0
00233,2026-01-05,1,,ELMENZAH,1,1,0.0,46.124,1.0
00233,2026-01-12,1,,ELMENZAH,1,1,0.0,88.946,2.0
00233,2026-01-23,5,,ELMENZAH,1,1,0.0,1221.378,7.0
00233,2026-01-26,1,,ELMENZAH,1,1,0.0,240.714,2.0
00233,2026-01-30,5,,ELMENZAH,1,1,0.0,71.664,2.0
00233,2026-02-02,1,,ELMENZAH,1,1,0.0,1138.8249999999998,31.0
00233,2026-02-16,1,,ELMENZAH,1,1,0.0,449.445,3.0
00233,2026-03-10,2,,ELMENZAH,1,1,0.0,461.306,26.0
00233,2026-03-13,5,,ELMENZAH,1,1,0.0,44.344,10.0
00233,2026-03-23,1,,ELMENZAH,1,1,0.0,62.632,1.0
00233,2026-04-06,1,,ELMENZAH,1,1,0.0,863.388,4.0
00233,2026-04-13,1,,ELMENZAH,1,1,0.0,160.222,2.0
00233,2026-04-27,1,,ELMENZAH,1,1,0.0,31.171,1.0
00233,2026-05-04,1,,ELMENZAH,1,1,0.0,1158.64,6.0
00233,2026-05-18,1,,ELMENZAH,1,1,0.0,574.25,4.0
00233,2026-05-25,1,,ELMENZAH,1,1,0.0,124.228,2.0
00233,2026-06-01,1,,ELMENZAH,1,1,0.0,983.271,5.0
00233,2026-06-08,1,,ELMENZAH,1,1,0.0,1416.832,6.0
00233,2026-06-22,1,,ELMENZAH,1,1,0.0,1487.216,8.0
00233,2026-06-29,1,,ELMENZAH,1,1,0.0,1537.353,10.0
00233,2026-07-06,1,,ELMENZAH,1,1,0.0,186.207,3.0
00233,2026-07-13,1,,ELMENZAH,1,1,0.0,62.114,1.0
00233,2026-07-27,1,,ELMENZAH,1,1,0.0,195.054,2.0
00233,2026-08-03,1,,ELMENZAH,1,1,0.0,106.087,1.0
00233,2026-08-18,2,,ELMENZAH,1,1,0.0,130.896,3.0
00233,2026-08-24,1,,ELMENZAH,1,1,0.0,543.285,3.0
00233,2026-08-31,1,,ELMENZAH,1,1,0.0,552.522,4.0
00233,2026-09-14,1,,ELMENZAH,1,1,0.0,325.886,2.0
00233,2026-09-25,5,,ELMENZAH,1,1,0.0,2082.89,54.0
00233,2026-09-28,1,,ELMENZAH,1,1,0.0,164.016,25.0
00233,2026-10-05,1,,ELMENZAH,1,1,0.0,106.425,24.0
00233,2026-10-12,1,,ELMENZAH,1,1,0.0,1909.572,52.0
00233,2026-10-26,1,,ELMENZAH,1,1,0.0,3361.8360000000002,32.0
00233,2026-10-30,5,,ELMENZAH,1,1,0.0,585.0600000000001,4.0
00233,2026-11-09,1,,ELMENZAH,1,1,0.0,1088.07,63.0
00233,2026-11-23,1,,ELMENZAH,1,1,0.0,2691.08,14.0
00233,2026-12-07,1,,ELMENZAH,1,1,0.0,5502.951999999999,62.0
00233,2026-12-11,5,,ELMENZAH,1,1,0.0,2004.5200000000004,7.0
00233,2026-12-16,3,,ELMENZAH,1,1,0.0,1048.296,4.0
00233,2026-12-21,1,,ELMENZAH,1,1,0.0,199.906,2.0
00233,2026-12-28,1,,ELMENZAH,1,1,0.0,472.81499999999994,26.0
00234,2025-01-09,4,,ELMENZAH,1,1,0.0,25.194,1.0
00234,2025-01-10,5,,ELMENZAH,1,1,0.0,1221.882,17.0
00234,2025-01-17,5,,ELMENZAH,1,1,0.0,174.29,2.0
00234,2025-01-24,5,,ELMENZAH,1,1,0.0,313.632,2.0
00234,2025-01-25,6,,ELMENZAH,1,1,0.0,37.404,1.0
00234,2025-01-31,5,,ELMENZAH,1,1,0.0,416.384,4.0
00234,2025-02-01,6,,ELMENZAH,1,1,0.0,1471.4599999999998,7.0
00234,2025-02-06,4,,ELMENZAH,1,1,0.0,34.699,1.0
00234,2025-02-15,6,,ELMENZAH,1,1,0.0,42.213,24.0
00234,2025-02-21,5,,ELMENZAH,1,1,0.0,2180.444,18.0
00234,2025-02-22,6,,ELMENZAH,1,1,0.0,19.04,1.0
00234,2025-03-01,6,,ELMENZAH,1,1,0.0,75.188,1.0
00234,2025-03-07,5,,ELMENZAH,1,1,0.0,1532.28,7.0
00234,2025-03-15,6,,ELMENZAH,1,1,0.0,46.545,2.0
00234,2025-03-22,6,,ELMENZAH,1,1,0.0,26.512,24.0
00234,2025-04-02,3,,ELMENZAH,1,1,0.0,36.514,2.0
00234,2025-04-09,3,,ELMENZAH,1,1,0.0,43.376,1.0
00234,2025-04-11,5,,ELMENZAH,1,1,0.0,75.188,1.0
00234,2025-04-19,6,,ELMENZAH,1,1,0.0,30.503,1.0
00234,2025-04-26,6,,ELMENZAH,1,1,0.0,26.236,24.0
00234,2025-05-07,3,,ELMENZAH,1,1,0.0,250.434,2.0
00234,2025-05-14,3,,ELMENZAH,1,1,0.0,30.503,1.0
00234,2025-05-17,6,,ELMENZAH,1,1,0.0,208.766,3.0
00234,2025-05-24,6,,ELMENZAH,1,1,0.0,294.687,3.0
00234,2025-05-31,6,,ELMENZAH,1,1,0.0,96.016,48.0
00234,2025-06-21,6,,ELMENZAH,1,1,0.0,11.636,1.0
00234,2025-06-28,6,,ELMENZAH,1,1,0.0,19.617,40.0
00234,2025-07-23,3,,ELMENZAH,1,1,0.0,103.318,1.0
00234,2025-08-22,5,,ELMENZAH,1,1,0.0,103.318,1.0
00234,2025-08-29,5,,ELMENZAH,1,1,0.0,50.494,24.0
00234,2025-09-06,6,,ELMENZAH,1,1,0.0,50.494,24.0
00234,2025-10-03,5,,ELMENZAH,1,1,0.0,37.676,24.0
00234,2025-10-10,5,,ELMENZAH,1,1,0.0,110.284,1.0
00234,2025-10-25,6,,ELMENZAH,1,1,0.0,12.596,1.0
00234,2025-11-07,5,,ELMENZAH,1,1,0.0,45.678,2.0
00234,2025-11-22,6,,ELMENZAH,1,1,0.0,2106.2309999999998,26.0
00234,2025-12-06,6,,ELMENZAH,1,1,0.0,810.076,4.0
00234,2025-12-13,6,,ELMENZAH,1,1,0.0,4383.968,9.0
00234,2025-12-15,1,,ELMENZAH,1,1,0.0,27.034,1.0
00234,2025-12-19,5,,ELMENZAH,1,1,0.0,59.972,1.0
00234,2025-12-20,6,,ELMENZAH,1,1,0.0,942.924,6.0
00234,2025-12-24,3,,ELMENZAH,1,1,0.0,54.242,24.0
00234,2025-12-27,6,,ELMENZAH,1,1,0.0,119.945,2.0
00234,2026-01-05,1,,ELMENZAH,1,1,0.0,370.329,5.0
00234,2026-01-12,1,,ELMENZAH,1,1,0.0,1422.2640000000001,6.0
00234,2026-01-18,0,,ELMENZAH,1,1,0.0,36.618,1.0
00234,2026-01-26,1,,ELMENZAH,1,1,0.0,283.181,15.0
00234,2026-02-02,1,,ELMENZAH,1,1,0.0,2090.852,7.0
00234,2026-02-16,1,,ELMENZAH,1,1,0.0,1951.37,6.0
00234,2026-02-23,1,,ELMENZAH,1,1,0.0,106.087,1.0
00234,2026-03-02,1,,ELMENZAH,1,1,0.0,3363.8640000000005,20.0
00234,2026-03-09,1,,ELMENZAH,1,1,0.0,3251.52,45.0
00234,2026-03-16,1,,ELMENZAH,1,1,0.0,3209.595,132.0
00234,2026-03-23,1,,ELMENZAH,1,1,0.0,68.782,1.0
00234,2026-03-30,1,,ELMENZAH,1,1,0.0,430.364,3.0
00234,2026-04-08,3,,ELMENZAH,1,1,0.0,9.128,1.0
00234,2026-04-13,1,,ELMENZAH,1,1,0.0,103.965,1.0
00234,2026-04-17,5,,ELMENZAH,1,1,0.0,56.285,12.0
00234,2026-04-20,1,,ELMENZAH,1,1,0.0,23.699,24.0
00234,2026-04-27,1,,ELMENZAH,1,1,0.0,774.292,16.0
00234,2026-05-25,1,,ELMENZAH,1,1,0.0,186.57,2.0
00234,2026-06-01,1,,ELMENZAH,1,1,0.0,68.782,1.0
00234,2026-06-05,5,,ELMENZAH,1,1,0.0,19.332,1.0
00234,2026-06-08,1,,ELMENZAH,1,1,0.0,77.33,2.0
00234,2026-06-09,2,,ELMENZAH,1,1,0.0,19.332,1.0
00234,2026-06-15,1,,ELMENZAH,1,1,0.0,201.376,2.0
00234,2026-06-19,5,,ELMENZAH,1,1,0.0,101.682,2.0
00234,2026-06-22,1,,ELMENZAH,1,1,0.0,188.787,10.0
00234,2026-07-06,1,,ELMENZAH,1,1,0.0,27.238,1.0
00234,2026-07-10,5,,ELMENZAH,1,1,0.0,71.728,1.0
00234,2026-07-13,1,,ELMENZAH,1,1,0.0,98.661,1.0
00234,2026-08-03,1,,ELMENZAH,1,1,0.0,19.332,1.0
00234,2026-08-07,5,,ELMENZAH,1,1,0.0,38.779,24.0
00234,2026-08-10,1,,ELMENZAH,1,1,0.0,99.722,1.0
00234,2026-08-17,1,,ELMENZAH,1,1,0.0,728.068,4.0
00234,2026-08-31,1,,ELMENZAH,1,1,0.0,342.9,2.0
00234,2026-09-22,2,,ELMENZAH,1,1,0.0,495.61799999999994,4.0
00234,2026-09-28,1,,ELMENZAH,1,1,0.0,27.431,1.0
00234,2026-11-16,1,,ELMENZAH,1,1,0.0,2261.925,19.0
00234,2026-12-14,1,,ELMENZAH,1,1,0.0,1179.9850000000001,6.0
00234,2026-12-21,1,,ELMENZAH,1,1,0.0,823.48,5.0
00235,2025-01-09,4,GT,ELMENZAH,1,1,0.0,44.501,1.0
00235,2025-03-08,6,GT,ELMENZAH,1,1,0.0,1888.3680000000002,13.0
00235,2025-06-07,6,GT,ELMENZAH,1,1,0.0,33.986,1.0
00236,2025-01-05,0,GT,ELMENZAH,1,1,0.0,342.402,26.0
00236,2025-11-10,1,GT,ELMENZAH,1,1,0.0,37.676,24.0
00236,2025-11-25,2,GT,ELMENZAH,1,1,0.0,965.832,4.0
00236,2025-12-12,5,GT,ELMENZAH,1,1,0.0,42.975,1.0
00236,2026-01-13,2,GT,ELMENZAH,1,1,0.0,730.3919999999999,16.0
00236,2026-01-30,5,GT,ELMENZAH,1,1,0.0,40.395,24.0
00236,2026-02-03,2,GT,ELMENZAH,1,1,0.0,336.402,2.0
00236,2026-02-10,2,GT,ELMENZAH,1,1,0.0,75.16,2.0
00236,2026-02-17,2,GT,ELMENZAH,1,1,0.0,38.153,24.0
00236,2026-02-24,2,GT,ELMENZAH,1,1,0.0,38.153,24.0
00236,2026-03-11,3,GT,ELMENZAH,1,1,0.0,168.768,13.0
00236,2026-05-26,2,GT,ELMENZAH,1,1,0.0,263.908,2.0
00236,2026-06-23,2,GT,ELMENZAH,1,1,0.0,591.636,3.0
00236,2026-09-01,2,GT,ELMENZAH,1,1,0.0,237.18,26.0
00236,2026-09-08,2,GT,ELMENZAH,1,1,0.0,355.422,2.0
00236,2026-09-22,2,GT,ELMENZAH,1,1,0.0,611.748,4.0
00236,2026-10-27,2,GT,ELMENZAH,1,1,0.0,466.65000000000003,4.0
00237,2025-01-24,5,GT,ELMENZAH,1,1,0.0,59.848,1.0
00237,2025-03-06,4,GT,ELMENZAH,1,1,0.0,107.592,2.0
00237,2025-10-24,5,GT,ELMENZAH,1,1,0.0,25.194,2.0
00237,2025-12-12,5,GT,ELMENZAH,1,1,0.0,62.802,1.0
00237,2026-01-06,2,GT,ELMENZAH,1,1,0.0,529.415,144.0
00237,2026-01-13,2,GT,ELMENZAH,1,1,0.0,47.891,12.0
00237,2026-01-20,2,GT,ELMENZAH,1,1,0.0,210.58499999999998,11.0
00237,2026-01-27,2,GT,ELMENZAH,1,1,0.0,106.3,2.0
00237,2026-02-24,2,GT,ELMENZAH,1,1,0.0,228.92,72.0
00237,2026-03-03,2,GT,ELMENZAH,1,1,0.0,150.55,25.0
00237,2026-03-24,2,GT,ELMENZAH,1,1,0.0,88.982,2.0
00237,2026-03-26,4,GT,ELMENZAH,1,1,0.0,62.114,1.0
00237,2026-03-31,2,GT,ELMENZAH,1,1,0.0,286.912,2.0
00237,2026-04-07,2,GT,ELMENZAH,1,1,0.0,459.498,14.0
00237,2026-04-14,2,GT,ELMENZAH,1,1,0.0,168.768,13.0
00237,2026-04-28,2,GT,ELMENZAH,1,1,0.0,93.808,10.0
00237,2026-05-05,2,GT,ELMENZAH,1,1,0.0,93.808,10.0
00237,2026-05-12,2,GT,ELMENZAH,1,1,0.0,53.213,12.0
00237,2026-05-26,2,GT,ELMENZAH,1,1,0.0,347.058,11.0
00237,2026-06-05,5,GT,ELMENZAH,1,1,0.0,77.33,2.0
00237,2026-06-16,2,GT,ELMENZAH,1,1,0.0,28.054,1.0
00237,2026-06-23,2,GT,ELMENZAH,1,1,0.0,1122.42,9.0
00237,2026-06-30,2,GT,ELMENZAH,1,1,0.0,112.426,3.0
00237,2026-07-07,2,GT,ELMENZAH,1,1,0.0,28.054,1.0
00237,2026-07-14,2,GT,ELMENZAH,1,1,0.0,71.728,1.0
00237,2026-07-28,2,GT,ELMENZAH,1,1,0.0,993.819,33.0
00237,2026-08-13,4,GT,ELMENZAH,1,1,0.0,1609.7040000000002,29.0
00237,2026-08-25,2,GT,ELMENZAH,1,1,0.0,77.33,2.0
00237,2026-09-08,2,GT,ELMENZAH,1,1,0.0,106.425,24.0
00237,2026-09-15,2,GT,ELMENZAH,1,1,0.0,1005.172,10.0
00237,2026-09-22,2,GT,ELMENZAH,1,1,0.0,641.466,50.0
00237,2026-09-29,2,GT,ELMENZAH,1,1,0.0,76.752,48.0
00237,2026-10-06,2,GT,ELMENZAH,1,1,0.0,454.10699999999997,3.0
00237,2026-10-09,5,GT,ELMENZAH,1,1,0.0,214.314,25.0
00237,2026-10-13,2,GT,ELMENZAH,1,1,0.0,80.111,1.0
00237,2026-10-20,2,GT,ELMENZAH,1,1,0.0,332.764,2.0
00238,2025-12-12,5,GT,ELMENZAH,1,1,0.0,658.72,4.0
00239,2026-01-13,2,GT,,1,1,0.0,116.893,26.0
00239,2026-02-03,2,GT,,1,1,0.0,191.04,10.0
00239,2026-02-17,2,GT,,1,1,0.0,288.48,25.0
00239,2026-02-24,2,GT,,1,1,0.0,394.896,16.0
00239,2026-03-11,3,GT,,1,1,0.0,31.171,1.0
00239,2026-03-31,2,GT,,1,1,0.0,94.394,5.0
00239,2026-04-07,2,GT,,1,1,0.0,41.257,24.0
00239,2026-04-14,2,GT,,1,1,0.0,38.153,24.0
00239,2026-06-16,2,GT,,1,1,0.0,1170.577,42.0
00239,2026-09-29,2,GT,,1,1,0.0,210.896,3.0
00240,2025-10-25,6,GT,ELMENZAH,1,1,0.0,12.596,1.0
00240,2026-03-25,3,GT,ELMENZAH,1,1,0.0,243.342,8.0
00241,2026-03-06,5,GT,,1,1,0.0,294.872,2.0
00241,2026-03-26,4,GT,,1,1,0.0,1114.685,9.0
00241,2026-04-19,0,GT,,1,1,0.0,1828.42,28.0
00241,2026-06-14,0,GT,,1,1,0.0,871.46,4.0
00242,2025-01-14,2,GT,ELMENZAH,1,1,0.0,78.408,1.0
00242,2025-03-03,1,GT,ELMENZAH,1,1,0.0,3496.02,47.0
00242,2025-03-11,2,GT,ELMENZAH,1,1,0.0,673.698,26.0
00242,2025-05-09,5,GT,ELMENZAH,1,1,0.0,1452.7500000000002,70.0
00242,2025-05-30,5,GT,ELMENZAH,1,1,0.0,3559.3470000000007,53.0
00242,2025-06-17,2,GT,ELMENZAH,1,1,0.0,50.494,24.0
00242,2025-08-02,6,GT,ELMENZAH,1,1,0.0,19.906,1.0
00242,2026-11-25,3,GT,ELMENZAH,1,1,0.0,486.346,4.0
00243,2025-01-22,3,GT,ELMENZAH,1,1,0.0,273.104,4.0
00243,2025-08-11,1,GT,ELMENZAH,1,1,0.0,36.996,20.0
00243,2025-08-29,5,GT,ELMENZAH,1,1,0.0,99.532,5.0
00244,2025-02-27,4,GT,ELMENZAH,1,1,0.0,43.512,1.0
00245,2025-02-11,2,GT,ELMENZAH,1,1,0.0,31.03,1.0
00245,2025-05-09,5,GT,ELMENZAH,1,1,0.0,91.842,6.0
00245,2025-11-19,3,GT,ELMENZAH,1,1,0.0,35.546,1.0
00246,2025-01-14,2,GT,ELMENZAH,1,1,0.0,955.524,38.0
00246,2025-01-20,1,GT,ELMENZAH,1,1,0.0,48.196,1.0
00246,2025-01-22,3,GT,ELMENZAH,1,1,0.0,193.574,2.0
00246,2025-02-04,2,GT,ELMENZAH,1,1,0.0,26.236,24.0
00246,2025-02-19,3,GT,ELMENZAH,1,1,0.0,41.39,1.0
00246,2025-02-23,0,GT,ELMENZAH,1,1,0.0,3720.9360000000006,8.0
00246,2025-03-06,4,GT,ELMENZAH,1,1,0.0,730.712,5.0
00246,2025-03-09,0,GT,ELMENZAH,1,1,0.0,8074.605000000001,75.0
00246,2025-03-22,6,GT,ELMENZAH,1,1,0.0,25.189,3.0
00246,2025-04-28,1,GT,ELMENZAH,1,1,0.0,2286.799,109.0
00246,2025-05-21,3,GT,ELMENZAH,1,1,0.0,43.376,1.0
00246,2025-06-01,0,GT,ELMENZAH,1,1,0.0,33.893,1.0
00246,2025-06-04,3,GT,ELMENZAH,1,1,0.0,4196.203,73.0
00246,2025-06-13,5,GT,ELMENZAH,1,1,0.0,8973.184,47.0
00246,2025-06-18,3,GT,ELMENZAH,1,1,0.0,839.312,50.0
00246,2025-06-23,1,GT,ELMENZAH,1,1,0.0,2725.746,77.0
00246,2025-07-26,6,GT,ELMENZAH,1,1,0.0,2395.64,11.0
00246,2025-07-29,2,GT,ELMENZAH,1,1,0.0,182.784,29.0
00246,2025-08-05,2,GT,ELMENZAH,1,1,0.0,386.822,15.0
00246,2025-08-11,1,GT,ELMENZAH,1,1,0.0,883.77,30.0
00246,2025-08-22,5,GT,ELMENZAH,1,1,0.0,2387.32,56.0
00246,2025-08-26,2,GT,ELMENZAH,1,1,0.0,403.20599999999996,6.0
00246,2025-09-09,2,GT,ELMENZAH,1,1,0.0,235.612,84.0
00246,2025-09-23,2,GT,ELMENZAH,1,1,0.0,667.455,26.0
00246,2025-10-19,0,GT,ELMENZAH,1,1,0.0,291.516,25.0
00246,2025-10-25,6,GT,ELMENZAH,1,1,0.0,12.596,1.0
00246,2025-11-08,6,GT,ELMENZAH,1,1,0.0,62.802,1.0
00246,2025-11-30,0,GT,ELMENZAH,1,1,0.0,67.863,1.0
00246,2025-12-08,1,GT,ELMENZAH,1,1,0.0,8719.788999999999,102.0
00246,2026-03-25,3,GT,ELMENZAH,1,1,0.0,293.058,14.0
00246,2026-04-13,1,GT,ELMENZAH,1,1,0.0,53.213,12.0
00246,2026-04-20,1,GT,ELMENZAH,1,1,0.0,1563.375,12.0
00246,2026-04-22,3,GT,ELMENZAH,1,1,0.0,450.274,48.0
00246,2026-05-06,3,GT,ELMENZAH,1,1,0.0,2625.875,95.0
00246,2026-06-09,2,GT,ELMENZAH,1,1,0.0,2315.585,57.0
00246,2026-10-30,5,GT,ELMENZAH,1,1,0.0,4502.610000000001,36.0
00246,2026-11-06,5,GT,ELMENZAH,1,1,0.0,33.51,2.0
00246,2026-11-18,3,GT,ELMENZAH,1,1,0.0,5144.513,24.0
00246,2026-11-25,3,GT,ELMENZAH,1,1,0.0,1062.9,6.0
00246,2026-11-26,4,GT,ELMENZAH,1,1,0.0,668.568,38.0
00246,2026-12-03,4,GT,ELMENZAH,1,1,0.0,7873.7750000000015,56.0
00248,2026-02-19,4,GT,,1,1,0.0,38.153,24.0
00249,2025-01-21,2,GT,BOUMHELELBASSATINE,1,1,0.0,84.426,48.0
00249,2025-02-25,2,GT,BOUMHELELBASSATINE,1,1,0.0,20.275,24.0
00249,2025-03-11,2,GT,BOUMHELELBASSATINE,1,1,0.0,70.568,1.0
00249,2025-03-18,2,GT,BOUMHELELBASSATINE,1,1,0.0,52.367,12.0
00249,2025-04-09,3,GT,BOUMHELELBASSATINE,1,1,0.0,172.456,2.0
00249,2025-04-29,2,GT,BOUMHELELBASSATINE,1,1,0.0,25.247,12.0
00249,2026-03-05,4,GT,BOUMHELELBASSATINE,1,1,0.0,17.158,24.0
00249,2026-09-03,4,GT,BOUMHELELBASSATINE,1,1,0.0,246.88800000000003,3.0
00249,2026-09-24,4,GT,BOUMHELELBASSATINE,1,1,0.0,120.7,2.0
00252,2025-05-06,2,GT,ELKABBARIA,1,1,0.0,50.494,24.0
00252,2025-05-07,3,GT,ELKABBARIA,1,1,0.0,25.247,12.0
00252,2025-05-14,3,GT,ELKABBARIA,1,1,0.0,25.247,12.0
00252,2025-12-21,0,GT,ELKABBARIA,1,1,0.0,371.152,3.0
00252,2026-01-02,5,GT,ELKABBARIA,1,1,0.0,71.728,1.0
00252,2026-03-13,5,GT,ELKABBARIA,1,1,0.0,38.153,24.0
00252,2026-06-12,5,GT,ELKABBARIA,1,1,0.0,98.661,1.0
00252,2026-06-19,5,GT,ELKABBARIA,1,1,0.0,27.238,1.0
00252,2026-07-24,5,GT,ELKABBARIA,1,1,0.0,90.63,1.0
00252,2026-10-15,4,GT,ELKABBARIA,1,1,0.0,729.399,50.0
00253,2025-03-26,3,GT,ELKABBARIA,1,1,0.0,41.324,2.0
00253,2025-04-09,3,GT,ELKABBARIA,1,1,0.0,26.236,24.0
00253,2025-05-07,3,GT,ELKABBARIA,1,1,0.0,25.247,12.0
00253,2025-06-11,3,GT,ELKABBARIA,1,1,0.0,11.636,1.0
00253,2025-06-25,3,GT,ELKABBARIA,1,1,0.0,50.494,24.0
00253,2026-01-16,5,GT,ELKABBARIA,1,1,0.0,82.182,3.0
00253,2026-02-20,5,GT,ELKABBARIA,1,1,0.0,10.301,1.0
00253,2026-03-13,5,GT,ELKABBARIA,1,1,0.0,27.385,3.0
00253,2026-04-17,5,GT,ELKABBARIA,1,1,0.0,62.114,1.0
00253,2026-05-22,5,GT,ELKABBARIA,1,1,0.0,9.128,1.0
00253,2026-05-29,5,GT,ELKABBARIA,1,1,0.0,204.156,3.0
00253,2026-06-05,5,GT,ELKABBARIA,1,1,0.0,332.88800000000003,5.0
00253,2026-06-26,5,GT,ELKABBARIA,1,1,0.0,149.643,3.0
00253,2026-07-10,5,GT,ELKABBARIA,1,1,0.0,62.114,1.0
00253,2026-07-17,5,GT,ELKABBARIA,1,1,0.0,143.89,25.0
00253,2026-07-24,5,GT,ELKABBARIA,1,1,0.0,43.891,24.0
00253,2026-08-07,5,GT,ELKABBARIA,1,1,0.0,25.092,24.0
00253,2026-08-21,5,GT,ELKABBARIA,1,1,0.0,513.5129999999999,3.0
00253,2026-10-23,5,GT,ELKABBARIA,1,1,0.0,224.913,26.0
00255,2025-01-21,2,GT,ELKABBARIA,1,1,0.0,136.898,48.0
00255,2025-06-10,2,GT,ELKABBARIA,1,1,0.0,11.636,1.0
00255,2026-01-28,3,GT,ELKABBARIA,1,1,0.0,40.395,24.0
00255,2026-02-06,5,GT,ELKABBARIA,1,1,0.0,20.603,2.0
00255,2026-02-27,5,GT,ELKABBARIA,1,1,0.0,152.22899999999998,49.0
00255,2026-03-27,5,GT,ELKABBARIA,1,1,0.0,31.171,1.0
00255,2026-04-10,5,GT,ELKABBARIA,1,1,0.0,98.856,3.0
00255,2026-04-24,5,GT,ELKABBARIA,1,1,0.0,18.256,2.0
00255,2026-07-03,5,GT,ELKABBARIA,1,1,0.0,158.008,48.0
00255,2026-10-02,5,GT,ELKABBARIA,1,1,0.0,120.714,2.0
00256,2025-03-26,3,GT,ELKABBARIA,1,1,0.0,30.503,1.0
00256,2025-04-09,3,GT,ELKABBARIA,1,1,0.0,30.503,1.0
00256,2025-04-23,3,GT,ELKABBARIA,1,1,0.0,311.772,2.0
00256,2025-05-09,5,GT,ELKABBARIA,1,1,0.0,302.964,144.0
00256,2025-06-04,3,GT,ELKABBARIA,1,1,0.0,39.813,1.0
00256,2025-06-11,3,GT,ELKABBARIA,1,1,0.0,11.636,1.0
00256,2025-06-18,3,GT,ELKABBARIA,1,1,0.0,71.422,1.0
00256,2025-06-25,3,GT,ELKABBARIA,1,1,0.0,50.494,24.0
00256,2026-01-09,5,GT,ELKABBARIA,1,1,0.0,51.575,1.0
00256,2026-04-01,3,GT,ELKABBARIA,1,1,0.0,279.483,73.0
00256,2026-04-10,5,GT,ELKABBARIA,1,1,0.0,18.257,2.0
00256,2026-06-05,5,GT,ELKABBARIA,1,1,0.0,77.33,2.0
00256,2026-06-19,5,GT,ELKABBARIA,1,1,0.0,39.503,24.0
00256,2026-07-10,5,GT,ELKABBARIA,1,1,0.0,849.244,4.0
00256,2026-08-07,5,GT,ELKABBARIA,1,1,0.0,116.222,25.0
00257,2025-03-26,3,GT,ELKABBARIA,1,1,0.0,50.452,3.0
00257,2025-04-02,3,GT,ELKABBARIA,1,1,0.0,427.053,26.0
00257,2025-04-16,3,GT,ELKABBARIA,1,1,0.0,179.51100000000002,3.0
00257,2025-05-14,3,GT,ELKABBARIA,1,1,0.0,87.445,1.0
00257,2025-05-21,3,GT,ELKABBARIA,1,1,0.0,31.768,1.0
00257,2025-06-11,3,GT,ELKABBARIA,1,1,0.0,11.636,1.0
00257,2025-07-16,3,GT,ELKABBARIA,1,1,0.0,156.22,48.0
00257,2026-03-27,5,GT,ELKABBARIA,1,1,0.0,38.153,24.0
00257,2026-04-17,5,GT,ELKABBARIA,1,1,0.0,505.992,13.0
00257,2026-05-06,3,GT,ELKABBARIA,1,1,0.0,191.69400000000002,14.0
00257,2026-05-22,5,GT,ELKABBARIA,1,1,0.0,414.48,97.0
00257,2026-06-05,5,GT,ELKABBARIA,1,1,0.0,38.153,24.0
00257,2026-06-19,5,GT,ELKABBARIA,1,1,0.0,38.153,24.0
00257,2026-07-10,5,GT,ELKABBARIA,1,1,0.0,37.971,24.0
00257,2026-07-17,5,GT,ELKABBARIA,1,1,0.0,22.787,1.0
00257,2026-07-24,5,GT,ELKABBARIA,1,1,0.0,285.102,25.0
00257,2026-09-04,5,GT,ELKABBARIA,1,1,0.0,242.874,25.0
00257,2026-10-23,5,GT,ELKABBARIA,1,1,0.0,271.952,25.0
00257,2026-11-06,5,GT,ELKABBARIA,1,1,0.0,68.782,1.0
00258,2025-01-07,2,GT,ELOUERDIA,1,1,0.0,110.284,1.0
00258,2025-01-28,2,GT,ELOUERDIA,1,1,0.0,110.284,1.0
00258,2025-02-04,2,GT,ELOUERDIA,1,1,0.0,54.242,24.0
00258,2025-02-11,2,GT,ELOUERDIA,1,1,0.0,83.737,1.0
00258,2025-02-25,2,GT,ELOUERDIA,1,1,0.0,94.172,1.0
00258,2025-03-26,3,GT,ELOUERDIA,1,1,0.0,146.599,13.0
00258,2025-04-09,3,GT,ELOUERDIA,1,1,0.0,8.671,1.0
00258,2025-04-16,3,GT,ELOUERDIA,1,1,0.0,34.688,2.0
00258,2025-04-30,3,GT,ELOUERDIA,1,1,0.0,71.422,1.0
00258,2025-05-07,3,GT,ELOUERDIA,1,1,0.0,50.494,24.0
00258,2025-06-18,3,GT,ELOUERDIA,1,1,0.0,41.324,2.0
00258,2025-06-25,3,GT,ELOUERDIA,1,1,0.0,30.503,1.0
00258,2025-07-16,3,GT,ELOUERDIA,1,1,0.0,708.484,4.0
00258,2025-07-23,3,GT,ELOUERDIA,1,1,0.0,37.418,1.0
00258,2025-09-26,5,GT,ELOUERDIA,1,1,0.0,88.172,1.0
00258,2025-10-22,3,GT,ELOUERDIA,1,1,0.0,19.906,1.0
00258,2025-11-12,3,GT,ELOUERDIA,1,1,0.0,110.284,1.0
00258,2025-11-19,3,GT,ELOUERDIA,1,1,0.0,79.33,1.0
00258,2025-11-26,3,GT,ELOUERDIA,1,1,0.0,103.163,1.0
00258,2025-12-01,1,GT,ELOUERDIA,1,1,0.0,417.8,2.0
00258,2025-12-03,3,GT,ELOUERDIA,1,1,0.0,116.088,1.0
00258,2025-12-10,3,GT,ELOUERDIA,1,1,0.0,54.242,24.0
00258,2025-12-24,3,GT,ELOUERDIA,1,1,0.0,42.975,1.0
00258,2025-12-29,1,GT,ELOUERDIA,1,1,0.0,27.034,1.0
00258,2025-12-30,2,GT,ELOUERDIA,1,1,0.0,1139.044,9.0
00258,2026-01-02,5,GT,ELOUERDIA,1,1,0.0,40.395,24.0
00258,2026-01-23,5,GT,ELOUERDIA,1,1,0.0,15.342,1.0
00258,2026-02-06,5,GT,ELOUERDIA,1,1,0.0,40.395,24.0
00258,2026-02-20,5,GT,ELOUERDIA,1,1,0.0,15.342,1.0
00258,2026-02-27,5,GT,ELOUERDIA,1,1,0.0,20.603,2.0
00258,2026-03-06,5,GT,ELOUERDIA,1,1,0.0,41.696,24.0
00258,2026-03-13,5,GT,ELOUERDIA,1,1,0.0,38.153,24.0
00258,2026-04-01,3,GT,ELOUERDIA,1,1,0.0,114.076,25.0
00258,2026-04-09,4,GT,ELOUERDIA,1,1,0.0,384.888,27.0
00258,2026-04-10,5,GT,ELOUERDIA,1,1,0.0,43.891,48.0
00258,2026-04-24,5,GT,ELOUERDIA,1,1,0.0,22.237,1.0
00258,2026-05-08,5,GT,ELOUERDIA,1,1,0.0,607.636,27.0
00258,2026-05-22,5,GT,ELOUERDIA,1,1,0.0,441.788,27.0
00258,2026-05-29,5,GT,ELOUERDIA,1,1,0.0,41.696,24.0
00258,2026-06-12,5,GT,ELOUERDIA,1,1,0.0,646.44,27.0
00258,2026-06-26,5,GT,ELOUERDIA,1,1,0.0,120.782,25.0
00258,2026-07-03,5,GT,ELOUERDIA,1,1,0.0,39.503,24.0
00258,2026-07-10,5,GT,ELOUERDIA,1,1,0.0,62.114,1.0
00258,2026-07-17,5,GT,ELOUERDIA,1,1,0.0,25.092,24.0
00258,2026-07-24,5,GT,ELOUERDIA,1,1,0.0,341.482,2.0
00258,2026-08-07,5,GT,ELOUERDIA,1,1,0.0,287.226,25.0
00258,2026-12-28,1,GT,ELOUERDIA,1,1,0.0,265.686,25.0
00259,2025-02-04,2,GT,ELOUERDIA,1,1,0.0,54.242,24.0
00259,2025-03-26,3,GT,ELOUERDIA,1,1,0.0,9.128,1.0
00259,2025-04-02,3,GT,ELOUERDIA,1,1,0.0,23.272,1.0
00259,2025-04-09,3,GT,ELOUERDIA,1,1,0.0,19.262,24.0
00259,2025-05-21,3,GT,ELOUERDIA,1,1,0.0,30.503,1.0
00259,2025-06-04,3,GT,ELOUERDIA,1,1,0.0,67.973,1.0
00259,2025-06-11,3,GT,ELOUERDIA,1,1,0.0,11.636,1.0
00259,2025-06-18,3,GT,ELOUERDIA,1,1,0.0,50.494,24.0
00259,2025-11-19,3,GT,ELOUERDIA,1,1,0.0,67.863,1.0
00259,2025-11-26,3,GT,ELOUERDIA,1,1,0.0,64.03,12.0
00259,2025-12-03,3,GT,ELOUERDIA,1,1,0.0,33.893,1.0
00259,2025-12-10,3,GT,ELOUERDIA,1,1,0.0,54.242,24.0
00259,2025-12-24,3,GT,ELOUERDIA,1,1,0.0,42.975,1.0
00259,2026-01-02,5,GT,ELOUERDIA,1,1,0.0,130.974,48.0
00259,2026-01-23,5,GT,ELOUERDIA,1,1,0.0,40.395,24.0
00259,2026-01-30,5,GT,ELOUERDIA,1,1,0.0,41.206,2.0
00259,2026-02-06,5,GT,ELOUERDIA,1,1,0.0,40.395,24.0
00259,2026-02-13,5,GT,ELOUERDIA,1,1,0.0,96.908,25.0
00259,2026-02-20,5,GT,ELOUERDIA,1,1,0.0,10.301,1.0
00259,2026-02-27,5,GT,ELOUERDIA,1,1,0.0,38.153,24.0
00259,2026-03-06,5,GT,ELOUERDIA,1,1,0.0,38.153,24.0
00259,2026-03-27,5,GT,ELOUERDIA,1,1,0.0,23.699,24.0
00259,2026-04-10,5,GT,ELOUERDIA,1,1,0.0,23.699,24.0
00259,2026-05-22,5,GT,ELOUERDIA,1,1,0.0,9.128,1.0
00259,2026-05-29,5,GT,ELOUERDIA,1,1,0.0,65.656,25.0
00259,2026-06-12,5,GT,ELOUERDIA,1,1,0.0,15.342,1.0
00259,2026-06-26,5,GT,ELOUERDIA,1,1,0.0,23.699,24.0
00259,2026-07-10,5,GT,ELOUERDIA,1,1,0.0,14.575,1.0
00259,2026-07-24,5,GT,ELOUERDIA,1,1,0.0,37.971,24.0
00259,2026-08-07,5,GT,ELOUERDIA,1,1,0.0,127.742,48.0
00259,2026-10-23,5,GT,ELOUERDIA,1,1,0.0,23.837,24.0
00260,2025-01-05,0,GT,ELOUERDIA,1,1,0.0,35.098,1.0
00260,2026-01-23,5,GT,ELOUERDIA,1,1,0.0,106.087,1.0
00260,2026-06-05,5,GT,ELOUERDIA,1,1,0.0,77.33,2.0
00260,2026-06-12,5,GT,ELOUERDIA,1,1,0.0,27.238,1.0
00261,2025-03-26,3,GT,SIDIELBECHIR,1,1,0.0,90.982,13.0
00261,2025-05-07,3,GT,SIDIELBECHIR,1,1,0.0,25.247,12.0
00261,2025-05-21,3,GT,SIDIELBECHIR,1,1,0.0,31.768,1.0
00261,2025-06-11,3,GT,SIDIELBECHIR,1,1,0.0,33.986,1.0
00261,2026-01-02,5,GT,SIDIELBECHIR,1,1,0.0,71.728,1.0
00261,2026-01-23,5,GT,SIDIELBECHIR,1,1,0.0,3995.9900000000007,33.0
00261,2026-01-30,5,GT,SIDIELBECHIR,1,1,0.0,215.77200000000002,49.0
00261,2026-02-13,5,GT,SIDIELBECHIR,1,1,0.0,106.992,25.0
00261,2026-03-06,5,GT,SIDIELBECHIR,1,1,0.0,38.153,24.0
00261,2026-04-24,5,GT,SIDIELBECHIR,1,1,0.0,18.256,2.0
00261,2026-05-22,5,GT,SIDIELBECHIR,1,1,0.0,15.342,1.0
00261,2026-06-05,5,GT,SIDIELBECHIR,1,1,0.0,230.454,26.0
00261,2026-06-19,5,GT,SIDIELBECHIR,1,1,0.0,27.238,1.0
00261,2026-06-26,5,GT,SIDIELBECHIR,1,1,0.0,30.684,2.0
00261,2026-08-07,5,GT,SIDIELBECHIR,1,1,0.0,43.891,24.0
00261,2026-08-21,5,GT,SIDIELBECHIR,1,1,0.0,132.034,25.0
00261,2026-10-02,5,GT,SIDIELBECHIR,1,1,0.0,158.302,2.0
00262,2025-02-14,5,GT,SIDIELBECHIR,1,1,0.0,17.09,60.0
00262,2025-03-09,0,GT,SIDIELBECHIR,1,1,0.0,26.49,1.0
00262,2025-03-13,4,GT,SIDIELBECHIR,1,1,0.0,15.014,1.0
00264,2025-01-16,4,GT,SIDIELBECHIR,1,1,0.0,24.004,24.0
00264,2025-02-14,5,GT,SIDIELBECHIR,1,1,0.0,87.293,1.0
00264,2025-03-13,4,GT,SIDIELBECHIR,1,1,0.0,15.014,1.0
00264,2025-11-07,5,GT,SIDIELBECHIR,1,1,0.0,19.617,40.0
00264,2025-12-02,2,GT,SIDIELBECHIR,1,1,0.0,49.446,1.0
00264,2025-12-08,1,GT,SIDIELBECHIR,1,1,0.0,16.022,60.0
00265,2025-02-24,1,GT,SIDIELBECHIR,1,1,0.0,55.389,1.0
00265,2025-05-09,5,GT,SIDIELBECHIR,1,1,0.0,26.778,5.0
00266,2026-03-13,5,GT,,1,1,0.0,384.08399999999995,49.0
00267,2026-01-09,5,GT,,1,1,0.0,101.394,25.0
00267,2026-06-12,5,GT,,1,1,0.0,27.238,1.0
00268,2025-04-06,0,GT,ELMENZAH,1,1,0.0,70.568,1.0
00268,2025-10-29,3,GT,ELMENZAH,1,1,0.0,12.596,1.0
00268,2025-11-22,6,GT,ELMENZAH,1,1,0.0,38.583,1.0
00269,2025-04-08,2,GT,,1,1,0.0,8.671,1.0
00269,2025-05-09,5,GT,,1,1,0.0,100.988,48.0
00269,2025-05-21,3,GT,,1,1,0.0,31.768,1.0
00269,2025-06-04,3,GT,,1,1,0.0,58.068,24.0
00269,2025-06-18,3,GT,,1,1,0.0,41.324,2.0
00269,2026-01-02,5,GT,,1,1,0.0,25.092,24.0
00269,2026-02-06,5,GT,,1,1,0.0,40.395,24.0
00269,2026-03-06,5,GT,,1,1,0.0,38.153,24.0
00269,2026-03-13,5,GT,,1,1,0.0,23.699,24.0
00269,2026-04-10,5,GT,,1,1,0.0,15.342,1.0
00269,2026-04-17,5,GT,,1,1,0.0,23.699,24.0
00269,2026-07-10,5,GT,,1,1,0.0,28.054,1.0
00269,2026-07-17,5,GT,,1,1,0.0,17.158,24.0
00269,2026-07-24,5,GT,,1,1,0.0,25.092,24.0
00286,2025-12-14,0,GT,LEBARDO,1,1,0.0,37.676,24.0
00287,2025-01-12,0,GT,LEBARDO,1,1,0.0,78.408,1.0
00287,2025-01-20,1,GT,LEBARDO,1,1,0.0,34.699,1.0
00287,2025-02-22,6,GT,LEBARDO,1,1,0.0,74.955,1.0
00287,2025-11-17,1,GT,LEBARDO,1,1,0.0,37.676,24.0
00287,2025-12-08,1,GT,LEBARDO,1,1,0.0,42.975,1.0
00287,2025-12-14,0,GT,LEBARDO,1,1,0.0,27.034,1.0
00288,2025-01-03,5,GT,LEBARDO,1,1,0.0,25.194,1.0
00288,2025-02-09,0,GT,LEBARDO,1,1,0.0,20.214,1.0
00288,2025-02-22,6,GT,LEBARDO,1,1,0.0,33.112,1.0
00288,2025-11-09,0,GT,LEBARDO,1,1,0.0,19.617,40.0
00288,2025-11-21,5,GT,LEBARDO,1,1,0.0,23.188,24.0
00288,2025-12-08,1,GT,LEBARDO,1,1,0.0,110.284,1.0
00289,2025-01-02,4,GT,ELMENZAH,1,1,0.0,38.997,1.0
00289,2025-01-16,4,GT,ELMENZAH,1,1,0.0,379.317,27.0
00289,2025-02-01,6,GT,ELMENZAH,1,1,0.0,245.466,2.0
00289,2025-02-17,1,GT,ELMENZAH,1,1,0.0,1594.824,8.0
00289,2025-03-13,4,GT,ELMENZAH,1,1,0.0,550.233,3.0
00289,2025-10-18,6,GT,ELMENZAH,1,1,0.0,12.596,1.0
00289,2025-11-14,5,GT,ELMENZAH,1,1,0.0,4192.216,32.0
00289,2025-12-03,3,GT,ELMENZAH,1,1,0.0,1619.31,135.0
00289,2025-12-12,5,GT,ELMENZAH,1,1,0.0,283.17,5.0
00289,2026-01-01,4,GT,ELMENZAH,1,1,0.0,184.401,3.0
00289,2026-02-08,0,GT,ELMENZAH,1,1,0.0,1382.1779999999999,53.0
00289,2026-03-10,2,GT,ELMENZAH,1,1,0.0,660.732,29.0
00289,2026-03-22,0,GT,ELMENZAH,1,1,0.0,37.758,2.0
00289,2026-04-28,2,GT,ELMENZAH,1,1,0.0,94.394,5.0
00289,2026-05-27,3,GT,ELMENZAH,1,1,0.0,186.57,2.0
00289,2026-06-21,0,GT,ELMENZAH,1,1,0.0,19.332,1.0
00289,2026-07-05,0,GT,ELMENZAH,1,1,0.0,80.111,1.0
00289,2026-08-23,0,GT,ELMENZAH,1,1,0.0,337.448,2.0
00289,2026-08-30,0,GT,ELMENZAH,1,1,0.0,1519.2359999999999,29.0
00289,2026-09-13,0,GT,ELMENZAH,1,1,0.0,290.906,2.0
00289,2026-11-08,0,GT,ELMENZAH,1,1,0.0,416.23199999999997,49.0
00292,2025-03-07,5,GT,,1,1,0.0,20.275,24.0
00295,2025-01-10,5,GT,,1,1,0.0,29.035,1.0
00295,2025-01-17,5,GT,,1,1,0.0,111.314,25.0
00295,2025-01-24,5,GT,,1,1,0.0,42.213,24.0
00295,2025-01-31,5,GT,,1,1,0.0,19.395,4.0
00295,2025-02-11,2,GT,,1,1,0.0,42.213,24.0
00295,2025-02-16,0,GT,,1,1,0.0,33.893,1.0
00295,2025-02-21,5,GT,,1,1,0.0,116.088,1.0
00295,2025-02-28,5,GT,,1,1,0.0,26.236,24.0
00295,2025-03-07,5,GT,,1,1,0.0,33.841,1.0
00295,2025-03-21,5,GT,,1,1,0.0,24.349,1.0
00295,2025-03-28,5,GT,,1,1,0.0,9.128,1.0
00295,2025-05-09,5,GT,,1,1,0.0,27.616,24.0
00295,2025-05-30,5,GT,,1,1,0.0,24.004,24.0
00295,2025-06-20,5,GT,,1,1,0.0,50.494,24.0
00295,2025-08-29,5,GT,,1,1,0.0,50.494,24.0
00295,2025-09-26,5,GT,,1,1,0.0,57.097,24.0
00295,2025-11-07,5,GT,,1,1,0.0,57.097,24.0
00295,2025-11-14,5,GT,,1,1,0.0,57.097,24.0
00295,2025-12-05,5,GT,,1,1,0.0,37.676,24.0
00295,2025-12-19,5,GT,,1,1,0.0,37.676,24.0
00295,2025-12-26,5,GT,,1,1,0.0,42.975,1.0
00295,2026-01-18,0,GT,,1,1,0.0,40.395,24.0
00295,2026-02-01,0,GT,,1,1,0.0,506.157,26.0
00295,2026-03-22,0,GT,,1,1,0.0,51.575,1.0
00295,2026-03-29,0,GT,,1,1,0.0,38.153,24.0
00295,2026-04-05,0,GT,,1,1,0.0,22.237,1.0
00295,2026-06-14,0,GT,,1,1,0.0,27.238,1.0
00295,2026-06-28,0,GT,,1,1,0.0,72.634,1.0
00295,2026-07-05,0,GT,,1,1,0.0,19.332,1.0
00295,2026-08-02,0,GT,,1,1,0.0,116.914,48.0
00295,2026-08-09,0,GT,,1,1,0.0,43.891,24.0
00295,2026-08-30,0,GT,,1,1,0.0,77.33,2.0
00295,2026-09-06,0,GT,,1,1,0.0,8.216,1.0
00295,2026-09-13,0,GT,,1,1,0.0,38.375,24.0
00295,2026-10-11,0,GT,,1,1,0.0,38.375,24.0
00295,2026-10-25,0,GT,,1,1,0.0,17.4,1.0
00295,2026-11-01,0,GT,,1,1,0.0,68.782,1.0
00295,2026-11-08,0,GT,,1,1,0.0,80.791,48.0
00295,2026-11-15,0,GT,,1,1,0.0,69.002,1.0
00295,2026-11-22,0,GT,,1,1,0.0,23.837,24.0
00295,2026-12-27,0,GT,,1,1,0.0,31.171,1.0
00298,2025-08-24,0,GT,EZZOUHOUR,1,1,0.0,19.906,1.0
00299,2025-02-28,5,GT,EZZOUHOUR,1,1,0.0,9.905,1.0
00299,2026-11-24,2,GT,EZZOUHOUR,1,1,0.0,68.782,1.0
00425,2025-01-05,0,GT,RADES,1,1,0.0,43.6,1.0
00425,2025-01-12,0,GT,RADES,1,1,0.0,68.782,1.0
00425,2025-01-26,0,GT,RADES,1,1,0.0,13.444,1.0
00425,2025-02-18,2,GT,RADES,1,1,0.0,13.444,1.0
00425,2025-02-23,0,GT,RADES,1,1,0.0,42.213,24.0
00425,2025-03-02,0,GT,RADES,1,1,0.0,137.45,48.0
00425,2025-04-27,0,GT,RADES,1,1,0.0,26.236,24.0
00425,2025-05-04,0,GT,RADES,1,1,0.0,25.247,12.0
00425,2025-06-01,0,GT,RADES,1,1,0.0,24.004,24.0
00425,2025-06-07,6,GT,LEBARDO,1,1,0.0,147.988,40.0
00425,2025-07-13,0,GT,RADES,1,1,0.0,87.445,1.0
00425,2025-07-20,0,GT,RADES,1,1,0.0,27.616,24.0
00425,2026-02-06,5,GT,RADES,1,1,0.0,40.395,24.0
00425,2026-03-17,2,GT,RADES,1,1,0.0,41.696,24.0
00425,2026-05-05,2,GT,RADES,1,1,0.0,228.92,72.0
00425,2026-05-12,2,GT,RADES,1,1,0.0,645.729,74.0
00425,2026-05-26,2,GT,RADES,1,1,0.0,100.783,1.0
00425,2026-06-16,2,GT,RADES,1,1,0.0,39.503,24.0
00425,2026-07-07,2,GT,RADES,1,1,0.0,98.661,1.0
00425,2026-11-10,2,GT,RADES,1,1,0.0,4.564,1.0
00425,2026-11-17,2,GT,RADES,1,1,0.0,175.566,48.0
00425,2026-12-22,2,GT,RADES,1,1,0.0,42.213,24.0
00425,2026-12-29,2,GT,RADES,1,1,0.0,42.213,24.0
00462,2025-01-24,5,GT,LAMARSA,C6,1300,1.0,52.047,1.0
00462,2025-06-10,2,GT,LAMARSA,C6,1300,1.0,54.411,1.0
00462,2025-07-05,6,GT,LAMARSA,C6,1300,1.0,2232.261,291.0
00462,2025-07-20,0,GT,LAMARSA,C6,1300,1.0,27.616,24.0
00462,2025-10-11,6,GT,LAMARSA,C6,1300,1.0,57.097,24.0
00462,2025-11-17,1,GT,LAMARSA,C6,1300,1.0,69.875,1.0
00546,2025-01-03,5,GT,Inconnue,2,2,0.0,92.812,1.0
00546,2025-01-05,0,GT,Inconnue,2,2,0.0,39.735,1.0
00546,2025-01-10,5,GT,Inconnue,2,2,0.0,52.047,1.0
00546,2025-01-11,6,GT,Inconnue,2,2,0.0,207.29999999999998,26.0
00546,2025-01-24,5,GT,Inconnue,2,2,0.0,67.336,1.0
00546,2025-02-04,2,GT,Inconnue,2,2,0.0,78.408,1.0
00546,2025-02-10,1,GT,Inconnue,2,2,0.0,78.408,1.0
00546,2025-02-12,3,GT,Inconnue,2,2,0.0,37.404,1.0
00546,2025-02-22,6,GT,Inconnue,2,2,0.0,37.676,24.0
00546,2025-02-24,1,GT,Inconnue,2,2,0.0,75.188,1.0
00546,2025-03-03,1,GT,Inconnue,2,2,0.0,52.047,1.0
00546,2025-03-08,6,GT,Inconnue,2,2,0.0,48.591,1.0
00546,2025-03-10,1,GT,Inconnue,2,2,0.0,67.863,1.0
00546,2025-03-15,6,GT,Inconnue,2,2,0.0,48.698,2.0
00546,2025-04-02,3,GT,Inconnue,2,2,0.0,14.576,1.0
00546,2025-04-11,5,GT,Inconnue,2,2,0.0,70.568,1.0
00546,2025-04-18,5,GT,Inconnue,2,2,0.0,43.731,3.0
00546,2025-04-19,6,GT,Inconnue,2,2,0.0,85.951,1.0
00546,2025-04-20,0,GT,Inconnue,2,2,0.0,39.864,2.0
00546,2025-04-26,6,GT,Inconnue,2,2,0.0,37.093,9.0
00546,2025-05-18,0,GT,Inconnue,2,2,0.0,1122.395,8.0
00546,2025-06-11,3,GT,Inconnue,2,2,0.0,234.375,4.0
00546,2025-06-30,1,GT,Inconnue,2,2,0.0,32.134,6.0
00546,2025-07-15,2,GT,Inconnue,2,2,0.0,71.422,1.0
00546,2025-07-27,0,GT,Inconnue,2,2,0.0,408.15000000000003,3.0
00546,2025-08-20,3,GT,Inconnue,2,2,0.0,154.33,2.0
00546,2025-08-25,1,GT,Inconnue,2,2,0.0,87.445,1.0
00546,2025-09-06,6,GT,Inconnue,2,2,0.0,203.19,3.0
00546,2025-09-20,6,GT,Inconnue,2,2,0.0,79.33,1.0
00546,2025-09-21,0,GT,Inconnue,2,2,0.0,38.453,12.0
00546,2025-10-04,6,GT,Inconnue,2,2,0.0,116.088,1.0
00546,2025-10-11,6,GT,Inconnue,2,2,0.0,110.284,1.0
00546,2025-10-25,6,GT,Inconnue,2,2,0.0,37.676,24.0
00546,2025-10-27,1,GT,Inconnue,2,2,0.0,15.014,1.0
00546,2025-11-01,6,GT,Inconnue,2,2,0.0,116.088,1.0
00546,2025-11-17,1,GT,Inconnue,2,2,0.0,38.557,1.0
00546,2025-11-28,5,GT,Inconnue,2,2,0.0,406.192,2.0
00546,2025-12-07,0,GT,Inconnue,2,2,0.0,110.284,1.0
00546,2025-12-23,2,GT,Inconnue,2,2,0.0,62.802,1.0
00546,2026-01-08,4,GT,Inconnue,2,2,0.0,3758.4299999999994,30.0
00546,2026-02-02,1,GT,Inconnue,2,2,0.0,2637.108,11.0
00546,2026-02-11,3,GT,Inconnue,2,2,0.0,16.508,24.0
00546,2026-02-23,1,GT,Inconnue,2,2,0.0,619.155,26.0
00546,2026-03-12,4,GT,Inconnue,2,2,0.0,2758.922,23.0
00546,2026-04-10,5,GT,Inconnue,2,2,0.0,216.476,2.0
00546,2026-05-27,3,GT,Inconnue,2,2,0.0,72.634,1.0
00546,2026-06-24,3,GT,Inconnue,2,2,0.0,107.83,22.0
00546,2026-06-27,6,GT,Inconnue,2,2,0.0,4292.838000000001,9.0
00546,2026-09-16,3,GT,Inconnue,2,2,0.0,1077.104,4.0
00546,2026-09-29,2,GT,Inconnue,2,2,0.0,300.764,2.0
00546,2026-11-05,4,GT,Inconnue,2,2,0.0,95.35,48.0
00546,2026-11-23,1,GT,Inconnue,2,2,0.0,69.002,1.0
00546,2026-11-24,2,GT,Inconnue,2,2,0.0,53.407,1.0
00546,2026-12-04,5,GT,Inconnue,2,2,0.0,31.171,1.0
00546,2026-12-14,1,GT,Inconnue,2,2,0.0,1445.94,5.0
00546,2026-12-29,2,GT,Inconnue,2,2,0.0,25.894,1.0
00639,2025-01-13,1,GT,ELMOUROUJ,1,1,0.0,103.163,1.0
00639,2025-01-25,6,GT,ELMOUROUJ,1,1,0.0,280.386,25.0
00639,2025-02-23,0,GT,ELMOUROUJ,1,1,0.0,164.87,49.0
00639,2025-03-03,1,GT,ELMOUROUJ,1,1,0.0,180.602,25.0
00639,2025-11-10,1,GT,ELMOUROUJ,1,1,0.0,732.5,8.0
00639,2025-11-16,0,GT,ELMOUROUJ,1,1,0.0,507.498,3.0
00639,2025-12-08,1,GT,ELMOUROUJ,1,1,0.0,961.888,6.0
00639,2025-12-09,2,GT,ELMOUROUJ,1,1,0.0,239.692,2.0
00639,2025-12-23,2,GT,ELMOUROUJ,1,1,0.0,1184.62,4.0
00677,2025-01-06,1,SE,ARIANAVILLE,6,1300,1.0,679.876,7.0
00677,2025-01-12,0,SE,ARIANAVILLE,6,1300,1.0,1209.192,70.0
00677,2025-01-13,1,SE,ARIANAVILLE,6,1300,1.0,3535.7580000000003,310.0
00677,2025-01-14,2,SE,ARIANAVILLE,6,1300,1.0,44.344,10.0
00677,2025-01-20,1,SE,ARIANAVILLE,6,1300,1.0,2864.6159999999995,29.0
00677,2025-01-23,4,SE,ARIANAVILLE,6,1300,1.0,1836.9,69.0
00677,2025-01-27,1,SE,ARIANAVILLE,6,1300,1.0,1213.315,170.0
00677,2025-01-29,3,SE,ARIANAVILLE,6,1300,1.0,248.136,23.0
00677,2025-02-07,5,SE,ARIANAVILLE,6,1300,1.0,2433.7799999999997,386.0
00677,2025-02-11,2,SE,ARIANAVILLE,6,1300,1.0,871.684,4.0
00677,2025-02-13,4,SE,ARIANAVILLE,6,1300,1.0,1503.524,7.0
00677,2025-02-14,5,SE,ARIANAVILLE,6,1300,1.0,1502.088,7.0
00677,2025-02-17,1,SE,ARIANAVILLE,6,1300,1.0,579.822,3.0
00677,2025-02-21,5,SE,ARIANAVILLE,6,1300,1.0,679.266,22.0
00677,2025-02-23,0,SE,ARIANAVILLE,6,1300,1.0,160.531,49.0
00677,2025-02-25,2,SE,ARIANAVILLE,6,1300,1.0,285.964,6.0
00677,2025-03-03,1,SE,ARIANAVILLE,6,1300,1.0,2777.58,129.0
00677,2025-03-09,0,SE,ARIANAVILLE,6,1300,1.0,642.208,46.0
00677,2025-03-10,1,SE,ARIANAVILLE,6,1300,1.0,6478.311,10.0
00677,2025-04-16,3,SE,ARIANAVILLE,6,1300,1.0,2927.2599999999998,40.0
00677,2025-05-06,2,SE,ARIANAVILLE,6,1300,1.0,55.232,48.0
00677,2025-05-19,1,SE,ARIANAVILLE,6,1300,1.0,54.411,1.0
00677,2025-06-04,3,SE,ARIANAVILLE,6,1300,1.0,768.447,26.0
00677,2025-06-09,1,SE,ARIANAVILLE,6,1300,1.0,320.055,3.0
00677,2025-06-17,2,SE,ARIANAVILLE,6,1300,1.0,1766.52,170.0
00677,2025-06-20,5,SE,ARIANAVILLE,6,1300,1.0,289.275,14.0
00677,2025-06-27,5,SE,ARIANAVILLE,6,1300,1.0,527.004,74.0
00677,2025-06-29,0,SE,ARIANAVILLE,6,1300,1.0,358.98,85.0
00677,2025-07-08,2,SE,ARIANAVILLE,6,1300,1.0,64.03,24.0
00677,2025-07-29,2,SE,ARIANAVILLE,6,1300,1.0,64.03,24.0
00677,2025-08-09,6,SE,ARIANAVILLE,6,1300,1.0,61.216,1.0
00677,2025-08-23,6,SE,ARIANAVILLE,6,1300,1.0,2328.186,7.0
00677,2025-08-26,2,SE,ARIANAVILLE,6,1300,1.0,1317.276,157.0
00677,2025-09-06,6,SE,ARIANAVILLE,6,1300,1.0,432.68100000000004,12.0
00677,2025-10-10,5,SE,ARIANAVILLE,6,1300,1.0,41.11,2.0
00677,2025-10-28,2,SE,ARIANAVILLE,6,1300,1.0,176.355,14.0
00677,2025-10-29,3,SE,ARIANAVILLE,6,1300,1.0,35.546,1.0
00677,2025-11-07,5,SE,ARIANAVILLE,6,1300,1.0,62.802,1.0
00677,2025-11-17,1,SE,ARIANAVILLE,6,1300,1.0,54.411,1.0
00677,2025-11-18,2,SE,ARIANAVILLE,6,1300,1.0,38.583,1.0
00677,2025-11-26,3,SE,ARIANAVILLE,6,1300,1.0,61.007,2.0
00677,2025-11-28,5,SE,ARIANAVILLE,6,1300,1.0,926.008,50.0
00677,2025-12-01,1,SE,ARIANAVILLE,6,1300,1.0,108.95,72.0
00677,2025-12-02,2,SE,ARIANAVILLE,6,1300,1.0,115.359,36.0
00677,2025-12-06,6,SE,ARIANAVILLE,6,1300,1.0,1528.428,28.0
00677,2025-12-07,0,SE,ARIANAVILLE,6,1300,1.0,106.386,5.0
00677,2025-12-09,2,SE,ARIANAVILLE,6,1300,1.0,450.07800000000003,108.0
00677,2025-12-16,2,SE,ARIANAVILLE,6,1300,1.0,140.528,84.0
00677,2025-12-23,2,SE,ARIANAVILLE,6,1300,1.0,140.528,84.0
00677,2025-12-27,6,SE,ARIANAVILLE,6,1300,1.0,164.862,122.0
00677,2026-01-20,2,SE,ARIANAVILLE,6,1300,1.0,635.292,144.0
00677,2026-03-03,2,SE,ARIANAVILLE,6,1300,1.0,152.614,48.0
00677,2026-04-01,3,SE,ARIANAVILLE,6,1300,1.0,1097.716,98.0
00677,2026-05-05,2,SE,ARIANAVILLE,6,1300,1.0,531.27,49.0
00677,2026-05-15,5,SE,ARIANAVILLE,6,1300,1.0,3643.8319999999994,90.0
00677,2026-06-09,2,SE,ARIANAVILLE,6,1300,1.0,485.574,121.0
00677,2026-06-23,2,SE,ARIANAVILLE,6,1300,1.0,98.661,1.0
00677,2026-07-14,2,SE,ARIANAVILLE,6,1300,1.0,50.184,48.0
00677,2026-08-17,1,SE,ARIANAVILLE,6,1300,1.0,510.968,96.0
00677,2026-08-28,5,SE,ARIANAVILLE,6,1300,1.0,1481.6200000000001,76.0
00677,2026-09-11,5,SE,ARIANAVILLE,6,1300,1.0,1462.455,51.0
00677,2026-09-18,5,SE,ARIANAVILLE,6,1300,1.0,65.343,1.0
00677,2026-09-23,3,SE,ARIANAVILLE,6,1300,1.0,1678.0439999999999,145.0
00677,2026-10-06,2,SE,ARIANAVILLE,6,1300,1.0,1582.5880000000002,103.0
00677,2026-10-13,2,SE,ARIANAVILLE,6,1300,1.0,78.654,1.0
00677,2026-11-02,1,SE,ARIANAVILLE,6,1300,1.0,2341.928,216.0
00677,2026-11-11,3,SE,ARIANAVILLE,6,1300,1.0,281.02,2.0
00677,2026-11-20,5,SE,ARIANAVILLE,6,1300,1.0,2898.329,103.0
00677,2026-11-26,4,SE,ARIANAVILLE,6,1300,1.0,207.665,11.0
00677,2026-12-04,5,SE,ARIANAVILLE,6,1300,1.0,2824.182,107.0
00677,2026-12-09,3,SE,ARIANAVILLE,6,1300,1.0,938.308,11.0
00677,2026-12-14,1,SE,ARIANAVILLE,6,1300,1.0,1040.42,51.0
00677,2026-12-22,2,SE,ARIANAVILLE,6,1300,1.0,1344.508,10.0
00677,2026-12-24,4,SE,ARIANAVILLE,6,1300,1.0,58.23,1.0
00677,2026-12-30,3,SE,ARIANAVILLE,6,1300,1.0,2610.1900000000005,17.0
00756,2025-07-11,5,SE,ARIANAVILLE,2,2,0.0,64.03,24.0
00756,2025-07-12,6,SE,ARIANAVILLE,2,2,0.0,3575.39,18.0
00756,2025-07-14,1,SE,ARIANAVILLE,2,2,0.0,5536.824,8.0
00756,2025-07-28,1,SE,ARIANAVILLE,2,2,0.0,2383.284,14.0
00756,2025-08-04,1,SE,ARIANAVILLE,2,2,0.0,1863.0720000000001,22.0
00756,2025-12-03,3,SE,ARIANAVILLE,2,2,0.0,575.583,3.0
00756,2026-01-11,0,SE,ARIANAVILLE,2,2,0.0,28752.746,36.0
00756,2026-01-12,1,SE,ARIANAVILLE,2,2,0.0,9116.575,372.0
00756,2026-01-22,4,SE,ARIANAVILLE,2,2,0.0,63595.36800000001,97.0
00756,2026-02-16,1,SE,ARIANAVILLE,2,2,0.0,242.63,3.0
00756,2026-03-03,2,SE,ARIANAVILLE,2,2,0.0,106.087,1.0
00756,2026-08-06,4,SE,ARIANAVILLE,2,2,0.0,15696.666000000003,99.0
00756,2026-08-09,0,SE,ARIANAVILLE,2,2,0.0,7644.679999999999,49.0
00756,2026-08-10,1,SE,ARIANAVILLE,2,2,0.0,905.749,68.0
00756,2026-09-09,3,SE,ARIANAVILLE,2,2,0.0,7044.5599999999995,14.0
00756,2026-09-29,2,SE,ARIANAVILLE,2,2,0.0,953.0,17.0
00773,2025-01-27,1,SE,RAOUED,20,1300,1.0,377.384,2.0
00773,2025-02-16,0,SE,RAOUED,20,1300,1.0,161.32,9.0
00773,2025-02-20,4,SE,RAOUED,20,1300,1.0,857.322,3.0
00773,2025-05-28,3,SE,RAOUED,20,1300,1.0,24.004,24.0
00795,2025-01-19,0,GT,SOLIMAN,5,1,0.0,52.047,1.0
00795,2025-09-07,0,GT,SOLIMAN,5,1,0.0,50.494,24.0
00795,2025-10-06,1,GT,SOLIMAN,5,1,0.0,57.097,24.0
00795,2025-11-24,1,GT,SOLIMAN,5,1,0.0,8.671,1.0
00795,2025-12-08,1,GT,SOLIMAN,5,1,0.0,183.836,48.0
00795,2025-12-29,1,GT,SOLIMAN,5,1,0.0,42.975,1.0
00831,2025-01-03,5,GT,,1,1,0.0,42.554,2.0
00831,2025-02-13,4,GT,,1,1,0.0,37.676,24.0
00831,2025-09-05,5,GT,,1,1,0.0,116.088,1.0
00831,2025-10-10,5,GT,,1,1,0.0,30.503,1.0
00831,2025-12-24,3,GT,,1,1,0.0,110.284,1.0
00833,2025-01-10,5,GT,NOUVELLEMEDINA,1,1,0.0,19.111,24.0
00833,2025-01-17,5,GT,NOUVELLEMEDINA,1,1,0.0,42.213,24.0
00833,2025-02-21,5,GT,NOUVELLEMEDINA,1,1,0.0,42.213,24.0
00833,2025-02-28,5,GT,NOUVELLEMEDINA,1,1,0.0,173.506,2.0
00833,2025-03-21,5,GT,NOUVELLEMEDINA,1,1,0.0,99.568,25.0
00833,2025-04-18,5,GT,NOUVELLEMEDINA,1,1,0.0,30.503,1.0
00833,2025-04-25,5,GT,NOUVELLEMEDINA,1,1,0.0,26.236,24.0
00833,2025-05-12,1,GT,NOUVELLEMEDINA,1,1,0.0,36.514,2.0
00833,2025-05-16,5,GT,NOUVELLEMEDINA,1,1,0.0,25.247,12.0
00833,2025-05-23,5,GT,NOUVELLEMEDINA,1,1,0.0,30.503,1.0
00833,2025-06-06,5,GT,NOUVELLEMEDINA,1,1,0.0,75.188,1.0
00833,2025-06-13,5,GT,NOUVELLEMEDINA,1,1,0.0,30.503,1.0
00833,2026-01-18,0,GT,NOUVELLEMEDINA,1,1,0.0,40.395,24.0
00833,2026-08-16,0,GT,NOUVELLEMEDINA,1,1,0.0,38.779,24.0
00833,2026-10-11,0,GT,NOUVELLEMEDINA,1,1,0.0,38.375,24.0
00833,2026-11-08,0,GT,NOUVELLEMEDINA,1,1,0.0,230.253,144.0
00833,2026-12-06,0,GT,NOUVELLEMEDINA,1,1,0.0,84.48,2.0
00833,2026-12-27,0,GT,NOUVELLEMEDINA,1,1,0.0,31.171,1.0
00834,2025-01-24,5,GT,NOUVELLEMEDINA,1,1,0.0,81.102,48.0
00834,2025-02-28,5,GT,NOUVELLEMEDINA,1,1,0.0,42.213,24.0
00834,2025-03-07,5,GT,NOUVELLEMEDINA,1,1,0.0,52.367,12.0
00834,2025-03-21,5,GT,NOUVELLEMEDINA,1,1,0.0,44.437,24.0
00834,2025-03-28,5,GT,NOUVELLEMEDINA,1,1,0.0,33.841,1.0
00834,2025-04-25,5,GT,NOUVELLEMEDINA,1,1,0.0,26.236,24.0
00834,2025-05-30,5,GT,NOUVELLEMEDINA,1,1,0.0,24.004,24.0
00834,2025-10-22,3,GT,NOUVELLEMEDINA,1,1,0.0,25.194,2.0
00834,2026-02-22,0,GT,NOUVELLEMEDINA,1,1,0.0,65.002,25.0
00834,2026-04-05,0,GT,NOUVELLEMEDINA,1,1,0.0,23.699,24.0
00834,2026-05-24,0,GT,NOUVELLEMEDINA,1,1,0.0,71.728,1.0
00834,2026-06-07,0,GT,NOUVELLEMEDINA,1,1,0.0,19.332,1.0
00834,2026-07-05,0,GT,NOUVELLEMEDINA,1,1,0.0,106.087,1.0
00834,2026-09-06,0,GT,NOUVELLEMEDINA,1,1,0.0,17.158,24.0
00834,2026-10-04,0,GT,NOUVELLEMEDINA,1,1,0.0,90.63,1.0
00835,2025-01-02,4,GT,NOUVELLEMEDINA,1,1,0.0,64.03,12.0
00835,2025-01-03,5,GT,NOUVELLEMEDINA,1,1,0.0,21.277,1.0
00835,2025-01-09,4,GT,NOUVELLEMEDINA,1,1,0.0,66.28,12.0
00835,2025-01-24,5,GT,NOUVELLEMEDINA,1,1,0.0,26.236,24.0
00835,2025-02-14,5,GT,NOUVELLEMEDINA,1,1,0.0,54.411,1.0
00835,2025-02-20,4,GT,NOUVELLEMEDINA,1,1,0.0,316.352,2.0
00835,2025-02-21,5,GT,NOUVELLEMEDINA,1,1,0.0,70.568,1.0
00835,2025-02-28,5,GT,NOUVELLEMEDINA,1,1,0.0,76.16,2.0
00835,2025-03-06,4,GT,NOUVELLEMEDINA,1,1,0.0,903.855,97.0
00835,2025-03-14,5,GT,NOUVELLEMEDINA,1,1,0.0,75.188,1.0
00835,2025-03-21,5,GT,NOUVELLEMEDINA,1,1,0.0,82.155,3.0
00835,2025-04-04,5,GT,NOUVELLEMEDINA,1,1,0.0,27.616,24.0
00835,2025-04-11,5,GT,NOUVELLEMEDINA,1,1,0.0,19.262,24.0
00835,2025-05-09,5,GT,NOUVELLEMEDINA,1,1,0.0,20.275,24.0
00835,2025-05-23,5,GT,NOUVELLEMEDINA,1,1,0.0,24.729,6.0
00835,2025-06-20,5,GT,NOUVELLEMEDINA,1,1,0.0,41.324,2.0
00835,2025-07-11,5,GT,NOUVELLEMEDINA,1,1,0.0,50.494,24.0
00835,2025-09-26,5,GT,NOUVELLEMEDINA,1,1,0.0,54.411,1.0
00835,2025-10-17,5,GT,NOUVELLEMEDINA,1,1,0.0,25.194,2.0
00835,2025-10-31,5,GT,NOUVELLEMEDINA,1,1,0.0,57.627,12.0
00835,2025-11-07,5,GT,NOUVELLEMEDINA,1,1,0.0,57.097,24.0
00835,2026-01-25,0,GT,NOUVELLEMEDINA,1,1,0.0,25.092,24.0
00835,2026-02-03,2,GT,NOUVELLEMEDINA,1,1,0.0,10.301,1.0
00835,2026-05-10,0,GT,NOUVELLEMEDINA,1,1,0.0,18.256,2.0
00835,2026-06-21,0,GT,NOUVELLEMEDINA,1,1,0.0,32.864,2.0
00835,2026-10-11,0,GT,NOUVELLEMEDINA,1,1,0.0,63.192,25.0
00835,2026-11-08,0,GT,NOUVELLEMEDINA,1,1,0.0,65.93,25.0
00835,2026-11-22,0,GT,NOUVELLEMEDINA,1,1,0.0,175.566,48.0
00835,2026-12-20,0,GT,NOUVELLEMEDINA,1,1,0.0,71.728,1.0
00835,2026-12-27,0,GT,NOUVELLEMEDINA,1,1,0.0,106.087,1.0
00836,2025-01-02,4,GT,,1,1,0.0,37.676,24.0
00836,2025-01-09,4,GT,,1,1,0.0,37.676,24.0
00836,2025-01-10,5,GT,,1,1,0.0,136.898,48.0
00836,2025-01-17,5,GT,,1,1,0.0,13.444,1.0
00836,2025-01-24,5,GT,,1,1,0.0,26.236,24.0
00836,2025-01-30,4,GT,,1,1,0.0,37.676,24.0
00836,2025-01-31,5,GT,,1,1,0.0,25.782,1.0
00836,2025-02-07,5,GT,,1,1,0.0,42.213,24.0
00836,2025-02-13,4,GT,,1,1,0.0,54.242,24.0
00836,2025-02-14,5,GT,,1,1,0.0,26.236,24.0
00836,2025-02-27,4,GT,,1,1,0.0,918.4499999999999,75.0
00836,2025-02-28,5,GT,,1,1,0.0,26.236,24.0
00836,2025-03-06,4,GT,,1,1,0.0,776.9490000000001,26.0
00836,2025-03-07,5,GT,,1,1,0.0,42.213,24.0
00836,2025-03-14,5,GT,,1,1,0.0,52.367,12.0
00836,2025-03-28,5,GT,,1,1,0.0,71.411,12.0
00836,2025-04-18,5,GT,,1,1,0.0,17.344,2.0
00836,2025-04-22,2,GT,,1,1,0.0,26.236,24.0
00836,2025-05-09,5,GT,,1,1,0.0,33.841,1.0
00836,2025-05-16,5,GT,,1,1,0.0,25.247,12.0
00836,2025-05-23,5,GT,,1,1,0.0,116.088,1.0
00836,2025-05-30,5,GT,,1,1,0.0,24.004,24.0
00836,2025-06-06,5,GT,,1,1,0.0,30.503,1.0
00836,2025-06-20,5,GT,,1,1,0.0,27.616,24.0
00836,2025-07-04,5,GT,,1,1,0.0,27.616,24.0
00836,2025-07-11,5,GT,,1,1,0.0,19.617,40.0
00836,2025-07-18,5,GT,,1,1,0.0,27.616,24.0
00836,2025-08-01,5,GT,,1,1,0.0,19.617,40.0
00836,2025-08-22,5,GT,,1,1,0.0,19.617,40.0
00836,2025-10-10,5,GT,,1,1,0.0,37.676,24.0
00836,2025-10-24,5,GT,,1,1,0.0,37.676,24.0
00836,2025-10-31,5,GT,,1,1,0.0,37.676,24.0
00836,2025-12-12,5,GT,,1,1,0.0,9.128,1.0
00836,2025-12-19,5,GT,,1,1,0.0,111.866,26.0
00836,2025-12-26,5,GT,,1,1,0.0,25.194,1.0
00836,2026-01-04,0,GT,,1,1,0.0,130.974,48.0
00836,2026-01-11,0,GT,,1,1,0.0,88.946,2.0
00836,2026-01-18,0,GT,,1,1,0.0,101.394,25.0
00836,2026-01-25,0,GT,,1,1,0.0,40.395,24.0
00836,2026-02-08,0,GT,,1,1,0.0,130.974,48.0
00836,2026-03-22,0,GT,,1,1,0.0,38.153,24.0
00836,2026-04-26,0,GT,,1,1,0.0,38.153,24.0
00836,2026-05-24,0,GT,,1,1,0.0,80.111,1.0
00836,2026-06-07,0,GT,,1,1,0.0,77.33,2.0
00836,2026-06-14,0,GT,,1,1,0.0,27.238,1.0
00836,2026-06-21,0,GT,,1,1,0.0,38.153,24.0
00836,2026-07-05,0,GT,,1,1,0.0,123.706,48.0
00836,2026-07-12,0,GT,,1,1,0.0,194.112,2.0
00836,2026-07-26,0,GT,,1,1,0.0,1981.4550000000002,101.0
00836,2026-08-02,0,GT,,1,1,0.0,25.092,24.0
00836,2026-08-09,0,GT,,1,1,0.0,94.394,5.0
00836,2026-08-16,0,GT,,1,1,0.0,38.779,24.0
00836,2026-08-23,0,GT,,1,1,0.0,71.728,1.0
00836,2026-08-30,0,GT,,1,1,0.0,25.092,24.0
00836,2026-09-06,0,GT,,1,1,0.0,38.375,24.0
00836,2026-09-13,0,GT,,1,1,0.0,38.375,24.0
00836,2026-10-04,0,GT,,1,1,0.0,64.104,25.0
00836,2026-10-11,0,GT,,1,1,0.0,38.375,24.0
00836,2026-10-25,0,GT,,1,1,0.0,23.837,24.0
00836,2026-11-01,0,GT,,1,1,0.0,286.912,2.0
00836,2026-11-08,0,GT,,1,1,0.0,237.984,50.0
00836,2026-11-15,0,GT,,1,1,0.0,71.728,1.0
00836,2026-12-13,0,GT,,1,1,0.0,136.898,48.0
00836,2026-12-27,0,GT,,1,1,0.0,84.48,2.0
00837,2025-01-17,5,GT,BENAROUS,1,1,0.0,42.213,24.0
00838,2025-01-02,4,GT,BENAROUS,1,1,0.0,64.03,12.0
00838,2025-01-10,5,GT,BENAROUS,1,1,0.0,57.796,1.0
00838,2025-01-16,4,GT,BENAROUS,1,1,0.0,110.284,1.0
00838,2025-01-17,5,GT,BENAROUS,1,1,0.0,42.213,24.0
00838,2025-01-30,4,GT,BENAROUS,1,1,0.0,54.242,24.0
00838,2025-01-31,5,GT,BENAROUS,1,1,0.0,20.275,24.0
00838,2025-02-21,5,GT,BENAROUS,1,1,0.0,19.04,1.0
00838,2025-02-28,5,GT,BENAROUS,1,1,0.0,35.832,1.0
00838,2025-03-07,5,GT,BENAROUS,1,1,0.0,13.444,1.0
00838,2025-04-11,5,GT,BENAROUS,1,1,0.0,34.688,2.0
00838,2025-04-13,0,GT,BENAROUS,1,1,0.0,41.324,2.0
00838,2025-05-09,5,GT,BENAROUS,1,1,0.0,36.514,2.0
00838,2025-05-16,5,GT,BENAROUS,1,1,0.0,29.853,6.0
00838,2025-05-30,5,GT,BENAROUS,1,1,0.0,24.004,24.0
00838,2025-06-20,5,GT,BENAROUS,1,1,0.0,50.494,24.0
00838,2025-07-04,5,GT,BENAROUS,1,1,0.0,104.497,48.0
00838,2025-08-22,5,GT,BENAROUS,1,1,0.0,54.003,24.0
00838,2025-08-29,5,GT,BENAROUS,1,1,0.0,22.401,1.0
00838,2025-09-26,5,GT,BENAROUS,1,1,0.0,57.097,24.0
00838,2025-10-03,5,GT,BENAROUS,1,1,0.0,57.097,24.0
00838,2025-10-10,5,GT,BENAROUS,1,1,0.0,30.503,1.0
00838,2025-10-17,5,GT,BENAROUS,1,1,0.0,30.503,1.0
00838,2025-10-24,5,GT,BENAROUS,1,1,0.0,57.097,24.0
00838,2025-10-31,5,GT,BENAROUS,1,1,0.0,20.555,1.0
00838,2025-11-07,5,GT,BENAROUS,1,1,0.0,62.802,1.0
00838,2025-11-28,5,GT,BENAROUS,1,1,0.0,67.863,1.0
00838,2025-12-19,5,GT,BENAROUS,1,1,0.0,42.975,1.0
00838,2025-12-26,5,GT,BENAROUS,1,1,0.0,42.975,1.0
00838,2026-01-04,0,GT,BENAROUS,1,1,0.0,12.119,1.0
00838,2026-01-25,0,GT,BENAROUS,1,1,0.0,15.342,1.0
00838,2026-02-08,0,GT,BENAROUS,1,1,0.0,40.395,24.0
00838,2026-03-22,0,GT,BENAROUS,1,1,0.0,38.153,24.0
00838,2026-04-12,0,GT,BENAROUS,1,1,0.0,9.128,1.0
00838,2026-05-17,0,GT,BENAROUS,1,1,0.0,53.213,12.0
00838,2026-06-14,0,GT,BENAROUS,1,1,0.0,38.153,24.0
00838,2026-06-21,0,GT,BENAROUS,1,1,0.0,72.504,1.0
00838,2026-08-02,0,GT,BENAROUS,1,1,0.0,17.158,24.0
00838,2026-08-16,0,GT,BENAROUS,1,1,0.0,38.779,24.0
00838,2026-09-06,0,GT,BENAROUS,1,1,0.0,38.375,24.0
00838,2026-09-13,0,GT,BENAROUS,1,1,0.0,8.216,1.0
00838,2026-09-20,0,GT,BENAROUS,1,1,0.0,472.66,5.0
00838,2026-11-01,0,GT,BENAROUS,1,1,0.0,40.395,24.0
00838,2026-11-15,0,GT,BENAROUS,1,1,0.0,36.309,48.0
00838,2026-12-06,0,GT,BENAROUS,1,1,0.0,68.782,1.0
00838,2026-12-13,0,GT,BENAROUS,1,1,0.0,71.728,1.0
00838,2026-12-20,0,GT,BENAROUS,1,1,0.0,296.6,25.0
00839,2025-01-10,5,GT,BENAROUS,1,1,0.0,68.782,1.0
00839,2025-01-17,5,GT,BENAROUS,1,1,0.0,13.444,1.0
00839,2025-01-31,5,GT,BENAROUS,1,1,0.0,136.898,48.0
00839,2025-02-01,6,GT,BENAROUS,1,1,0.0,70.568,1.0
00839,2025-02-07,5,GT,BENAROUS,1,1,0.0,70.568,1.0
00839,2025-02-14,5,GT,BENAROUS,1,1,0.0,26.236,24.0
00839,2025-02-21,5,GT,BENAROUS,1,1,0.0,43.891,24.0
00839,2025-02-28,5,GT,BENAROUS,1,1,0.0,57.804,1.0
00839,2025-03-14,5,GT,BENAROUS,1,1,0.0,30.503,1.0
00839,2025-03-21,5,GT,BENAROUS,1,1,0.0,82.155,3.0
00839,2025-04-04,5,GT,BENAROUS,1,1,0.0,27.616,24.0
00839,2025-04-11,5,GT,BENAROUS,1,1,0.0,70.568,1.0
00839,2025-04-25,5,GT,BENAROUS,1,1,0.0,19.262,24.0
00839,2025-05-09,5,GT,BENAROUS,1,1,0.0,50.494,24.0
00839,2025-05-30,5,GT,BENAROUS,1,1,0.0,24.004,24.0
00839,2025-06-06,5,GT,BENAROUS,1,1,0.0,20.607,5.0
00839,2025-06-27,5,GT,BENAROUS,1,1,0.0,27.616,24.0
00839,2025-08-15,5,GT,BENAROUS,1,1,0.0,87.445,1.0
00839,2025-09-05,5,GT,BENAROUS,1,1,0.0,110.284,1.0
00839,2025-09-19,5,GT,BENAROUS,1,1,0.0,116.088,1.0
00839,2025-10-03,5,GT,BENAROUS,1,1,0.0,61.216,1.0
00839,2025-10-10,5,GT,BENAROUS,1,1,0.0,189.546,48.0
00839,2025-10-22,3,GT,BENAROUS,1,1,0.0,452.742,2.0
00839,2025-11-07,5,GT,BENAROUS,1,1,0.0,757.467,29.0
00839,2025-11-28,5,GT,BENAROUS,1,1,0.0,67.863,1.0
00839,2025-12-12,5,GT,BENAROUS,1,1,0.0,37.676,24.0
00839,2025-12-19,5,GT,BENAROUS,1,1,0.0,54.242,24.0
00839,2025-12-26,5,GT,BENAROUS,1,1,0.0,50.387,2.0
00839,2026-01-04,0,GT,BENAROUS,1,1,0.0,41.917,1.0
00839,2026-01-11,0,GT,BENAROUS,1,1,0.0,242.48699999999997,49.0
00839,2026-01-25,0,GT,BENAROUS,1,1,0.0,15.342,1.0
00839,2026-03-05,4,GT,BENAROUS,1,1,0.0,277.611,50.0
00839,2026-03-22,0,GT,BENAROUS,1,1,0.0,106.087,1.0
00839,2026-04-05,0,GT,BENAROUS,1,1,0.0,9.128,1.0
00839,2026-04-06,1,GT,BENAROUS,1,1,0.0,137.676,26.0
00839,2026-04-19,0,GT,BENAROUS,1,1,0.0,31.171,1.0
00839,2026-05-17,0,GT,BENAROUS,1,1,0.0,310.64700000000005,72.0
00839,2026-05-24,0,GT,BENAROUS,1,1,0.0,335.136,26.0
00839,2026-06-07,0,GT,BENAROUS,1,1,0.0,8.216,1.0
00839,2026-06-08,1,GT,BENAROUS,1,1,0.0,39.503,24.0
00839,2026-06-14,0,GT,BENAROUS,1,1,0.0,27.238,1.0
00839,2026-06-21,0,GT,BENAROUS,1,1,0.0,23.699,24.0
00839,2026-08-03,1,GT,BENAROUS,1,1,0.0,505.148,73.0
00839,2026-08-09,0,GT,BENAROUS,1,1,0.0,43.891,24.0
00839,2026-08-16,0,GT,BENAROUS,1,1,0.0,25.092,24.0
00839,2026-08-23,0,GT,BENAROUS,1,1,0.0,215.76,26.0
00839,2026-08-30,0,GT,BENAROUS,1,1,0.0,43.891,24.0
00839,2026-09-13,0,GT,BENAROUS,1,1,0.0,38.375,24.0
00839,2026-09-20,0,GT,BENAROUS,1,1,0.0,503.712,4.0
00839,2026-10-04,0,GT,BENAROUS,1,1,0.0,23.837,24.0
00839,2026-10-05,1,GT,BENAROUS,1,1,0.0,237.885,49.0
00839,2026-10-14,3,GT,BENAROUS,1,1,0.0,714.327,3.0
00839,2026-10-25,0,GT,BENAROUS,1,1,0.0,13.808,1.0
00839,2026-11-01,0,GT,BENAROUS,1,1,0.0,40.395,24.0
00839,2026-11-09,1,GT,BENAROUS,1,1,0.0,508.896,73.0
00839,2026-12-13,0,GT,BENAROUS,1,1,0.0,71.728,1.0
00839,2026-12-14,1,GT,BENAROUS,1,1,0.0,281.02,2.0
00839,2026-12-20,0,GT,BENAROUS,1,1,0.0,14.253,1.0
00839,2026-12-27,0,GT,BENAROUS,1,1,0.0,42.213,24.0
00840,2025-01-07,2,GT,,1,1,0.0,116.088,1.0
00840,2025-01-28,2,GT,,1,1,0.0,9.128,1.0
00840,2025-05-07,3,GT,,1,1,0.0,27.616,24.0
00840,2025-09-28,0,GT,,1,1,0.0,33.865,1.0
00840,2025-11-28,5,GT,,1,1,0.0,38.583,1.0
00840,2025-12-16,2,GT,,1,1,0.0,68.022,2.0
00840,2026-03-06,5,GT,,1,1,0.0,941.04,27.0
00840,2026-03-23,1,GT,,1,1,0.0,123.706,48.0
00840,2026-04-19,0,GT,,1,1,0.0,38.153,24.0
00840,2026-06-12,5,GT,,1,1,0.0,213.87,25.0
00840,2026-06-28,0,GT,,1,1,0.0,1237.388,171.0
00840,2026-07-29,3,GT,,1,1,0.0,1941.555,101.0
00840,2026-08-04,2,GT,,1,1,0.0,19.332,1.0
00841,2025-01-28,2,GT,,1,1,0.0,16.022,60.0
00841,2025-02-20,4,GT,,1,1,0.0,74.955,1.0
00841,2025-12-07,0,GT,,1,1,0.0,103.163,1.0
00843,2025-02-07,5,GT,,1,1,0.0,507.37199999999996,51.0
00843,2025-02-28,5,GT,,1,1,0.0,576.776,4.0
00843,2026-08-17,1,GT,,1,1,0.0,87.636,2.0
00843,2026-10-17,6,GT,,1,1,0.0,2562.552,80.0
00843,2026-11-21,6,GT,,1,1,0.0,713.848,4.0
00844,2025-02-04,2,GT,,1,1,0.0,103.163,1.0
00844,2025-02-25,2,GT,,1,1,0.0,513.68,168.0
00844,2025-03-24,1,GT,,1,1,0.0,105.444,13.0
00844,2025-04-02,3,GT,,1,1,0.0,116.088,1.0
00844,2025-04-09,3,GT,,1,1,0.0,30.503,1.0
00844,2025-04-28,1,GT,,1,1,0.0,97.396,2.0
00844,2025-05-07,3,GT,,1,1,0.0,468.246,3.0
00844,2025-05-14,3,GT,,1,1,0.0,24.349,1.0
00844,2025-06-04,3,GT,,1,1,0.0,33.893,1.0
00844,2025-06-11,3,GT,,1,1,0.0,33.986,1.0
00844,2025-10-12,0,GT,,1,1,0.0,1749.1680000000001,147.0
00844,2025-11-12,3,GT,,1,1,0.0,513.9000000000001,4.0
00844,2025-11-19,3,GT,,1,1,0.0,20.555,1.0
00844,2025-12-03,3,GT,,1,1,0.0,116.088,1.0
00844,2025-12-05,5,GT,,1,1,0.0,342.583,144.0
00844,2025-12-24,3,GT,,1,1,0.0,186.612,2.0
00844,2026-01-06,2,GT,,1,1,0.0,40.395,24.0
00844,2026-01-08,4,GT,,1,1,0.0,200.13299999999998,3.0
00844,2026-01-09,5,GT,,1,1,0.0,51.575,1.0
00844,2026-01-30,5,GT,,1,1,0.0,915.435,6.0
00844,2026-02-13,5,GT,,1,1,0.0,552.51,51.0
00844,2026-02-20,5,GT,,1,1,0.0,76.307,48.0
00844,2026-03-06,5,GT,,1,1,0.0,1132.64,148.0
00844,2026-03-13,5,GT,,1,1,0.0,123.706,48.0
00844,2026-04-03,5,GT,,1,1,0.0,315.324,2.0
00844,2026-04-10,5,GT,,1,1,0.0,47.399,48.0
00844,2026-05-08,5,GT,,1,1,0.0,228.92,73.0
00844,2026-05-22,5,GT,,1,1,0.0,228.92,73.0
00844,2026-05-29,5,GT,,1,1,0.0,1373.52,292.0
00844,2026-06-05,5,GT,,1,1,0.0,38.665,2.0
00844,2026-06-12,5,GT,,1,1,0.0,661.584,98.0
00844,2026-06-19,5,GT,,1,1,0.0,274.652,3.0
00844,2026-07-03,5,GT,,1,1,0.0,722.634,147.0
00844,2026-07-17,5,GT,,1,1,0.0,560.8370000000001,5.0
00844,2026-08-28,5,GT,,1,1,0.0,139.032,49.0
00844,2026-09-04,5,GT,,1,1,0.0,201.176,72.0
00844,2026-09-11,5,GT,,1,1,0.0,899.544,98.0
00844,2026-09-22,2,GT,,1,1,0.0,5548.320000000001,224.0
00844,2026-09-29,2,GT,,1,1,0.0,5548.320000000001,224.0
00844,2026-10-06,2,GT,,1,1,0.0,2764.476,149.0
00844,2026-10-12,1,GT,,1,1,0.0,230.253,144.0
00844,2026-10-25,0,GT,,1,1,0.0,581.997,4.0
00844,2026-10-29,4,GT,,1,1,0.0,34.798,2.0
00844,2026-11-09,1,GT,,1,1,0.0,126.721,6.0
00844,2026-11-23,1,GT,,1,1,0.0,1298.6999999999998,79.0
00844,2026-11-27,5,GT,,1,1,0.0,1963.3349999999998,147.0
00849,2025-01-11,6,GT,ELMOUROUJ,1,1,0.0,54.242,24.0
00849,2025-01-25,6,GT,ELMOUROUJ,1,1,0.0,37.676,24.0
00849,2025-02-01,6,GT,ELMOUROUJ,1,1,0.0,38.453,12.0
00849,2025-02-08,6,GT,ELMOUROUJ,1,1,0.0,40.426,2.0
00849,2025-02-15,6,GT,ELMOUROUJ,1,1,0.0,54.242,24.0
00849,2025-02-22,6,GT,ELMOUROUJ,1,1,0.0,360.128,97.0
00849,2025-03-01,6,GT,ELMOUROUJ,1,1,0.0,1466.6999999999998,28.0
00849,2025-03-08,6,GT,ELMOUROUJ,1,1,0.0,1250.668,145.0
00849,2025-07-06,0,GT,ELMOUROUJ,1,1,0.0,50.494,24.0
00849,2025-09-21,0,GT,ELMOUROUJ,1,1,0.0,37.676,24.0
00849,2025-10-19,0,GT,ELMOUROUJ,1,1,0.0,17.344,2.0
00849,2025-11-09,0,GT,ELMOUROUJ,1,1,0.0,37.676,24.0
00849,2025-11-16,0,GT,ELMOUROUJ,1,1,0.0,57.097,24.0
00849,2025-11-23,0,GT,ELMOUROUJ,1,1,0.0,19.906,1.0
00849,2025-11-30,0,GT,ELMOUROUJ,1,1,0.0,37.676,24.0
00849,2025-12-07,0,GT,ELMOUROUJ,1,1,0.0,57.097,24.0
00849,2025-12-14,0,GT,ELMOUROUJ,1,1,0.0,19.906,1.0
00849,2025-12-21,0,GT,ELMOUROUJ,1,1,0.0,42.975,1.0
00849,2026-01-16,5,GT,ELMOUROUJ,1,1,0.0,40.395,24.0
00849,2026-01-30,5,GT,ELMOUROUJ,1,1,0.0,218.354,25.0
00849,2026-02-06,5,GT,ELMOUROUJ,1,1,0.0,50.184,48.0
00849,2026-02-13,5,GT,ELMOUROUJ,1,1,0.0,259.572,25.0
00849,2026-03-06,5,GT,ELMOUROUJ,1,1,0.0,106.087,1.0
00849,2026-03-27,5,GT,ELMOUROUJ,1,1,0.0,184.962,25.0
00849,2026-04-10,5,GT,ELMOUROUJ,1,1,0.0,453.74100000000004,26.0
00849,2026-05-22,5,GT,ELMOUROUJ,1,1,0.0,343.38,73.0
00849,2026-07-03,5,GT,ELMOUROUJ,1,1,0.0,106.087,1.0
00849,2026-09-04,5,GT,ELMOUROUJ,1,1,0.0,69.596,2.0
00850,2025-02-15,6,GT,ELMOUROUJ,1,1,0.0,54.242,24.0
00850,2025-07-06,0,GT,ELMOUROUJ,1,1,0.0,27.616,24.0
00850,2025-07-27,0,GT,ELMOUROUJ,1,1,0.0,50.494,24.0
00850,2025-08-17,0,GT,ELMOUROUJ,1,1,0.0,50.494,24.0
00850,2025-08-31,0,GT,ELMOUROUJ,1,1,0.0,50.494,24.0
00850,2025-09-21,0,GT,ELMOUROUJ,1,1,0.0,57.097,24.0
00850,2025-10-05,0,GT,ELMOUROUJ,1,1,0.0,116.088,1.0
00850,2025-10-12,0,GT,ELMOUROUJ,1,1,0.0,37.676,24.0
00850,2025-10-26,0,GT,ELMOUROUJ,1,1,0.0,69.875,1.0
00850,2025-11-02,0,GT,ELMOUROUJ,1,1,0.0,9.128,1.0
00850,2025-12-14,0,GT,ELMOUROUJ,1,1,0.0,110.284,1.0
00850,2025-12-21,0,GT,ELMOUROUJ,1,1,0.0,42.975,1.0
00850,2026-03-27,5,GT,ELMOUROUJ,1,1,0.0,23.699,24.0
00850,2026-07-24,5,GT,ELMOUROUJ,1,1,0.0,25.092,24.0
00853,2025-01-11,6,GT,ELMOUROUJ,1,1,0.0,132.559,24.0
00853,2025-01-25,6,GT,ELMOUROUJ,1,1,0.0,110.284,1.0
00853,2025-07-20,0,GT,ELMOUROUJ,1,1,0.0,71.422,1.0
00853,2025-12-08,1,GT,ELMOUROUJ,1,1,0.0,569.22,3.0
00853,2025-12-29,1,GT,ELMOUROUJ,1,1,0.0,915.165,5.0
00853,2026-01-09,5,GT,ELMOUROUJ,1,1,0.0,31.857,1.0
00853,2026-01-30,5,GT,ELMOUROUJ,1,1,0.0,88.946,2.0
00853,2026-02-20,5,GT,ELMOUROUJ,1,1,0.0,552.7139999999999,3.0
00853,2026-03-06,5,GT,ELMOUROUJ,1,1,0.0,106.425,24.0
00853,2026-03-27,5,GT,ELMOUROUJ,1,1,0.0,355.63,2.0
00853,2026-04-10,5,GT,ELMOUROUJ,1,1,0.0,444.252,14.0
00853,2026-05-22,5,GT,ELMOUROUJ,1,1,0.0,41.696,24.0
00853,2026-06-12,5,GT,ELMOUROUJ,1,1,0.0,27.238,1.0
00853,2026-07-03,5,GT,ELMOUROUJ,1,1,0.0,38.153,24.0
00853,2026-09-04,5,GT,ELMOUROUJ,1,1,0.0,214.754,25.0
00854,2026-08-07,5,GT,,1,1,0.0,337.448,2.0
00855,2025-07-20,0,GT,ELMOUROUJ,1,1,0.0,27.616,24.0
00855,2025-07-27,0,GT,ELMOUROUJ,1,1,0.0,340.47,2.0
00855,2026-07-03,5,GT,ELMOUROUJ,1,1,0.0,8.216,1.0
00856,2025-01-25,6,GT,ELMOUROUJ,1,1,0.0,35.098,1.0
00856,2025-02-15,6,GT,ELMOUROUJ,1,1,0.0,54.242,24.0
00856,2025-08-17,0,GT,ELMOUROUJ,1,1,0.0,50.494,24.0
00856,2025-09-21,0,GT,ELMOUROUJ,1,1,0.0,8.671,1.0
00856,2025-10-05,0,GT,ELMOUROUJ,1,1,0.0,18.257,2.0
00856,2025-10-19,0,GT,ELMOUROUJ,1,1,0.0,57.097,24.0
00856,2025-11-02,0,GT,ELMOUROUJ,1,1,0.0,54.411,1.0
00856,2025-11-23,0,GT,ELMOUROUJ,1,1,0.0,67.863,1.0
00856,2025-11-30,0,GT,ELMOUROUJ,1,1,0.0,30.503,1.0
00856,2025-12-28,0,GT,ELMOUROUJ,1,1,0.0,48.591,1.0
00856,2026-02-13,5,GT,ELMOUROUJ,1,1,0.0,38.153,24.0
00856,2026-06-12,5,GT,ELMOUROUJ,1,1,0.0,46.418,1.0
00856,2026-07-03,5,GT,ELMOUROUJ,1,1,0.0,350.772,7.0
00856,2026-07-24,5,GT,ELMOUROUJ,1,1,0.0,227.83,73.0
00856,2026-08-07,5,GT,ELMOUROUJ,1,1,0.0,38.779,24.0
00857,2025-01-11,6,GT,ELMOUROUJ,1,1,0.0,25.194,1.0
00857,2025-01-18,6,GT,ELMOUROUJ,1,1,0.0,37.676,24.0
00857,2025-02-01,6,GT,ELMOUROUJ,1,1,0.0,57.097,24.0
00857,2025-02-08,6,GT,ELMOUROUJ,1,1,0.0,33.112,1.0
00857,2025-10-05,0,GT,ELMOUROUJ,1,1,0.0,91.356,2.0
00857,2025-10-19,0,GT,ELMOUROUJ,1,1,0.0,57.097,24.0
00857,2025-11-02,0,GT,ELMOUROUJ,1,1,0.0,37.676,24.0
00857,2025-11-16,0,GT,ELMOUROUJ,1,1,0.0,8.671,1.0
00857,2025-11-23,0,GT,ELMOUROUJ,1,1,0.0,67.863,1.0
00857,2025-12-07,0,GT,ELMOUROUJ,1,1,0.0,19.906,1.0
00857,2025-12-21,0,GT,ELMOUROUJ,1,1,0.0,42.975,1.0
00857,2026-02-13,5,GT,ELMOUROUJ,1,1,0.0,106.087,1.0
00857,2026-02-27,5,GT,ELMOUROUJ,1,1,0.0,68.782,1.0
00857,2026-03-27,5,GT,ELMOUROUJ,1,1,0.0,286.912,2.0
00857,2026-04-17,5,GT,ELMOUROUJ,1,1,0.0,56.285,12.0
00857,2026-05-22,5,GT,ELMOUROUJ,1,1,0.0,68.782,1.0
00857,2026-07-03,5,GT,ELMOUROUJ,1,1,0.0,98.661,1.0
00857,2026-07-17,5,GT,ELMOUROUJ,1,1,0.0,126.126,48.0
00857,2026-08-28,5,GT,ELMOUROUJ,1,1,0.0,915.744,50.0
00857,2026-09-04,5,GT,ELMOUROUJ,1,1,0.0,71.728,1.0
00857,2026-10-09,5,GT,ELMOUROUJ,1,1,0.0,286.912,2.0
00859,2025-02-08,6,GT,ELMOUROUJ,1,1,0.0,33.112,1.0
00859,2025-08-31,0,GT,ELMOUROUJ,1,1,0.0,50.494,24.0
00859,2025-09-21,0,GT,ELMOUROUJ,1,1,0.0,17.344,2.0
00859,2025-10-05,0,GT,ELMOUROUJ,1,1,0.0,9.128,1.0
00859,2025-10-12,0,GT,ELMOUROUJ,1,1,0.0,37.676,24.0
00859,2025-11-16,0,GT,ELMOUROUJ,1,1,0.0,67.863,1.0
00859,2025-12-07,0,GT,ELMOUROUJ,1,1,0.0,59.972,1.0
00859,2025-12-21,0,GT,ELMOUROUJ,1,1,0.0,648.1800000000001,3.0
00860,2025-01-11,6,GT,ELMOUROUJ,1,1,0.0,40.426,2.0
00860,2025-01-25,6,GT,ELMOUROUJ,1,1,0.0,110.284,1.0
00860,2025-02-08,6,GT,ELMOUROUJ,1,1,0.0,83.737,1.0
00860,2025-02-17,1,GT,ELMOUROUJ,1,1,0.0,137.578,7.0
00860,2025-07-06,0,GT,ELMOUROUJ,1,1,0.0,50.494,24.0
00860,2025-08-17,0,GT,ELMOUROUJ,1,1,0.0,79.33,1.0
00860,2025-08-31,0,GT,ELMOUROUJ,1,1,0.0,50.494,24.0
00860,2025-10-12,0,GT,ELMOUROUJ,1,1,0.0,57.097,24.0
00860,2025-11-02,0,GT,ELMOUROUJ,1,1,0.0,37.418,1.0
00860,2025-11-23,0,GT,ELMOUROUJ,1,1,0.0,57.097,24.0
00860,2025-11-30,0,GT,ELMOUROUJ,1,1,0.0,27.034,1.0
00860,2025-12-07,0,GT,ELMOUROUJ,1,1,0.0,30.503,1.0
00860,2025-12-21,0,GT,ELMOUROUJ,1,1,0.0,42.975,1.0
00860,2025-12-28,0,GT,ELMOUROUJ,1,1,0.0,54.411,1.0
00860,2026-01-30,5,GT,ELMOUROUJ,1,1,0.0,349.738,2.0
00860,2026-02-20,5,GT,ELMOUROUJ,1,1,0.0,152.614,48.0
00860,2026-03-06,5,GT,ELMOUROUJ,1,1,0.0,23.699,24.0
00860,2026-03-27,5,GT,ELMOUROUJ,1,1,0.0,349.738,2.0
00860,2026-04-10,5,GT,ELMOUROUJ,1,1,0.0,82.155,3.0
00860,2026-05-08,5,GT,ELMOUROUJ,1,1,0.0,1010.7909999999999,5.0
00860,2026-07-03,5,GT,ELMOUROUJ,1,1,0.0,303.678,2.0
00860,2026-08-07,5,GT,ELMOUROUJ,1,1,0.0,38.779,24.0
00860,2026-10-02,5,GT,ELMOUROUJ,1,1,0.0,325.886,2.0
00862,2025-01-05,0,GT,MEGRINE,1,1,0.0,68.782,1.0
00862,2025-01-12,0,GT,MEGRINE,1,1,0.0,2032.386,29.0
00862,2025-01-18,6,GT,MEGRINE,1,1,0.0,336.033,3.0
00862,2025-01-25,6,GT,MEGRINE,1,1,0.0,42.213,24.0
00862,2025-02-07,5,GT,MEGRINE,1,1,0.0,129.613,24.0
00862,2025-02-08,6,GT,MEGRINE,1,1,0.0,53.774,3.0
00862,2025-02-15,6,GT,MEGRINE,1,1,0.0,70.568,1.0
00862,2025-02-22,6,GT,MEGRINE,1,1,0.0,258.72,51.0
00862,2025-03-01,6,GT,MEGRINE,1,1,0.0,137.45,48.0
00862,2025-03-08,6,GT,MEGRINE,1,1,0.0,13.444,1.0
00862,2025-03-09,0,GT,MEGRINE,1,1,0.0,30.503,1.0
00862,2025-03-11,2,GT,MEGRINE,1,1,0.0,43.891,24.0
00862,2025-03-15,6,GT,MEGRINE,1,1,0.0,534.654,74.0
00862,2025-03-16,0,GT,MEGRINE,1,1,0.0,52.367,12.0
00862,2025-03-22,6,GT,MEGRINE,1,1,0.0,1857.3849999999998,30.0
00862,2025-03-29,6,GT,MEGRINE,1,1,0.0,359.84,25.0
00862,2025-04-12,6,GT,MEGRINE,1,1,0.0,8.671,1.0
00862,2025-04-19,6,GT,MEGRINE,1,1,0.0,26.236,24.0
00862,2025-04-26,6,GT,MEGRINE,1,1,0.0,19.262,24.0
00862,2025-05-04,0,GT,MEGRINE,1,1,0.0,29.853,6.0
00862,2025-05-10,6,GT,MEGRINE,1,1,0.0,50.494,24.0
00862,2025-05-12,1,GT,MEGRINE,1,1,0.0,116.088,1.0
00862,2025-05-17,6,GT,MEGRINE,1,1,0.0,98.914,24.0
00862,2025-05-18,0,GT,MEGRINE,1,1,0.0,36.514,2.0
00862,2025-05-25,0,GT,MEGRINE,1,1,0.0,96.016,48.0
00862,2025-05-26,1,GT,MEGRINE,1,1,0.0,24.004,24.0
00862,2025-06-14,6,GT,MEGRINE,1,1,0.0,149.67,2.0
00862,2025-06-21,6,GT,MEGRINE,1,1,0.0,50.494,24.0
00862,2025-06-22,0,GT,MEGRINE,1,1,0.0,50.494,24.0
00862,2025-07-01,2,GT,MEGRINE,1,1,0.0,28.646,1.0
00862,2025-07-18,5,GT,MEGRINE,1,1,0.0,27.616,24.0
00862,2025-07-19,6,GT,MEGRINE,1,1,0.0,50.494,24.0
00862,2025-07-26,6,GT,MEGRINE,1,1,0.0,123.532,2.0
00862,2025-08-16,6,GT,MEGRINE,1,1,0.0,50.494,24.0
00862,2025-08-23,6,GT,MEGRINE,1,1,0.0,229.048,48.0
00862,2025-09-06,6,GT,MEGRINE,1,1,0.0,701.364,96.0
00862,2025-09-14,0,GT,MEGRINE,1,1,0.0,57.097,24.0
00862,2025-09-27,6,GT,MEGRINE,1,1,0.0,57.097,24.0
00862,2025-10-15,3,GT,MEGRINE,1,1,0.0,103.163,1.0
00862,2025-10-18,6,GT,MEGRINE,1,1,0.0,114.194,48.0
00862,2025-11-01,6,GT,MEGRINE,1,1,0.0,1673.664,6.0
00862,2025-11-15,6,GT,MEGRINE,1,1,0.0,57.097,24.0
00862,2025-11-23,0,GT,MEGRINE,1,1,0.0,110.284,1.0
00862,2025-12-21,0,GT,MEGRINE,1,1,0.0,245.548,2.0
00862,2026-01-12,1,GT,MEGRINE,1,1,0.0,387.252,23.0
00862,2026-01-26,1,GT,MEGRINE,1,1,0.0,669.879,3.0
00862,2026-02-02,1,GT,MEGRINE,1,1,0.0,15.342,1.0
00862,2026-02-16,1,GT,MEGRINE,1,1,0.0,41.696,24.0
00862,2026-02-23,1,GT,MEGRINE,1,1,0.0,1358.32,51.0
00862,2026-03-02,1,GT,MEGRINE,1,1,0.0,38.153,24.0
00862,2026-03-16,1,GT,MEGRINE,1,1,0.0,15.342,1.0
00862,2026-03-23,1,GT,MEGRINE,1,1,0.0,120.782,25.0
00862,2026-03-30,1,GT,MEGRINE,1,1,0.0,286.912,2.0
00862,2026-04-06,1,GT,MEGRINE,1,1,0.0,253.15,2.0
00862,2026-04-20,1,GT,MEGRINE,1,1,0.0,38.153,24.0
00862,2026-04-27,1,GT,MEGRINE,1,1,0.0,685.476,3.0
00862,2026-05-04,1,GT,MEGRINE,1,1,0.0,65.836,72.0
00862,2026-05-18,1,GT,MEGRINE,1,1,0.0,100.783,1.0
00862,2026-05-25,1,GT,MEGRINE,1,1,0.0,18.44,1.0
00862,2026-06-08,1,GT,MEGRINE,1,1,0.0,331.179,3.0
00862,2026-06-15,1,GT,MEGRINE,1,1,0.0,352.21500000000003,3.0
00862,2026-06-22,1,GT,MEGRINE,1,1,0.0,27.238,1.0
00862,2026-06-29,1,GT,MEGRINE,1,1,0.0,384.96299999999997,26.0
00862,2026-07-06,1,GT,MEGRINE,1,1,0.0,38.153,24.0
00862,2026-08-10,1,GT,MEGRINE,1,1,0.0,38.779,24.0
00862,2026-08-18,2,GT,MEGRINE,1,1,0.0,236.324,2.0
00862,2026-08-24,1,GT,MEGRINE,1,1,0.0,1228.395,5.0
00862,2026-08-31,1,GT,MEGRINE,1,1,0.0,46.418,1.0
00862,2026-09-07,1,GT,MEGRINE,1,1,0.0,1305.0149999999999,51.0
00862,2026-09-21,1,GT,MEGRINE,1,1,0.0,127.321,26.0
00862,2026-10-05,1,GT,MEGRINE,1,1,0.0,2582.246,55.0
00862,2026-10-19,1,GT,MEGRINE,1,1,0.0,68.782,1.0
00862,2026-11-02,1,GT,MEGRINE,1,1,0.0,1915.989,54.0
00862,2026-11-05,4,GT,MEGRINE,1,1,0.0,495.91200000000003,27.0
00862,2026-11-23,1,GT,MEGRINE,1,1,0.0,71.728,1.0
00862,2026-11-29,0,GT,MEGRINE,1,1,0.0,106.425,24.0
00862,2026-12-07,1,GT,MEGRINE,1,1,0.0,84.48,2.0
00862,2026-12-11,5,GT,MEGRINE,1,1,0.0,286.912,2.0
00862,2026-12-21,1,GT,MEGRINE,1,1,0.0,3371.9770000000008,100.0
00863,2025-05-31,6,GT,RADES,1,1,0.0,24.349,1.0
00867,2025-01-19,0,GT,RADES,1,1,0.0,29.853,6.0
00867,2025-02-08,6,GT,RADES,1,1,0.0,54.242,24.0
00867,2025-04-13,0,GT,RADES,1,1,0.0,123.972,6.0
00867,2025-06-08,0,GT,RADES,1,1,0.0,37.418,1.0
00867,2025-06-28,6,GT,RADES,1,1,0.0,19.617,40.0
00867,2025-06-29,0,GT,RADES,1,1,0.0,123.972,6.0
00867,2025-08-15,5,GT,RADES,1,1,0.0,68.441,1.0
00867,2025-08-31,0,GT,RADES,1,1,0.0,100.988,48.0
00867,2025-10-05,0,GT,RADES,1,1,0.0,137.034,3.0
00867,2025-10-13,1,GT,RADES,1,1,0.0,57.097,24.0
00867,2026-02-03,2,GT,RADES,1,1,0.0,647.15,39.0
00867,2026-03-17,2,GT,RADES,1,1,0.0,68.782,1.0
00867,2026-09-01,2,GT,RADES,1,1,0.0,38.779,24.0
00867,2026-11-10,2,GT,RADES,1,1,0.0,188.787,10.0
00868,2025-01-05,0,GT,HAMMAMLIF,1,1,0.0,110.284,1.0
00868,2025-01-19,0,GT,HAMMAMLIF,1,1,0.0,58.185,12.0
00868,2025-02-09,0,GT,HAMMAMLIF,1,1,0.0,125.94999999999999,25.0
00868,2025-03-24,1,GT,HAMMAMLIF,1,1,0.0,22.218,12.0
00868,2025-06-16,1,GT,HAMMAMLIF,1,1,0.0,11.636,1.0
00868,2025-07-28,1,GT,HAMMAMLIF,1,1,0.0,50.494,24.0
00868,2025-08-24,0,GT,HAMMAMLIF,1,1,0.0,28.646,1.0
00868,2025-09-07,0,GT,HAMMAMLIF,1,1,0.0,50.494,24.0
00868,2025-09-28,0,GT,HAMMAMLIF,1,1,0.0,103.163,1.0
00868,2025-10-06,1,GT,HAMMAMLIF,1,1,0.0,57.097,24.0
00868,2025-10-13,1,GT,HAMMAMLIF,1,1,0.0,19.906,1.0
00868,2025-10-20,1,GT,HAMMAMLIF,1,1,0.0,12.596,1.0
00868,2025-11-03,1,GT,HAMMAMLIF,1,1,0.0,22.838,1.0
00868,2025-12-15,1,GT,HAMMAMLIF,1,1,0.0,42.975,1.0
00868,2025-12-29,1,GT,HAMMAMLIF,1,1,0.0,42.975,1.0
00868,2026-01-28,3,GT,HAMMAMLIF,1,1,0.0,130.974,48.0
00868,2026-05-27,3,GT,HAMMAMLIF,1,1,0.0,68.782,1.0
00868,2026-06-10,3,GT,HAMMAMLIF,1,1,0.0,27.238,1.0
00868,2026-07-15,3,GT,HAMMAMLIF,1,1,0.0,19.332,1.0
00869,2025-02-09,0,GT,HAMMAMLIF,1,1,0.0,33.112,1.0
00869,2025-03-24,1,GT,HAMMAMLIF,1,1,0.0,146.094,3.0
00869,2025-03-31,1,GT,HAMMAMLIF,1,1,0.0,63.985,1.0
00869,2025-05-05,1,GT,HAMMAMLIF,1,1,0.0,25.247,12.0
00869,2025-05-26,1,GT,HAMMAMLIF,1,1,0.0,24.004,24.0
00869,2025-07-14,1,GT,HAMMAMLIF,1,1,0.0,54.003,24.0
00869,2025-08-24,0,GT,HAMMAMLIF,1,1,0.0,103.318,1.0
00869,2025-12-29,1,GT,HAMMAMLIF,1,1,0.0,30.503,1.0
00869,2026-05-06,3,GT,HAMMAMLIF,1,1,0.0,1121.095,29.0
00869,2026-06-03,3,GT,HAMMAMLIF,1,1,0.0,457.842,146.0
00869,2026-06-17,3,GT,HAMMAMLIF,1,1,0.0,19.332,1.0
00870,2025-10-22,3,GT,BABBHAR,1,1,0.0,189.546,48.0
00870,2025-10-29,3,GT,BABBHAR,1,1,0.0,110.284,1.0
00870,2025-11-04,2,GT,BABBHAR,1,1,0.0,48.591,1.0
00870,2025-11-12,3,GT,BABBHAR,1,1,0.0,110.284,1.0
00870,2025-12-24,3,GT,BABBHAR,1,1,0.0,50.387,2.0
00870,2026-01-09,5,GT,BABBHAR,1,1,0.0,40.395,24.0
00870,2026-03-27,5,GT,BABBHAR,1,1,0.0,106.087,1.0
00870,2026-05-08,5,GT,BABBHAR,1,1,0.0,53.213,12.0
00870,2026-05-29,5,GT,BABBHAR,1,1,0.0,228.92,73.0
00870,2026-06-19,5,GT,BABBHAR,1,1,0.0,98.661,1.0
00870,2026-06-26,5,GT,BABBHAR,1,1,0.0,647.432,121.0
00870,2026-07-03,5,GT,BABBHAR,1,1,0.0,28.054,1.0
00870,2026-08-07,5,GT,BABBHAR,1,1,0.0,25.092,24.0
00870,2026-10-09,5,GT,BABBHAR,1,1,0.0,666.075,97.0
00870,2026-11-06,5,GT,BABBHAR,1,1,0.0,115.127,72.0
00871,2025-05-21,3,GT,ELKHADRA,1,1,0.0,29.853,6.0
00871,2026-03-02,1,GT,ELKHADRA,1,1,0.0,532.158,30.0
00873,2025-08-01,5,GT,ELKHADRA,1,1,0.0,50.494,24.0
00873,2026-01-05,1,GT,ELKHADRA,1,1,0.0,1071.0179999999998,6.0
00873,2026-02-08,0,GT,ELKHADRA,1,1,0.0,106.087,1.0
00873,2026-03-15,0,GT,ELKHADRA,1,1,0.0,638.826,26.0
00873,2026-03-29,0,GT,ELKHADRA,1,1,0.0,38.153,24.0
00873,2026-04-07,2,GT,ELKHADRA,1,1,0.0,41.257,24.0
00873,2026-04-12,0,GT,ELKHADRA,1,1,0.0,43.891,48.0
00873,2026-05-17,0,GT,ELKHADRA,1,1,0.0,72.634,1.0
00873,2026-05-19,2,GT,ELKHADRA,1,1,0.0,228.92,73.0
00873,2026-06-28,0,GT,ELKHADRA,1,1,0.0,773.856,121.0
00873,2026-08-04,2,GT,ELKHADRA,1,1,0.0,43.891,24.0
00873,2026-08-23,0,GT,ELKHADRA,1,1,0.0,149.28699999999998,49.0
00873,2026-10-04,0,GT,ELKHADRA,1,1,0.0,2231.929,54.0
00873,2026-10-21,3,GT,ELKHADRA,1,1,0.0,373.072,25.0
00874,2025-01-17,5,GT,ELMENZAH,1,1,0.0,41.91,1.0
00874,2025-01-18,6,GT,ELMENZAH,1,1,0.0,144.5,25.0
00874,2025-01-24,5,GT,ELMENZAH,1,1,0.0,54.242,24.0
00874,2025-01-25,6,GT,ELMENZAH,1,1,0.0,61.216,1.0
00874,2025-01-31,5,GT,ELMENZAH,1,1,0.0,37.676,24.0
00874,2025-02-08,6,GT,ELMENZAH,1,1,0.0,52.367,12.0
00874,2025-03-07,5,GT,ELMENZAH,1,1,0.0,43.27,1.0
00874,2025-04-12,6,GT,ELMENZAH,1,1,0.0,71.422,1.0
00874,2025-05-14,3,GT,ELMENZAH,1,1,0.0,30.503,1.0
00874,2025-05-31,6,GT,ELMENZAH,1,1,0.0,8.243,2.0
00874,2025-06-28,6,GT,ELMENZAH,1,1,0.0,19.617,40.0
00874,2025-10-11,6,GT,ELMENZAH,1,1,0.0,525.636,4.0
00874,2025-10-25,6,GT,ELMENZAH,1,1,0.0,422.034,26.0
00874,2025-11-01,6,GT,ELMENZAH,1,1,0.0,57.097,24.0
00874,2025-11-08,6,GT,ELMENZAH,1,1,0.0,186.75,25.0
00874,2025-11-15,6,GT,ELMENZAH,1,1,0.0,36.278,1.0
00874,2025-12-06,6,GT,ELMENZAH,1,1,0.0,253.934,3.0
00874,2026-01-21,3,GT,ELMENZAH,1,1,0.0,161.582,48.0
00874,2026-02-09,1,GT,ELMENZAH,1,1,0.0,834.0250000000001,7.0
00874,2026-02-12,4,GT,ELMENZAH,1,1,0.0,13039.416000000003,277.0
00874,2026-03-10,2,GT,ELMENZAH,1,1,0.0,17.419,1.0
00874,2026-03-11,3,GT,ELMENZAH,1,1,0.0,38.153,24.0
00874,2026-03-23,1,GT,ELMENZAH,1,1,0.0,38.153,24.0
00874,2026-04-20,1,GT,ELMENZAH,1,1,0.0,103.965,1.0
00874,2026-04-27,1,GT,ELMENZAH,1,1,0.0,43.891,48.0
00874,2026-05-18,1,GT,ELMENZAH,1,1,0.0,38.153,24.0
00874,2026-06-15,1,GT,ELMENZAH,1,1,0.0,850.8,6.0
00874,2026-06-18,4,GT,ELMENZAH,1,1,0.0,62.114,1.0
00874,2026-06-20,6,GT,ELMENZAH,1,1,0.0,90.63,1.0
00874,2026-06-22,1,GT,ELMENZAH,1,1,0.0,94.394,5.0
00874,2026-06-29,1,GT,ELMENZAH,1,1,0.0,18.44,1.0
00874,2026-07-13,1,GT,ELMENZAH,1,1,0.0,50.184,48.0
00874,2026-07-19,0,GT,ELMENZAH,1,1,0.0,90.63,1.0
00874,2026-07-31,5,GT,ELMENZAH,1,1,0.0,79.334,25.0
00874,2026-08-04,2,GT,ELMENZAH,1,1,0.0,73.76,2.0
00874,2026-08-06,4,GT,ELMENZAH,1,1,0.0,38.779,24.0
00874,2026-08-07,5,GT,ELMENZAH,1,1,0.0,277.002,25.0
00874,2026-08-17,1,GT,ELMENZAH,1,1,0.0,69.002,1.0
00874,2026-08-29,6,GT,ELMENZAH,1,1,0.0,507.7,50.0
00874,2026-09-06,0,GT,ELMENZAH,1,1,0.0,228.063,49.0
00874,2026-09-14,1,GT,ELMENZAH,1,1,0.0,233.31600000000003,3.0
00874,2026-09-22,2,GT,ELMENZAH,1,1,0.0,52.797,1.0
00874,2026-09-30,3,GT,ELMENZAH,1,1,0.0,52.797,1.0
00874,2026-10-11,0,GT,ELMENZAH,1,1,0.0,87.678,2.0
00874,2026-10-13,2,GT,ELMENZAH,1,1,0.0,106.425,24.0
00874,2026-10-16,5,GT,ELMENZAH,1,1,0.0,1676.528,199.0
00874,2026-10-22,4,GT,ELMENZAH,1,1,0.0,97.6,1.0
00874,2026-10-27,2,GT,ELMENZAH,1,1,0.0,17.4,1.0
00874,2026-11-15,0,GT,ELMENZAH,1,1,0.0,598.335,4.0
00874,2026-11-27,5,GT,ELMENZAH,1,1,0.0,949.605,5.0
00874,2026-12-14,1,GT,ELMENZAH,1,1,0.0,428.43600000000004,26.0
00875,2025-03-23,0,GT,ELMENZAH,1,1,0.0,70.568,1.0
00877,2025-07-15,2,GT,ELMENZAH,1,1,0.0,55.232,48.0
00877,2025-09-21,0,GT,ELMENZAH,1,1,0.0,36.996,20.0
00878,2025-02-22,6,GT,ELMENZAH,1,1,0.0,53.774,3.0
00878,2025-03-07,5,GT,ELMENZAH,1,1,0.0,161.256,11.0
00878,2025-04-05,6,GT,ELMENZAH,1,1,0.0,70.568,1.0
00878,2026-03-25,3,GT,ELMENZAH,1,1,0.0,68.782,1.0
00879,2025-05-19,1,GT,ELMENZAH,1,1,0.0,12.624,6.0
00879,2026-11-11,3,GT,ELMENZAH,1,1,0.0,1115.576,6.0
00881,2025-03-26,3,GT,BENAROUS,1,1,0.0,9.128,1.0
00881,2025-04-07,1,GT,BENAROUS,1,1,0.0,8.671,1.0
00881,2025-04-08,2,GT,BENAROUS,1,1,0.0,19.262,24.0
00881,2025-04-23,3,GT,BENAROUS,1,1,0.0,19.262,24.0
00881,2025-05-07,3,GT,BENAROUS,1,1,0.0,67.863,1.0
00881,2025-05-14,3,GT,BENAROUS,1,1,0.0,25.247,12.0
00881,2025-05-21,3,GT,BENAROUS,1,1,0.0,31.768,1.0
00881,2025-06-04,3,GT,BENAROUS,1,1,0.0,28.646,1.0
00881,2025-06-11,3,GT,BENAROUS,1,1,0.0,106.801,1.0
00881,2025-06-18,3,GT,BENAROUS,1,1,0.0,24.004,24.0
00881,2025-06-25,3,GT,BENAROUS,1,1,0.0,50.494,24.0
00881,2025-07-18,5,GT,BENAROUS,1,1,0.0,103.318,1.0
00881,2025-07-22,2,GT,BENAROUS,1,1,0.0,103.318,1.0
00881,2025-08-24,0,GT,BENAROUS,1,1,0.0,161.996,25.0
00881,2026-01-02,5,GT,BENAROUS,1,1,0.0,40.395,24.0
00881,2026-01-09,5,GT,BENAROUS,1,1,0.0,41.206,2.0
00881,2026-01-16,5,GT,BENAROUS,1,1,0.0,16.187,24.0
00881,2026-01-23,5,GT,BENAROUS,1,1,0.0,40.395,24.0
00881,2026-01-30,5,GT,BENAROUS,1,1,0.0,41.206,2.0
00881,2026-02-06,5,GT,BENAROUS,1,1,0.0,16.187,24.0
00881,2026-02-20,5,GT,BENAROUS,1,1,0.0,20.603,2.0
00881,2026-03-06,5,GT,BENAROUS,1,1,0.0,52.572,25.0
00881,2026-03-13,5,GT,BENAROUS,1,1,0.0,38.153,24.0
00881,2026-03-27,5,GT,BENAROUS,1,1,0.0,9.128,1.0
00881,2026-04-10,5,GT,BENAROUS,1,1,0.0,17.158,24.0
00881,2026-04-17,5,GT,BENAROUS,1,1,0.0,4.564,1.0
00881,2026-05-22,5,GT,BENAROUS,1,1,0.0,36.514,2.0
00881,2026-05-29,5,GT,BENAROUS,1,1,0.0,17.158,24.0
00881,2026-06-05,5,GT,BENAROUS,1,1,0.0,19.332,1.0
00881,2026-06-12,5,GT,BENAROUS,1,1,0.0,27.238,1.0
00881,2026-06-19,5,GT,BENAROUS,1,1,0.0,16.255,24.0
00881,2026-06-26,5,GT,BENAROUS,1,1,0.0,8.216,1.0
00881,2026-07-17,5,GT,BENAROUS,1,1,0.0,17.158,24.0
00881,2026-08-07,5,GT,BENAROUS,1,1,0.0,51.66,25.0
00881,2026-08-21,5,GT,BENAROUS,1,1,0.0,19.332,1.0
00881,2026-10-02,5,GT,BENAROUS,1,1,0.0,82.612,25.0
00881,2026-10-23,5,GT,BENAROUS,1,1,0.0,7.759,1.0
00882,2025-01-05,0,GT,ELOUERDIA,1,1,0.0,59.848,1.0
00882,2025-02-24,1,GT,ELOUERDIA,1,1,0.0,34.699,1.0
00882,2025-12-02,2,GT,ELOUERDIA,1,1,0.0,9.128,1.0
00882,2025-12-26,5,GT,ELOUERDIA,1,1,0.0,9.128,1.0
00883,2025-01-19,0,GT,HAMMAMLIF,1,1,0.0,33.893,1.0
00883,2025-03-24,1,GT,HAMMAMLIF,1,1,0.0,511.62,28.0
00883,2025-03-31,1,GT,HAMMAMLIF,1,1,0.0,36.514,2.0
00883,2025-04-28,1,GT,HAMMAMLIF,1,1,0.0,173.355,72.0
00883,2025-07-21,1,GT,HAMMAMLIF,1,1,0.0,50.494,24.0
00883,2026-01-07,3,GT,HAMMAMLIF,1,1,0.0,130.974,48.0
00883,2026-01-28,3,GT,HAMMAMLIF,1,1,0.0,1294.724,4.0
00883,2026-02-04,3,GT,HAMMAMLIF,1,1,0.0,673.047,28.0
00883,2026-02-11,3,GT,HAMMAMLIF,1,1,0.0,242.214,49.0
00883,2026-02-18,3,GT,HAMMAMLIF,1,1,0.0,263.864,2.0
00883,2026-02-25,3,GT,HAMMAMLIF,1,1,0.0,68.782,1.0
00883,2026-03-04,3,GT,HAMMAMLIF,1,1,0.0,603.996,14.0
00883,2026-03-11,3,GT,HAMMAMLIF,1,1,0.0,478.52,55.0
00883,2026-03-18,3,GT,HAMMAMLIF,1,1,0.0,490.086,8.0
00883,2026-03-25,3,GT,HAMMAMLIF,1,1,0.0,72.634,1.0
00883,2026-04-01,3,GT,HAMMAMLIF,1,1,0.0,971.172,15.0
00883,2026-04-08,3,GT,HAMMAMLIF,1,1,0.0,123.706,48.0
00883,2026-04-22,3,GT,HAMMAMLIF,1,1,0.0,103.965,1.0
00883,2026-04-29,3,GT,HAMMAMLIF,1,1,0.0,1095.78,102.0
00883,2026-05-20,3,GT,HAMMAMLIF,1,1,0.0,1210.235,16.0
00883,2026-06-03,3,GT,HAMMAMLIF,1,1,0.0,38.153,24.0
00883,2026-06-10,3,GT,HAMMAMLIF,1,1,0.0,98.661,1.0
00883,2026-06-17,3,GT,HAMMAMLIF,1,1,0.0,123.706,48.0
00883,2026-07-01,3,GT,HAMMAMLIF,1,1,0.0,90.63,1.0
00883,2026-07-15,3,GT,HAMMAMLIF,1,1,0.0,19.332,1.0
00885,2025-02-16,0,GT,HAMMAMCHATT,1,1,0.0,1468.085,51.0
00885,2025-03-16,0,GT,HAMMAMCHATT,1,1,0.0,1781.934,29.0
00885,2025-03-31,1,GT,HAMMAMCHATT,1,1,0.0,114.03,25.0
00885,2025-04-07,1,GT,HAMMAMCHATT,1,1,0.0,303.789,8.0
00885,2025-04-21,1,GT,HAMMAMCHATT,1,1,0.0,171.468,8.0
00885,2025-04-28,1,GT,HAMMAMCHATT,1,1,0.0,200.27100000000002,26.0
00885,2025-05-05,1,GT,HAMMAMCHATT,1,1,0.0,273.135,72.0
00885,2025-05-19,1,GT,HAMMAMCHATT,1,1,0.0,149.037,49.0
00885,2025-05-26,1,GT,HAMMAMCHATT,1,1,0.0,171.40800000000002,49.0
00885,2025-06-02,1,GT,HAMMAMCHATT,1,1,0.0,36.514,2.0
00885,2025-06-16,1,GT,HAMMAMCHATT,1,1,0.0,115.59599999999999,26.0
00885,2025-06-30,1,GT,HAMMAMCHATT,1,1,0.0,325.842,49.0
00885,2025-07-28,1,GT,HAMMAMCHATT,1,1,0.0,24.349,1.0
00885,2025-10-06,1,GT,HAMMAMCHATT,1,1,0.0,269.475,27.0
00885,2026-01-07,3,GT,HAMMAMCHATT,1,1,0.0,1111.992,122.0
00885,2026-01-21,3,GT,HAMMAMCHATT,1,1,0.0,273.27299999999997,49.0
00885,2026-01-28,3,GT,HAMMAMCHATT,1,1,0.0,599.883,26.0
00885,2026-02-11,3,GT,HAMMAMCHATT,1,1,0.0,23.699,24.0
00885,2026-02-18,3,GT,HAMMAMCHATT,1,1,0.0,20.603,2.0
00885,2026-02-25,3,GT,HAMMAMCHATT,1,1,0.0,110.622,48.0
00885,2026-03-11,3,GT,HAMMAMCHATT,1,1,0.0,647.224,50.0
00885,2026-03-18,3,GT,HAMMAMCHATT,1,1,0.0,288.48,25.0
00885,2026-03-25,3,GT,HAMMAMCHATT,1,1,0.0,80.6,2.0
00885,2026-04-01,3,GT,HAMMAMCHATT,1,1,0.0,501.462,26.0
00885,2026-04-08,3,GT,HAMMAMCHATT,1,1,0.0,80.6,2.0
00885,2026-04-15,3,GT,HAMMAMCHATT,1,1,0.0,78.858,26.0
00885,2026-04-22,3,GT,HAMMAMCHATT,1,1,0.0,152.614,48.0
00885,2026-04-29,3,GT,HAMMAMCHATT,1,1,0.0,184.962,25.0
00885,2026-05-20,3,GT,HAMMAMCHATT,1,1,0.0,263.908,2.0
00885,2026-06-03,3,GT,HAMMAMCHATT,1,1,0.0,1347.672,52.0
00885,2026-06-10,3,GT,HAMMAMCHATT,1,1,0.0,164.358,3.0
00885,2026-06-17,3,GT,HAMMAMCHATT,1,1,0.0,38.153,24.0
00885,2026-07-15,3,GT,HAMMAMCHATT,1,1,0.0,8.671,1.0
00885,2026-07-22,3,GT,HAMMAMCHATT,1,1,0.0,481.468,73.0
00885,2026-08-05,3,GT,HAMMAMCHATT,1,1,0.0,17.158,24.0
00885,2026-08-12,3,GT,HAMMAMCHATT,1,1,0.0,38.779,24.0
00885,2026-08-19,3,GT,HAMMAMCHATT,1,1,0.0,648.87,51.0
00885,2026-09-01,2,GT,HAMMAMCHATT,1,1,0.0,364.39799999999997,27.0
00885,2026-09-09,3,GT,HAMMAMCHATT,1,1,0.0,415.78499999999997,49.0
00885,2026-09-29,2,GT,HAMMAMCHATT,1,1,0.0,1960.336,55.0
00885,2026-10-27,2,GT,HAMMAMCHATT,1,1,0.0,301.887,28.0
00887,2026-02-09,1,GT,,1,1,0.0,130.974,48.0
00887,2026-03-30,1,GT,,1,1,0.0,123.706,48.0
00887,2026-06-15,1,GT,,1,1,0.0,27.238,1.0
00887,2026-09-27,0,GT,,1,1,0.0,475.156,27.0
00888,2025-01-07,2,GT,ELMENZAH,1,1,0.0,103.163,1.0
00888,2025-01-26,0,GT,ELMENZAH,1,1,0.0,110.284,1.0
00888,2025-11-23,0,GT,ELMENZAH,1,1,0.0,110.284,1.0
00888,2025-11-30,0,GT,ELMENZAH,1,1,0.0,67.863,1.0
00888,2025-12-16,2,GT,ELMENZAH,1,1,0.0,68.022,2.0
00888,2026-01-27,2,GT,ELMENZAH,1,1,0.0,68.782,1.0
00888,2026-02-03,2,GT,ELMENZAH,1,1,0.0,51.575,1.0
00888,2026-02-24,2,GT,ELMENZAH,1,1,0.0,38.153,24.0
00888,2026-03-03,2,GT,ELMENZAH,1,1,0.0,106.087,1.0
00888,2026-03-11,3,GT,ELMENZAH,1,1,0.0,31.171,1.0
00888,2026-03-24,2,GT,ELMENZAH,1,1,0.0,349.738,2.0
00888,2026-04-28,2,GT,ELMENZAH,1,1,0.0,345.494,2.0
00888,2026-05-26,2,GT,ELMENZAH,1,1,0.0,31.171,1.0
00888,2026-06-16,2,GT,ELMENZAH,1,1,0.0,435.68999999999994,3.0
00888,2026-09-01,2,GT,ELMENZAH,1,1,0.0,71.728,1.0
00888,2026-10-04,0,GT,ELMENZAH,1,1,0.0,638.532,5.0
00888,2026-10-06,2,GT,ELMENZAH,1,1,0.0,286.912,2.0
00888,2026-11-08,0,GT,ELMENZAH,1,1,0.0,614.436,73.0
00888,2026-12-24,4,GT,ELMENZAH,1,1,0.0,398.708,3.0
00889,2025-12-12,5,GT,ELMENZAH,1,1,0.0,834.963,5.0
00889,2026-03-17,2,GT,ELMENZAH,1,1,0.0,290.276,2.0
00889,2026-04-07,2,GT,ELMENZAH,1,1,0.0,219.762,25.0
00890,2025-01-07,2,GT,ELMENZAH,1,1,0.0,52.047,1.0
00890,2025-02-20,4,GT,ELMENZAH,1,1,0.0,54.242,24.0
00890,2025-03-07,5,GT,ELMENZAH,1,1,0.0,116.904,1.0
00890,2025-03-11,2,GT,ELMENZAH,1,1,0.0,13.253,2.0
00890,2025-05-18,0,GT,ELMENZAH,1,1,0.0,12.624,6.0
00890,2025-06-16,1,GT,ELMENZAH,1,1,0.0,13.323,1.0
00890,2025-10-29,3,GT,ELMENZAH,1,1,0.0,12.596,1.0
00890,2025-12-07,0,GT,ELMENZAH,1,1,0.0,42.975,1.0
00890,2025-12-28,0,GT,ELMENZAH,1,1,0.0,37.676,24.0
00890,2026-03-09,1,GT,ELMENZAH,1,1,0.0,185.596,3.0
00890,2026-03-23,1,GT,ELMENZAH,1,1,0.0,106.425,24.0
00890,2026-04-09,4,GT,ELMENZAH,1,1,0.0,30.684,2.0
00891,2026-05-11,1,GT,,1,1,0.0,345.022,2.0
00891,2026-11-10,2,GT,,1,1,0.0,23.837,24.0
00892,2025-01-25,6,GT,ELMOUROUJ,1,1,0.0,110.284,1.0
00892,2025-02-08,6,GT,ELMOUROUJ,1,1,0.0,40.426,2.0
00892,2025-07-06,0,GT,ELMOUROUJ,1,1,0.0,50.494,24.0
00892,2025-08-17,0,GT,ELMOUROUJ,1,1,0.0,50.494,24.0
00892,2025-09-21,0,GT,ELMOUROUJ,1,1,0.0,17.344,2.0
00892,2025-10-05,0,GT,ELMOUROUJ,1,1,0.0,132.45,25.0
00892,2025-10-19,0,GT,ELMOUROUJ,1,1,0.0,8.671,1.0
00892,2025-11-09,0,GT,ELMOUROUJ,1,1,0.0,64.03,12.0
00892,2025-11-16,0,GT,ELMOUROUJ,1,1,0.0,244.548,2.0
00892,2025-12-07,0,GT,ELMOUROUJ,1,1,0.0,104.206,2.0
00892,2025-12-14,0,GT,ELMOUROUJ,1,1,0.0,11.42,1.0
00894,2025-03-10,1,SE,ARIANAVILLE,1,1,0.0,242.85399999999998,4.0
00894,2025-11-25,2,SE,ARIANAVILLE,1,1,0.0,38.583,1.0
00894,2026-01-18,0,SE,ARIANAVILLE,1,1,0.0,161.582,48.0
00894,2026-04-17,5,SE,ARIANAVILLE,1,1,0.0,682.888,4.0
00894,2026-06-19,5,SE,ARIANAVILLE,1,1,0.0,357.544,2.0
00894,2026-07-10,5,SE,ARIANAVILLE,1,1,0.0,43.818,1.0
00894,2026-08-18,2,SE,ARIANAVILLE,1,1,0.0,99.722,1.0
00894,2026-08-25,2,SE,ARIANAVILLE,1,1,0.0,58.23,1.0
00894,2026-09-29,2,SE,ARIANAVILLE,1,1,0.0,97.6,1.0
00894,2026-10-06,2,SE,ARIANAVILLE,1,1,0.0,43.84,1.0
00894,2026-10-13,2,SE,ARIANAVILLE,1,1,0.0,274.968,2.0
00894,2026-10-26,1,SE,ARIANAVILLE,1,1,0.0,441.126,30.0
00894,2026-12-06,0,SE,ARIANAVILLE,1,1,0.0,7.068,1.0
00901,2025-01-11,6,GT,MEGRINE,1,1,0.0,84.48,2.0
00901,2025-01-18,6,GT,MEGRINE,1,1,0.0,42.213,24.0
00901,2025-01-25,6,GT,MEGRINE,1,1,0.0,20.275,24.0
00901,2025-02-14,5,GT,MEGRINE,1,1,0.0,301.86,72.0
00901,2025-02-15,6,GT,MEGRINE,1,1,0.0,26.236,24.0
00901,2025-02-22,6,GT,MEGRINE,1,1,0.0,20.275,24.0
00901,2025-03-01,6,GT,MEGRINE,1,1,0.0,42.213,24.0
00901,2025-03-21,5,GT,MEGRINE,1,1,0.0,90.982,13.0
00901,2025-03-22,6,GT,MEGRINE,1,1,0.0,44.437,24.0
00901,2025-04-05,6,GT,MEGRINE,1,1,0.0,232.182,2.0
00901,2025-04-26,6,GT,MEGRINE,1,1,0.0,393.73400000000004,27.0
00901,2025-06-07,6,GT,MEGRINE,1,1,0.0,37.418,1.0
00901,2025-07-05,6,GT,MEGRINE,1,1,0.0,50.494,24.0
00901,2025-07-19,6,GT,MEGRINE,1,1,0.0,20.275,24.0
00901,2025-09-27,6,GT,MEGRINE,1,1,0.0,22.838,1.0
00901,2025-10-04,6,GT,MEGRINE,1,1,0.0,57.097,24.0
00901,2025-10-05,0,GT,MEGRINE,1,1,0.0,30.037,1.0
00901,2025-12-13,6,GT,MEGRINE,1,1,0.0,57.097,24.0
00901,2025-12-20,6,GT,MEGRINE,1,1,0.0,42.975,1.0
00901,2026-01-26,1,GT,MEGRINE,1,1,0.0,40.395,24.0
00901,2026-02-02,1,GT,MEGRINE,1,1,0.0,106.087,1.0
00901,2026-02-09,1,GT,MEGRINE,1,1,0.0,25.092,24.0
00901,2026-03-02,1,GT,MEGRINE,1,1,0.0,38.153,24.0
00901,2026-03-09,1,GT,MEGRINE,1,1,0.0,9.128,1.0
00901,2026-03-16,1,GT,MEGRINE,1,1,0.0,68.634,48.0
00901,2026-03-30,1,GT,MEGRINE,1,1,0.0,18.257,2.0
00901,2026-04-06,1,GT,MEGRINE,1,1,0.0,36.514,2.0
00901,2026-04-27,1,GT,MEGRINE,1,1,0.0,21.945,24.0
00901,2026-05-25,1,GT,MEGRINE,1,1,0.0,38.153,24.0
00901,2026-06-01,1,GT,MEGRINE,1,1,0.0,9.128,1.0
00901,2026-06-08,1,GT,MEGRINE,1,1,0.0,197.709,3.0
00901,2026-08-03,1,GT,MEGRINE,1,1,0.0,27.238,1.0
00901,2026-08-24,1,GT,MEGRINE,1,1,0.0,93.726,72.0
00901,2026-08-31,1,GT,MEGRINE,1,1,0.0,43.891,24.0
00901,2026-09-07,1,GT,MEGRINE,1,1,0.0,17.4,1.0
00901,2026-09-21,1,GT,MEGRINE,1,1,0.0,17.4,1.0
00901,2026-09-28,1,GT,MEGRINE,1,1,0.0,69.596,2.0
00901,2026-10-05,1,GT,MEGRINE,1,1,0.0,38.375,24.0
00901,2026-10-19,1,GT,MEGRINE,1,1,0.0,210.718,2.0
00901,2026-10-26,1,GT,MEGRINE,1,1,0.0,36.309,48.0
00901,2026-12-07,1,GT,MEGRINE,1,1,0.0,68.782,1.0
00903,2025-02-04,2,GT,BABBHAR,1,1,0.0,54.242,24.0
00903,2025-02-11,2,GT,BABBHAR,1,1,0.0,83.737,1.0
00903,2025-03-21,5,GT,BABBHAR,1,1,0.0,44.437,24.0
00903,2025-03-23,0,GT,BABBHAR,1,1,0.0,22.218,12.0
00903,2025-03-26,3,GT,BABBHAR,1,1,0.0,651.033,4.0
00903,2025-04-11,5,GT,BABBHAR,1,1,0.0,71.411,12.0
00903,2025-04-15,2,GT,BABBHAR,1,1,0.0,46.545,2.0
00903,2025-04-23,3,GT,BABBHAR,1,1,0.0,26.236,24.0
00903,2025-05-04,0,GT,BABBHAR,1,1,0.0,23.272,1.0
00903,2025-05-06,2,GT,BABBHAR,1,1,0.0,25.247,12.0
00903,2025-05-07,3,GT,BABBHAR,1,1,0.0,50.494,24.0
00903,2025-05-14,3,GT,BABBHAR,1,1,0.0,25.247,12.0
00903,2025-05-21,3,GT,BABBHAR,1,1,0.0,31.768,1.0
00903,2025-06-02,1,GT,BABBHAR,1,1,0.0,48.008,48.0
00903,2025-06-25,3,GT,BABBHAR,1,1,0.0,50.494,24.0
00903,2025-07-16,3,GT,BABBHAR,1,1,0.0,19.906,1.0
00903,2025-10-22,3,GT,BABBHAR,1,1,0.0,110.284,1.0
00903,2025-11-12,3,GT,BABBHAR,1,1,0.0,19.906,1.0
00903,2025-11-19,3,GT,BABBHAR,1,1,0.0,67.863,1.0
00903,2025-11-21,5,GT,BABBHAR,1,1,0.0,106.386,5.0
00903,2025-11-26,3,GT,BABBHAR,1,1,0.0,67.863,1.0
00903,2025-12-24,3,GT,BABBHAR,1,1,0.0,92.812,1.0
00903,2026-01-02,5,GT,BABBHAR,1,1,0.0,40.395,24.0
00903,2026-01-18,0,GT,BABBHAR,1,1,0.0,36.618,1.0
00903,2026-01-27,2,GT,BABBHAR,1,1,0.0,26.12,1.0
00903,2026-02-09,1,GT,BABBHAR,1,1,0.0,104.484,2.0
00903,2026-02-20,5,GT,BABBHAR,1,1,0.0,38.153,24.0
00903,2026-03-06,5,GT,BABBHAR,1,1,0.0,104.484,2.0
00903,2026-03-17,2,GT,BABBHAR,1,1,0.0,38.153,24.0
00903,2026-04-10,5,GT,BABBHAR,1,1,0.0,38.153,24.0
00903,2026-05-03,0,GT,BABBHAR,1,1,0.0,103.965,1.0
00903,2026-05-22,5,GT,BABBHAR,1,1,0.0,38.153,24.0
00903,2026-06-05,5,GT,BABBHAR,1,1,0.0,19.332,1.0
00903,2026-06-12,5,GT,BABBHAR,1,1,0.0,130.784,25.0
00903,2026-06-19,5,GT,BABBHAR,1,1,0.0,19.332,1.0
00903,2026-08-14,5,GT,BABBHAR,1,1,0.0,40.687,1.0
00903,2026-09-25,5,GT,BABBHAR,1,1,0.0,386.84400000000005,51.0
00903,2026-10-02,5,GT,BABBHAR,1,1,0.0,464.684,4.0
00903,2026-10-09,5,GT,BABBHAR,1,1,0.0,111.55,25.0
00903,2026-10-30,5,GT,BABBHAR,1,1,0.0,214.314,25.0
00903,2026-11-28,6,GT,BABBHAR,1,1,0.0,513.147,3.0
00904,2025-01-10,5,GT,BENAROUS,1,1,0.0,21.119,1.0
00904,2025-01-17,5,GT,BENAROUS,1,1,0.0,13.444,1.0
00904,2025-02-14,5,GT,BENAROUS,1,1,0.0,33.893,1.0
00904,2025-02-28,5,GT,BENAROUS,1,1,0.0,42.213,24.0
00904,2025-03-07,5,GT,BENAROUS,1,1,0.0,75.188,1.0
00904,2025-03-28,5,GT,BENAROUS,1,1,0.0,75.188,1.0
00904,2025-05-23,5,GT,BENAROUS,1,1,0.0,24.729,6.0
00904,2025-06-06,5,GT,BENAROUS,1,1,0.0,24.004,24.0
00904,2025-07-04,5,GT,BENAROUS,1,1,0.0,50.494,24.0
00904,2026-01-11,0,GT,BENAROUS,1,1,0.0,40.395,24.0
00904,2026-06-07,0,GT,BENAROUS,1,1,0.0,208.04700000000003,4.0
00904,2026-06-21,0,GT,BENAROUS,1,1,0.0,128.783,25.0
00904,2026-09-06,0,GT,BENAROUS,1,1,0.0,65.343,1.0
00904,2026-09-13,0,GT,BENAROUS,1,1,0.0,109.728,2.0
00904,2026-09-20,0,GT,BENAROUS,1,1,0.0,319.578,3.0
00904,2026-11-08,0,GT,BENAROUS,1,1,0.0,20.488,1.0
00904,2026-11-22,0,GT,BENAROUS,1,1,0.0,80.111,1.0
00904,2026-12-06,0,GT,BENAROUS,1,1,0.0,23.467,1.0
00904,2026-12-13,0,GT,BENAROUS,1,1,0.0,31.171,1.0
00904,2026-12-27,0,GT,BENAROUS,1,1,0.0,136.898,48.0
00905,2025-01-23,4,GT,BENAROUS,1,1,0.0,66.28,12.0
00905,2025-01-30,4,GT,BENAROUS,1,1,0.0,78.408,1.0
00905,2025-02-06,4,GT,BENAROUS,1,1,0.0,63.214,24.0
00905,2025-04-04,5,GT,BENAROUS,1,1,0.0,87.445,1.0
00905,2025-04-11,5,GT,BENAROUS,1,1,0.0,26.236,24.0
00905,2025-04-25,5,GT,BENAROUS,1,1,0.0,30.503,1.0
00905,2025-07-04,5,GT,BENAROUS,1,1,0.0,50.494,24.0
00905,2025-08-15,5,GT,BENAROUS,1,1,0.0,30.503,1.0
00905,2025-08-29,5,GT,BENAROUS,1,1,0.0,50.494,24.0
00905,2025-09-05,5,GT,BENAROUS,1,1,0.0,27.616,24.0
00905,2025-09-19,5,GT,BENAROUS,1,1,0.0,30.503,1.0
00905,2025-10-10,5,GT,BENAROUS,1,1,0.0,57.097,24.0
00905,2025-10-24,5,GT,BENAROUS,1,1,0.0,25.194,2.0
00905,2025-11-14,5,GT,BENAROUS,1,1,0.0,35.546,1.0
00905,2025-11-28,5,GT,BENAROUS,1,1,0.0,17.344,2.0
00905,2025-12-19,5,GT,BENAROUS,1,1,0.0,30.503,1.0
00905,2025-12-26,5,GT,BENAROUS,1,1,0.0,50.387,2.0
00905,2026-02-01,0,GT,BENAROUS,1,1,0.0,586.071,3.0
00905,2026-02-15,0,GT,BENAROUS,1,1,0.0,106.087,1.0
00905,2026-02-22,0,GT,BENAROUS,1,1,0.0,349.738,2.0
00905,2026-03-29,0,GT,BENAROUS,1,1,0.0,626.958,3.0
00905,2026-04-05,0,GT,BENAROUS,1,1,0.0,94.564,25.0
00905,2026-05-24,0,GT,BENAROUS,1,1,0.0,31.171,1.0
00905,2026-06-07,0,GT,BENAROUS,1,1,0.0,595.326,3.0
00905,2026-06-14,0,GT,BENAROUS,1,1,0.0,27.238,1.0
00905,2026-08-02,0,GT,BENAROUS,1,1,0.0,98.661,1.0
00905,2026-08-23,0,GT,BENAROUS,1,1,0.0,65.343,1.0
00905,2026-08-30,0,GT,BENAROUS,1,1,0.0,71.728,1.0
00905,2026-09-13,0,GT,BENAROUS,1,1,0.0,71.728,1.0
00905,2026-10-04,0,GT,BENAROUS,1,1,0.0,220.206,25.0
00905,2026-12-20,0,GT,BENAROUS,1,1,0.0,190.036,25.0
00907,2026-08-23,0,GT,,1,1,0.0,229.656,26.0
00907,2026-10-11,0,GT,,1,1,0.0,17.4,1.0
00907,2026-11-11,3,GT,,1,1,0.0,21.119,1.0
00908,2025-02-01,6,GT,MEGRINE,1,1,0.0,84.426,48.0
00908,2025-02-22,6,GT,MEGRINE,1,1,0.0,20.275,24.0
00908,2025-02-28,5,GT,MEGRINE,1,1,0.0,42.213,24.0
00908,2025-03-01,6,GT,MEGRINE,1,1,0.0,24.349,1.0
00908,2025-03-08,6,GT,MEGRINE,1,1,0.0,42.213,24.0
00908,2025-03-16,0,GT,MEGRINE,1,1,0.0,109.704,2.0
00908,2025-03-21,5,GT,MEGRINE,1,1,0.0,46.545,2.0
00908,2025-03-29,6,GT,MEGRINE,1,1,0.0,75.188,1.0
00908,2025-04-05,6,GT,MEGRINE,1,1,0.0,17.344,2.0
00908,2025-04-19,6,GT,MEGRINE,1,1,0.0,19.262,24.0
00908,2025-04-28,1,GT,MEGRINE,1,1,0.0,25.142,23.0
00908,2025-05-17,6,GT,MEGRINE,1,1,0.0,25.247,12.0
00908,2025-06-21,6,GT,MEGRINE,1,1,0.0,50.494,24.0
00908,2025-07-19,6,GT,MEGRINE,1,1,0.0,50.494,24.0
00908,2026-01-12,1,GT,MEGRINE,1,1,0.0,20.488,1.0
00908,2026-01-26,1,GT,MEGRINE,1,1,0.0,40.395,24.0
00908,2026-06-11,4,GT,MEGRINE,1,1,0.0,23.699,24.0
00908,2026-06-22,1,GT,MEGRINE,1,1,0.0,93.14,2.0
00908,2026-07-06,1,GT,MEGRINE,1,1,0.0,48.94,25.0
00908,2026-08-10,1,GT,MEGRINE,1,1,0.0,8.671,1.0
00908,2026-09-21,1,GT,MEGRINE,1,1,0.0,20.053,1.0
00908,2026-10-05,1,GT,MEGRINE,1,1,0.0,69.596,2.0
00908,2026-10-12,1,GT,MEGRINE,1,1,0.0,38.375,24.0
00908,2026-11-09,1,GT,MEGRINE,1,1,0.0,105.906,25.0
00908,2026-11-16,1,GT,MEGRINE,1,1,0.0,46.61,1.0
00908,2026-11-23,1,GT,MEGRINE,1,1,0.0,43.891,24.0
00908,2026-12-07,1,GT,MEGRINE,1,1,0.0,68.782,1.0
00908,2026-12-14,1,GT,MEGRINE,1,1,0.0,42.213,24.0
00908,2026-12-21,1,GT,MEGRINE,1,1,0.0,42.213,24.0
00912,2025-01-10,5,GT,MEGRINE,1,1,0.0,35.098,1.0
00912,2025-01-11,6,GT,MEGRINE,1,1,0.0,548.1690000000001,26.0
00912,2025-01-31,5,GT,MEGRINE,1,1,0.0,110.284,1.0
00912,2025-02-07,5,GT,MEGRINE,1,1,0.0,275.958,25.0
00912,2025-02-22,6,GT,MEGRINE,1,1,0.0,42.213,24.0
00912,2025-03-01,6,GT,MEGRINE,1,1,0.0,30.503,1.0
00912,2025-04-12,6,GT,MEGRINE,1,1,0.0,30.503,1.0
00912,2025-04-13,0,GT,MEGRINE,1,1,0.0,75.188,1.0
00912,2025-07-05,6,GT,MEGRINE,1,1,0.0,50.494,24.0
00912,2025-09-20,6,GT,MEGRINE,1,1,0.0,74.525,1.0
00912,2025-10-11,6,GT,MEGRINE,1,1,0.0,61.216,1.0
00912,2025-12-13,6,GT,MEGRINE,1,1,0.0,110.284,1.0
00912,2025-12-27,6,GT,MEGRINE,1,1,0.0,42.975,1.0
00912,2026-02-06,5,GT,MEGRINE,1,1,0.0,68.782,1.0
00912,2026-02-23,1,GT,MEGRINE,1,1,0.0,38.153,24.0
00912,2026-05-25,1,GT,MEGRINE,1,1,0.0,68.782,1.0
00912,2026-06-01,1,GT,MEGRINE,1,1,0.0,100.783,1.0
00912,2026-08-03,1,GT,MEGRINE,1,1,0.0,37.971,24.0
00912,2026-08-24,1,GT,MEGRINE,1,1,0.0,71.728,1.0
00912,2026-09-07,1,GT,MEGRINE,1,1,0.0,65.343,1.0
00912,2026-09-14,1,GT,MEGRINE,1,1,0.0,65.343,1.0
00912,2026-10-12,1,GT,MEGRINE,1,1,0.0,97.6,1.0
00912,2026-10-19,1,GT,MEGRINE,1,1,0.0,38.375,24.0
00912,2026-10-26,1,GT,MEGRINE,1,1,0.0,68.782,1.0
00912,2026-11-02,1,GT,MEGRINE,1,1,0.0,68.782,1.0
00912,2026-11-09,1,GT,MEGRINE,1,1,0.0,71.728,1.0
00912,2026-11-16,1,GT,MEGRINE,1,1,0.0,38.375,24.0
00912,2026-12-21,1,GT,MEGRINE,1,1,0.0,71.728,1.0
00912,2026-12-24,4,GT,MEGRINE,1,1,0.0,26.887,2.0
00913,2025-01-02,4,GT,BENAROUS,1,1,0.0,38.997,1.0
00913,2025-01-09,4,GT,BENAROUS,1,1,0.0,25.194,1.0
00913,2025-01-23,4,GT,BENAROUS,1,1,0.0,67.973,24.0
00913,2025-01-24,5,GT,BENAROUS,1,1,0.0,100.243,2.0
00913,2025-02-16,0,GT,BENAROUS,1,1,0.0,301.116,12.0
00913,2025-02-21,5,GT,BENAROUS,1,1,0.0,70.568,1.0
00913,2025-02-27,4,GT,BENAROUS,1,1,0.0,24.548,24.0
00913,2025-03-14,5,GT,BENAROUS,1,1,0.0,46.545,2.0
00913,2025-03-21,5,GT,BENAROUS,1,1,0.0,82.155,3.0
00913,2025-03-28,5,GT,BENAROUS,1,1,0.0,9.128,1.0
00913,2025-05-16,5,GT,BENAROUS,1,1,0.0,98.914,24.0
00913,2025-06-13,5,GT,BENAROUS,1,1,0.0,11.636,1.0
00913,2025-06-20,5,GT,BENAROUS,1,1,0.0,11.636,1.0
00913,2025-07-21,1,GT,BENAROUS,1,1,0.0,87.445,1.0
00913,2025-08-22,5,GT,BENAROUS,1,1,0.0,19.906,1.0
00913,2025-08-29,5,GT,BENAROUS,1,1,0.0,30.037,1.0
00913,2025-09-02,2,GT,BENAROUS,1,1,0.0,30.503,1.0
00913,2025-09-19,5,GT,BENAROUS,1,1,0.0,88.172,1.0
00913,2025-09-26,5,GT,BENAROUS,1,1,0.0,30.503,1.0
00913,2025-10-03,5,GT,BENAROUS,1,1,0.0,57.097,24.0
00913,2025-10-05,0,GT,BENAROUS,1,1,0.0,127.86,2.0
00913,2025-10-31,5,GT,BENAROUS,1,1,0.0,30.503,1.0
00913,2025-11-11,2,GT,BENAROUS,1,1,0.0,57.097,24.0
00913,2025-12-03,3,GT,BENAROUS,1,1,0.0,42.554,2.0
00913,2025-12-05,5,GT,BENAROUS,1,1,0.0,116.088,1.0
00913,2026-01-18,0,GT,BENAROUS,1,1,0.0,10.301,1.0
00913,2026-02-01,0,GT,BENAROUS,1,1,0.0,12.119,1.0
00913,2026-03-09,1,GT,BENAROUS,1,1,0.0,690.476,7.0
00913,2026-04-05,0,GT,BENAROUS,1,1,0.0,9.128,1.0
00913,2026-04-19,0,GT,BENAROUS,1,1,0.0,23.699,24.0
00913,2026-05-05,2,GT,BENAROUS,1,1,0.0,192.666,25.0
00913,2026-05-24,0,GT,BENAROUS,1,1,0.0,38.153,24.0
00913,2026-06-14,0,GT,BENAROUS,1,1,0.0,19.332,1.0
00913,2026-08-17,1,GT,BENAROUS,1,1,0.0,199.443,2.0
00913,2026-08-23,0,GT,BENAROUS,1,1,0.0,19.332,1.0
00913,2026-08-30,0,GT,BENAROUS,1,1,0.0,43.891,24.0
00913,2026-09-06,0,GT,BENAROUS,1,1,0.0,38.375,24.0
00913,2026-09-13,0,GT,BENAROUS,1,1,0.0,38.375,24.0
00913,2026-09-20,0,GT,BENAROUS,1,1,0.0,208.736,50.0
00913,2026-11-01,0,GT,BENAROUS,1,1,0.0,286.912,2.0
00913,2026-11-22,0,GT,BENAROUS,1,1,0.0,106.087,1.0
00913,2026-12-20,0,GT,BENAROUS,1,1,0.0,68.782,1.0
00913,2026-12-27,0,GT,BENAROUS,1,1,0.0,106.087,1.0
00917,2025-01-10,5,GT,,1,1,0.0,54.242,24.0
00917,2025-01-11,6,GT,,1,1,0.0,42.213,24.0
00917,2025-01-25,6,GT,,1,1,0.0,19.04,1.0
00917,2025-02-01,6,GT,,1,1,0.0,42.213,24.0
00917,2025-02-07,5,GT,,1,1,0.0,23.188,24.0
00917,2025-02-14,5,GT,,1,1,0.0,23.188,24.0
00917,2025-02-22,6,GT,,1,1,0.0,35.832,1.0
00917,2025-03-29,6,GT,,1,1,0.0,26.512,24.0
00917,2025-04-05,6,GT,,1,1,0.0,26.236,24.0
00917,2025-05-10,6,GT,,1,1,0.0,50.494,24.0
00917,2025-06-21,6,GT,,1,1,0.0,50.494,24.0
00917,2025-07-19,6,GT,,1,1,0.0,20.275,24.0
00917,2025-07-26,6,GT,,1,1,0.0,50.494,24.0
00917,2025-08-23,6,GT,,1,1,0.0,19.617,40.0
00917,2025-08-30,6,GT,,1,1,0.0,48.591,1.0
00917,2025-09-06,6,GT,,1,1,0.0,50.494,24.0
00917,2025-09-20,6,GT,,1,1,0.0,57.097,24.0
00917,2025-09-27,6,GT,,1,1,0.0,57.097,24.0
00917,2025-10-18,6,GT,,1,1,0.0,57.097,24.0
00917,2025-10-22,3,GT,,1,1,0.0,57.097,24.0
00917,2025-11-22,6,GT,,1,1,0.0,57.097,24.0
00917,2025-12-27,6,GT,,1,1,0.0,42.975,1.0
00917,2026-01-12,1,GT,,1,1,0.0,20.488,1.0
00917,2026-02-09,1,GT,,1,1,0.0,52.974,25.0
00917,2026-02-23,1,GT,,1,1,0.0,38.153,24.0
00917,2026-03-16,1,GT,,1,1,0.0,17.158,24.0
00917,2026-03-23,1,GT,,1,1,0.0,106.087,1.0
00917,2026-03-30,1,GT,,1,1,0.0,38.153,24.0
00917,2026-04-13,1,GT,,1,1,0.0,36.514,2.0
00917,2026-05-25,1,GT,,1,1,0.0,55.311,48.0
00917,2026-06-08,1,GT,,1,1,0.0,19.332,1.0
00917,2026-08-18,2,GT,,1,1,0.0,111.876,48.0
00917,2026-08-31,1,GT,,1,1,0.0,17.158,24.0
00917,2026-09-07,1,GT,,1,1,0.0,17.158,24.0
00917,2026-09-14,1,GT,,1,1,0.0,111.068,48.0
00917,2026-09-21,1,GT,,1,1,0.0,17.4,1.0
00917,2026-09-28,1,GT,,1,1,0.0,69.116,25.0
00917,2026-10-05,1,GT,,1,1,0.0,38.375,24.0
00917,2026-10-19,1,GT,,1,1,0.0,68.702,1.0
00917,2026-10-26,1,GT,,1,1,0.0,72.634,1.0
00917,2026-11-02,1,GT,,1,1,0.0,113.06,48.0
00917,2026-11-09,1,GT,,1,1,0.0,38.375,24.0
00917,2026-12-07,1,GT,,1,1,0.0,71.728,1.0
00917,2026-12-09,3,GT,,1,1,0.0,42.213,24.0
00918,2025-01-07,2,SE,ARIANAVILLE,1,1,0.0,54.242,24.0
00918,2025-01-14,2,SE,ARIANAVILLE,1,1,0.0,267.617,26.0
00918,2025-02-25,2,SE,ARIANAVILLE,1,1,0.0,614.104,76.0
00918,2025-03-18,2,SE,ARIANAVILLE,1,1,0.0,70.568,1.0
00918,2025-03-28,5,SE,ARIANAVILLE,1,1,0.0,103.314,10.0
00918,2025-04-19,6,SE,ARIANAVILLE,1,1,0.0,71.422,1.0
00918,2025-06-15,0,SE,ARIANAVILLE,1,1,0.0,130.438,34.0
00918,2025-06-18,3,SE,ARIANAVILLE,1,1,0.0,148.996,48.0
00918,2025-07-29,2,SE,ARIANAVILLE,1,1,0.0,87.242,64.0
00918,2025-08-02,6,SE,ARIANAVILLE,1,1,0.0,24.004,24.0
00918,2025-08-11,1,SE,ARIANAVILLE,1,1,0.0,148.996,48.0
00918,2025-10-29,3,SE,ARIANAVILLE,1,1,0.0,25.194,2.0
00918,2025-12-28,0,SE,ARIANAVILLE,1,1,0.0,103.163,1.0
00918,2026-05-04,1,SE,ARIANAVILLE,1,1,0.0,761.436,12.0
00918,2026-06-05,5,SE,ARIANAVILLE,1,1,0.0,84.238,2.0
00919,2025-03-26,3,GT,ELKABBARIA,1,1,0.0,20.275,24.0
00919,2025-04-02,3,GT,ELKABBARIA,1,1,0.0,9.128,1.0
00919,2025-04-23,3,GT,ELKABBARIA,1,1,0.0,19.262,24.0
00919,2025-04-30,3,GT,ELKABBARIA,1,1,0.0,67.863,1.0
00919,2025-05-14,3,GT,ELKABBARIA,1,1,0.0,25.247,12.0
00919,2025-06-11,3,GT,ELKABBARIA,1,1,0.0,20.275,24.0
00919,2025-06-25,3,GT,ELKABBARIA,1,1,0.0,27.616,24.0
00919,2025-07-23,3,GT,ELKABBARIA,1,1,0.0,20.275,24.0
00919,2026-01-02,5,GT,ELKABBARIA,1,1,0.0,40.395,24.0
00919,2026-01-09,5,GT,ELKABBARIA,1,1,0.0,40.395,24.0
00919,2026-01-16,5,GT,ELKABBARIA,1,1,0.0,16.187,24.0
00919,2026-01-23,5,GT,ELKABBARIA,1,1,0.0,40.395,24.0
00919,2026-01-30,5,GT,ELKABBARIA,1,1,0.0,40.395,24.0
00919,2026-02-06,5,GT,ELKABBARIA,1,1,0.0,40.395,24.0
00919,2026-02-20,5,GT,ELKABBARIA,1,1,0.0,38.153,24.0
00919,2026-02-27,5,GT,ELKABBARIA,1,1,0.0,17.158,24.0
00919,2026-03-13,5,GT,ELKABBARIA,1,1,0.0,38.153,24.0
00919,2026-03-27,5,GT,ELKABBARIA,1,1,0.0,17.158,24.0
00919,2026-04-10,5,GT,ELKABBARIA,1,1,0.0,113.272,6.0
00919,2026-05-08,5,GT,ELKABBARIA,1,1,0.0,17.158,24.0
00919,2026-05-22,5,GT,ELKABBARIA,1,1,0.0,38.153,24.0
00919,2026-05-29,5,GT,ELKABBARIA,1,1,0.0,17.158,24.0
00919,2026-06-05,5,GT,ELKABBARIA,1,1,0.0,22.787,1.0
00919,2026-06-12,5,GT,ELKABBARIA,1,1,0.0,71.174,25.0
00919,2026-06-19,5,GT,ELKABBARIA,1,1,0.0,15.342,1.0
00919,2026-06-26,5,GT,ELKABBARIA,1,1,0.0,38.153,24.0
00919,2026-07-03,5,GT,ELKABBARIA,1,1,0.0,19.332,1.0
00919,2026-07-10,5,GT,ELKABBARIA,1,1,0.0,22.787,1.0
00919,2026-07-17,5,GT,ELKABBARIA,1,1,0.0,37.971,24.0
00919,2026-07-24,5,GT,ELKABBARIA,1,1,0.0,17.158,24.0
00919,2026-08-07,5,GT,ELKABBARIA,1,1,0.0,116.222,25.0
00920,2025-01-24,5,GT,NOUVELLEMEDINA,1,1,0.0,33.893,1.0
00920,2025-02-07,5,GT,NOUVELLEMEDINA,1,1,0.0,42.213,24.0
00920,2025-02-28,5,GT,NOUVELLEMEDINA,1,1,0.0,136.898,48.0
00920,2025-03-01,6,GT,NOUVELLEMEDINA,1,1,0.0,97.396,2.0
00920,2025-03-14,5,GT,NOUVELLEMEDINA,1,1,0.0,30.503,1.0
00920,2025-03-31,1,GT,NOUVELLEMEDINA,1,1,0.0,24.349,1.0
00920,2025-04-18,5,GT,NOUVELLEMEDINA,1,1,0.0,26.236,24.0
00920,2025-06-06,5,GT,NOUVELLEMEDINA,1,1,0.0,59.707,12.0
00920,2026-01-04,0,GT,NOUVELLEMEDINA,1,1,0.0,24.238,2.0
00920,2026-01-18,0,GT,NOUVELLEMEDINA,1,1,0.0,41.206,2.0
00920,2026-01-25,0,GT,NOUVELLEMEDINA,1,1,0.0,40.395,24.0
00920,2026-02-01,0,GT,NOUVELLEMEDINA,1,1,0.0,98.66,26.0
00920,2026-02-15,0,GT,NOUVELLEMEDINA,1,1,0.0,10.301,1.0
00920,2026-02-22,0,GT,NOUVELLEMEDINA,1,1,0.0,88.602,26.0
00920,2026-03-23,1,GT,NOUVELLEMEDINA,1,1,0.0,83.912,26.0
00920,2026-04-26,0,GT,NOUVELLEMEDINA,1,1,0.0,4.564,1.0
00920,2026-05-31,0,GT,NOUVELLEMEDINA,1,1,0.0,9.128,1.0
00920,2026-06-07,0,GT,NOUVELLEMEDINA,1,1,0.0,63.83,25.0
00920,2026-06-14,0,GT,NOUVELLEMEDINA,1,1,0.0,27.238,1.0
00920,2026-06-21,0,GT,NOUVELLEMEDINA,1,1,0.0,30.684,2.0
00920,2026-06-28,0,GT,NOUVELLEMEDINA,1,1,0.0,23.699,24.0
00920,2026-07-05,0,GT,NOUVELLEMEDINA,1,1,0.0,114.916,25.0
00920,2026-07-19,0,GT,NOUVELLEMEDINA,1,1,0.0,19.332,1.0
00920,2026-08-02,0,GT,NOUVELLEMEDINA,1,1,0.0,17.158,24.0
00920,2026-08-09,0,GT,NOUVELLEMEDINA,1,1,0.0,67.526,25.0
00920,2026-08-23,0,GT,NOUVELLEMEDINA,1,1,0.0,246.88800000000003,3.0
00920,2026-09-06,0,GT,NOUVELLEMEDINA,1,1,0.0,80.111,1.0
00920,2026-11-22,0,GT,NOUVELLEMEDINA,1,1,0.0,174.398,2.0
00920,2026-12-13,0,GT,NOUVELLEMEDINA,1,1,0.0,275.128,4.0
00924,2025-03-16,0,GT,RADES,1,1,0.0,75.188,1.0
00924,2025-04-13,0,GT,RADES,1,1,0.0,61.986,3.0
00924,2025-05-04,0,GT,RADES,1,1,0.0,25.247,12.0
00924,2025-05-10,6,GT,RADES,1,1,0.0,24.349,1.0
00924,2025-05-25,0,GT,RADES,1,1,0.0,483.84000000000003,51.0
00924,2025-06-08,0,GT,RADES,1,1,0.0,96.016,48.0
00924,2026-05-19,2,GT,RADES,1,1,0.0,228.92,73.0
00924,2026-08-25,2,GT,RADES,1,1,0.0,38.779,24.0
00924,2026-09-29,2,GT,RADES,1,1,0.0,124.426,48.0
00924,2026-10-27,2,GT,RADES,1,1,0.0,20.488,1.0
00924,2026-11-10,2,GT,RADES,1,1,0.0,43.891,24.0
00927,2025-11-04,2,GT,ELMOUROUJ,1,1,0.0,38.583,1.0
00927,2025-11-11,2,GT,ELMOUROUJ,1,1,0.0,37.676,24.0
00927,2025-12-23,2,GT,ELMOUROUJ,1,1,0.0,44.501,1.0
00928,2025-12-19,5,GT,ELMOUROUJ,1,1,0.0,25.194,1.0
00936,2026-04-05,0,GT,,1,1,0.0,536.175,51.0
00936,2026-05-31,0,GT,,1,1,0.0,1126.914,146.0
00936,2026-06-08,1,GT,,1,1,0.0,158.008,48.0
00936,2026-06-14,0,GT,,1,1,0.0,27.238,1.0
00937,2025-01-12,0,GT,RADES,1,1,0.0,221.99,25.0
00937,2025-01-26,0,GT,RADES,1,1,0.0,221.324,72.0
00937,2025-02-02,0,GT,RADES,1,1,0.0,53.774,3.0
00937,2025-04-20,0,GT,RADES,1,1,0.0,24.349,1.0
00937,2025-05-04,0,GT,RADES,1,1,0.0,23.272,1.0
00937,2025-05-18,0,GT,RADES,1,1,0.0,25.247,12.0
00937,2025-06-08,0,GT,RADES,1,1,0.0,14.927,3.0
00937,2026-01-13,2,GT,RADES,1,1,0.0,10.301,1.0
00937,2026-01-20,2,GT,RADES,1,1,0.0,10.301,1.0
00937,2026-01-27,2,GT,RADES,1,1,0.0,285.192,27.0
00937,2026-02-03,2,GT,RADES,1,1,0.0,10.301,1.0
00937,2026-02-24,2,GT,RADES,1,1,0.0,41.696,24.0
00937,2026-05-26,2,GT,RADES,1,1,0.0,71.728,1.0
00937,2026-06-16,2,GT,RADES,1,1,0.0,228.92,73.0
00937,2026-07-07,2,GT,RADES,1,1,0.0,98.661,1.0
00937,2026-09-01,2,GT,RADES,1,1,0.0,38.779,24.0
00937,2026-09-15,2,GT,RADES,1,1,0.0,43.891,24.0
00937,2026-12-29,2,GT,RADES,1,1,0.0,136.898,48.0
00938,2026-01-29,4,GT,,1,1,0.0,470.352,26.0
00938,2026-02-05,4,GT,,1,1,0.0,15.342,1.0
00938,2026-04-30,4,GT,,1,1,0.0,152.614,48.0
00938,2026-07-09,4,GT,,1,1,0.0,19.332,1.0
00941,2025-01-24,5,GT,,1,1,0.0,42.213,24.0
00941,2025-01-31,5,GT,,1,1,0.0,21.423,4.0
00942,2026-01-25,0,GT,,1,1,0.0,10.301,1.0
00942,2026-03-29,0,GT,,1,1,0.0,18.257,2.0
00942,2026-05-17,0,GT,,1,1,0.0,71.728,1.0
00943,2025-03-24,1,GT,HAMMAMLIF,1,1,0.0,22.218,12.0
00943,2025-03-31,1,GT,HAMMAMLIF,1,1,0.0,36.514,2.0
00943,2025-04-14,1,GT,HAMMAMLIF,1,1,0.0,19.262,24.0
00943,2025-06-16,1,GT,HAMMAMLIF,1,1,0.0,24.004,24.0
00943,2025-06-30,1,GT,HAMMAMLIF,1,1,0.0,19.617,40.0
00943,2026-01-07,3,GT,HAMMAMLIF,1,1,0.0,81.956,2.0
00943,2026-02-11,3,GT,HAMMAMLIF,1,1,0.0,106.3,2.0
00943,2026-03-25,3,GT,HAMMAMLIF,1,1,0.0,106.425,24.0
00943,2026-04-29,3,GT,HAMMAMLIF,1,1,0.0,56.636,3.0
00943,2026-07-01,3,GT,HAMMAMLIF,1,1,0.0,72.634,1.0
00944,2025-09-26,5,SE,ARIANAVILLE,1,1,0.0,34.87,1.0
00944,2025-12-26,5,SE,ARIANAVILLE,1,1,0.0,16.022,60.0
00945,2026-04-09,4,SE,,1,1,0.0,71.728,1.0
00945,2026-05-11,1,SE,,1,1,0.0,1026.222,4.0
00945,2026-06-10,3,SE,,1,1,0.0,19.332,1.0
00945,2026-07-12,0,SE,,1,1,0.0,71.728,1.0
00946,2025-01-12,0,SE,ARIANAVILLE,1,1,0.0,50.387,2.0
00946,2026-04-14,2,SE,ARIANAVILLE,1,1,0.0,286.912,2.0
00946,2026-05-12,2,SE,ARIANAVILLE,1,1,0.0,414.48,97.0
00946,2026-06-11,4,SE,ARIANAVILLE,1,1,0.0,23.699,24.0
00946,2026-07-28,2,SE,ARIANAVILLE,1,1,0.0,483.48300000000006,75.0
00948,2025-02-25,2,SE,ARIANAVILLE,1,1,0.0,116.088,1.0
00948,2025-10-28,2,SE,ARIANAVILLE,1,1,0.0,12.596,1.0
00949,2025-02-24,1,SE,ARIANAVILLE,1,1,0.0,119.282,18.0
00949,2025-03-09,0,SE,ARIANAVILLE,1,1,0.0,216.968,48.0
00949,2025-05-07,3,SE,ARIANAVILLE,1,1,0.0,71.422,1.0
00949,2025-08-26,2,SE,ARIANAVILLE,1,1,0.0,591.82,3.0
00949,2026-09-13,0,SE,ARIANAVILLE,1,1,0.0,97.6,1.0
00949,2026-10-07,3,SE,ARIANAVILLE,1,1,0.0,527.3879999999999,26.0
00949,2026-11-01,0,SE,ARIANAVILLE,1,1,0.0,2887.6480000000006,33.0
00950,2025-12-15,1,GT,MEGRINE,1,1,0.0,36.728,2.0
00951,2026-12-20,0,SE,ARIANAVILLE,1,1,0.0,28.695,1.0
00952,2025-08-26,2,SE,ARIANAVILLE,1,1,0.0,591.82,3.0
00952,2026-08-31,1,SE,ARIANAVILLE,1,1,0.0,99.722,1.0
00954,2025-01-08,3,SE,ARIANAVILLE,1,1,0.0,98.81299999999999,24.0
00954,2025-02-25,2,SE,ARIANAVILLE,1,1,0.0,83.737,1.0
00954,2025-10-28,2,SE,ARIANAVILLE,1,1,0.0,42.554,2.0
00954,2025-11-16,0,SE,ARIANAVILLE,1,1,0.0,110.284,1.0
00954,2026-08-25,2,SE,ARIANAVILLE,1,1,0.0,359.666,2.0
00954,2026-09-04,5,SE,ARIANAVILLE,1,1,0.0,80.111,1.0
00954,2026-09-10,4,SE,ARIANAVILLE,1,1,0.0,839.365,11.0
00954,2026-09-13,0,SE,ARIANAVILLE,1,1,0.0,80.111,1.0
00954,2026-12-06,0,SE,ARIANAVILLE,1,1,0.0,263.349,48.0
00955,2025-01-27,1,SE,ARIANAVILLE,1,1,0.0,54.242,24.0
00955,2025-02-25,2,SE,ARIANAVILLE,1,1,0.0,54.242,24.0
00955,2025-04-05,6,SE,ARIANAVILLE,1,1,0.0,322.276,2.0
00955,2025-07-26,6,SE,ARIANAVILLE,1,1,0.0,19.906,1.0
00955,2025-08-31,0,SE,ARIANAVILLE,1,1,0.0,413.272,2.0
00955,2025-11-23,0,SE,ARIANAVILLE,1,1,0.0,366.684,2.0
00955,2025-12-03,3,SE,ARIANAVILLE,1,1,0.0,1544.872,6.0
00955,2025-12-24,3,SE,ARIANAVILLE,1,1,0.0,848.972,37.0
00955,2026-01-07,3,SE,ARIANAVILLE,1,1,0.0,139.152,6.0
00955,2026-01-18,0,SE,ARIANAVILLE,1,1,0.0,288.14700000000005,3.0
00955,2026-04-01,3,SE,ARIANAVILLE,1,1,0.0,106.559,8.0
00955,2026-04-03,5,SE,ARIANAVILLE,1,1,0.0,2012.125,31.0
00955,2026-04-24,5,SE,ARIANAVILLE,1,1,0.0,68.782,1.0
00955,2026-06-19,5,SE,ARIANAVILLE,1,1,0.0,508.54,7.0
00955,2026-07-10,5,SE,ARIANAVILLE,1,1,0.0,43.818,1.0
00955,2026-09-10,4,SE,ARIANAVILLE,1,1,0.0,884.1750000000001,10.0
00955,2026-09-16,3,SE,ARIANAVILLE,1,1,0.0,540.192,5.0
00955,2026-11-08,0,SE,ARIANAVILLE,1,1,0.0,931.572,4.0
00955,2026-11-17,2,SE,ARIANAVILLE,1,1,0.0,803.992,15.0
00955,2026-12-21,1,SE,ARIANAVILLE,1,1,0.0,114.777,4.0
00956,2025-01-31,5,SE,ARIANAVILLE,Inconnue,1300,1.0,26.236,24.0
00956,2025-02-10,1,SE,ARIANAVILLE,Inconnue,1300,1.0,173.506,2.0
00956,2025-02-15,6,SE,ARIANAVILLE,Inconnue,1300,1.0,161.32,9.0
00956,2025-02-18,2,SE,ARIANAVILLE,Inconnue,1300,1.0,34.699,1.0
00956,2025-02-28,5,SE,ARIANAVILLE,Inconnue,1300,1.0,5092.150000000001,92.0
00956,2025-03-08,6,SE,ARIANAVILLE,Inconnue,1300,1.0,808.02,49.0
00956,2025-06-08,0,SE,ARIANAVILLE,Inconnue,1300,1.0,24.349,1.0
00956,2025-06-18,3,SE,ARIANAVILLE,Inconnue,1300,1.0,50.494,24.0
00956,2025-07-20,0,SE,ARIANAVILLE,Inconnue,1300,1.0,1471.424,32.0
00956,2025-07-26,6,SE,ARIANAVILLE,Inconnue,1300,1.0,844.413,4.0
00956,2025-07-27,0,SE,ARIANAVILLE,Inconnue,1300,1.0,57.806,6.0
00956,2025-08-02,6,SE,ARIANAVILLE,Inconnue,1300,1.0,1410.104,5.0
00956,2025-08-06,3,SE,ARIANAVILLE,Inconnue,1300,1.0,162.908,14.0
00956,2025-08-25,1,SE,ARIANAVILLE,Inconnue,1300,1.0,276.55,13.0
00956,2025-08-31,0,SE,ARIANAVILLE,Inconnue,1300,1.0,141.401,53.0
00956,2025-10-24,5,SE,ARIANAVILLE,Inconnue,1300,1.0,154.33,2.0
00956,2025-11-12,3,SE,ARIANAVILLE,Inconnue,1300,1.0,57.097,24.0
00956,2025-11-17,1,SE,ARIANAVILLE,Inconnue,1300,1.0,36.278,1.0
00956,2025-11-25,2,SE,ARIANAVILLE,Inconnue,1300,1.0,38.583,1.0
00956,2026-09-16,3,SE,ARIANAVILLE,Inconnue,1300,1.0,168.33,6.0
00956,2026-09-24,4,SE,ARIANAVILLE,Inconnue,1300,1.0,97.6,1.0
00956,2026-10-06,2,SE,ARIANAVILLE,Inconnue,1300,1.0,111.55,25.0
00956,2026-11-05,4,SE,ARIANAVILLE,Inconnue,1300,1.0,69.002,1.0
00956,2026-11-25,3,SE,ARIANAVILLE,Inconnue,1300,1.0,3765.0859999999993,25.0
00957,2025-12-07,0,SE,ARIANAVILLE,1,1,0.0,65.325,2.0
00958,2025-09-22,1,GT,MEGRINE,1,1,0.0,30.503,1.0
00958,2026-06-29,1,GT,MEGRINE,1,1,0.0,106.087,1.0
00959,2025-01-11,6,GT,,1,1,0.0,1982.875,18.0
00959,2025-01-14,2,GT,,1,1,0.0,25.194,1.0
00959,2025-01-18,6,GT,,1,1,0.0,1104.7520000000002,37.0
00959,2025-01-20,1,GT,,1,1,0.0,30.302,2.0
00959,2025-01-24,5,GT,,1,1,0.0,67.028,1.0
00959,2025-01-30,4,GT,,1,1,0.0,54.242,24.0
00959,2025-02-08,6,GT,,1,1,0.0,139.448,2.0
00959,2025-02-21,5,GT,,1,1,0.0,1311.6200000000001,75.0
00959,2025-02-22,6,GT,,1,1,0.0,70.568,1.0
00959,2025-03-08,6,GT,,1,1,0.0,1628.6699999999998,28.0
00959,2025-03-15,6,GT,,1,1,0.0,46.545,2.0
00959,2025-04-05,6,GT,,1,1,0.0,2125.08,5.0
00959,2025-06-07,6,GT,,1,1,0.0,2488.367,8.0
00959,2025-06-14,6,GT,,1,1,0.0,106.801,1.0
00959,2025-06-20,5,GT,,1,1,0.0,27.616,24.0
00959,2025-06-28,6,GT,,1,1,0.0,50.494,24.0
00959,2025-07-14,1,GT,,1,1,0.0,6122.043,10.0
00959,2025-08-10,0,GT,,1,1,0.0,1296.605,28.0
00959,2025-08-30,6,GT,,1,1,0.0,2858.4570000000003,8.0
00959,2025-09-06,6,GT,,1,1,0.0,50.494,24.0
00959,2025-09-27,6,GT,,1,1,0.0,27.034,1.0
00959,2025-10-27,1,GT,,1,1,0.0,154.006,25.0
00959,2025-10-29,3,GT,,1,1,0.0,30.503,1.0
00959,2025-11-01,6,GT,,1,1,0.0,116.088,1.0
00959,2025-12-13,6,GT,,1,1,0.0,116.088,1.0
00959,2025-12-24,3,GT,,1,1,0.0,30.503,1.0
00959,2025-12-26,5,GT,,1,1,0.0,54.411,1.0
00959,2026-01-12,1,GT,,1,1,0.0,302.238,53.0
00959,2026-01-26,1,GT,,1,1,0.0,4513.950000000001,9.0
00959,2026-02-09,1,GT,,1,1,0.0,349.738,2.0
00959,2026-02-10,2,GT,,1,1,0.0,283.181,15.0
00959,2026-02-23,1,GT,,1,1,0.0,106.087,1.0
00959,2026-03-02,1,GT,,1,1,0.0,345.372,6.0
00959,2026-03-09,1,GT,,1,1,0.0,129.52,30.0
00959,2026-03-16,1,GT,,1,1,0.0,154.592,2.0
00959,2026-03-30,1,GT,,1,1,0.0,286.912,2.0
00959,2026-04-06,1,GT,,1,1,0.0,455.384,27.0
00959,2026-04-15,3,GT,,1,1,0.0,284.238,25.0
00959,2026-04-20,1,GT,,1,1,0.0,90.63,1.0
00959,2026-04-27,1,GT,,1,1,0.0,106.087,1.0
00959,2026-05-18,1,GT,,1,1,0.0,512.904,8.0
00959,2026-06-01,1,GT,,1,1,0.0,151.29,3.0
00959,2026-06-08,1,GT,,1,1,0.0,765.312,27.0
00959,2026-06-15,1,GT,,1,1,0.0,27.238,1.0
00959,2026-06-22,1,GT,,1,1,0.0,90.63,1.0
00959,2026-07-27,1,GT,,1,1,0.0,28.054,1.0
00959,2026-08-03,1,GT,,1,1,0.0,1339.7,5.0
00959,2026-08-18,2,GT,,1,1,0.0,3299.9940000000006,10.0
00959,2026-08-24,1,GT,,1,1,0.0,65.343,1.0
00959,2026-08-31,1,GT,,1,1,0.0,99.722,1.0
00959,2026-09-07,1,GT,,1,1,0.0,425.704,48.0
00959,2026-09-14,1,GT,,1,1,0.0,1196.97,5.0
00959,2026-10-05,1,GT,,1,1,0.0,65.343,1.0
00959,2026-10-26,1,GT,,1,1,0.0,3771.1199999999994,8.0
00959,2026-11-02,1,GT,,1,1,0.0,106.087,1.0
00959,2026-11-23,1,GT,,1,1,0.0,424.348,2.0
00959,2026-11-29,0,GT,,1,1,0.0,68.782,1.0
00959,2026-12-21,1,GT,,1,1,0.0,244.648,25.0
00959,2026-12-28,1,GT,,1,1,0.0,9467.460000000001,41.0
00960,2025-03-29,6,SE,ARIANAVILLE,1,1,0.0,97.396,2.0
00960,2025-05-18,0,SE,ARIANAVILLE,1,1,0.0,9.128,1.0
00962,2025-01-14,2,SE,ARIANAVILLE,1,1,0.0,113.584,5.0
00962,2025-02-20,4,SE,ARIANAVILLE,1,1,0.0,52.047,1.0
00962,2025-10-29,3,SE,ARIANAVILLE,1,1,0.0,12.596,1.0
00962,2025-11-10,1,SE,ARIANAVILLE,1,1,0.0,79.33,1.0
00962,2025-11-22,6,SE,ARIANAVILLE,1,1,0.0,68.022,2.0
00963,2025-02-12,3,SE,,1,1,0.0,53.774,3.0
00963,2026-02-25,3,SE,,1,1,0.0,106.087,1.0
00963,2026-04-21,2,SE,,1,1,0.0,137.596,25.0
00963,2026-04-29,3,SE,,1,1,0.0,66.711,3.0
00963,2026-06-10,3,SE,,1,1,0.0,45.574,2.0
00963,2026-08-31,1,SE,,1,1,0.0,330.13,2.0
00964,2025-03-04,2,SE,Raoued,1,1,0.0,24.349,1.0
00965,2025-01-14,2,GT,MEGRINE,1,1,0.0,83.737,1.0
00965,2026-11-26,4,GT,MEGRINE,1,1,0.0,25.894,1.0
00967,2025-03-24,1,SE,ARIANAVILLE,1,1,0.0,26.512,24.0
00967,2025-06-29,0,SE,ARIANAVILLE,1,1,0.0,161.588,2.0
00967,2026-03-10,2,SE,ARIANAVILLE,1,1,0.0,869.784,73.0
00967,2026-04-09,4,SE,ARIANAVILLE,1,1,0.0,62.114,1.0
00967,2026-04-10,5,SE,ARIANAVILLE,1,1,0.0,1083.075,51.0
00967,2026-06-10,3,SE,ARIANAVILLE,1,1,0.0,1399.3049999999998,99.0
00967,2026-08-02,0,SE,ARIANAVILLE,1,1,0.0,98.661,1.0
00967,2026-09-16,3,SE,ARIANAVILLE,1,1,0.0,38.375,24.0
00968,2025-01-10,5,GT,NOUVELLEMEDINA,1,1,0.0,26.236,24.0
00968,2025-01-17,5,GT,NOUVELLEMEDINA,1,1,0.0,48.591,1.0
00968,2025-01-24,5,GT,NOUVELLEMEDINA,1,1,0.0,58.185,12.0
00968,2025-02-28,5,GT,NOUVELLEMEDINA,1,1,0.0,84.426,48.0
00968,2025-03-01,6,GT,NOUVELLEMEDINA,1,1,0.0,57.804,1.0
00968,2025-03-07,5,GT,NOUVELLEMEDINA,1,1,0.0,52.367,12.0
00968,2025-03-31,1,GT,NOUVELLEMEDINA,1,1,0.0,87.445,1.0
00968,2025-04-18,5,GT,NOUVELLEMEDINA,1,1,0.0,26.236,24.0
00968,2025-06-06,5,GT,NOUVELLEMEDINA,1,1,0.0,24.729,6.0
00968,2025-08-01,5,GT,NOUVELLEMEDINA,1,1,0.0,50.494,24.0
00968,2026-02-01,0,GT,NOUVELLEMEDINA,1,1,0.0,17.038,24.0
00968,2026-07-19,0,GT,NOUVELLEMEDINA,1,1,0.0,25.092,24.0
00976,2025-03-29,6,SE,ARIANAVILLE,1,1,0.0,37.494,7.0
00976,2025-07-26,6,SE,ARIANAVILLE,1,1,0.0,27.616,24.0
00976,2026-09-10,4,SE,ARIANAVILLE,1,1,0.0,124.426,48.0
00976,2026-10-08,4,SE,ARIANAVILLE,1,1,0.0,76.75,48.0
00976,2026-10-21,3,SE,ARIANAVILLE,1,1,0.0,23.837,24.0
00977,2025-01-14,2,SE,ARIANAVILLE,1,1,0.0,596.927,51.0
00977,2025-01-18,6,SE,ARIANAVILLE,1,1,0.0,382.182,37.0
00977,2025-01-30,4,SE,ARIANAVILLE,1,1,0.0,55.232,10.0
00977,2025-02-14,5,SE,ARIANAVILLE,1,1,0.0,396.90599999999995,9.0
00977,2025-02-18,2,SE,ARIANAVILLE,1,1,0.0,34.699,1.0
00977,2025-03-04,2,SE,ARIANAVILLE,1,1,0.0,249.726,37.0
00977,2025-03-12,3,SE,ARIANAVILLE,1,1,0.0,488.99699999999996,4.0
00977,2025-06-08,0,SE,ARIANAVILLE,1,1,0.0,71.422,1.0
00977,2025-07-26,6,SE,ARIANAVILLE,1,1,0.0,61.216,1.0
00977,2025-08-03,0,SE,ARIANAVILLE,1,1,0.0,87.445,1.0
00977,2025-08-15,5,SE,ARIANAVILLE,1,1,0.0,93.022,7.0
00977,2025-08-24,0,SE,ARIANAVILLE,1,1,0.0,87.445,1.0
00977,2025-10-21,2,SE,ARIANAVILLE,1,1,0.0,87.743,2.0
00977,2025-10-25,6,SE,ARIANAVILLE,1,1,0.0,57.097,24.0
00977,2025-10-28,2,SE,ARIANAVILLE,1,1,0.0,25.194,2.0
00977,2025-11-12,3,SE,ARIANAVILLE,1,1,0.0,57.097,24.0
00977,2025-11-17,1,SE,ARIANAVILLE,1,1,0.0,1284.156,15.0
00977,2025-12-01,1,SE,ARIANAVILLE,1,1,0.0,38.453,12.0
00977,2025-12-06,6,SE,ARIANAVILLE,1,1,0.0,685.052,15.0
00977,2026-01-18,0,SE,ARIANAVILLE,1,1,0.0,36.618,1.0
00977,2026-01-25,0,SE,ARIANAVILLE,1,1,0.0,2389.002,75.0
00977,2026-03-24,2,SE,ARIANAVILLE,1,1,0.0,784.104,33.0
00977,2026-04-03,5,SE,ARIANAVILLE,1,1,0.0,1020.948,27.0
00977,2026-04-17,5,SE,ARIANAVILLE,1,1,0.0,656.544,54.0
00977,2026-04-24,5,SE,ARIANAVILLE,1,1,0.0,103.965,1.0
00977,2026-05-01,5,SE,ARIANAVILLE,1,1,0.0,970.23,51.0
00977,2026-05-15,5,SE,ARIANAVILLE,1,1,0.0,414.48,97.0
00977,2026-06-12,5,SE,ARIANAVILLE,1,1,0.0,1611.852,78.0
00977,2026-06-19,5,SE,ARIANAVILLE,1,1,0.0,293.36899999999997,27.0
00977,2026-07-09,4,SE,ARIANAVILLE,1,1,0.0,1409.672,51.0
00977,2026-07-16,4,SE,ARIANAVILLE,1,1,0.0,62.114,1.0
00977,2026-07-19,0,SE,ARIANAVILLE,1,1,0.0,523.812,49.0
00977,2026-08-09,0,SE,ARIANAVILLE,1,1,0.0,356.358,50.0
00977,2026-08-18,2,SE,ARIANAVILLE,1,1,0.0,65.343,1.0
00977,2026-08-25,2,SE,ARIANAVILLE,1,1,0.0,127.742,48.0
00977,2026-09-15,2,SE,ARIANAVILLE,1,1,0.0,3676.151999999999,69.0
00977,2026-09-18,5,SE,ARIANAVILLE,1,1,0.0,84.578,2.0
00977,2026-09-23,3,SE,ARIANAVILLE,1,1,0.0,2347.338,56.0
00977,2026-09-29,2,SE,ARIANAVILLE,1,1,0.0,52.797,1.0
00977,2026-10-13,2,SE,ARIANAVILLE,1,1,0.0,2975.028,75.0
00977,2026-10-26,1,SE,ARIANAVILLE,1,1,0.0,2592.079,7.0
00977,2026-11-06,5,SE,ARIANAVILLE,1,1,0.0,378.98699999999997,49.0
00977,2026-11-12,4,SE,ARIANAVILLE,1,1,0.0,416.23199999999997,49.0
00977,2026-11-19,4,SE,ARIANAVILLE,1,1,0.0,4031.4239999999995,78.0
00977,2026-12-04,5,SE,ARIANAVILLE,1,1,0.0,784.476,4.0
00977,2026-12-27,0,SE,ARIANAVILLE,1,1,0.0,1361.24,38.0
00978,2025-01-21,2,GT,EZZAHRA,1,1,0.0,136.898,48.0
00978,2025-01-26,0,GT,EZZAHRA,1,1,0.0,202.133,10.0
00978,2025-01-27,1,GT,EZZAHRA,1,1,0.0,37.676,24.0
00978,2025-03-11,2,GT,EZZAHRA,1,1,0.0,71.422,1.0
00978,2025-03-18,2,GT,EZZAHRA,1,1,0.0,141.896,48.0
00978,2025-04-15,2,GT,EZZAHRA,1,1,0.0,26.236,24.0
00978,2025-05-26,1,GT,EZZAHRA,1,1,0.0,9.128,1.0
00978,2025-07-15,2,GT,EZZAHRA,1,1,0.0,27.616,24.0
00978,2025-08-12,2,GT,EZZAHRA,1,1,0.0,140.222,64.0
00978,2025-08-26,2,GT,EZZAHRA,1,1,0.0,50.494,24.0
00978,2025-09-01,1,GT,EZZAHRA,1,1,0.0,443.02799999999996,26.0
00978,2025-09-23,2,GT,EZZAHRA,1,1,0.0,88.172,1.0
00978,2025-10-03,5,GT,EZZAHRA,1,1,0.0,189.546,48.0
00978,2025-10-07,2,GT,EZZAHRA,1,1,0.0,110.284,1.0
00978,2025-12-02,2,GT,EZZAHRA,1,1,0.0,189.546,48.0
00978,2025-12-23,2,GT,EZZAHRA,1,1,0.0,42.975,1.0
00978,2026-01-08,4,GT,EZZAHRA,1,1,0.0,40.395,24.0
00978,2026-01-22,4,GT,EZZAHRA,1,1,0.0,130.974,48.0
00978,2026-01-29,4,GT,EZZAHRA,1,1,0.0,40.395,24.0
00978,2026-02-05,4,GT,EZZAHRA,1,1,0.0,25.092,24.0
00978,2026-02-26,4,GT,EZZAHRA,1,1,0.0,123.706,48.0
00978,2026-03-12,4,GT,EZZAHRA,1,1,0.0,23.699,24.0
00978,2026-03-19,4,GT,EZZAHRA,1,1,0.0,23.699,24.0
00978,2026-04-02,4,GT,EZZAHRA,1,1,0.0,123.706,48.0
00978,2026-04-09,4,GT,EZZAHRA,1,1,0.0,80.111,1.0
00978,2026-05-21,4,GT,EZZAHRA,1,1,0.0,62.114,1.0
00978,2026-06-04,4,GT,EZZAHRA,1,1,0.0,19.332,1.0
00978,2026-06-11,4,GT,EZZAHRA,1,1,0.0,123.706,48.0
00978,2026-06-25,4,GT,EZZAHRA,1,1,0.0,228.92,73.0
00978,2026-07-23,4,GT,EZZAHRA,1,1,0.0,25.092,24.0
00978,2026-09-10,4,GT,EZZAHRA,1,1,0.0,38.375,24.0
00978,2026-09-17,4,GT,EZZAHRA,1,1,0.0,17.4,1.0
00978,2026-09-24,4,GT,EZZAHRA,1,1,0.0,106.425,24.0
00978,2026-10-01,4,GT,EZZAHRA,1,1,0.0,23.837,24.0
00978,2026-10-08,4,GT,EZZAHRA,1,1,0.0,124.426,48.0
00978,2026-11-12,4,GT,EZZAHRA,1,1,0.0,23.837,24.0
00978,2026-12-03,4,GT,EZZAHRA,1,1,0.0,136.898,48.0
00978,2026-12-24,4,GT,EZZAHRA,1,1,0.0,26.236,24.0
00979,2026-04-13,1,SE,,1,1300,0.0,3591.847,31.0
00980,2025-03-24,1,GT,HAMMAMCHATT,1,1,0.0,70.568,1.0
00980,2025-05-26,1,GT,HAMMAMCHATT,1,1,0.0,33.841,1.0
00980,2025-06-02,1,GT,HAMMAMCHATT,1,1,0.0,24.004,24.0
00980,2026-03-11,3,GT,HAMMAMCHATT,1,1,0.0,120.782,25.0
00980,2026-06-03,3,GT,HAMMAMCHATT,1,1,0.0,727.868,50.0
00981,2025-06-04,3,GT,HAMMAMLIF,1,1,0.0,13149.752,1374.0
00987,2025-01-19,0,SE,ARIANAVILLE,1,1,0.0,13.444,1.0
00987,2025-01-27,1,SE,ARIANAVILLE,1,1,0.0,55.389,1.0
00987,2025-02-25,2,SE,ARIANAVILLE,1,1,0.0,122.56,1.0
00987,2025-08-25,1,SE,ARIANAVILLE,1,1,0.0,33.865,1.0
00987,2025-11-12,3,SE,ARIANAVILLE,1,1,0.0,110.284,1.0
00987,2025-11-25,2,SE,ARIANAVILLE,1,1,0.0,38.583,1.0
00987,2025-12-10,3,SE,ARIANAVILLE,1,1,0.0,19.906,1.0
00987,2026-10-26,1,SE,ARIANAVILLE,1,1,0.0,249.048,2.0
00988,2025-01-13,1,SE,,1,1,0.0,590.5889999999999,3.0
00988,2025-02-11,2,SE,,1,1,0.0,266.901,3.0
00988,2025-02-15,6,SE,,1,1,0.0,161.32,9.0
00988,2025-02-21,5,SE,,1,1,0.0,278.624,15.0
00988,2025-03-10,1,SE,,1,1,0.0,3201.73,18.0
00988,2025-07-26,6,SE,,1,1,0.0,22.401,1.0
00988,2025-10-20,1,SE,,1,1,0.0,110.284,1.0
00988,2025-10-24,5,SE,,1,1,0.0,3096.6950000000006,11.0
00988,2025-11-04,2,SE,,1,1,0.0,48.591,1.0
00988,2025-12-10,3,SE,,1,1,0.0,1779.88,6.0
00988,2025-12-24,3,SE,,1,1,0.0,673.096,4.0
00988,2026-01-07,3,SE,,1,1,0.0,347.832,18.0
00988,2026-04-06,1,SE,,1,1,0.0,80.6,2.0
00988,2026-04-24,5,SE,,1,1,0.0,836.502,3.0
00988,2026-06-12,5,SE,,1,1,0.0,98.661,1.0
00988,2026-06-19,5,SE,,1,1,0.0,80.111,1.0
00988,2026-08-09,0,SE,,1,1,0.0,43.818,1.0
00988,2026-08-18,2,SE,,1,1,0.0,661.557,3.0
00988,2026-08-25,2,SE,,1,1,0.0,782.376,4.0
00988,2026-09-08,2,SE,,1,1,0.0,1673.19,18.0
00988,2026-09-15,2,SE,,1,1,0.0,40.687,1.0
00988,2026-09-23,3,SE,,1,1,0.0,1138.656,7.0
00988,2026-10-06,2,SE,,1,1,0.0,748.314,3.0
00988,2026-10-26,1,SE,,1,1,0.0,231.092,2.0
00988,2026-11-13,5,SE,,1,1,0.0,71.728,1.0
00988,2026-11-19,4,SE,,1,1,0.0,763.338,4.0
00988,2026-12-06,0,SE,,1,1,0.0,268.72,2.0
00988,2026-12-14,1,SE,,1,1,0.0,88.688,10.0
00991,2025-02-20,4,SE,ARIANAVILLE,1,1,0.0,157.218,2.0
00992,2025-04-05,6,SE,ARIANAVILLE,1,1,0.0,8.243,2.0
00992,2026-11-12,4,SE,ARIANAVILLE,1,1,0.0,62.632,1.0
00994,2025-09-09,2,SE,ARIANAVILLE,1,1,0.0,339.204,60.0
00994,2025-10-26,0,SE,ARIANAVILLE,1,1,0.0,143.878,6.0
00994,2025-10-28,2,SE,ARIANAVILLE,1,1,0.0,25.194,2.0
00994,2025-11-15,6,SE,ARIANAVILLE,1,1,0.0,359.836,4.0
00994,2025-12-14,0,SE,ARIANAVILLE,1,1,0.0,454.77600000000007,3.0
00994,2026-09-02,3,SE,ARIANAVILLE,1,1,0.0,17.158,24.0
00994,2026-11-17,2,SE,ARIANAVILLE,1,1,0.0,564.47,25.0
00994,2026-11-30,1,SE,ARIANAVILLE,1,1,0.0,230.254,72.0
00994,2026-12-23,3,SE,ARIANAVILLE,1,1,0.0,761.076,7.0
00995,2026-06-25,4,GT,,1,1,0.0,738.628,27.0
00996,2026-05-31,0,GT,,1,1,0.0,38.153,24.0
00997,2025-01-31,5,GT,,1,1,0.0,120.256,25.0
00997,2025-02-14,5,GT,,1,1,0.0,54.411,1.0
00997,2025-02-21,5,GT,,1,1,0.0,75.188,1.0
00997,2025-02-28,5,GT,,1,1,0.0,136.898,48.0
00997,2025-03-07,5,GT,,1,1,0.0,54.411,1.0
00997,2025-03-14,5,GT,,1,1,0.0,67.163,25.0
00997,2025-03-21,5,GT,,1,1,0.0,44.437,24.0
00997,2025-03-24,1,GT,,1,1,0.0,85.951,1.0
00997,2025-04-11,5,GT,,1,1,0.0,71.411,12.0
00997,2025-05-12,1,GT,,1,1,0.0,70.568,1.0
00997,2025-05-30,5,GT,,1,1,0.0,24.349,1.0
00997,2025-06-13,5,GT,,1,1,0.0,33.986,1.0
00997,2025-06-20,5,GT,,1,1,0.0,82.649,4.0
00997,2025-06-27,5,GT,,1,1,0.0,24.349,1.0
00997,2025-08-01,5,GT,,1,1,0.0,50.494,24.0
00997,2026-01-11,0,GT,,1,1,0.0,40.395,24.0
00997,2026-01-25,0,GT,,1,1,0.0,68.782,1.0
00997,2026-04-05,0,GT,,1,1,0.0,9.128,1.0
00997,2026-06-28,0,GT,,1,1,0.0,38.153,24.0
00997,2026-11-22,0,GT,,1,1,0.0,315.58799999999997,3.0
00997,2026-12-13,0,GT,,1,1,0.0,71.728,1.0
00998,2025-01-03,5,GT,NOUVELLEMEDINA,1,1,0.0,42.554,2.0
00998,2025-01-09,4,GT,NOUVELLEMEDINA,1,1,0.0,25.194,1.0
00998,2025-01-10,5,GT,NOUVELLEMEDINA,1,1,0.0,21.119,1.0
00998,2025-01-17,5,GT,NOUVELLEMEDINA,1,1,0.0,35.098,1.0
00998,2025-02-06,4,GT,NOUVELLEMEDINA,1,1,0.0,32.403,6.0
00998,2025-02-07,5,GT,NOUVELLEMEDINA,1,1,0.0,42.213,24.0
00998,2025-02-13,4,GT,NOUVELLEMEDINA,1,1,0.0,141.57,10.0
00998,2025-02-14,5,GT,NOUVELLEMEDINA,1,1,0.0,172.728,49.0
00998,2025-03-21,5,GT,NOUVELLEMEDINA,1,1,0.0,71.422,1.0
00998,2025-03-28,5,GT,NOUVELLEMEDINA,1,1,0.0,71.411,12.0
00998,2025-04-25,5,GT,NOUVELLEMEDINA,1,1,0.0,52.472,48.0
00998,2025-05-16,5,GT,NOUVELLEMEDINA,1,1,0.0,207.734,13.0
00998,2025-06-06,5,GT,NOUVELLEMEDINA,1,1,0.0,24.004,24.0
00998,2025-06-13,5,GT,NOUVELLEMEDINA,1,1,0.0,11.636,1.0
00998,2025-06-20,5,GT,NOUVELLEMEDINA,1,1,0.0,27.616,24.0
00998,2025-08-29,5,GT,NOUVELLEMEDINA,1,1,0.0,103.318,1.0
00998,2025-10-17,5,GT,NOUVELLEMEDINA,1,1,0.0,54.411,1.0
00998,2025-10-22,3,GT,NOUVELLEMEDINA,1,1,0.0,22.838,1.0
00998,2025-12-15,1,GT,NOUVELLEMEDINA,1,1,0.0,62.802,1.0
00998,2025-12-24,3,GT,NOUVELLEMEDINA,1,1,0.0,85.951,2.0
00998,2026-01-04,0,GT,NOUVELLEMEDINA,1,1,0.0,255.579,3.0
00998,2026-01-11,0,GT,NOUVELLEMEDINA,1,1,0.0,31.857,1.0
00998,2026-01-18,0,GT,NOUVELLEMEDINA,1,1,0.0,36.618,1.0
00998,2026-02-08,0,GT,NOUVELLEMEDINA,1,1,0.0,26.576,1.0
00998,2026-02-15,0,GT,NOUVELLEMEDINA,1,1,0.0,138.42,25.0
00998,2026-03-22,0,GT,NOUVELLEMEDINA,1,1,0.0,129.456,25.0
00998,2026-06-14,0,GT,NOUVELLEMEDINA,1,1,0.0,27.238,1.0
00998,2026-06-28,0,GT,NOUVELLEMEDINA,1,1,0.0,19.332,1.0
00998,2026-07-05,0,GT,NOUVELLEMEDINA,1,1,0.0,38.153,24.0
00998,2026-10-04,0,GT,NOUVELLEMEDINA,1,1,0.0,97.6,1.0
00998,2026-10-11,0,GT,NOUVELLEMEDINA,1,1,0.0,71.728,1.0
00998,2026-10-25,0,GT,NOUVELLEMEDINA,1,1,0.0,43.84,1.0
00998,2026-11-08,0,GT,NOUVELLEMEDINA,1,1,0.0,46.61,1.0
00998,2026-11-30,1,GT,NOUVELLEMEDINA,1,1,0.0,393.67199999999997,26.0
00999,2025-01-17,5,GT,,1,1,0.0,50.362,8.0
00CL0,2025-10-28,2,SE,Ariana_Ville,1,1,0.0,242.886,7.0
00CL1,2025-10-28,2,SE,Ariana_Ville,1,1,0.0,840.423,9.0
01117,2025-01-17,5,GT,ELMENZAH,4,1300,1.0,35.098,1.0
01117,2025-02-04,2,GT,ELMENZAH,4,1300,1.0,767.6300000000001,76.0
01117,2025-03-09,0,GT,ELMENZAH,4,1300,1.0,71.422,1.0
01117,2025-03-18,2,GT,ELMENZAH,4,1300,1.0,13.091,3.0
01117,2025-06-11,3,GT,ELMENZAH,4,1300,1.0,824.904,18.0
01117,2025-07-29,2,GT,ELMENZAH,4,1300,1.0,687.828,74.0
01117,2025-09-29,1,GT,ELMENZAH,4,1300,1.0,10143.144,176.0
01117,2025-10-24,5,GT,ELMENZAH,4,1300,1.0,691.095,30.0
01117,2025-11-23,0,GT,ELMENZAH,4,1300,1.0,1775.388,6.0
01117,2025-11-30,0,GT,ELMENZAH,4,1300,1.0,67.863,1.0
01117,2025-12-16,2,GT,ELMENZAH,4,1300,1.0,42.975,1.0
01117,2025-12-24,3,GT,ELMENZAH,4,1300,1.0,1046.5149999999999,40.0
01117,2026-04-13,1,GT,ELMENZAH,4,1300,1.0,152.614,48.0
01117,2026-05-10,0,GT,ELMENZAH,4,1300,1.0,1019.488,104.0
01117,2026-05-27,3,GT,ELMENZAH,4,1300,1.0,228.92,73.0
01117,2026-06-26,5,GT,ELMENZAH,4,1300,1.0,549.726,74.0
01117,2026-07-23,4,GT,ELMENZAH,4,1300,1.0,227.83,73.0
01117,2026-10-15,4,GT,ELMENZAH,4,1300,1.0,5868.072000000001,92.0
01117,2026-10-29,4,GT,ELMENZAH,4,1300,1.0,3905.3160000000007,54.0
01117,2026-11-20,5,GT,ELMENZAH,4,1300,1.0,466.618,3.0
01201,2025-03-21,5,GT,CARTHAGE,2,2,0.0,23.272,1.0
01201,2025-04-23,3,GT,CARTHAGE,2,2,0.0,21.423,4.0
01201,2026-05-31,0,GT,CARTHAGE,2,2,0.0,87.079,3.0
01201,2026-09-17,4,GT,CARTHAGE,2,2,0.0,317.766,2.0
01202,2025-02-13,4,GT,CARTHAGE,2,2,0.0,34.608,12.0
01202,2025-03-21,5,GT,CARTHAGE,2,2,0.0,64.27,12.0
01202,2025-11-07,5,GT,CARTHAGE,2,2,0.0,54.411,1.0
01202,2026-09-17,4,GT,CARTHAGE,2,2,0.0,267.442,2.0
01203,2026-08-20,4,SE,Inconnue,2,2,0.0,36.996,20.0
01204,2026-01-03,6,SE,Inconnue,2,2,0.0,286.912,2.0
01206,2025-11-02,0,SE,LASOUKRA,2,2,0.0,116.088,1.0
01206,2026-01-08,4,SE,LASOUKRA,2,2,0.0,71.728,1.0
01208,2025-01-05,0,GT,LAGOULETTE,2,2,0.0,264.369,3.0
01208,2025-02-09,0,GT,LAGOULETTE,2,2,0.0,52.047,1.0
01208,2025-02-19,3,GT,LAGOULETTE,2,2,0.0,33.865,1.0
01208,2025-03-18,2,GT,LAGOULETTE,2,2,0.0,16.067,3.0
01208,2025-03-22,6,GT,LAGOULETTE,2,2,0.0,22.218,12.0
01208,2025-04-20,0,GT,LAGOULETTE,2,2,0.0,10.711,2.0
01208,2025-04-25,5,GT,LAGOULETTE,2,2,0.0,19.902,4.0
01208,2025-05-16,5,GT,LAGOULETTE,2,2,0.0,15.304,1.0
01208,2025-05-26,1,GT,LAGOULETTE,2,2,0.0,54.012,18.0
01208,2025-06-01,0,GT,LAGOULETTE,2,2,0.0,18.499,10.0
01208,2025-06-05,4,GT,LAGOULETTE,2,2,0.0,260.258,3.0
01208,2025-06-07,6,GT,LAGOULETTE,2,2,0.0,13.501,6.0
01208,2025-06-18,3,GT,LAGOULETTE,2,2,0.0,24.349,1.0
01208,2025-06-22,0,GT,LAGOULETTE,2,2,0.0,1836.234,6.0
01208,2025-06-29,0,GT,LAGOULETTE,2,2,0.0,24.349,1.0
01208,2025-07-21,1,GT,LAGOULETTE,2,2,0.0,16.007,6.0
01208,2025-08-18,1,GT,LAGOULETTE,2,2,0.0,22.401,1.0
01208,2025-08-25,1,GT,LAGOULETTE,2,2,0.0,35.35,6.0
01208,2025-09-05,5,GT,LAGOULETTE,2,2,0.0,27.034,1.0
01208,2025-09-07,0,GT,LAGOULETTE,2,2,0.0,48.591,1.0
01208,2025-09-28,0,GT,LAGOULETTE,2,2,0.0,38.453,12.0
01208,2025-10-11,6,GT,LAGOULETTE,2,2,0.0,57.097,24.0
01208,2025-10-18,6,GT,LAGOULETTE,2,2,0.0,50.387,4.0
01208,2025-10-29,3,GT,LAGOULETTE,2,2,0.0,23.567,4.0
01208,2025-11-03,1,GT,LAGOULETTE,2,2,0.0,22.838,1.0
01208,2025-11-07,5,GT,LAGOULETTE,2,2,0.0,16.694,3.0
01208,2025-11-09,0,GT,LAGOULETTE,2,2,0.0,16.694,3.0
01208,2025-11-14,5,GT,LAGOULETTE,2,2,0.0,22.838,1.0
01208,2025-11-21,5,GT,LAGOULETTE,2,2,0.0,37.676,24.0
01208,2025-11-26,3,GT,LAGOULETTE,2,2,0.0,30.503,1.0
01208,2025-11-30,0,GT,LAGOULETTE,2,2,0.0,39.278,6.0
01208,2025-12-01,1,GT,LAGOULETTE,2,2,0.0,116.088,1.0
01208,2025-12-03,3,GT,LAGOULETTE,2,2,0.0,194.364,2.0
01208,2026-01-16,5,GT,LAGOULETTE,2,2,0.0,31.927,8.0
01208,2026-02-08,0,GT,LAGOULETTE,2,2,0.0,117.633,24.0
01208,2026-04-08,3,GT,LAGOULETTE,2,2,0.0,1149.684,19.0
01208,2026-05-05,2,GT,LAGOULETTE,2,2,0.0,2469.4049999999997,7.0
01208,2026-05-26,2,GT,LAGOULETTE,2,2,0.0,2540.8080000000004,124.0
01208,2026-06-30,2,GT,LAGOULETTE,2,2,0.0,302.542,2.0
01208,2026-07-19,0,GT,LAGOULETTE,2,2,0.0,58.23,1.0
01208,2026-10-26,1,GT,LAGOULETTE,2,2,0.0,38.375,24.0
01208,2026-11-13,5,GT,LAGOULETTE,2,2,0.0,38.375,24.0
01208,2026-11-15,0,GT,LAGOULETTE,2,2,0.0,25.894,1.0
01208,2026-11-16,1,GT,LAGOULETTE,2,2,0.0,527.817,27.0
01208,2026-11-20,5,GT,LAGOULETTE,2,2,0.0,1819.9790000000003,7.0
01208,2026-12-27,0,GT,LAGOULETTE,2,2,0.0,33.501,1.0
01209,2025-02-12,3,,LAMARSA,2,2,0.0,194.364,2.0
01209,2025-02-24,1,,LAMARSA,2,2,0.0,75.188,1.0
01209,2025-03-09,0,,LAMARSA,2,2,0.0,128.539,24.0
01209,2025-03-11,2,,LAMARSA,2,2,0.0,584.358,4.0
01209,2025-03-21,5,,LAMARSA,2,2,0.0,24.349,1.0
01209,2025-03-26,3,,LAMARSA,2,2,0.0,14.576,1.0
01209,2025-04-11,5,,LAMARSA,2,2,0.0,26.236,24.0
01209,2025-04-12,6,,LAMARSA,2,2,0.0,75.7,2.0
01209,2025-04-16,3,,LAMARSA,2,2,0.0,12.364,3.0
01209,2025-04-18,5,,LAMARSA,2,2,0.0,16.067,3.0
01209,2025-05-20,2,,LAMARSA,2,2,0.0,14.927,3.0
01209,2025-05-27,2,,LAMARSA,2,2,0.0,54.411,1.0
01209,2025-06-03,2,,LAMARSA,2,2,0.0,37.418,1.0
01209,2025-06-10,2,,LAMARSA,2,2,0.0,37.418,1.0
01209,2025-06-18,3,,LAMARSA,2,2,0.0,21.425,4.0
01209,2025-06-27,5,,LAMARSA,2,2,0.0,50.494,24.0
01209,2025-09-16,2,,LAMARSA,2,2,0.0,12.596,1.0
01209,2025-10-11,6,,LAMARSA,2,2,0.0,18.364,1.0
01209,2025-10-17,5,,LAMARSA,2,2,0.0,70.7,6.0
01209,2025-10-18,6,,LAMARSA,2,2,0.0,37.79,3.0
01209,2025-11-04,2,,LAMARSA,2,2,0.0,54.411,1.0
01209,2025-11-21,5,,LAMARSA,2,2,0.0,35.546,1.0
01209,2025-11-28,5,,LAMARSA,2,2,0.0,145.928,24.0
01209,2025-11-30,0,,LAMARSA,2,2,0.0,110.284,1.0
01209,2025-12-02,2,,LAMARSA,2,2,0.0,194.364,2.0
01209,2026-01-29,4,,LAMARSA,2,2,0.0,112.569,24.0
01209,2026-05-28,4,,LAMARSA,2,2,0.0,71.728,1.0
01209,2026-06-15,1,,LAMARSA,2,2,0.0,228.92,73.0
01209,2026-06-21,0,,LAMARSA,2,2,0.0,38.665,2.0
01209,2026-12-01,2,,LAMARSA,2,2,0.0,3054.078,29.0
01210,2025-01-10,5,GT,LAGOULETTE,2,2,0.0,721.659,3.0
01210,2025-01-14,2,GT,LAGOULETTE,2,2,0.0,38.453,12.0
01210,2025-01-19,0,GT,LAGOULETTE,2,2,0.0,24.004,24.0
01210,2025-01-20,1,GT,LAGOULETTE,2,2,0.0,32.134,6.0
01210,2025-01-31,5,GT,LAGOULETTE,2,2,0.0,114.224,1.0
01210,2025-03-10,1,GT,LAGOULETTE,2,2,0.0,36.932,6.0
01210,2025-04-02,3,GT,LAGOULETTE,2,2,0.0,23.272,1.0
01210,2025-04-26,6,GT,LAGOULETTE,2,2,0.0,1304.4499999999998,28.0
01210,2025-05-13,2,GT,LAGOULETTE,2,2,0.0,30.503,1.0
01210,2025-05-19,1,GT,LAGOULETTE,2,2,0.0,16.067,3.0
01210,2025-05-24,6,GT,LAGOULETTE,2,2,0.0,20.275,24.0
01210,2025-05-26,1,GT,LAGOULETTE,2,2,0.0,27.001,12.0
01210,2025-06-01,0,GT,LAGOULETTE,2,2,0.0,37.418,1.0
01210,2025-06-04,3,GT,LAGOULETTE,2,2,0.0,37.418,1.0
01210,2025-06-09,1,GT,LAGOULETTE,2,2,0.0,54.411,1.0
01210,2025-07-04,5,GT,LAGOULETTE,2,2,0.0,50.494,24.0
01210,2025-08-18,1,GT,LAGOULETTE,2,2,0.0,43.731,3.0
01210,2025-08-20,3,GT,LAGOULETTE,2,2,0.0,66.917,1.0
01210,2025-08-27,3,GT,LAGOULETTE,2,2,0.0,76.53,1.0
01210,2025-09-07,0,GT,LAGOULETTE,2,2,0.0,48.591,1.0
01210,2025-09-15,1,GT,LAGOULETTE,2,2,0.0,35.35,6.0
01210,2025-09-23,2,GT,LAGOULETTE,2,2,0.0,38.583,1.0
01210,2025-09-29,1,GT,LAGOULETTE,2,2,0.0,57.348,1.0
01210,2025-10-03,5,GT,LAGOULETTE,2,2,0.0,36.278,1.0
01210,2025-10-08,3,GT,LAGOULETTE,2,2,0.0,457.94399999999996,60.0
01210,2025-10-11,6,GT,LAGOULETTE,2,2,0.0,57.097,24.0
01210,2025-10-18,6,GT,LAGOULETTE,2,2,0.0,184.436,2.0
01210,2025-10-26,0,GT,LAGOULETTE,2,2,0.0,57.097,24.0
01210,2025-10-29,3,GT,LAGOULETTE,2,2,0.0,43.376,1.0
01210,2025-11-12,3,GT,LAGOULETTE,2,2,0.0,67.863,1.0
01210,2025-12-10,3,GT,LAGOULETTE,2,2,0.0,37.676,24.0
01210,2026-01-06,2,GT,LAGOULETTE,2,2,0.0,31.857,1.0
01210,2026-04-13,1,GT,LAGOULETTE,2,2,0.0,168.556,25.0
01210,2026-04-14,2,GT,LAGOULETTE,2,2,0.0,103.965,1.0
01210,2026-06-03,3,GT,LAGOULETTE,2,2,0.0,269.494,2.0
01210,2026-06-26,5,GT,LAGOULETTE,2,2,0.0,98.661,1.0
01210,2026-07-05,0,GT,LAGOULETTE,2,2,0.0,43.632,1.0
01210,2026-10-16,5,GT,LAGOULETTE,2,2,0.0,97.6,1.0
01210,2026-10-28,3,GT,LAGOULETTE,2,2,0.0,918.524,27.0
01210,2026-12-11,5,GT,LAGOULETTE,2,2,0.0,421.818,3.0
01210,2027-06-15,2,GT,LAGOULETTE,2,2,0.0,43.376,1.0
01211,2025-01-09,4,SE,LASOUKRA,2,2,0.0,83.737,1.0
01211,2025-01-17,5,SE,LASOUKRA,2,2,0.0,38.453,12.0
01211,2025-02-01,6,SE,LASOUKRA,2,2,0.0,42.213,24.0
01211,2025-02-06,4,SE,LASOUKRA,2,2,0.0,85.951,1.0
01211,2025-02-27,4,SE,LASOUKRA,2,2,0.0,56.114,1.0
01211,2025-03-03,1,SE,LASOUKRA,2,2,0.0,53.774,3.0
01211,2025-03-25,2,SE,LASOUKRA,2,2,0.0,14.576,1.0
01211,2025-04-21,1,SE,LASOUKRA,2,2,0.0,19.262,24.0
01211,2025-04-29,2,SE,LASOUKRA,2,2,0.0,29.853,6.0
01211,2025-05-09,5,SE,LASOUKRA,2,2,0.0,37.49,7.0
01211,2025-05-25,0,SE,LASOUKRA,2,2,0.0,36.996,20.0
01211,2025-05-30,5,SE,LASOUKRA,2,2,0.0,21.362,12.0
01211,2025-06-09,1,SE,LASOUKRA,2,2,0.0,29.853,6.0
01211,2025-08-18,1,SE,LASOUKRA,2,2,0.0,72.885,5.0
01211,2025-10-06,1,SE,LASOUKRA,2,2,0.0,22.838,1.0
01211,2025-11-10,1,SE,LASOUKRA,2,2,0.0,32.016,6.0
01211,2025-11-15,6,SE,LASOUKRA,2,2,0.0,22.838,1.0
01211,2025-12-12,5,SE,LASOUKRA,2,2,0.0,30.503,1.0
01211,2026-09-22,2,SE,LASOUKRA,2,2,0.0,724.791,3.0
01211,2026-10-14,3,SE,LASOUKRA,2,2,0.0,130.508,24.0
01211,2026-11-11,3,SE,LASOUKRA,2,2,0.0,38.375,24.0
01211,2026-11-17,2,SE,LASOUKRA,2,2,0.0,62.632,1.0
01212,2025-01-09,4,GT,LAGOULETTE,2,2,0.0,54.242,24.0
01212,2025-01-10,5,GT,LAGOULETTE,2,2,0.0,112.569,24.0
01212,2025-01-23,4,GT,LAGOULETTE,2,2,0.0,52.047,1.0
01212,2025-01-24,5,GT,LAGOULETTE,2,2,0.0,36.623,1.0
01212,2025-02-03,1,GT,LAGOULETTE,2,2,0.0,32.403,6.0
01212,2025-02-06,4,GT,LAGOULETTE,2,2,0.0,87.743,1.0
01212,2025-02-09,0,GT,LAGOULETTE,2,2,0.0,78.408,1.0
01212,2025-02-27,4,GT,LAGOULETTE,2,2,0.0,69.062,1.0
01212,2025-03-04,2,GT,LAGOULETTE,2,2,0.0,75.188,1.0
01212,2025-03-31,1,GT,LAGOULETTE,2,2,0.0,14.927,3.0
01212,2025-04-22,2,GT,LAGOULETTE,2,2,0.0,21.423,4.0
01212,2025-05-30,5,GT,LAGOULETTE,2,2,0.0,54.378,1.0
01212,2025-07-14,1,GT,LAGOULETTE,2,2,0.0,16.007,6.0
01212,2025-08-04,1,GT,LAGOULETTE,2,2,0.0,29.154,2.0
01212,2025-08-10,0,GT,LAGOULETTE,2,2,0.0,103.318,1.0
01212,2025-09-15,1,GT,LAGOULETTE,2,2,0.0,43.872,1.0
01212,2025-11-04,2,GT,LAGOULETTE,2,2,0.0,346.172,2.0
01212,2025-11-14,5,GT,LAGOULETTE,2,2,0.0,54.411,1.0
01212,2025-11-22,6,GT,LAGOULETTE,2,2,0.0,48.591,1.0
01212,2025-12-12,5,GT,LAGOULETTE,2,2,0.0,33.387,6.0
01212,2026-01-13,2,GT,LAGOULETTE,2,2,0.0,53.356,6.0
01212,2026-01-25,0,GT,LAGOULETTE,2,2,0.0,69.678,2.0
01212,2026-02-01,0,GT,LAGOULETTE,2,2,0.0,1453.844,4.0
01212,2026-02-25,3,GT,LAGOULETTE,2,2,0.0,17.741,1.0
01212,2026-03-01,0,GT,LAGOULETTE,2,2,0.0,760.569,3.0
01212,2026-03-08,0,GT,LAGOULETTE,2,2,0.0,3504.6339999999996,59.0
01212,2026-05-24,0,GT,LAGOULETTE,2,2,0.0,62.632,1.0
01212,2026-05-31,0,GT,LAGOULETTE,2,2,0.0,61.993,1.0
01212,2026-06-12,5,GT,LAGOULETTE,2,2,0.0,145.624,3.0
01212,2026-06-14,0,GT,LAGOULETTE,2,2,0.0,28.054,1.0
01212,2026-06-17,3,GT,LAGOULETTE,2,2,0.0,62.114,1.0
01212,2026-06-24,3,GT,LAGOULETTE,2,2,0.0,62.114,1.0
01212,2026-06-25,4,GT,LAGOULETTE,2,2,0.0,56.636,3.0
01212,2026-07-02,4,GT,LAGOULETTE,2,2,0.0,80.111,1.0
01212,2026-07-05,0,GT,LAGOULETTE,2,2,0.0,28.054,1.0
01212,2026-07-16,4,GT,LAGOULETTE,2,2,0.0,98.661,1.0
01212,2026-07-23,4,GT,LAGOULETTE,2,2,0.0,321.308,2.0
01212,2026-07-26,0,GT,LAGOULETTE,2,2,0.0,80.111,1.0
01212,2026-08-23,0,GT,LAGOULETTE,2,2,0.0,2231.935,28.0
01212,2026-09-01,2,GT,LAGOULETTE,2,2,0.0,109.728,2.0
01212,2026-09-05,6,GT,LAGOULETTE,2,2,0.0,630.2040000000001,3.0
01212,2026-09-08,2,GT,LAGOULETTE,2,2,0.0,72.634,1.0
01212,2026-09-13,0,GT,LAGOULETTE,2,2,0.0,71.728,1.0
01212,2026-09-18,5,GT,LAGOULETTE,2,2,0.0,269.022,15.0
01212,2026-09-20,0,GT,LAGOULETTE,2,2,0.0,58.23,1.0
01212,2026-09-27,0,GT,LAGOULETTE,2,2,0.0,212.85,24.0
01212,2026-10-02,5,GT,LAGOULETTE,2,2,0.0,20.053,1.0
01212,2026-10-14,3,GT,LAGOULETTE,2,2,0.0,58.23,1.0
01212,2026-10-20,2,GT,LAGOULETTE,2,2,0.0,97.6,1.0
01212,2026-11-11,3,GT,LAGOULETTE,2,2,0.0,64.218,1.0
01212,2026-11-15,0,GT,LAGOULETTE,2,2,0.0,350.776,74.0
01212,2026-11-22,0,GT,LAGOULETTE,2,2,0.0,79.625,1.0
01212,2026-11-29,0,GT,LAGOULETTE,2,2,0.0,1844.976,33.0
01212,2026-12-13,0,GT,LAGOULETTE,2,2,0.0,25.894,1.0
01213,2026-02-22,0,GT,Inconnue,2,2,0.0,130.508,24.0
01215,2026-02-05,4,GT,Inconnue,2,2,0.0,8706.431999999999,25.0
01215,2026-02-15,0,GT,Inconnue,2,2,0.0,5390.325000000001,19.0
01215,2026-03-16,1,GT,Inconnue,2,2,0.0,1027.555,6.0
01215,2026-06-01,1,GT,Inconnue,2,2,0.0,62.114,1.0
01215,2026-07-30,4,GT,Inconnue,2,2,0.0,718.287,3.0
01215,2026-09-07,1,GT,Inconnue,2,2,0.0,303.678,2.0
01215,2026-09-30,3,GT,Inconnue,2,2,0.0,106.425,24.0
01216,2025-09-15,1,,LAGOULETTE,2,2,0.0,30.503,1.0
01216,2026-01-21,3,,LAGOULETTE,2,2,0.0,117.633,24.0
01216,2026-10-02,5,,LAGOULETTE,2,2,0.0,53.213,12.0
01216,2026-10-30,5,,LAGOULETTE,2,2,0.0,222.692,2.0
01217,2025-01-10,5,GT,LAGOULETTE,2,2,0.0,41.91,1.0
01217,2025-01-13,1,GT,LAGOULETTE,2,2,0.0,37.771,6.0
01217,2025-01-14,2,GT,LAGOULETTE,2,2,0.0,23.188,24.0
01217,2025-01-19,0,GT,LAGOULETTE,2,2,0.0,23.188,24.0
01217,2025-01-29,3,GT,LAGOULETTE,2,2,0.0,29.853,6.0
01217,2025-02-04,2,GT,LAGOULETTE,2,2,0.0,51.442,1.0
01217,2025-02-17,1,GT,LAGOULETTE,2,2,0.0,48.591,1.0
01217,2025-03-19,3,GT,LAGOULETTE,2,2,0.0,26.183,6.0
01217,2025-03-22,6,GT,LAGOULETTE,2,2,0.0,30.503,1.0
01217,2025-04-07,1,GT,LAGOULETTE,2,2,0.0,23.272,1.0
01217,2025-04-13,0,GT,LAGOULETTE,2,2,0.0,12.364,3.0
01217,2025-04-18,5,GT,LAGOULETTE,2,2,0.0,71.422,1.0
01217,2025-04-20,0,GT,LAGOULETTE,2,2,0.0,26.236,24.0
01217,2025-04-25,5,GT,LAGOULETTE,2,2,0.0,10.544,6.0
01217,2025-04-26,6,GT,LAGOULETTE,2,2,0.0,180.42,13.0
01217,2025-05-04,0,GT,LAGOULETTE,2,2,0.0,67.863,1.0
01217,2025-05-07,3,GT,LAGOULETTE,2,2,0.0,30.503,1.0
01217,2025-05-14,3,GT,LAGOULETTE,2,2,0.0,49.456,12.0
01217,2025-05-19,1,GT,LAGOULETTE,2,2,0.0,16.067,3.0
01217,2025-06-01,0,GT,LAGOULETTE,2,2,0.0,33.893,1.0
01217,2025-06-09,1,GT,LAGOULETTE,2,2,0.0,24.878,5.0
01217,2025-06-21,6,GT,LAGOULETTE,2,2,0.0,64.27,6.0
01217,2025-07-13,0,GT,LAGOULETTE,2,2,0.0,32.833,6.0
01217,2025-07-22,2,GT,LAGOULETTE,2,2,0.0,133.834,2.0
01217,2025-08-12,2,GT,LAGOULETTE,2,2,0.0,66.917,1.0
01217,2025-08-18,1,GT,LAGOULETTE,2,2,0.0,34.683,13.0
01217,2025-08-27,3,GT,LAGOULETTE,2,2,0.0,43.376,1.0
01217,2025-08-31,0,GT,LAGOULETTE,2,2,0.0,38.583,1.0
01217,2025-09-10,3,GT,LAGOULETTE,2,2,0.0,1899.3,6.0
01217,2025-09-15,1,GT,LAGOULETTE,2,2,0.0,57.097,24.0
01217,2025-09-23,2,GT,LAGOULETTE,2,2,0.0,22.838,1.0
01217,2025-09-29,1,GT,LAGOULETTE,2,2,0.0,38.583,1.0
01217,2025-10-13,1,GT,LAGOULETTE,2,2,0.0,35.35,6.0
01217,2025-11-07,5,GT,LAGOULETTE,2,2,0.0,27.034,1.0
01217,2025-11-24,1,GT,LAGOULETTE,2,2,0.0,57.097,24.0
01217,2025-11-30,0,GT,LAGOULETTE,2,2,0.0,52.371,8.0
01217,2025-12-05,5,GT,LAGOULETTE,2,2,0.0,27.034,1.0
01217,2025-12-07,0,GT,LAGOULETTE,2,2,0.0,33.865,1.0
01217,2025-12-10,3,GT,LAGOULETTE,2,2,0.0,62.802,1.0
01217,2026-01-21,3,GT,LAGOULETTE,2,2,0.0,51.575,1.0
01217,2026-01-28,3,GT,LAGOULETTE,2,2,0.0,1022.64,50.0
01217,2026-04-17,5,GT,LAGOULETTE,2,2,0.0,71.728,1.0
01217,2026-06-21,0,GT,LAGOULETTE,2,2,0.0,79.625,1.0
01217,2026-07-05,0,GT,LAGOULETTE,2,2,0.0,98.661,1.0
01217,2026-08-07,5,GT,LAGOULETTE,2,2,0.0,43.632,1.0
01217,2026-08-26,3,GT,LAGOULETTE,2,2,0.0,71.728,1.0
01217,2026-09-29,2,GT,LAGOULETTE,2,2,0.0,65.343,1.0
01217,2026-10-28,3,GT,LAGOULETTE,2,2,0.0,117.633,24.0
01217,2026-10-30,5,GT,LAGOULETTE,2,2,0.0,79.236,2.0
01217,2026-11-02,1,GT,LAGOULETTE,2,2,0.0,39.618,1.0
01217,2026-11-10,2,GT,LAGOULETTE,2,2,0.0,7.288,1.0
01217,2026-11-16,1,GT,LAGOULETTE,2,2,0.0,64.218,1.0
01217,2026-12-04,5,GT,LAGOULETTE,2,2,0.0,26.607,6.0
01217,2026-12-09,3,GT,LAGOULETTE,2,2,0.0,112.569,24.0
01218,2025-01-05,0,GT,LAGOULETTE,2,2,0.0,31.171,1.0
01218,2025-01-10,5,GT,LAGOULETTE,2,2,0.0,35.098,1.0
01218,2025-01-13,1,GT,LAGOULETTE,2,2,0.0,22.981,1.0
01218,2025-01-14,2,GT,LAGOULETTE,2,2,0.0,8.497,3.0
01218,2025-01-19,0,GT,LAGOULETTE,2,2,0.0,24.004,24.0
01218,2025-01-22,3,GT,LAGOULETTE,2,2,0.0,32.134,6.0
01218,2025-02-15,6,GT,LAGOULETTE,2,2,0.0,54.242,24.0
01218,2025-02-18,2,GT,LAGOULETTE,2,2,0.0,26.778,5.0
01218,2025-02-28,5,GT,LAGOULETTE,2,2,0.0,74.955,1.0
01218,2025-03-10,1,GT,LAGOULETTE,2,2,0.0,755.4929999999999,3.0
01218,2025-04-13,0,GT,LAGOULETTE,2,2,0.0,10.951,2.0
01218,2025-05-07,3,GT,LAGOULETTE,2,2,0.0,33.841,1.0
01218,2025-05-11,0,GT,LAGOULETTE,2,2,0.0,16.068,3.0
01218,2025-05-16,5,GT,LAGOULETTE,2,2,0.0,24.349,1.0
01218,2025-05-19,1,GT,LAGOULETTE,2,2,0.0,24.349,1.0
01218,2025-06-01,0,GT,LAGOULETTE,2,2,0.0,33.893,1.0
01218,2025-06-21,6,GT,LAGOULETTE,2,2,0.0,32.134,6.0
01218,2025-08-20,3,GT,LAGOULETTE,2,2,0.0,149.67,2.0
01218,2025-08-27,3,GT,LAGOULETTE,2,2,0.0,43.376,1.0
01218,2025-09-15,1,GT,LAGOULETTE,2,2,0.0,17.676,3.0
01218,2025-10-27,1,GT,LAGOULETTE,2,2,0.0,20.555,1.0
01218,2025-11-14,5,GT,LAGOULETTE,2,2,0.0,33.387,6.0
01218,2025-11-17,1,GT,LAGOULETTE,2,2,0.0,19.906,1.0
01218,2025-12-10,3,GT,LAGOULETTE,2,2,0.0,42.975,1.0
01218,2025-12-15,1,GT,LAGOULETTE,2,2,0.0,62.802,1.0
01218,2026-02-08,0,GT,LAGOULETTE,2,2,0.0,25.092,24.0
01218,2026-09-27,0,GT,LAGOULETTE,2,2,0.0,69.596,2.0
01218,2026-09-29,2,GT,LAGOULETTE,2,2,0.0,325.734,2.0
01218,2026-10-09,5,GT,LAGOULETTE,2,2,0.0,106.425,24.0
01218,2026-11-22,0,GT,LAGOULETTE,2,2,0.0,3106.26,15.0
01220,2025-11-26,3,GT,LEKRAM,2,2,0.0,57.097,24.0
01220,2026-01-28,3,GT,LEKRAM,2,2,0.0,30239.336,126.0
01220,2026-03-01,0,GT,LEKRAM,2,2,0.0,3025.0080000000007,82.0
01222,2026-03-17,2,GT,Inconnue,2,2,0.0,13649.985999999999,50.0
01223,2025-02-02,0,SE,ARIANAVILLE,2,2,0.0,33641.215000000004,198.0
01223,2026-01-05,1,SE,ARIANAVILLE,2,2,0.0,811.9559999999999,26.0
01223,2026-01-13,2,SE,ARIANAVILLE,2,2,0.0,71.728,1.0
01223,2026-01-18,0,SE,ARIANAVILLE,2,2,0.0,670.664,6.0
01223,2026-03-02,1,SE,ARIANAVILLE,2,2,0.0,6295.331999999999,142.0
01223,2026-03-09,1,SE,ARIANAVILLE,2,2,0.0,57620.00999999999,260.0
01223,2026-03-29,0,SE,ARIANAVILLE,2,2,0.0,13998.279999999997,40.0
01223,2026-05-06,3,SE,ARIANAVILLE,2,2,0.0,13993.770000000002,88.0
01223,2026-09-18,5,SE,ARIANAVILLE,2,2,0.0,195.199,2.0
01223,2026-11-09,1,SE,ARIANAVILLE,2,2,0.0,6418.6709999999985,23.0
01223,2026-11-26,4,SE,ARIANAVILLE,2,2,0.0,801.556,11.0
01225,2025-03-02,0,GT,LAMARSA,2,2,0.0,80.123,14.0
01225,2025-05-20,2,GT,LAMARSA,2,2,0.0,19.902,4.0
01225,2025-10-07,2,GT,LAMARSA,2,2,0.0,27.034,1.0
01225,2026-05-21,4,GT,LAMARSA,2,2,0.0,62.114,1.0
01225,2026-10-01,4,GT,LAMARSA,2,2,0.0,105.593,2.0
01231,2025-03-01,6,GT,LAMARSA,2,2,0.0,104.732,24.0
01231,2025-05-31,6,GT,LAMARSA,2,2,0.0,14.927,3.0
01231,2025-06-10,2,GT,LAMARSA,2,2,0.0,54.411,1.0
01231,2025-06-15,0,GT,LAMARSA,2,2,0.0,32.137,6.0
01231,2025-09-02,2,GT,LAMARSA,2,2,0.0,27.034,1.0
01231,2025-09-23,2,GT,LAMARSA,2,2,0.0,22.838,1.0
01231,2025-12-20,6,GT,LAMARSA,2,2,0.0,30.027,2.0
01231,2025-12-23,2,GT,LAMARSA,2,2,0.0,13.774,1.0
01231,2026-04-24,5,GT,LAMARSA,2,2,0.0,112.569,24.0
01231,2026-06-22,1,GT,LAMARSA,2,2,0.0,90.63,1.0
01231,2026-08-24,1,GT,LAMARSA,2,2,0.0,1334.808,61.0
01231,2026-09-03,4,GT,LAMARSA,2,2,0.0,58.23,1.0
01231,2026-10-19,1,GT,LAMARSA,2,2,0.0,1016.0219999999999,5.0
01231,2026-12-07,1,GT,LAMARSA,2,2,0.0,143.456,2.0
01231,2026-12-14,1,GT,LAMARSA,2,2,0.0,1233.258,54.0
01248,2025-07-05,6,GT,HAMMAMET,2,2,0.0,685.608,9.0
01249,2025-07-05,6,GT,HAMMAMET,2,2,0.0,52.534,1.0
01250,2025-06-14,6,GT,HAMMAMET,2,2,0.0,41.215,10.0
01250,2025-07-05,6,GT,HAMMAMET,2,2,0.0,1057.965,19.0
01251,2025-07-05,6,GT,HAMMAMET,2,2,0.0,115.432,7.0
01263,2025-01-23,4,GT,LEKRAM,2,2,0.0,52.047,1.0
01263,2026-11-29,0,GT,LEKRAM,2,2,0.0,84.546,4.0
01264,2026-11-27,5,SE,Inconnue,2,2,0.0,106.087,1.0
01267,2025-03-02,0,GT,HAMMAMSOUSSE,2,2,0.0,161.324,2.0
01269,2025-06-09,1,SE,LASOUKRA,2,2,0.0,72.012,24.0
01269,2026-09-02,3,SE,LASOUKRA,2,2,0.0,99.722,1.0
01270,2025-07-27,0,SE,LASOUKRA,2,2,0.0,438.536,105.0
01271,2025-04-11,5,GT,HAMMAMLIF,2,2,0.0,63.985,1.0
01271,2025-04-30,3,GT,HAMMAMLIF,2,2,0.0,964.0699999999999,36.0
01271,2025-07-12,6,GT,HAMMAMLIF,2,2,0.0,71.422,1.0
01272,2025-01-06,1,,LAMARSA,2,2,0.0,39.735,1.0
01272,2025-01-10,5,,LAMARSA,2,2,0.0,67.336,1.0
01272,2025-01-11,6,,LAMARSA,2,2,0.0,87.199,2.0
01272,2025-01-20,1,,LAMARSA,2,2,0.0,24.004,24.0
01272,2025-01-21,2,,LAMARSA,2,2,0.0,32.134,6.0
01272,2025-01-31,5,,LAMARSA,2,2,0.0,31.476,5.0
01272,2025-02-04,2,,LAMARSA,2,2,0.0,43.376,1.0
01272,2025-02-24,1,,LAMARSA,2,2,0.0,75.188,1.0
01272,2025-03-03,1,,LAMARSA,2,2,0.0,55.389,1.0
01272,2025-03-25,2,,LAMARSA,2,2,0.0,14.576,1.0
01272,2025-03-29,6,,LAMARSA,2,2,0.0,75.188,1.0
01272,2025-04-06,0,,LAMARSA,2,2,0.0,70.568,1.0
01272,2025-04-08,2,,LAMARSA,2,2,0.0,32.972,4.0
01272,2025-04-12,6,,LAMARSA,2,2,0.0,23.272,1.0
01272,2025-04-19,6,,LAMARSA,2,2,0.0,23.272,1.0
01272,2025-04-22,2,,LAMARSA,2,2,0.0,43.376,1.0
01272,2025-05-20,2,,LAMARSA,2,2,0.0,14.927,3.0
01272,2025-05-31,6,,LAMARSA,2,2,0.0,29.853,6.0
01272,2025-06-07,6,,LAMARSA,2,2,0.0,32.137,6.0
01272,2025-06-10,2,,LAMARSA,2,2,0.0,61.216,1.0
01272,2025-06-17,2,,LAMARSA,2,2,0.0,30.503,1.0
01272,2025-06-21,6,,LAMARSA,2,2,0.0,27.616,24.0
01272,2025-06-24,2,,LAMARSA,2,2,0.0,50.494,24.0
01272,2025-07-01,2,,LAMARSA,2,2,0.0,50.494,24.0
01272,2025-07-22,2,,LAMARSA,2,2,0.0,19.617,40.0
01272,2025-08-12,2,,LAMARSA,2,2,0.0,149.67,2.0
01272,2025-08-16,6,,LAMARSA,2,2,0.0,34.957,12.0
01272,2025-09-06,6,,LAMARSA,2,2,0.0,35.35,6.0
01272,2025-09-20,6,,LAMARSA,2,2,0.0,22.838,1.0
01272,2025-09-21,0,,LAMARSA,2,2,0.0,22.838,1.0
01272,2025-10-04,6,,LAMARSA,2,2,0.0,37.418,1.0
01272,2025-10-07,2,,LAMARSA,2,2,0.0,30.503,1.0
01272,2025-10-14,2,,LAMARSA,2,2,0.0,33.865,1.0
01272,2025-10-18,6,,LAMARSA,2,2,0.0,12.596,1.0
01272,2025-10-21,2,,LAMARSA,2,2,0.0,37.676,24.0
01272,2025-11-01,6,,LAMARSA,2,2,0.0,33.865,1.0
01272,2025-11-08,6,,LAMARSA,2,2,0.0,27.823,5.0
01272,2025-12-06,6,,LAMARSA,2,2,0.0,62.802,1.0
01272,2025-12-09,2,,LAMARSA,2,2,0.0,30.503,1.0
01272,2025-12-13,6,,LAMARSA,2,2,0.0,38.453,12.0
01272,2025-12-16,2,,LAMARSA,2,2,0.0,15.014,1.0
01272,2025-12-20,6,,LAMARSA,2,2,0.0,33.387,6.0
01272,2026-01-08,4,,LAMARSA,2,2,0.0,655.8389999999999,3.0
01272,2026-01-19,1,,LAMARSA,2,2,0.0,54.316,1.0
01272,2026-01-29,4,,LAMARSA,2,2,0.0,62.114,1.0
01272,2026-02-02,1,,LAMARSA,2,2,0.0,62.114,1.0
01272,2026-02-12,4,,LAMARSA,2,2,0.0,564.285,98.0
01272,2026-04-20,1,,LAMARSA,2,2,0.0,130.508,24.0
01272,2026-04-27,1,,LAMARSA,2,2,0.0,90.63,1.0
01272,2026-05-08,5,,LAMARSA,2,2,0.0,346.832,2.0
01272,2026-05-11,1,,LAMARSA,2,2,0.0,31.171,1.0
01272,2026-05-18,1,,LAMARSA,2,2,0.0,1859.976,6.0
01272,2026-05-28,4,,LAMARSA,2,2,0.0,71.728,1.0
01272,2026-06-15,1,,LAMARSA,2,2,0.0,98.661,1.0
01272,2026-07-02,4,,LAMARSA,2,2,0.0,22.237,1.0
01272,2026-08-27,4,,LAMARSA,2,2,0.0,418.326,25.0
01272,2026-08-31,1,,LAMARSA,2,2,0.0,70.691,13.0
01272,2026-09-07,1,,LAMARSA,2,2,0.0,65.343,1.0
01272,2026-09-14,1,,LAMARSA,2,2,0.0,300.794,2.0
01272,2026-10-19,1,,LAMARSA,2,2,0.0,1130.808,4.0
01272,2026-10-29,4,,LAMARSA,2,2,0.0,72.634,1.0
01273,2025-03-31,1,SE,ARIANAVILLE,2,2,0.0,29.853,6.0
01273,2025-07-16,3,SE,ARIANAVILLE,2,2,0.0,16.007,6.0
01273,2025-09-28,0,SE,ARIANAVILLE,2,2,0.0,1722.7600000000002,8.0
01273,2025-12-28,0,SE,ARIANAVILLE,2,2,0.0,131.335,24.0
01273,2026-01-05,1,SE,ARIANAVILLE,2,2,0.0,357.44,2.0
01273,2026-01-15,4,SE,ARIANAVILLE,2,2,0.0,251.499,3.0
01273,2026-01-18,0,SE,ARIANAVILLE,2,2,0.0,1271.7540000000001,6.0
01273,2026-04-02,4,SE,ARIANAVILLE,2,2,0.0,112.569,24.0
01274,2025-01-07,2,GT,LAMARSA,2,2,0.0,2819.908,10.0
01274,2025-02-07,5,GT,LAMARSA,2,2,0.0,56.114,1.0
01274,2025-03-07,5,GT,LAMARSA,2,2,0.0,38.405,6.0
01274,2025-03-29,6,GT,LAMARSA,2,2,0.0,75.188,1.0
01274,2025-04-19,6,GT,LAMARSA,2,2,0.0,34.469,1.0
01274,2025-06-06,5,GT,LAMARSA,2,2,0.0,30.503,1.0
01274,2025-06-15,0,GT,LAMARSA,2,2,0.0,30.503,1.0
01274,2025-07-11,5,GT,LAMARSA,2,2,0.0,529.947,8.0
01274,2025-09-09,2,GT,LAMARSA,2,2,0.0,12284.079999999996,16.0
01274,2025-09-27,6,GT,LAMARSA,2,2,0.0,38.583,1.0
01274,2025-09-28,0,GT,LAMARSA,2,2,0.0,116.088,1.0
01274,2025-10-13,1,GT,LAMARSA,2,2,0.0,121.798,2.0
01274,2025-11-08,6,GT,LAMARSA,2,2,0.0,169.738,2.0
01274,2025-11-21,5,GT,LAMARSA,2,2,0.0,16.993,6.0
01274,2025-11-29,6,GT,LAMARSA,2,2,0.0,110.284,1.0
01274,2025-12-02,2,GT,LAMARSA,2,2,0.0,48.591,1.0
01274,2025-12-06,6,GT,LAMARSA,2,2,0.0,110.284,1.0
01274,2025-12-21,0,GT,LAMARSA,2,2,0.0,32.833,6.0
01274,2025-12-23,2,GT,LAMARSA,2,2,0.0,54.411,1.0
01274,2025-12-27,6,GT,LAMARSA,2,2,0.0,131.335,24.0
01274,2026-10-19,1,GT,LAMARSA,2,2,0.0,760.98,72.0
01274,2026-11-05,4,GT,LAMARSA,2,2,0.0,275.568,2.0
01274,2026-12-07,1,GT,LAMARSA,2,2,0.0,4601.383999999999,12.0
01275,2026-11-05,4,SE,Inconnue,2,2,0.0,130.995,2.0
01275,2026-12-21,1,SE,Inconnue,2,2,0.0,53.407,1.0
01276,2025-07-21,1,SE,Inconnue,2,2,0.0,43.376,1.0
01276,2025-09-21,0,SE,Inconnue,2,2,0.0,34.87,1.0
01276,2025-12-15,1,SE,Inconnue,2,2,0.0,48.591,1.0
01277,2025-01-11,6,SE,Inconnue,2,2,0.0,195.74,49.0
01277,2025-01-16,4,SE,Inconnue,2,2,0.0,365.577,3.0
01277,2025-01-18,6,SE,Inconnue,2,2,0.0,2657.33,6.0
01277,2025-02-15,6,SE,Inconnue,2,2,0.0,52.047,1.0
01277,2025-02-17,1,SE,Inconnue,2,2,0.0,4516.296000000001,8.0
01277,2025-03-04,2,SE,Inconnue,2,2,0.0,209.464,24.0
01277,2025-03-12,3,SE,Inconnue,2,2,0.0,455.499,4.0
01277,2025-04-27,0,SE,Inconnue,2,2,0.0,278.572,2.0
01277,2025-06-06,5,SE,Inconnue,2,2,0.0,1015.6,15.0
01277,2025-06-25,3,SE,Inconnue,2,2,0.0,124.25999999999999,50.0
01277,2025-07-21,1,SE,Inconnue,2,2,0.0,103.318,1.0
01277,2025-07-27,0,SE,Inconnue,2,2,0.0,22.401,1.0
01277,2025-08-22,5,SE,Inconnue,2,2,0.0,446.97300000000007,4.0
01277,2025-09-07,0,SE,Inconnue,2,2,0.0,110.284,1.0
01277,2025-09-20,6,SE,Inconnue,2,2,0.0,88.172,1.0
01277,2025-10-19,0,SE,Inconnue,2,2,0.0,1510.464,9.0
01277,2025-11-16,0,SE,Inconnue,2,2,0.0,346.172,2.0
01277,2025-12-06,6,SE,Inconnue,2,2,0.0,12030.465999999995,68.0
01277,2026-09-07,1,SE,Inconnue,2,2,0.0,11750.213000000003,73.0
01277,2026-09-14,1,SE,Inconnue,2,2,0.0,159.838,12.0
01277,2026-09-22,2,SE,Inconnue,2,2,0.0,1229.588,4.0
01277,2026-09-29,2,SE,Inconnue,2,2,0.0,1225.588,4.0
01277,2026-10-19,1,SE,Inconnue,2,2,0.0,1813.165,5.0
01277,2026-11-08,0,SE,Inconnue,2,2,0.0,281.02,2.0
01277,2026-11-16,1,SE,Inconnue,2,2,0.0,68.782,1.0
01277,2026-11-17,2,SE,Inconnue,2,2,0.0,381.266,5.0
01277,2026-11-25,3,SE,Inconnue,2,2,0.0,487.26599999999996,3.0
01277,2026-11-27,5,SE,Inconnue,2,2,0.0,42.273,2.0
01277,2026-12-08,2,SE,Inconnue,2,2,0.0,2531.376,37.0
01277,2026-12-27,0,SE,Inconnue,2,2,0.0,524.46,6.0
01278,2025-01-04,6,SE,Inconnue,2,2,0.0,114.696,1.0
01278,2025-01-11,6,SE,Inconnue,2,2,0.0,56.285,12.0
01278,2025-03-22,6,SE,Inconnue,2,2,0.0,50.378,3.0
01278,2025-04-11,5,SE,Inconnue,2,2,0.0,24.349,1.0
01278,2025-04-26,6,SE,Inconnue,2,2,0.0,71.422,1.0
01278,2025-04-28,1,SE,Inconnue,2,2,0.0,16.486,4.0
01278,2025-05-05,1,SE,Inconnue,2,2,0.0,23.272,1.0
01278,2025-06-11,3,SE,Inconnue,2,2,0.0,71.422,1.0
01278,2025-06-25,3,SE,Inconnue,2,2,0.0,1441.764,74.0
01278,2025-09-07,0,SE,Inconnue,2,2,0.0,50.494,24.0
01278,2025-10-02,4,SE,Inconnue,2,2,0.0,38.453,12.0
01278,2025-12-06,6,SE,Inconnue,2,2,0.0,48.023,10.0
01278,2026-09-02,3,SE,Inconnue,2,2,0.0,54.224,2.0
01278,2026-09-07,1,SE,Inconnue,2,2,0.0,748.314,3.0
01278,2026-09-14,1,SE,Inconnue,2,2,0.0,69.002,1.0
01278,2026-10-20,2,SE,Inconnue,2,2,0.0,653.469,3.0
01278,2026-11-16,1,SE,Inconnue,2,2,0.0,112.569,24.0
01278,2026-12-21,1,SE,Inconnue,2,2,0.0,44.02,1.0
01278,2026-12-30,3,SE,Inconnue,2,2,0.0,13.444,1.0
01280,2025-01-06,1,SE,LASOUKRA,2,2,0.0,41.91,1.0
01280,2025-01-10,5,SE,LASOUKRA,2,2,0.0,78.408,1.0
01280,2025-01-27,1,SE,LASOUKRA,2,2,0.0,87.277,18.0
01280,2025-02-01,6,SE,LASOUKRA,2,2,0.0,926.115,49.0
01280,2025-02-03,1,SE,LASOUKRA,2,2,0.0,56.114,1.0
01280,2025-02-04,2,SE,LASOUKRA,2,2,0.0,78.408,1.0
01280,2025-02-11,2,SE,LASOUKRA,2,2,0.0,116.088,1.0
01280,2025-02-22,6,SE,LASOUKRA,2,2,0.0,54.242,24.0
01280,2025-03-04,2,SE,LASOUKRA,2,2,0.0,26.512,24.0
01280,2025-03-15,6,SE,LASOUKRA,2,2,0.0,24.349,1.0
01280,2025-03-18,2,SE,LASOUKRA,2,2,0.0,32.137,6.0
01280,2025-04-11,5,SE,LASOUKRA,2,2,0.0,30.503,1.0
01280,2025-04-14,1,SE,LASOUKRA,2,2,0.0,12.364,3.0
01280,2025-04-18,5,SE,LASOUKRA,2,2,0.0,30.503,1.0
01280,2025-05-23,5,SE,LASOUKRA,2,2,0.0,16.067,3.0
01280,2025-06-22,0,SE,LASOUKRA,2,2,0.0,895.848,28.0
01280,2025-06-28,6,SE,LASOUKRA,2,2,0.0,50.494,24.0
01280,2025-07-05,6,SE,LASOUKRA,2,2,0.0,50.494,24.0
01280,2025-07-15,2,SE,LASOUKRA,2,2,0.0,27.616,24.0
01280,2025-09-06,6,SE,LASOUKRA,2,2,0.0,35.35,6.0
01280,2025-09-21,0,SE,LASOUKRA,2,2,0.0,22.838,1.0
01280,2025-09-24,3,SE,LASOUKRA,2,2,0.0,37.676,24.0
01280,2025-10-04,6,SE,LASOUKRA,2,2,0.0,326.734,2.0
01280,2025-10-11,6,SE,LASOUKRA,2,2,0.0,127.558,2.0
01280,2025-10-27,1,SE,LASOUKRA,2,2,0.0,62.802,1.0
01280,2025-11-03,1,SE,LASOUKRA,2,2,0.0,54.411,1.0
01280,2025-11-09,0,SE,LASOUKRA,2,2,0.0,1306.176,8.0
01280,2025-11-11,2,SE,LASOUKRA,2,2,0.0,128.06,24.0
01280,2025-11-22,6,SE,LASOUKRA,2,2,0.0,16.007,3.0
01280,2025-11-28,5,SE,LASOUKRA,2,2,0.0,57.097,24.0
01280,2025-12-06,6,SE,LASOUKRA,2,2,0.0,59.972,1.0
01280,2025-12-10,3,SE,LASOUKRA,2,2,0.0,33.387,6.0
01280,2025-12-17,3,SE,LASOUKRA,2,2,0.0,54.242,24.0
01280,2025-12-27,6,SE,LASOUKRA,2,2,0.0,25.194,1.0
01280,2025-12-28,0,SE,LASOUKRA,2,2,0.0,352.192,2.0
01280,2026-01-20,2,SE,LASOUKRA,2,2,0.0,24.688,1.0
01280,2026-01-28,3,SE,LASOUKRA,2,2,0.0,336.402,2.0
01280,2026-02-02,1,SE,LASOUKRA,2,2,0.0,3175.4309999999996,124.0
01280,2026-02-23,1,SE,LASOUKRA,2,2,0.0,742.1189999999999,3.0
01280,2026-03-16,1,SE,LASOUKRA,2,2,0.0,80.111,1.0
01280,2026-03-29,0,SE,LASOUKRA,2,2,0.0,162.208,6.0
01280,2026-06-14,0,SE,LASOUKRA,2,2,0.0,8206.956,210.0
01280,2026-06-28,0,SE,LASOUKRA,2,2,0.0,9163.144,30.0
01280,2026-08-26,3,SE,LASOUKRA,2,2,0.0,58.23,1.0
01280,2026-09-05,6,SE,LASOUKRA,2,2,0.0,72.504,1.0
01280,2026-09-23,3,SE,LASOUKRA,2,2,0.0,3579.688,55.0
01280,2026-09-25,5,SE,LASOUKRA,2,2,0.0,97.6,1.0
01280,2026-09-29,2,SE,LASOUKRA,2,2,0.0,268.054,12.0
01280,2026-10-09,5,SE,LASOUKRA,2,2,0.0,1774.44,19.0
01280,2026-11-05,4,SE,LASOUKRA,2,2,0.0,4379.2,55.0
01280,2026-11-27,5,SE,LASOUKRA,2,2,0.0,64.218,1.0
01280,2026-12-04,5,SE,LASOUKRA,2,2,0.0,42.273,2.0
01281,2025-01-05,0,SE,Inconnue,2,2,0.0,115.36,2.0
01281,2025-01-06,1,SE,Inconnue,2,2,0.0,37.676,24.0
01281,2025-01-08,3,SE,Inconnue,2,2,0.0,5224.455999999999,15.0
01281,2025-02-03,1,SE,Inconnue,2,2,0.0,121.279,6.0
01281,2025-02-04,2,SE,Inconnue,2,2,0.0,87.743,1.0
01281,2025-02-05,3,SE,Inconnue,2,2,0.0,37.404,1.0
01281,2025-02-11,2,SE,Inconnue,2,2,0.0,61.986,3.0
01281,2025-02-13,4,SE,Inconnue,2,2,0.0,3211.7789999999995,73.0
01281,2025-03-10,1,SE,Inconnue,2,2,0.0,7074.489999999998,61.0
01281,2025-03-18,2,SE,Inconnue,2,2,0.0,82.649,4.0
01281,2025-03-31,1,SE,Inconnue,2,2,0.0,116.088,1.0
01281,2025-04-09,3,SE,Inconnue,2,2,0.0,24.349,1.0
01281,2025-04-11,5,SE,Inconnue,2,2,0.0,61.216,1.0
01281,2025-04-18,5,SE,Inconnue,2,2,0.0,16.067,3.0
01281,2025-04-20,0,SE,Inconnue,2,2,0.0,26.236,24.0
01281,2025-06-28,6,SE,Inconnue,2,2,0.0,34.469,1.0
01281,2025-07-15,2,SE,Inconnue,2,2,0.0,349.482,2.0
01281,2025-08-06,3,SE,Inconnue,2,2,0.0,190.605,6.0
01281,2025-09-24,3,SE,Inconnue,2,2,0.0,47.135,8.0
01281,2025-10-27,1,SE,Inconnue,2,2,0.0,14430.150000000003,190.0
01281,2025-10-29,3,SE,Inconnue,2,2,0.0,3050.8199999999997,108.0
01281,2025-11-11,2,SE,Inconnue,2,2,0.0,13.705,1.0
01281,2025-12-09,2,SE,Inconnue,2,2,0.0,127.663,6.0
01281,2025-12-10,3,SE,Inconnue,2,2,0.0,62.802,1.0
01281,2026-01-09,5,SE,Inconnue,2,2,0.0,8885.492,21.0
01281,2026-01-23,5,SE,Inconnue,2,2,0.0,752.324,73.0
01281,2026-02-10,2,SE,Inconnue,2,2,0.0,106.087,1.0
01281,2026-03-03,2,SE,Inconnue,2,2,0.0,410.313,3.0
01281,2026-03-16,1,SE,Inconnue,2,2,0.0,95.783,24.0
01281,2026-04-28,2,SE,Inconnue,2,2,0.0,2489.921,122.0
01281,2026-05-08,5,SE,Inconnue,2,2,0.0,719.4209999999999,3.0
01281,2026-05-25,1,SE,Inconnue,2,2,0.0,71.728,1.0
01281,2026-06-28,0,SE,Inconnue,2,2,0.0,303.886,31.0
01281,2026-07-14,2,SE,Inconnue,2,2,0.0,3769.0469999999996,125.0
01281,2026-08-09,0,SE,Inconnue,2,2,0.0,3912.72,125.0
01281,2026-08-21,5,SE,Inconnue,2,2,0.0,56.553,35.0
01281,2026-08-31,1,SE,Inconnue,2,2,0.0,5023.61,126.0
01281,2026-09-25,5,SE,Inconnue,2,2,0.0,9382.087000000001,159.0
01281,2026-10-30,5,SE,Inconnue,2,2,0.0,2733.4160000000006,148.0
01281,2026-11-05,4,SE,Inconnue,2,2,0.0,23.837,24.0
01281,2026-11-13,5,SE,Inconnue,2,2,0.0,8347.308000000003,201.0
01281,2026-12-09,3,SE,Inconnue,2,2,0.0,651.805,5.0
01281,2026-12-21,1,SE,Inconnue,2,2,0.0,24515.76600000001,69.0
01282,2025-04-30,3,SE,LASOUKRA,2,2,0.0,21.423,4.0
01282,2026-02-18,3,SE,LASOUKRA,2,2,0.0,263.864,2.0
01282,2026-05-20,3,SE,LASOUKRA,2,2,0.0,343.38,73.0
01282,2026-09-14,1,SE,LASOUKRA,2,2,0.0,80.111,1.0
01283,2025-05-05,1,SE,LASOUKRA,2,2,0.0,32.134,6.0
01283,2026-02-18,3,SE,LASOUKRA,2,2,0.0,3143.07,43.0
01283,2026-05-25,1,SE,LASOUKRA,2,2,0.0,1429.1100000000001,16.0
01284,2025-01-11,6,SE,LASOUKRA,2,2,0.0,136.898,48.0
01285,2025-01-04,6,SE,LASOUKRA,2,2,0.0,92.812,1.0
01285,2025-11-09,0,SE,LASOUKRA,2,2,0.0,30.027,2.0
01285,2025-11-11,2,SE,LASOUKRA,2,2,0.0,152.94,18.0
01285,2026-07-15,3,SE,LASOUKRA,2,2,0.0,27.238,1.0
01286,2025-04-11,5,SE,LASOUKRA,2,2,0.0,30.503,1.0
01286,2025-08-29,5,SE,LASOUKRA,2,2,0.0,34.957,12.0
01286,2025-11-29,6,SE,LASOUKRA,2,2,0.0,375.234,25.0
01286,2025-12-22,1,SE,LASOUKRA,2,2,0.0,16.417,3.0
01286,2026-01-03,6,SE,LASOUKRA,2,2,0.0,61.993,1.0
01286,2026-06-23,2,SE,LASOUKRA,2,2,0.0,61.993,1.0
01286,2026-07-15,3,SE,LASOUKRA,2,2,0.0,106.087,1.0
01286,2026-09-23,3,SE,LASOUKRA,2,2,0.0,1047.915,5.0
01286,2026-11-27,5,SE,LASOUKRA,2,2,0.0,106.087,1.0
01287,2025-03-02,0,SE,LASOUKRA,2,2,0.0,41.91,1.0
01287,2025-03-22,6,SE,LASOUKRA,2,2,0.0,22.218,12.0
01287,2025-07-07,1,SE,LASOUKRA,2,2,0.0,37.418,1.0
01287,2025-09-21,0,SE,LASOUKRA,2,2,0.0,57.348,1.0
01287,2025-10-22,3,SE,LASOUKRA,2,2,0.0,38.453,12.0
01287,2025-11-29,6,SE,LASOUKRA,2,2,0.0,30.503,1.0
01287,2025-12-22,1,SE,LASOUKRA,2,2,0.0,15.014,1.0
01287,2026-07-06,1,SE,LASOUKRA,2,2,0.0,130.508,24.0
01287,2026-08-02,0,SE,LASOUKRA,2,2,0.0,58.23,1.0
01287,2026-09-23,3,SE,LASOUKRA,2,2,0.0,2099.475,5.0
01288,2025-01-12,0,SE,LASOUKRA,2,2,0.0,35.098,1.0
01288,2025-02-15,6,SE,LASOUKRA,2,2,0.0,78.408,1.0
01288,2025-02-24,1,SE,LASOUKRA,2,2,0.0,116.088,1.0
01288,2025-03-02,0,SE,LASOUKRA,2,2,0.0,45.963,1.0
01288,2025-10-13,1,SE,LASOUKRA,2,2,0.0,35.35,6.0
01288,2026-08-02,0,SE,LASOUKRA,2,2,0.0,14.575,1.0
01288,2026-09-30,3,SE,LASOUKRA,2,2,0.0,297.72,2.0
01288,2026-11-16,1,SE,LASOUKRA,2,2,0.0,71.728,1.0
01289,2025-01-04,6,SE,Inconnue,2,2,0.0,92.812,1.0
01289,2025-01-11,6,SE,Inconnue,2,2,0.0,53.407,1.0
01289,2025-01-19,0,SE,Inconnue,2,2,0.0,38.453,12.0
01289,2025-02-15,6,SE,Inconnue,2,2,0.0,37.676,24.0
01289,2025-02-24,1,SE,Inconnue,2,2,0.0,116.952,19.0
01289,2025-03-02,0,SE,Inconnue,2,2,0.0,34.699,1.0
01289,2025-04-30,3,SE,Inconnue,2,2,0.0,16.067,3.0
01289,2025-05-23,5,SE,Inconnue,2,2,0.0,53.56,5.0
01289,2025-05-31,6,SE,Inconnue,2,2,0.0,13.501,6.0
01289,2025-06-11,3,SE,Inconnue,2,2,0.0,61.216,1.0
01289,2025-07-07,1,SE,Inconnue,2,2,0.0,30.503,1.0
01289,2025-07-21,1,SE,Inconnue,2,2,0.0,238.8,2.0
01289,2025-09-21,0,SE,Inconnue,2,2,0.0,57.348,1.0
01289,2025-09-26,5,SE,Inconnue,2,2,0.0,30.503,1.0
01289,2025-10-13,1,SE,Inconnue,2,2,0.0,35.35,6.0
01289,2025-11-03,1,SE,Inconnue,2,2,0.0,103.163,1.0
01289,2025-11-29,6,SE,Inconnue,2,2,0.0,103.163,1.0
01289,2025-12-15,1,SE,Inconnue,2,2,0.0,13.774,1.0
01289,2026-02-18,3,SE,Inconnue,2,2,0.0,1749.608,7.0
01289,2026-05-08,5,SE,Inconnue,2,2,0.0,31.171,1.0
01289,2026-05-20,3,SE,Inconnue,2,2,0.0,343.38,73.0
01289,2026-07-13,1,SE,Inconnue,2,2,0.0,37.971,24.0
01289,2026-07-15,3,SE,Inconnue,2,2,0.0,58.23,1.0
01289,2026-09-14,1,SE,Inconnue,2,2,0.0,27.431,1.0
01289,2026-09-23,3,SE,Inconnue,2,2,0.0,52.797,1.0
01289,2026-09-30,3,SE,Inconnue,2,2,0.0,117.633,24.0
01289,2026-10-06,2,SE,Inconnue,2,2,0.0,39.821,1.0
01289,2026-11-04,3,SE,Inconnue,2,2,0.0,68.782,1.0
01289,2026-11-25,3,SE,Inconnue,2,2,0.0,80.111,1.0
01289,2026-11-27,5,SE,Inconnue,2,2,0.0,20.488,1.0
01289,2026-12-09,3,SE,Inconnue,2,2,0.0,1411.632,6.0
01290,2025-01-04,6,SE,LASOUKRA,2,2,0.0,69.739,1.0
01290,2025-02-01,6,SE,LASOUKRA,2,2,0.0,87.277,18.0
01290,2025-02-14,5,SE,LASOUKRA,2,2,0.0,224.458,2.0
01290,2025-02-25,2,SE,LASOUKRA,2,2,0.0,3627.930000000001,172.0
01290,2025-02-26,3,SE,LASOUKRA,2,2,0.0,14927.704000000002,33.0
01290,2025-03-15,6,SE,LASOUKRA,2,2,0.0,872.732,5.0
01290,2025-03-29,6,SE,LASOUKRA,2,2,0.0,75.188,1.0
01290,2025-04-11,5,SE,LASOUKRA,2,2,0.0,70.568,1.0
01290,2025-04-28,1,SE,LASOUKRA,2,2,0.0,12.364,3.0
01290,2025-05-05,1,SE,LASOUKRA,2,2,0.0,23.272,1.0
01290,2025-05-26,1,SE,LASOUKRA,2,2,0.0,32.134,6.0
01290,2025-05-31,6,SE,LASOUKRA,2,2,0.0,19.902,4.0
01290,2025-06-11,3,SE,LASOUKRA,2,2,0.0,14.927,3.0
01290,2025-08-29,5,SE,LASOUKRA,2,2,0.0,48.591,1.0
01290,2025-09-07,0,SE,LASOUKRA,2,2,0.0,34.957,12.0
01290,2025-10-02,4,SE,LASOUKRA,2,2,0.0,33.865,1.0
01290,2025-10-22,3,SE,LASOUKRA,2,2,0.0,194.364,2.0
01290,2025-11-08,6,SE,LASOUKRA,2,2,0.0,73.058,1.0
01290,2025-11-29,6,SE,LASOUKRA,2,2,0.0,809.778,3.0
01290,2026-01-12,1,SE,LASOUKRA,2,2,0.0,80.111,1.0
01290,2026-01-16,5,SE,LASOUKRA,2,2,0.0,251.499,3.0
01290,2026-01-25,0,SE,LASOUKRA,2,2,0.0,1635.88,8.0
01290,2026-02-23,1,SE,LASOUKRA,2,2,0.0,2731.006,7.0
01290,2026-04-06,1,SE,LASOUKRA,2,2,0.0,2101.42,5.0
01290,2026-05-08,5,SE,LASOUKRA,2,2,0.0,250.014,5.0
01290,2026-05-20,3,SE,LASOUKRA,2,2,0.0,78.654,1.0
01290,2026-06-14,0,SE,LASOUKRA,2,2,0.0,4485.931,158.0
01290,2026-06-28,0,SE,LASOUKRA,2,2,0.0,7983.955000000002,32.0
01290,2026-09-14,1,SE,LASOUKRA,2,2,0.0,58.23,1.0
01290,2026-09-30,3,SE,LASOUKRA,2,2,0.0,58.23,1.0
01290,2026-10-06,2,SE,LASOUKRA,2,2,0.0,40.687,1.0
01290,2026-10-20,2,SE,LASOUKRA,2,2,0.0,7324.865999999999,34.0
01290,2026-11-05,4,SE,LASOUKRA,2,2,0.0,730.624,98.0
01290,2026-11-16,1,SE,LASOUKRA,2,2,0.0,368.89799999999997,3.0
01290,2026-12-07,1,SE,LASOUKRA,2,2,0.0,537.178,4.0
01290,2026-12-09,3,SE,LASOUKRA,2,2,0.0,274.968,2.0
01290,2026-12-30,3,SE,LASOUKRA,2,2,0.0,84.48,2.0
01291,2025-11-09,0,SE,LASOUKRA,2,2,0.0,16.993,6.0
01292,2025-11-10,1,GT,Inconnue,2,2,0.0,67.973,24.0
01294,2025-06-17,2,GT,OUEDELLIL,2,2,0.0,21.423,4.0
01770,2025-02-05,3,GT,Inconnue,3,1300,1.0,80.661,3.0
01931,2025-01-12,0,GT,DOUARHICHER,5,1300,1.0,159.558,30.0
01931,2025-02-10,1,GT,DOUARHICHER,5,1300,1.0,53.774,3.0
01931,2025-06-04,3,GT,DOUARHICHER,5,1300,1.0,72.012,24.0
01931,2025-10-11,6,GT,DOUARHICHER,5,1300,1.0,194.364,2.0
01931,2025-10-26,0,GT,DOUARHICHER,5,1300,1.0,110.284,1.0
01931,2025-11-09,0,GT,DOUARHICHER,5,1300,1.0,8.671,1.0
01931,2025-12-28,0,GT,DOUARHICHER,5,1300,1.0,16.022,60.0
01931,2026-12-25,5,GT,DOUARHICHER,5,1300,1.0,57.388,2.0
01931,2026-12-29,2,GT,DOUARHICHER,5,1300,1.0,439.172,4.0
02071,2025-01-07,2,GT,Inconnue,3,1300,1.0,106.087,1.0
02396,2025-01-28,2,SE,MNIHLA,55,1300,1.0,26.236,24.0
02396,2025-04-02,3,SE,MNIHLA,55,1300,1.0,167.928,8.0
02396,2026-09-13,0,SE,MNIHLA,55,1300,1.0,153.504,48.0
03451,2025-01-04,6,SE,LASOUKRA,2,2,0.0,160.494,24.0
03451,2025-01-11,6,SE,LASOUKRA,2,2,0.0,3600.081,32.0
03451,2025-01-12,0,SE,LASOUKRA,2,2,0.0,1549.86,8.0
03451,2025-01-26,0,SE,LASOUKRA,2,2,0.0,4960.929999999999,79.0
03451,2025-02-14,5,SE,LASOUKRA,2,2,0.0,155.147,5.0
03451,2025-02-15,6,SE,LASOUKRA,2,2,0.0,515.7,12.0
03451,2025-03-09,0,SE,LASOUKRA,2,2,0.0,2315.292,17.0
03451,2025-03-22,6,SE,LASOUKRA,2,2,0.0,46.545,2.0
03451,2025-03-28,5,SE,LASOUKRA,2,2,0.0,54.378,1.0
03451,2025-04-14,1,SE,LASOUKRA,2,2,0.0,1426.304,4.0
03451,2025-05-16,5,SE,LASOUKRA,2,2,0.0,701.3489999999999,3.0
03451,2025-05-17,6,SE,LASOUKRA,2,2,0.0,866.2169999999999,3.0
03451,2025-06-15,0,SE,LASOUKRA,2,2,0.0,71.422,1.0
03451,2025-08-20,3,SE,LASOUKRA,2,2,0.0,89.274,1.0
03451,2025-09-16,2,SE,LASOUKRA,2,2,0.0,752.904,3.0
03451,2025-10-10,5,SE,LASOUKRA,2,2,0.0,2930.5950000000003,29.0
03451,2025-11-09,0,SE,LASOUKRA,2,2,0.0,163.313,5.0
03451,2025-11-17,1,SE,LASOUKRA,2,2,0.0,396.054,2.0
03451,2025-11-19,3,SE,LASOUKRA,2,2,0.0,254.354,4.0
03451,2025-12-06,6,SE,LASOUKRA,2,2,0.0,1044.9360000000001,5.0
03451,2026-01-20,2,SE,LASOUKRA,2,2,0.0,616.108,50.0
03451,2026-06-16,2,SE,LASOUKRA,2,2,0.0,1038.448,4.0
03451,2026-08-02,0,SE,LASOUKRA,2,2,0.0,10969.159999999998,30.0
03451,2026-10-27,2,SE,LASOUKRA,2,2,0.0,105.593,2.0
03451,2026-11-23,1,SE,LASOUKRA,2,2,0.0,8551.994000000002,42.0
03451,2026-12-16,3,SE,LASOUKRA,2,2,0.0,10233.56,27.0
03451,2026-12-29,2,SE,LASOUKRA,2,2,0.0,1756.4220000000003,6.0
03453,2025-08-21,4,GT,MORNAG,2,2,0.0,38.583,1.0
03453,2025-12-23,2,GT,MORNAG,2,2,0.0,131.335,24.0
03461,2025-02-16,0,SE,Inconnue,2,2,0.0,322.644,18.0
03462,2025-03-10,1,SE,LASOUKRA,2,2,0.0,427.658,49.0
03462,2025-04-19,6,SE,LASOUKRA,2,2,0.0,39.864,2.0
03462,2025-04-26,6,SE,LASOUKRA,2,2,0.0,29.853,6.0
03462,2025-04-30,3,SE,LASOUKRA,2,2,0.0,26.236,24.0
03462,2025-05-18,0,SE,LASOUKRA,2,2,0.0,43.376,1.0
03462,2025-05-23,5,SE,LASOUKRA,2,2,0.0,30.503,1.0
03462,2025-05-26,1,SE,LASOUKRA,2,2,0.0,30.503,1.0
03462,2025-05-31,6,SE,LASOUKRA,2,2,0.0,13.501,6.0
03462,2025-06-13,5,SE,LASOUKRA,2,2,0.0,30.503,1.0
03462,2025-06-21,6,SE,LASOUKRA,2,2,0.0,160.694,30.0
03462,2025-06-30,1,SE,LASOUKRA,2,2,0.0,21.423,4.0
03462,2025-08-20,3,SE,LASOUKRA,2,2,0.0,10.672,4.0
03462,2025-09-06,6,SE,LASOUKRA,2,2,0.0,50.494,24.0
03462,2025-09-20,6,SE,LASOUKRA,2,2,0.0,35.35,6.0
03462,2025-09-21,0,SE,LASOUKRA,2,2,0.0,22.838,1.0
03462,2025-10-04,6,SE,LASOUKRA,2,2,0.0,48.591,1.0
03462,2025-11-01,6,SE,LASOUKRA,2,2,0.0,69.875,1.0
03462,2025-11-03,1,SE,LASOUKRA,2,2,0.0,57.097,24.0
03462,2025-11-08,6,SE,LASOUKRA,2,2,0.0,48.591,1.0
03462,2025-11-28,5,SE,LASOUKRA,2,2,0.0,30.503,1.0
03462,2025-12-06,6,SE,LASOUKRA,2,2,0.0,30.867,1.0
03462,2025-12-07,0,SE,LASOUKRA,2,2,0.0,110.284,1.0
03462,2025-12-23,2,SE,LASOUKRA,2,2,0.0,13.774,1.0
03470,2025-01-03,5,GT,LAGOULETTE,2,2,0.0,576.314,30.0
03470,2025-01-04,6,GT,LAGOULETTE,2,2,0.0,31.171,1.0
03470,2025-01-05,0,GT,LAGOULETTE,2,2,0.0,1558.592,10.0
03470,2025-01-06,1,GT,LAGOULETTE,2,2,0.0,593.976,3.0
03470,2025-01-08,3,GT,LAGOULETTE,2,2,0.0,9562.378,21.0
03470,2025-01-09,4,GT,LAGOULETTE,2,2,0.0,339.372,2.0
03470,2025-01-13,1,GT,LAGOULETTE,2,2,0.0,425.112,18.0
03470,2025-01-17,5,GT,LAGOULETTE,2,2,0.0,85.951,1.0
03470,2025-01-18,6,GT,LAGOULETTE,2,2,0.0,1851.5,85.0
03470,2025-01-25,6,GT,LAGOULETTE,2,2,0.0,210.628,2.0
03470,2025-02-03,1,GT,LAGOULETTE,2,2,0.0,1014.524,21.0
03470,2025-02-04,2,GT,LAGOULETTE,2,2,0.0,43.376,1.0
03470,2025-02-06,4,GT,LAGOULETTE,2,2,0.0,529.408,9.0
03470,2025-02-11,2,GT,LAGOULETTE,2,2,0.0,186.0,4.0
03470,2025-02-12,3,GT,LAGOULETTE,2,2,0.0,169.413,4.0
03470,2025-02-13,4,GT,LAGOULETTE,2,2,0.0,18.066,3.0
03470,2025-02-14,5,GT,LAGOULETTE,2,2,0.0,160.494,24.0
03470,2025-02-15,6,GT,LAGOULETTE,2,2,0.0,116.088,1.0
03470,2025-02-16,0,GT,LAGOULETTE,2,2,0.0,33.893,1.0
03470,2025-02-17,1,GT,LAGOULETTE,2,2,0.0,181.81,2.0
03470,2025-02-19,3,GT,LAGOULETTE,2,2,0.0,94.225,3.0
03470,2025-03-01,6,GT,LAGOULETTE,2,2,0.0,5111.82,13.0
03470,2025-03-05,3,GT,LAGOULETTE,2,2,0.0,2222.37,9.0
03470,2025-03-10,1,GT,LAGOULETTE,2,2,0.0,413.042,26.0
03470,2025-03-11,2,GT,LAGOULETTE,2,2,0.0,1465.347,16.0
03470,2025-03-15,6,GT,LAGOULETTE,2,2,0.0,1446.008,4.0
03470,2025-03-17,1,GT,LAGOULETTE,2,2,0.0,39.804,8.0
03470,2025-03-18,2,GT,LAGOULETTE,2,2,0.0,71.422,1.0
03470,2025-03-24,1,GT,LAGOULETTE,2,2,0.0,798.26,4.0
03470,2025-03-28,5,GT,LAGOULETTE,2,2,0.0,472.744,6.0
03470,2025-03-31,1,GT,LAGOULETTE,2,2,0.0,23.272,1.0
03470,2025-04-11,5,GT,LAGOULETTE,2,2,0.0,116.088,1.0
03470,2025-04-13,0,GT,LAGOULETTE,2,2,0.0,309.932,15.0
03470,2025-04-16,3,GT,LAGOULETTE,2,2,0.0,23.272,1.0
03470,2025-04-18,5,GT,LAGOULETTE,2,2,0.0,116.088,1.0
03470,2025-04-20,0,GT,LAGOULETTE,2,2,0.0,1711.944,36.0
03470,2025-04-23,3,GT,LAGOULETTE,2,2,0.0,79.33,1.0
03470,2025-04-25,5,GT,LAGOULETTE,2,2,0.0,34.469,1.0
03470,2025-05-05,1,GT,LAGOULETTE,2,2,0.0,127.808,7.0
03470,2025-05-09,5,GT,LAGOULETTE,2,2,0.0,8826.072000000002,57.0
03470,2025-05-10,6,GT,LAGOULETTE,2,2,0.0,1057.464,6.0
03470,2025-05-11,0,GT,LAGOULETTE,2,2,0.0,675.084,5.0
03470,2025-05-25,0,GT,LAGOULETTE,2,2,0.0,36.996,20.0
03470,2025-05-28,3,GT,LAGOULETTE,2,2,0.0,544.98,7.0
03470,2025-05-30,5,GT,LAGOULETTE,2,2,0.0,16.067,3.0
03470,2025-06-01,0,GT,LAGOULETTE,2,2,0.0,664.245,3.0
03470,2025-06-05,4,GT,LAGOULETTE,2,2,0.0,128.539,24.0
03470,2025-06-13,5,GT,LAGOULETTE,2,2,0.0,418.27,8.0
03470,2025-06-20,5,GT,LAGOULETTE,2,2,0.0,15443.405999999999,54.0
03470,2025-06-25,3,GT,LAGOULETTE,2,2,0.0,50.494,24.0
03470,2025-06-30,1,GT,LAGOULETTE,2,2,0.0,128.539,24.0
03470,2025-07-08,2,GT,LAGOULETTE,2,2,0.0,141.337,5.0
03470,2025-07-11,5,GT,LAGOULETTE,2,2,0.0,235.084,2.0
03470,2025-07-20,0,GT,LAGOULETTE,2,2,0.0,103.318,1.0
03470,2025-07-25,5,GT,LAGOULETTE,2,2,0.0,255.712,2.0
03470,2025-07-27,0,GT,LAGOULETTE,2,2,0.0,1799.375,22.0
03470,2025-07-29,2,GT,LAGOULETTE,2,2,0.0,958.626,14.0
03470,2025-08-04,1,GT,LAGOULETTE,2,2,0.0,1367.555,51.0
03470,2025-08-19,2,GT,LAGOULETTE,2,2,0.0,185.96,9.0
03470,2025-08-25,1,GT,LAGOULETTE,2,2,0.0,541.474,5.0
03470,2025-08-27,3,GT,LAGOULETTE,2,2,0.0,123.972,6.0
03470,2025-08-31,0,GT,LAGOULETTE,2,2,0.0,190.605,6.0
03470,2025-09-02,2,GT,LAGOULETTE,2,2,0.0,110.284,1.0
03470,2025-09-05,5,GT,LAGOULETTE,2,2,0.0,3793.4000000000005,128.0
03470,2025-09-08,1,GT,LAGOULETTE,2,2,0.0,2092.55,5.0
03470,2025-09-10,3,GT,LAGOULETTE,2,2,0.0,1940.538,6.0
03470,2025-09-21,0,GT,LAGOULETTE,2,2,0.0,485.286,6.0
03470,2025-09-23,2,GT,LAGOULETTE,2,2,0.0,1420.578,16.0
03470,2025-09-24,3,GT,LAGOULETTE,2,2,0.0,2373.0699999999997,5.0
03470,2025-09-27,6,GT,LAGOULETTE,2,2,0.0,74.525,1.0
03470,2025-10-03,5,GT,LAGOULETTE,2,2,0.0,4882.365,23.0
03470,2025-10-10,5,GT,LAGOULETTE,2,2,0.0,706.008,13.0
03470,2025-10-11,6,GT,LAGOULETTE,2,2,0.0,204.064,6.0
03470,2025-10-14,2,GT,LAGOULETTE,2,2,0.0,102.033,3.0
03470,2025-10-15,3,GT,LAGOULETTE,2,2,0.0,3061.576,46.0
03470,2025-10-24,5,GT,LAGOULETTE,2,2,0.0,79.33,1.0
03470,2025-10-31,5,GT,LAGOULETTE,2,2,0.0,57.097,24.0
03470,2025-11-01,6,GT,LAGOULETTE,2,2,0.0,1465.56,33.0
03470,2025-11-07,5,GT,LAGOULETTE,2,2,0.0,782.4870000000001,3.0
03470,2025-11-09,0,GT,LAGOULETTE,2,2,0.0,54.411,1.0
03470,2025-11-19,3,GT,LAGOULETTE,2,2,0.0,57.097,24.0
03470,2025-11-21,5,GT,LAGOULETTE,2,2,0.0,662.484,8.0
03470,2025-11-23,0,GT,LAGOULETTE,2,2,0.0,48.591,1.0
03470,2025-11-25,2,GT,LAGOULETTE,2,2,0.0,154.33,2.0
03470,2025-11-29,6,GT,LAGOULETTE,2,2,0.0,92.812,1.0
03470,2025-12-02,2,GT,LAGOULETTE,2,2,0.0,116.088,1.0
03470,2025-12-03,3,GT,LAGOULETTE,2,2,0.0,116.088,1.0
03470,2025-12-07,0,GT,LAGOULETTE,2,2,0.0,60.056,4.0
03470,2025-12-09,2,GT,LAGOULETTE,2,2,0.0,347.24,4.0
03470,2025-12-16,2,GT,LAGOULETTE,2,2,0.0,729.116,30.0
03470,2025-12-21,0,GT,LAGOULETTE,2,2,0.0,920.4630000000001,8.0
03470,2025-12-24,3,GT,LAGOULETTE,2,2,0.0,114.919,21.0
03470,2025-12-26,5,GT,LAGOULETTE,2,2,0.0,75.581,3.0
03470,2025-12-27,6,GT,LAGOULETTE,2,2,0.0,127.663,6.0
03470,2025-12-29,1,GT,LAGOULETTE,2,2,0.0,28.935,12.0
03470,2025-12-30,2,GT,LAGOULETTE,2,2,0.0,21.277,1.0
03470,2026-01-06,2,GT,LAGOULETTE,2,2,0.0,554.076,26.0
03470,2026-01-18,0,GT,LAGOULETTE,2,2,0.0,317.649,72.0
03470,2026-01-22,4,GT,LAGOULETTE,2,2,0.0,491.832,4.0
03470,2026-02-02,1,GT,LAGOULETTE,2,2,0.0,384.51599999999996,4.0
03470,2026-02-03,2,GT,LAGOULETTE,2,2,0.0,2017.0429999999997,7.0
03470,2026-02-08,0,GT,LAGOULETTE,2,2,0.0,106.087,1.0
03470,2026-02-11,3,GT,LAGOULETTE,2,2,0.0,574.3290000000001,28.0
03470,2026-02-24,2,GT,LAGOULETTE,2,2,0.0,435.072,4.0
03470,2026-03-03,2,GT,LAGOULETTE,2,2,0.0,629.9639999999999,3.0
03470,2026-03-17,2,GT,LAGOULETTE,2,2,0.0,310.54,2.0
03470,2026-03-23,1,GT,LAGOULETTE,2,2,0.0,168.854,36.0
03470,2026-04-06,1,GT,LAGOULETTE,2,2,0.0,3628.232,77.0
03470,2026-04-13,1,GT,LAGOULETTE,2,2,0.0,53.279,4.0
03470,2026-04-26,0,GT,LAGOULETTE,2,2,0.0,143.472,5.0
03470,2026-05-04,1,GT,LAGOULETTE,2,2,0.0,450.274,48.0
03470,2026-05-15,5,GT,LAGOULETTE,2,2,0.0,343.38,73.0
03470,2026-05-24,0,GT,LAGOULETTE,2,2,0.0,72.634,1.0
03470,2026-06-01,1,GT,LAGOULETTE,2,2,0.0,39.618,1.0
03470,2026-06-03,3,GT,LAGOULETTE,2,2,0.0,174.159,6.0
03470,2026-06-22,1,GT,LAGOULETTE,2,2,0.0,130.508,24.0
03470,2026-06-24,3,GT,LAGOULETTE,2,2,0.0,415.332,22.0
03470,2026-06-26,5,GT,LAGOULETTE,2,2,0.0,323.938,2.0
03470,2026-07-06,1,GT,LAGOULETTE,2,2,0.0,28.054,1.0
03470,2026-07-14,2,GT,LAGOULETTE,2,2,0.0,103.739,1.0
03470,2026-07-28,2,GT,LAGOULETTE,2,2,0.0,914.678,21.0
03470,2026-08-05,3,GT,LAGOULETTE,2,2,0.0,62.114,1.0
03470,2026-08-24,1,GT,LAGOULETTE,2,2,0.0,418.809,3.0
03470,2026-08-30,0,GT,LAGOULETTE,2,2,0.0,283.181,15.0
03470,2026-09-03,4,GT,LAGOULETTE,2,2,0.0,69.002,1.0
03470,2026-09-07,1,GT,LAGOULETTE,2,2,0.0,65.343,1.0
03470,2026-09-13,0,GT,LAGOULETTE,2,2,0.0,80.111,1.0
03470,2026-09-25,5,GT,LAGOULETTE,2,2,0.0,62.632,1.0
03470,2026-10-01,4,GT,LAGOULETTE,2,2,0.0,23.837,24.0
03470,2026-10-11,0,GT,LAGOULETTE,2,2,0.0,97.6,1.0
03470,2026-10-15,4,GT,LAGOULETTE,2,2,0.0,661.592,5.0
03470,2026-10-29,4,GT,LAGOULETTE,2,2,0.0,68.782,1.0
03470,2026-11-04,3,GT,LAGOULETTE,2,2,0.0,112.569,24.0
03470,2026-11-23,1,GT,LAGOULETTE,2,2,0.0,410.944,7.0
03470,2026-11-29,0,GT,LAGOULETTE,2,2,0.0,106.087,1.0
03470,2026-12-01,2,GT,LAGOULETTE,2,2,0.0,69.002,1.0
03470,2026-12-07,1,GT,LAGOULETTE,2,2,0.0,399.878,27.0
03470,2026-12-20,0,GT,LAGOULETTE,2,2,0.0,141.383,26.0
03470,2026-12-21,1,GT,LAGOULETTE,2,2,0.0,260.206,4.0
03470,2026-12-28,1,GT,LAGOULETTE,2,2,0.0,106.087,1.0
03470,2026-12-30,3,GT,LAGOULETTE,2,2,0.0,885.296,144.0
03658,2025-01-10,5,GT,BENAROUS,1,1,0.0,71.728,1.0
03658,2025-01-24,5,GT,BENAROUS,1,1,0.0,76.16,2.0
03658,2025-01-31,5,GT,BENAROUS,1,1,0.0,42.213,24.0
03658,2025-02-07,5,GT,BENAROUS,1,1,0.0,19.04,1.0
03658,2025-02-14,5,GT,BENAROUS,1,1,0.0,52.367,12.0
03658,2025-03-07,5,GT,BENAROUS,1,1,0.0,75.188,1.0
03658,2025-03-14,5,GT,BENAROUS,1,1,0.0,87.445,1.0
03658,2025-03-21,5,GT,BENAROUS,1,1,0.0,87.445,1.0
03658,2025-03-28,5,GT,BENAROUS,1,1,0.0,9.128,1.0
03658,2026-01-25,0,GT,BENAROUS,1,1,0.0,10.301,1.0
03658,2026-02-08,0,GT,BENAROUS,1,1,0.0,20.603,2.0
03658,2026-12-20,0,GT,BENAROUS,1,1,0.0,42.213,24.0
03660,2025-01-02,4,GT,BENAROUS,1,1,0.0,25.194,1.0
03660,2025-01-23,4,GT,BENAROUS,1,1,0.0,103.163,1.0
03660,2025-01-30,4,GT,BENAROUS,1,1,0.0,110.284,1.0
03660,2025-01-31,5,GT,BENAROUS,1,1,0.0,75.756,5.0
03660,2025-02-06,4,GT,BENAROUS,1,1,0.0,54.242,24.0
03660,2025-02-07,5,GT,BENAROUS,1,1,0.0,70.568,1.0
03660,2025-02-21,5,GT,BENAROUS,1,1,0.0,42.213,24.0
03660,2025-03-14,5,GT,BENAROUS,1,1,0.0,30.503,1.0
03660,2025-04-18,5,GT,BENAROUS,1,1,0.0,26.236,24.0
03660,2025-04-29,2,GT,BENAROUS,1,1,0.0,26.236,24.0
03660,2025-05-07,3,GT,BENAROUS,1,1,0.0,25.247,12.0
03660,2025-05-13,2,GT,BENAROUS,1,1,0.0,25.247,12.0
03660,2025-05-16,5,GT,BENAROUS,1,1,0.0,80.34700000000001,30.0
03660,2025-05-30,5,GT,BENAROUS,1,1,0.0,24.004,24.0
03660,2025-06-20,5,GT,BENAROUS,1,1,0.0,27.616,24.0
03660,2025-07-11,5,GT,BENAROUS,1,1,0.0,50.494,24.0
03660,2025-07-18,5,GT,BENAROUS,1,1,0.0,32.016,12.0
03660,2025-08-22,5,GT,BENAROUS,1,1,0.0,50.494,24.0
03660,2025-12-19,5,GT,BENAROUS,1,1,0.0,30.503,1.0
03660,2026-05-17,0,GT,BENAROUS,1,1,0.0,53.213,12.0
03660,2026-07-12,0,GT,BENAROUS,1,1,0.0,43.818,1.0
03660,2026-10-04,0,GT,BENAROUS,1,1,0.0,124.426,48.0
03660,2026-10-11,0,GT,BENAROUS,1,1,0.0,38.375,24.0
03660,2026-10-25,0,GT,BENAROUS,1,1,0.0,15.518,2.0
03660,2026-11-01,0,GT,BENAROUS,1,1,0.0,68.782,1.0
03660,2026-11-08,0,GT,BENAROUS,1,1,0.0,29.154,2.0
03660,2026-11-15,0,GT,BENAROUS,1,1,0.0,38.375,24.0
03660,2026-12-20,0,GT,BENAROUS,1,1,0.0,42.213,24.0
03661,2025-01-09,4,GT,BENAROUS,1,1,0.0,52.047,1.0
03661,2025-01-10,5,GT,BENAROUS,1,1,0.0,106.425,24.0
03661,2025-01-31,5,GT,BENAROUS,1,1,0.0,57.804,1.0
03661,2025-02-07,5,GT,BENAROUS,1,1,0.0,19.04,1.0
03661,2025-02-21,5,GT,BENAROUS,1,1,0.0,13.444,1.0
03661,2025-03-14,5,GT,BENAROUS,1,1,0.0,23.272,1.0
03661,2025-03-21,5,GT,BENAROUS,1,1,0.0,24.349,1.0
03661,2025-04-28,1,GT,BENAROUS,1,1,0.0,26.236,24.0
03661,2025-05-16,5,GT,BENAROUS,1,1,0.0,29.853,6.0
03661,2025-05-30,5,GT,BENAROUS,1,1,0.0,24.004,24.0
03661,2025-06-02,1,GT,BENAROUS,1,1,0.0,24.004,24.0
03661,2025-06-03,2,GT,BENAROUS,1,1,0.0,28.646,1.0
03661,2025-06-15,0,GT,BENAROUS,1,1,0.0,30.503,1.0
03661,2025-06-27,5,GT,BENAROUS,1,1,0.0,50.494,24.0
03661,2025-07-18,5,GT,BENAROUS,1,1,0.0,71.422,1.0
03661,2025-08-15,5,GT,BENAROUS,1,1,0.0,22.401,1.0
03661,2025-08-29,5,GT,BENAROUS,1,1,0.0,22.401,1.0
03661,2025-09-05,5,GT,BENAROUS,1,1,0.0,22.838,1.0
03661,2025-10-03,5,GT,BENAROUS,1,1,0.0,57.097,24.0
03661,2025-10-10,5,GT,BENAROUS,1,1,0.0,110.284,1.0
03661,2025-10-17,5,GT,BENAROUS,1,1,0.0,25.194,2.0
03661,2025-10-31,5,GT,BENAROUS,1,1,0.0,19.906,1.0
03661,2025-11-14,5,GT,BENAROUS,1,1,0.0,35.546,1.0
03661,2025-11-17,1,GT,BENAROUS,1,1,0.0,19.906,1.0
03661,2025-11-19,3,GT,BENAROUS,1,1,0.0,57.097,24.0
03661,2025-12-12,5,GT,BENAROUS,1,1,0.0,30.867,1.0
03661,2025-12-26,5,GT,BENAROUS,1,1,0.0,50.387,2.0
03661,2026-01-25,0,GT,BENAROUS,1,1,0.0,25.092,24.0
03661,2026-04-05,0,GT,BENAROUS,1,1,0.0,9.128,1.0
03661,2026-05-17,0,GT,BENAROUS,1,1,0.0,23.699,24.0
03661,2026-06-14,0,GT,BENAROUS,1,1,0.0,23.699,24.0
03661,2026-06-28,0,GT,BENAROUS,1,1,0.0,16.432,2.0
03661,2026-09-13,0,GT,BENAROUS,1,1,0.0,38.375,24.0
03661,2026-09-20,0,GT,BENAROUS,1,1,0.0,313.724,49.0
03661,2026-11-08,0,GT,BENAROUS,1,1,0.0,18.257,2.0
03661,2026-11-15,0,GT,BENAROUS,1,1,0.0,14.578,1.0
03661,2026-12-13,0,GT,BENAROUS,1,1,0.0,136.898,48.0
03661,2026-12-27,0,GT,BENAROUS,1,1,0.0,33.501,1.0
03673,2025-01-05,0,GT,HAMMAMCHATT,1,1,0.0,9.128,1.0
03673,2025-01-12,0,GT,HAMMAMCHATT,1,1,0.0,20.214,1.0
03673,2025-01-26,0,GT,HAMMAMCHATT,1,1,0.0,42.213,24.0
03673,2025-02-09,0,GT,HAMMAMCHATT,1,1,0.0,33.112,1.0
03673,2025-03-02,0,GT,HAMMAMCHATT,1,1,0.0,42.213,24.0
03673,2025-03-31,1,GT,HAMMAMCHATT,1,1,0.0,26.512,24.0
03673,2025-05-05,1,GT,HAMMAMCHATT,1,1,0.0,54.378,1.0
03673,2025-05-19,1,GT,HAMMAMCHATT,1,1,0.0,20.275,24.0
03673,2025-06-09,1,GT,HAMMAMCHATT,1,1,0.0,24.349,1.0
03673,2025-06-16,1,GT,HAMMAMCHATT,1,1,0.0,11.636,1.0
03673,2025-06-22,0,GT,HAMMAMCHATT,1,1,0.0,50.494,24.0
03673,2025-07-28,1,GT,HAMMAMCHATT,1,1,0.0,50.494,24.0
03673,2025-10-06,1,GT,HAMMAMCHATT,1,1,0.0,9.128,1.0
03673,2025-11-03,1,GT,HAMMAMCHATT,1,1,0.0,57.097,24.0
03673,2025-11-10,1,GT,HAMMAMCHATT,1,1,0.0,57.097,24.0
03673,2025-11-17,1,GT,HAMMAMCHATT,1,1,0.0,8.671,1.0
03673,2025-12-29,1,GT,HAMMAMCHATT,1,1,0.0,42.975,1.0
03673,2026-01-21,3,GT,HAMMAMCHATT,1,1,0.0,30.684,2.0
03673,2026-02-11,3,GT,HAMMAMCHATT,1,1,0.0,137.676,26.0
03673,2026-02-18,3,GT,HAMMAMCHATT,1,1,0.0,320.973,50.0
03673,2026-05-20,3,GT,HAMMAMCHATT,1,1,0.0,106.992,25.0
03673,2026-05-27,3,GT,HAMMAMCHATT,1,1,0.0,51.575,1.0
03673,2026-06-03,3,GT,HAMMAMCHATT,1,1,0.0,77.33,2.0
03673,2026-06-10,3,GT,HAMMAMCHATT,1,1,0.0,425.091,74.0
03673,2026-06-17,3,GT,HAMMAMCHATT,1,1,0.0,147.31,2.0
03673,2026-07-15,3,GT,HAMMAMCHATT,1,1,0.0,27.238,1.0
03673,2026-08-19,3,GT,HAMMAMCHATT,1,1,0.0,116.222,25.0
03673,2026-09-17,4,GT,HAMMAMCHATT,1,1,0.0,111.55,25.0
03673,2026-10-13,2,GT,HAMMAMCHATT,1,1,0.0,111.55,25.0
03673,2026-10-27,2,GT,HAMMAMCHATT,1,1,0.0,81.102,2.0
03673,2026-11-24,2,GT,HAMMAMCHATT,1,1,0.0,25.894,1.0
03673,2026-12-02,3,GT,HAMMAMCHATT,1,1,0.0,31.639,1.0
03673,2026-12-06,0,GT,HAMMAMCHATT,1,1,0.0,340.478,73.0
03674,2025-03-23,0,GT,HAMMAMCHATT,1,1,0.0,36.514,2.0
03674,2026-04-08,3,GT,HAMMAMCHATT,1,1,0.0,2524.2490000000003,53.0
03674,2026-07-01,3,GT,HAMMAMCHATT,1,1,0.0,1556.335,6.0
03674,2026-08-12,3,GT,HAMMAMCHATT,1,1,0.0,38.779,24.0
03675,2025-12-15,1,GT,HAMMAMCHATT,1,1,0.0,148.298,25.0
03680,2025-01-24,5,GT,HAMMAMCHATT,1,1,0.0,42.213,24.0
03680,2025-02-09,0,GT,HAMMAMCHATT,1,1,0.0,54.242,24.0
03680,2025-03-09,0,GT,HAMMAMCHATT,1,1,0.0,109.844,48.0
03680,2025-08-24,0,GT,HAMMAMCHATT,1,1,0.0,50.494,24.0
03680,2025-12-29,1,GT,HAMMAMCHATT,1,1,0.0,110.284,1.0
03681,2025-01-16,4,GT,ELOUERDIA,1,1,0.0,41.91,1.0
03681,2025-01-30,4,GT,ELOUERDIA,1,1,0.0,59.848,1.0
03681,2025-02-06,4,GT,ELOUERDIA,1,1,0.0,9.128,1.0
03681,2025-03-09,0,GT,ELOUERDIA,1,1,0.0,26.49,1.0
03681,2025-11-07,5,GT,ELOUERDIA,1,1,0.0,19.617,40.0
03681,2025-12-09,2,GT,ELOUERDIA,1,1,0.0,62.802,1.0
03685,2025-02-14,5,GT,ELOUERDIA,1,1,0.0,34.608,12.0
03685,2025-02-24,1,GT,ELOUERDIA,1,1,0.0,78.408,1.0
03685,2025-12-02,2,GT,ELOUERDIA,1,1,0.0,16.022,60.0
03689,2025-10-02,4,GT,BABBHAR,1,1,0.0,2.557,1.0
03690,2027-06-15,2,Inconnu,Ariana_Ville,1,1,0.0,7303.712000000001,64.0
03731,2025-01-28,2,GT,LAGOULETTE,2,2,0.0,156.09,25.0
03731,2025-02-11,2,GT,LAGOULETTE,2,2,0.0,34.608,12.0
03731,2025-06-25,3,GT,LAGOULETTE,2,2,0.0,50.494,24.0
03731,2025-09-14,0,GT,LAGOULETTE,2,2,0.0,35.35,6.0
03731,2025-09-23,2,GT,LAGOULETTE,2,2,0.0,275.38800000000003,14.0
03731,2025-10-22,3,GT,LAGOULETTE,2,2,0.0,261.33,9.0
03731,2025-11-12,3,GT,LAGOULETTE,2,2,0.0,231.274,2.0
03731,2025-12-03,3,GT,LAGOULETTE,2,2,0.0,365.792,7.0
03731,2025-12-10,3,GT,LAGOULETTE,2,2,0.0,294.381,3.0
03731,2025-12-13,6,GT,LAGOULETTE,2,2,0.0,54.242,24.0
03731,2026-08-28,5,GT,LAGOULETTE,2,2,0.0,8574.894000000002,175.0
03731,2026-10-06,2,GT,LAGOULETTE,2,2,0.0,912.2459999999999,98.0
03731,2026-11-08,0,GT,LAGOULETTE,2,2,0.0,10421.103999999996,62.0
03737,2025-01-03,5,SE,LASOUKRA,2,2,0.0,38.997,1.0
03737,2025-01-06,1,SE,LASOUKRA,2,2,0.0,39.735,1.0
03737,2025-01-11,6,SE,LASOUKRA,2,2,0.0,264.122,3.0
03737,2025-01-24,5,SE,LASOUKRA,2,2,0.0,113.332,2.0
03737,2025-01-27,1,SE,LASOUKRA,2,2,0.0,33.893,1.0
03737,2025-02-05,3,SE,LASOUKRA,2,2,0.0,767.6300000000001,76.0
03737,2025-02-09,0,SE,LASOUKRA,2,2,0.0,75.188,1.0
03737,2025-02-11,2,SE,LASOUKRA,2,2,0.0,34.608,12.0
03737,2025-02-12,3,SE,LASOUKRA,2,2,0.0,113.39099999999999,14.0
03737,2025-03-02,0,SE,LASOUKRA,2,2,0.0,52.047,1.0
03737,2025-03-08,6,SE,LASOUKRA,2,2,0.0,70.568,1.0
03737,2025-03-10,1,SE,LASOUKRA,2,2,0.0,334.116,3.0
03737,2025-04-19,6,SE,LASOUKRA,2,2,0.0,16.067,3.0
03737,2025-04-26,6,SE,LASOUKRA,2,2,0.0,30.503,1.0
03737,2025-05-30,5,SE,LASOUKRA,2,2,0.0,54.411,1.0
03737,2025-06-13,5,SE,LASOUKRA,2,2,0.0,37.418,1.0
03737,2025-06-21,6,SE,LASOUKRA,2,2,0.0,59.707,12.0
03737,2025-06-30,1,SE,LASOUKRA,2,2,0.0,30.503,1.0
03737,2025-07-27,0,SE,LASOUKRA,2,2,0.0,37.418,1.0
03737,2025-08-03,0,SE,LASOUKRA,2,2,0.0,38.583,1.0
03737,2025-08-20,3,SE,LASOUKRA,2,2,0.0,319.97700000000003,3.0
03737,2025-09-06,6,SE,LASOUKRA,2,2,0.0,36.278,1.0
03737,2025-09-20,6,SE,LASOUKRA,2,2,0.0,22.838,1.0
03737,2025-09-21,0,SE,LASOUKRA,2,2,0.0,34.87,1.0
03737,2025-10-04,6,SE,LASOUKRA,2,2,0.0,135.462,2.0
03737,2025-11-08,6,SE,LASOUKRA,2,2,0.0,32.016,6.0
03737,2025-11-10,1,SE,LASOUKRA,2,2,0.0,314.396,3.0
03737,2025-11-22,6,SE,LASOUKRA,2,2,0.0,110.284,1.0
03737,2025-12-06,6,SE,LASOUKRA,2,2,0.0,110.284,1.0
03737,2026-06-24,3,SE,LASOUKRA,2,2,0.0,61223.75700000002,69.0
03737,2026-09-05,6,SE,LASOUKRA,2,2,0.0,259.916,2.0
03737,2026-11-05,4,SE,LASOUKRA,2,2,0.0,64.218,1.0
03737,2026-11-26,4,SE,LASOUKRA,2,2,0.0,320.443,4.0
03738,2026-03-16,1,GT,Inconnue,2,2,0.0,153.29,4.0
03741,2025-01-03,5,GT,LAGOULETTE,2,2,0.0,32.663,1.0
03741,2025-01-14,2,GT,LAGOULETTE,2,2,0.0,36.996,20.0
03741,2025-02-11,2,GT,LAGOULETTE,2,2,0.0,388.992,2.0
03741,2025-02-16,0,GT,LAGOULETTE,2,2,0.0,54.242,24.0
03741,2025-02-19,3,GT,LAGOULETTE,2,2,0.0,29.154,2.0
03741,2025-03-08,6,GT,LAGOULETTE,2,2,0.0,574.167,3.0
03741,2025-03-10,1,GT,LAGOULETTE,2,2,0.0,64.807,12.0
03741,2025-04-04,5,GT,LAGOULETTE,2,2,0.0,23.272,1.0
03741,2025-04-25,5,GT,LAGOULETTE,2,2,0.0,30.503,1.0
03741,2025-05-21,3,GT,LAGOULETTE,2,2,0.0,30.503,1.0
03741,2025-06-18,3,GT,LAGOULETTE,2,2,0.0,53.562,10.0
03741,2025-06-29,0,GT,LAGOULETTE,2,2,0.0,24.349,1.0
03741,2025-07-23,3,GT,LAGOULETTE,2,2,0.0,38.583,1.0
03741,2025-08-01,5,GT,LAGOULETTE,2,2,0.0,140.546,2.0
03741,2025-09-07,0,GT,LAGOULETTE,2,2,0.0,33.865,1.0
03741,2025-11-24,1,GT,LAGOULETTE,2,2,0.0,67.863,1.0
03741,2025-11-26,3,GT,LAGOULETTE,2,2,0.0,110.284,1.0
03741,2025-11-30,0,GT,LAGOULETTE,2,2,0.0,39.278,6.0
03741,2025-12-14,0,GT,LAGOULETTE,2,2,0.0,75.069,5.0
03741,2025-12-24,3,GT,LAGOULETTE,2,2,0.0,13.774,1.0
03741,2026-02-03,2,GT,LAGOULETTE,2,2,0.0,340.252,25.0
03741,2026-03-19,4,GT,LAGOULETTE,2,2,0.0,31.171,1.0
03741,2026-03-26,4,GT,LAGOULETTE,2,2,0.0,683.766,10.0
03741,2026-04-15,3,GT,LAGOULETTE,2,2,0.0,191.252,6.0
03741,2026-04-29,3,GT,LAGOULETTE,2,2,0.0,13.304,3.0
03741,2026-06-10,3,GT,LAGOULETTE,2,2,0.0,321.55,2.0
03741,2026-07-28,2,GT,LAGOULETTE,2,2,0.0,201.36900000000003,26.0
03741,2026-07-31,5,GT,LAGOULETTE,2,2,0.0,790.884,4.0
03741,2026-09-04,5,GT,LAGOULETTE,2,2,0.0,43.818,1.0
03741,2026-09-05,6,GT,LAGOULETTE,2,2,0.0,281.46,2.0
03741,2026-09-15,2,GT,LAGOULETTE,2,2,0.0,60.35,1.0
03741,2026-10-04,0,GT,LAGOULETTE,2,2,0.0,7758.2249999999985,64.0
03741,2026-10-12,1,GT,LAGOULETTE,2,2,0.0,4316.58,11.0
03741,2026-10-21,3,GT,LAGOULETTE,2,2,0.0,223.248,3.0
03741,2026-10-23,5,GT,LAGOULETTE,2,2,0.0,71.728,1.0
03741,2026-11-06,5,GT,LAGOULETTE,2,2,0.0,38.375,24.0
03741,2026-11-13,5,GT,LAGOULETTE,2,2,0.0,58.308,2.0
03741,2026-12-09,3,GT,LAGOULETTE,2,2,0.0,112.569,24.0
03741,2026-12-11,5,GT,LAGOULETTE,2,2,0.0,253.442,6.0
03741,2026-12-22,2,GT,LAGOULETTE,2,2,0.0,709.732,10.0
03750,2025-01-13,1,GT,LEKRAM,2,2,0.0,85.951,1.0
03750,2025-01-21,2,GT,LEKRAM,2,2,0.0,42.213,24.0
03750,2025-01-25,6,GT,LEKRAM,2,2,0.0,70.568,1.0
03750,2025-01-29,3,GT,LEKRAM,2,2,0.0,34.08,1.0
03750,2025-02-07,5,GT,LEKRAM,2,2,0.0,70.568,1.0
03750,2025-02-15,6,GT,LEKRAM,2,2,0.0,87.293,1.0
03750,2025-02-21,5,GT,LEKRAM,2,2,0.0,83.737,1.0
03750,2025-03-01,6,GT,LEKRAM,2,2,0.0,53.774,3.0
03750,2025-03-07,5,GT,LEKRAM,2,2,0.0,24.349,1.0
03750,2025-03-15,6,GT,LEKRAM,2,2,0.0,107.552,2.0
03750,2025-03-17,1,GT,LEKRAM,2,2,0.0,39.804,8.0
03750,2025-03-18,2,GT,LEKRAM,2,2,0.0,37.404,1.0
03750,2025-03-31,1,GT,LEKRAM,2,2,0.0,11.901,2.0
03750,2025-04-05,6,GT,LEKRAM,2,2,0.0,8.243,2.0
03750,2025-04-16,3,GT,LEKRAM,2,2,0.0,10.713,2.0
03750,2025-04-20,0,GT,LEKRAM,2,2,0.0,22.401,1.0
03750,2025-05-05,1,GT,LEKRAM,2,2,0.0,24.729,6.0
03750,2025-05-13,2,GT,LEKRAM,2,2,0.0,30.503,1.0
03750,2025-05-20,2,GT,LEKRAM,2,2,0.0,16.067,3.0
03750,2025-06-01,0,GT,LEKRAM,2,2,0.0,9.128,1.0
03750,2025-06-05,4,GT,LEKRAM,2,2,0.0,131.672,2.0
03750,2025-06-20,5,GT,LEKRAM,2,2,0.0,29.853,6.0
03750,2025-06-30,1,GT,LEKRAM,2,2,0.0,32.134,6.0
03750,2025-07-12,6,GT,LEKRAM,2,2,0.0,86.708,9.0
03750,2025-07-25,5,GT,LEKRAM,2,2,0.0,43.731,3.0
03750,2025-08-29,5,GT,LEKRAM,2,2,0.0,30.037,1.0
03750,2025-09-14,0,GT,LEKRAM,2,2,0.0,35.35,6.0
03750,2025-09-28,0,GT,LEKRAM,2,2,0.0,16.417,3.0
03750,2025-09-30,2,GT,LEKRAM,2,2,0.0,57.348,1.0
03750,2025-10-04,6,GT,LEKRAM,2,2,0.0,54.411,1.0
03750,2025-10-10,5,GT,LEKRAM,2,2,0.0,242.452,2.0
03750,2025-10-31,5,GT,LEKRAM,2,2,0.0,38.453,12.0
03750,2025-11-02,0,GT,LEKRAM,2,2,0.0,33.865,1.0
03750,2025-11-07,5,GT,LEKRAM,2,2,0.0,33.387,6.0
03750,2025-12-19,5,GT,LEKRAM,2,2,0.0,15.014,1.0
03750,2026-06-14,0,GT,LEKRAM,2,2,0.0,668.284,74.0
03750,2026-07-29,3,GT,LEKRAM,2,2,0.0,340.776,2.0
03750,2026-08-03,1,GT,LEKRAM,2,2,0.0,309.878,2.0
03750,2026-08-24,1,GT,LEKRAM,2,2,0.0,713.094,3.0
03750,2026-09-03,4,GT,LEKRAM,2,2,0.0,282.836,2.0
03750,2026-09-20,0,GT,LEKRAM,2,2,0.0,294.084,30.0
03750,2026-10-14,3,GT,LEKRAM,2,2,0.0,341.596,25.0
03750,2026-10-28,3,GT,LEKRAM,2,2,0.0,523.2180000000001,3.0
03750,2026-10-29,4,GT,LEKRAM,2,2,0.0,1138.968,4.0
03750,2026-11-03,2,GT,LEKRAM,2,2,0.0,68.782,1.0
03750,2026-11-09,1,GT,LEKRAM,2,2,0.0,7.288,1.0
03750,2026-11-10,2,GT,LEKRAM,2,2,0.0,7.288,1.0
03750,2026-11-11,3,GT,LEKRAM,2,2,0.0,68.702,1.0
03750,2026-11-17,2,GT,LEKRAM,2,2,0.0,323.938,2.0
03750,2026-11-24,2,GT,LEKRAM,2,2,0.0,181.261,2.0
03750,2026-12-11,5,GT,LEKRAM,2,2,0.0,57.796,1.0
03751,2025-04-08,2,,LAMARSA,2,2,0.0,34.469,1.0
03751,2026-04-20,1,,LAMARSA,2,2,0.0,130.508,24.0
03751,2026-10-26,1,,LAMARSA,2,2,0.0,68.782,1.0
03753,2026-01-22,4,,Inconnue,2,2,0.0,2448.815,10.0
03753,2026-10-15,4,,Inconnue,2,2,0.0,714.327,3.0
03753,2026-10-16,5,,Inconnue,2,2,0.0,112.569,24.0
03753,2026-11-12,4,,Inconnue,2,2,0.0,23.837,24.0
03754,2025-01-23,4,,CARTHAGE,2,2,0.0,76.609,2.0
03754,2025-08-17,0,,CARTHAGE,2,2,0.0,79.351,1.0
03754,2025-11-07,5,,CARTHAGE,2,2,0.0,57.097,24.0
03754,2025-12-24,3,,CARTHAGE,2,2,0.0,320.296,30.0
03756,2025-04-19,6,,LAMARSA,2,2,0.0,114.224,1.0
03756,2025-09-09,2,,LAMARSA,2,2,0.0,27.616,24.0
03756,2025-11-03,1,,LAMARSA,2,2,0.0,116.088,1.0
03756,2026-02-04,3,,LAMARSA,2,2,0.0,242.826,2.0
03756,2026-04-24,5,,LAMARSA,2,2,0.0,72.634,1.0
03756,2026-05-08,5,,LAMARSA,2,2,0.0,343.38,73.0
03756,2026-05-28,4,,LAMARSA,2,2,0.0,130.508,24.0
03756,2026-06-07,0,,LAMARSA,2,2,0.0,343.38,73.0
03756,2026-06-23,2,,LAMARSA,2,2,0.0,71.728,1.0
03758,2025-01-06,1,SE,LASOUKRA,2,2,0.0,24.004,24.0
03758,2025-01-07,2,SE,LASOUKRA,2,2,0.0,26.607,6.0
03759,2025-01-19,0,SE,LASOUKRA,2,2,0.0,41.91,1.0
03759,2026-09-02,3,SE,LASOUKRA,2,2,0.0,61.993,1.0
03792,2025-02-11,2,GT,RADES,1,1,0.0,53.774,3.0
03793,2025-05-31,6,GT,RADES,1,1,0.0,24.349,1.0
03793,2026-02-10,2,GT,RADES,1,1,0.0,38.153,24.0
03809,2025-01-04,6,GT,RADES,1,1,0.0,57.097,24.0
03809,2025-01-14,2,GT,RADES,1,1,0.0,59.848,1.0
03809,2025-01-18,6,GT,RADES,1,1,0.0,54.242,24.0
03809,2025-01-25,6,GT,RADES,1,1,0.0,23.188,24.0
03809,2025-01-26,0,GT,RADES,1,1,0.0,48.196,1.0
03809,2025-01-28,2,GT,RADES,1,1,0.0,41.91,1.0
03809,2025-02-02,0,GT,RADES,1,1,0.0,20.275,24.0
03809,2025-02-09,0,GT,RADES,1,1,0.0,42.213,24.0
03809,2025-02-15,6,GT,RADES,1,1,0.0,78.408,1.0
03809,2025-02-16,0,GT,RADES,1,1,0.0,35.832,1.0
03809,2025-02-17,1,GT,RADES,1,1,0.0,16845.959000000003,112.0
03809,2025-03-02,0,GT,RADES,1,1,0.0,1074.732,72.0
03809,2025-03-03,1,GT,RADES,1,1,0.0,5062.152000000001,113.0
03809,2025-03-07,5,GT,RADES,1,1,0.0,31222.89000000001,135.0
03809,2025-03-30,0,GT,RADES,1,1,0.0,1947.128,96.0
03809,2025-04-14,1,GT,RADES,1,1,0.0,30.503,1.0
03809,2025-04-29,2,GT,RADES,1,1,0.0,32473.097999999998,70.0
03809,2025-05-06,2,GT,RADES,1,1,0.0,25.247,12.0
03809,2025-05-11,0,GT,RADES,1,1,0.0,24.349,1.0
03809,2025-05-13,2,GT,RADES,1,1,0.0,30.503,1.0
03809,2025-05-16,5,GT,RADES,1,1,0.0,50.494,24.0
03809,2025-05-31,6,GT,RADES,1,1,0.0,24.878,5.0
03809,2025-06-13,5,GT,RADES,1,1,0.0,36.514,2.0
03809,2025-06-16,1,GT,RADES,1,1,0.0,106.801,1.0
03809,2025-06-29,0,GT,RADES,1,1,0.0,34590.716,234.0
03809,2025-07-20,0,GT,RADES,1,1,0.0,54.003,24.0
03809,2025-08-17,0,GT,RADES,1,1,0.0,66.917,1.0
03809,2025-08-22,5,GT,RADES,1,1,0.0,9204.110999999999,106.0
03809,2025-09-07,0,GT,RADES,1,1,0.0,156.22,48.0
03809,2025-09-14,0,GT,RADES,1,1,0.0,22.838,1.0
03809,2025-10-06,1,GT,RADES,1,1,0.0,57.097,24.0
03809,2025-10-14,2,GT,RADES,1,1,0.0,20152.783999999992,71.0
03809,2025-11-03,1,GT,RADES,1,1,0.0,116.088,1.0
03809,2025-11-26,3,GT,RADES,1,1,0.0,97.182,2.0
03809,2025-11-30,0,GT,RADES,1,1,0.0,30.503,1.0
03809,2025-12-14,0,GT,RADES,1,1,0.0,37.676,24.0
03809,2025-12-15,1,GT,RADES,1,1,0.0,42.975,1.0
03809,2025-12-19,5,GT,RADES,1,1,0.0,28300.425999999996,126.0
03809,2025-12-21,0,GT,RADES,1,1,0.0,194.434,25.0
03809,2025-12-28,0,GT,RADES,1,1,0.0,37.676,24.0
03809,2026-01-16,5,GT,RADES,1,1,0.0,1144.5539999999999,52.0
03809,2026-01-19,1,GT,RADES,1,1,0.0,1085.55,47.0
03809,2026-01-22,4,GT,RADES,1,1,0.0,4437.775,24.0
03809,2026-02-10,2,GT,RADES,1,1,0.0,6563.509999999999,115.0
03809,2026-03-04,3,GT,RADES,1,1,0.0,8336.364,158.0
03809,2026-03-18,3,GT,RADES,1,1,0.0,7790.712,116.0
03809,2026-03-24,2,GT,RADES,1,1,0.0,10122.642,165.0
03809,2026-04-21,2,GT,RADES,1,1,0.0,11672.123999999998,114.0
03809,2026-05-10,0,GT,RADES,1,1,0.0,7489.115999999999,226.0
03809,2026-05-26,2,GT,RADES,1,1,0.0,31.171,1.0
03809,2026-06-04,4,GT,RADES,1,1,0.0,8021.133999999998,91.0
03809,2026-06-15,1,GT,RADES,1,1,0.0,100.05,2.0
03809,2026-06-30,2,GT,RADES,1,1,0.0,36364.272,188.0
03809,2026-07-30,4,GT,RADES,1,1,0.0,6155.058,139.0
03809,2026-08-11,2,GT,RADES,1,1,0.0,4537.522000000001,104.0
03809,2026-09-01,2,GT,RADES,1,1,0.0,810.108,6.0
03809,2026-09-06,0,GT,RADES,1,1,0.0,13768.800000000003,253.0
03809,2026-09-15,2,GT,RADES,1,1,0.0,3562.61,49.0
03809,2026-10-05,1,GT,RADES,1,1,0.0,97.6,1.0
03809,2026-10-11,0,GT,RADES,1,1,0.0,13938.135000000004,42.0
03809,2026-11-16,1,GT,RADES,1,1,0.0,56545.790999999976,249.0
03809,2026-11-22,0,GT,RADES,1,1,0.0,591.816,28.0
03809,2026-11-24,2,GT,RADES,1,1,0.0,38.375,24.0
03809,2026-12-22,2,GT,RADES,1,1,0.0,174.398,2.0
03809,2026-12-26,6,GT,RADES,1,1,0.0,17916.383999999995,98.0
03811,2025-01-12,0,GT,RADES,1,1,0.0,168.852,48.0
03811,2025-02-09,0,GT,RADES,1,1,0.0,42.213,24.0
03811,2025-03-09,0,GT,RADES,1,1,0.0,87.445,1.0
03811,2025-03-23,0,GT,RADES,1,1,0.0,149.878,25.0
03811,2025-04-27,0,GT,RADES,1,1,0.0,26.236,24.0
03811,2025-05-04,0,GT,RADES,1,1,0.0,25.247,12.0
03811,2025-06-15,0,GT,RADES,1,1,0.0,37.418,1.0
03811,2026-02-03,2,GT,RADES,1,1,0.0,10.301,1.0
03811,2026-09-01,2,GT,RADES,1,1,0.0,38.779,24.0
03811,2026-09-22,2,GT,RADES,1,1,0.0,106.425,24.0
03811,2026-10-27,2,GT,RADES,1,1,0.0,97.6,1.0
03811,2026-11-17,2,GT,RADES,1,1,0.0,43.891,24.0
03811,2026-12-22,2,GT,RADES,1,1,0.0,106.425,24.0
03811,2026-12-29,2,GT,RADES,1,1,0.0,42.213,24.0
03815,2025-03-18,2,GT,EZZAHRA,1,1,0.0,97.396,2.0
03816,2025-01-16,4,GT,BABBHAR,1,1,0.0,23.188,24.0
03816,2025-02-06,4,GT,BABBHAR,1,1,0.0,44.885,1.0
03816,2025-02-24,1,GT,BABBHAR,1,1,0.0,34.011,1.0
03816,2025-03-13,4,GT,BABBHAR,1,1,0.0,91.423,1.0
03816,2025-10-26,0,GT,BABBHAR,1,1,0.0,22.838,1.0
03816,2025-11-07,5,GT,BABBHAR,1,1,0.0,19.617,40.0
03818,2025-05-09,5,GT,ELKHADRA,1,1,0.0,97.396,2.0
03818,2025-06-18,3,GT,ELKHADRA,1,1,0.0,201.976,48.0
03818,2025-06-25,3,GT,ELKHADRA,1,1,0.0,27.616,24.0
03818,2025-07-23,3,GT,ELKHADRA,1,1,0.0,79.33,1.0
03818,2026-01-18,0,GT,ELKHADRA,1,1,0.0,40.395,24.0
03818,2026-03-15,0,GT,ELKHADRA,1,1,0.0,38.153,24.0
03818,2026-05-10,0,GT,ELKHADRA,1,1,0.0,31.171,1.0
03818,2026-06-19,5,GT,ELKHADRA,1,1,0.0,184.962,25.0
03818,2026-08-07,5,GT,ELKHADRA,1,1,0.0,242.70000000000002,26.0
03818,2026-08-23,0,GT,ELKHADRA,1,1,0.0,38.779,24.0
03819,2025-02-04,2,GT,BABBHAR,1,1,0.0,54.242,24.0
03819,2025-04-09,3,GT,BABBHAR,1,1,0.0,19.262,24.0
03819,2025-05-04,0,GT,BABBHAR,1,1,0.0,25.247,12.0
03819,2025-05-06,2,GT,BABBHAR,1,1,0.0,25.247,12.0
03819,2025-05-07,3,GT,BABBHAR,1,1,0.0,67.863,1.0
03819,2025-05-14,3,GT,BABBHAR,1,1,0.0,25.247,12.0
03819,2025-06-11,3,GT,BABBHAR,1,1,0.0,24.349,1.0
03819,2025-06-18,3,GT,BABBHAR,1,1,0.0,50.494,24.0
03819,2025-10-15,3,GT,BABBHAR,1,1,0.0,116.088,1.0
03819,2025-11-12,3,GT,BABBHAR,1,1,0.0,19.906,1.0
03819,2025-11-26,3,GT,BABBHAR,1,1,0.0,67.863,1.0
03819,2025-12-03,3,GT,BABBHAR,1,1,0.0,57.097,24.0
03819,2025-12-24,3,GT,BABBHAR,1,1,0.0,50.387,2.0
03819,2026-01-09,5,GT,BABBHAR,1,1,0.0,25.092,24.0
03819,2026-01-16,5,GT,BABBHAR,1,1,0.0,554.892,50.0
03819,2026-01-30,5,GT,BABBHAR,1,1,0.0,40.395,24.0
03819,2026-02-06,5,GT,BABBHAR,1,1,0.0,25.092,24.0
03819,2026-02-13,5,GT,BABBHAR,1,1,0.0,123.706,48.0
03819,2026-02-20,5,GT,BABBHAR,1,1,0.0,604.335,3.0
03819,2026-03-06,5,GT,BABBHAR,1,1,0.0,123.706,48.0
03819,2026-03-20,5,GT,BABBHAR,1,1,0.0,279.072,49.0
03819,2026-03-27,5,GT,BABBHAR,1,1,0.0,184.962,25.0
03819,2026-04-03,5,GT,BABBHAR,1,1,0.0,123.706,48.0
03819,2026-04-24,5,GT,BABBHAR,1,1,0.0,284.238,25.0
03819,2026-05-29,5,GT,BABBHAR,1,1,0.0,184.962,25.0
03819,2026-06-05,5,GT,BABBHAR,1,1,0.0,38.665,2.0
03819,2026-06-12,5,GT,BABBHAR,1,1,0.0,961.432,75.0
03819,2026-06-26,5,GT,BABBHAR,1,1,0.0,210.519,3.0
03819,2026-07-03,5,GT,BABBHAR,1,1,0.0,86.064,25.0
03819,2026-08-14,5,GT,BABBHAR,1,1,0.0,191.271,26.0
04028,2025-01-27,1,SE,LASOUKRA,6,1300,1.0,801.3000000000001,3.0
04028,2025-02-17,1,SE,LASOUKRA,6,1300,1.0,116.904,1.0
04028,2025-03-02,0,SE,LASOUKRA,6,1300,1.0,465.982,2.0
04028,2025-12-09,2,SE,LASOUKRA,6,1300,1.0,744.18,4.0
04028,2026-04-14,2,SE,LASOUKRA,6,1300,1.0,112.569,24.0
04028,2026-09-07,1,SE,LASOUKRA,6,1300,1.0,2624.1899999999996,6.0
04028,2026-10-23,5,SE,LASOUKRA,6,1300,1.0,1715.505,5.0
04203,2025-11-30,0,,LAGOULETTE,2,2,0.0,38.453,12.0
04204,2025-02-21,5,,LAGOULETTE,2,2,0.0,67.863,1.0
04204,2026-09-23,3,,LAGOULETTE,2,2,0.0,2936.088,22.0
04208,2025-11-11,2,SE,LASOUKRA,2,2,0.0,27.034,1.0
04209,2025-03-19,3,,LAMARSA,2,2,0.0,22.218,12.0
04209,2025-04-22,2,,LAMARSA,2,2,0.0,21.423,4.0
04209,2025-05-17,6,,LAMARSA,2,2,0.0,15.304,1.0
04209,2026-04-27,1,,LAMARSA,2,2,0.0,71.728,1.0
04209,2026-06-21,0,,LAMARSA,2,2,0.0,71.728,1.0
04209,2026-11-12,4,,LAMARSA,2,2,0.0,153.504,48.0
04210,2025-03-19,3,,LAMARSA,2,2,0.0,33.865,1.0
04210,2026-06-01,1,,LAMARSA,2,2,0.0,288.14700000000005,3.0
04210,2026-10-27,2,,LAMARSA,2,2,0.0,234.058,25.0
04210,2026-11-12,4,,LAMARSA,2,2,0.0,695.1850000000001,28.0
04211,2026-01-19,1,,Inconnue,2,2,0.0,1356.6069999999997,7.0
04212,2025-03-19,3,,LAMARSA,2,2,0.0,128.542,12.0
04212,2025-06-21,6,,LAMARSA,2,2,0.0,16.067,3.0
04212,2026-01-19,1,,LAMARSA,2,2,0.0,490.701,3.0
04212,2026-01-29,4,,LAMARSA,2,2,0.0,104.484,2.0
04212,2026-02-02,1,,LAMARSA,2,2,0.0,237.516,2.0
04212,2026-02-13,5,,LAMARSA,2,2,0.0,43.81,2.0
04212,2026-04-24,5,,LAMARSA,2,2,0.0,59.299,1.0
04212,2026-09-10,4,,LAMARSA,2,2,0.0,319.28,36.0
04214,2026-01-03,6,SE,Inconnue,2,2,0.0,287.89799999999997,3.0
04218,2025-03-19,3,,Inconnue,2,2,0.0,21.423,4.0
04218,2025-05-27,2,,Inconnue,2,2,0.0,149.67,2.0
04218,2026-01-05,1,,Inconnue,2,2,0.0,2343.033,7.0
04222,2025-01-28,2,SE,ARIANAVILLE,2,2,0.0,24.004,24.0
04222,2025-08-06,3,SE,ARIANAVILLE,2,2,0.0,103.318,1.0
04222,2025-10-29,3,SE,ARIANAVILLE,2,2,0.0,426.558,6.0
04222,2025-12-16,2,SE,ARIANAVILLE,2,2,0.0,68.022,2.0
04223,2025-10-19,0,GT,LAGOULETTE,2,2,0.0,54.411,1.0
04224,2025-02-11,2,GT,LAGOULETTE,2,2,0.0,34.699,1.0
04224,2025-02-16,0,GT,LAGOULETTE,2,2,0.0,34.608,12.0
04224,2025-05-05,1,GT,LAGOULETTE,2,2,0.0,23.272,1.0
04224,2025-05-19,1,GT,LAGOULETTE,2,2,0.0,30.503,1.0
04224,2025-10-29,3,GT,LAGOULETTE,2,2,0.0,23.567,4.0
04224,2025-11-09,0,GT,LAGOULETTE,2,2,0.0,48.591,1.0
04224,2025-12-24,3,GT,LAGOULETTE,2,2,0.0,28.935,12.0
04224,2026-01-11,0,GT,LAGOULETTE,2,2,0.0,72.634,1.0
04224,2026-04-22,3,GT,LAGOULETTE,2,2,0.0,53.213,12.0
04224,2026-05-26,2,GT,LAGOULETTE,2,2,0.0,67.642,1.0
04224,2026-07-14,2,GT,LAGOULETTE,2,2,0.0,103.739,1.0
04224,2026-07-31,5,GT,LAGOULETTE,2,2,0.0,284.958,2.0
04224,2026-09-05,6,GT,LAGOULETTE,2,2,0.0,25.092,24.0
04224,2026-10-21,3,GT,LAGOULETTE,2,2,0.0,714.327,3.0
04224,2026-10-23,5,GT,LAGOULETTE,2,2,0.0,90.63,1.0
04225,2026-07-09,4,GT,Inconnue,2,2,0.0,10.876,2.0
04225,2026-10-01,4,GT,Inconnue,2,2,0.0,478.028,4.0
04257,2025-04-02,3,GT,BABBHAR,1,1,0.0,33.893,1.0
04257,2025-04-18,5,GT,BABBHAR,1,1,0.0,71.422,1.0
04257,2025-04-26,6,GT,BABBHAR,1,1,0.0,30.503,1.0
04257,2025-05-09,5,GT,BABBHAR,1,1,0.0,67.863,1.0
04257,2025-05-19,1,GT,BABBHAR,1,1,0.0,24.349,1.0
04257,2025-05-21,3,GT,BABBHAR,1,1,0.0,87.445,1.0
04257,2025-06-25,3,GT,BABBHAR,1,1,0.0,50.494,24.0
04257,2025-07-16,3,GT,BABBHAR,1,1,0.0,340.47,2.0
04257,2025-07-23,3,GT,BABBHAR,1,1,0.0,89.274,1.0
04259,2025-02-25,2,GT,EZZAHRA,1,1,0.0,52.367,12.0
04259,2025-04-08,2,GT,EZZAHRA,1,1,0.0,34.688,2.0
04259,2025-05-20,2,GT,EZZAHRA,1,1,0.0,20.275,24.0
04259,2025-09-23,2,GT,EZZAHRA,1,1,0.0,19.906,1.0
04259,2025-10-07,2,GT,EZZAHRA,1,1,0.0,45.678,2.0
04259,2025-10-20,1,GT,EZZAHRA,1,1,0.0,1270.0140000000001,6.0
04259,2025-10-21,2,GT,EZZAHRA,1,1,0.0,12.596,1.0
04259,2025-11-03,1,GT,EZZAHRA,1,1,0.0,455.61300000000006,72.0
04259,2025-12-02,2,GT,EZZAHRA,1,1,0.0,116.088,1.0
04259,2026-04-02,4,GT,EZZAHRA,1,1,0.0,41.696,24.0
04259,2026-05-21,4,GT,EZZAHRA,1,1,0.0,1049.43,98.0
04259,2026-06-11,4,GT,EZZAHRA,1,1,0.0,110.584,2.0
04259,2026-06-18,4,GT,EZZAHRA,1,1,0.0,62.114,1.0
04259,2026-06-25,4,GT,EZZAHRA,1,1,0.0,516.309,4.0
04259,2026-09-10,4,GT,EZZAHRA,1,1,0.0,261.218,2.0
04259,2026-10-29,4,GT,EZZAHRA,1,1,0.0,38.375,24.0
04261,2026-01-21,3,,,1,1,0.0,41.917,1.0
04262,2025-03-04,2,,MEGRINE,1,1,0.0,13.444,1.0
04262,2025-03-09,0,,MEGRINE,1,1,0.0,162.908,7.0
04262,2025-03-29,6,,MEGRINE,1,1,0.0,30.503,1.0
04262,2025-04-05,6,,MEGRINE,1,1,0.0,9.128,1.0
04262,2025-04-26,6,,MEGRINE,1,1,0.0,26.236,24.0
04262,2026-01-05,1,,MEGRINE,1,1,0.0,198.11700000000002,26.0
04262,2026-01-12,1,,MEGRINE,1,1,0.0,186.67399999999998,72.0
04262,2026-01-26,1,,MEGRINE,1,1,0.0,68.782,1.0
04262,2026-03-23,1,,MEGRINE,1,1,0.0,200.012,72.0
04262,2026-03-30,1,,MEGRINE,1,1,0.0,9.128,1.0
04262,2026-05-18,1,,MEGRINE,1,1,0.0,106.992,25.0
04262,2026-05-25,1,,MEGRINE,1,1,0.0,23.699,24.0
04262,2026-06-01,1,,MEGRINE,1,1,0.0,228.92,73.0
04262,2026-06-08,1,,MEGRINE,1,1,0.0,123.706,48.0
04262,2026-06-15,1,,MEGRINE,1,1,0.0,27.238,1.0
04262,2026-07-06,1,,MEGRINE,1,1,0.0,79.334,25.0
04262,2026-07-27,1,,MEGRINE,1,1,0.0,25.092,24.0
04262,2026-08-03,1,,MEGRINE,1,1,0.0,25.092,24.0
04262,2026-09-01,2,,MEGRINE,1,1,0.0,27.238,1.0
04262,2026-09-07,1,,MEGRINE,1,1,0.0,65.343,1.0
04262,2026-09-21,1,,MEGRINE,1,1,0.0,124.426,48.0
04262,2026-09-28,1,,MEGRINE,1,1,0.0,38.375,24.0
04262,2026-10-05,1,,MEGRINE,1,1,0.0,560.34,26.0
04262,2026-10-12,1,,MEGRINE,1,1,0.0,124.426,48.0
04262,2026-10-15,4,,MEGRINE,1,1,0.0,38.375,24.0
04262,2026-10-26,1,,MEGRINE,1,1,0.0,23.837,24.0
04262,2026-11-02,1,,MEGRINE,1,1,0.0,38.375,24.0
04262,2026-12-07,1,,MEGRINE,1,1,0.0,68.782,1.0
04262,2026-12-14,1,,MEGRINE,1,1,0.0,136.898,48.0
04264,2025-01-19,0,,BOUMHELELBASSATINE,1,1,0.0,22.401,1.0
04264,2025-01-21,2,,BOUMHELELBASSATINE,1,1,0.0,22.401,1.0
04264,2025-01-28,2,,BOUMHELELBASSATINE,1,1,0.0,42.213,24.0
04264,2025-02-25,2,,BOUMHELELBASSATINE,1,1,0.0,13.444,1.0
04264,2025-03-18,2,,BOUMHELELBASSATINE,1,1,0.0,46.545,2.0
04264,2025-04-08,2,,BOUMHELELBASSATINE,1,1,0.0,34.688,2.0
04264,2025-04-22,2,,BOUMHELELBASSATINE,1,1,0.0,24.729,6.0
04264,2025-05-13,2,,BOUMHELELBASSATINE,1,1,0.0,30.503,1.0
04264,2025-05-27,2,,BOUMHELELBASSATINE,1,1,0.0,24.004,24.0
04264,2025-07-08,2,,BOUMHELELBASSATINE,1,1,0.0,71.422,1.0
04264,2025-07-22,2,,BOUMHELELBASSATINE,1,1,0.0,103.318,1.0
04264,2026-01-08,4,,BOUMHELELBASSATINE,1,1,0.0,125.264,25.0
04264,2026-01-15,4,,BOUMHELELBASSATINE,1,1,0.0,31.927,8.0
04264,2026-01-22,4,,BOUMHELELBASSATINE,1,1,0.0,198.11700000000002,26.0
04264,2026-01-29,4,,BOUMHELELBASSATINE,1,1,0.0,17.419,1.0
04264,2026-02-05,4,,BOUMHELELBASSATINE,1,1,0.0,17.419,1.0
04264,2026-02-19,4,,BOUMHELELBASSATINE,1,1,0.0,23.699,24.0
04264,2026-02-26,4,,BOUMHELELBASSATINE,1,1,0.0,15.342,1.0
04264,2026-03-05,4,,BOUMHELELBASSATINE,1,1,0.0,38.153,24.0
04264,2026-03-19,4,,BOUMHELELBASSATINE,1,1,0.0,26.64,2.0
04264,2026-04-30,4,,BOUMHELELBASSATINE,1,1,0.0,17.158,24.0
04264,2026-05-21,4,,BOUMHELELBASSATINE,1,1,0.0,78.084,25.0
04264,2026-05-28,4,,BOUMHELELBASSATINE,1,1,0.0,41.696,24.0
04264,2026-06-11,4,,BOUMHELELBASSATINE,1,1,0.0,101.872,25.0
04264,2026-07-16,4,,BOUMHELELBASSATINE,1,1,0.0,94.394,5.0
04264,2026-09-17,4,,BOUMHELELBASSATINE,1,1,0.0,106.425,24.0
04264,2026-09-24,4,,BOUMHELELBASSATINE,1,1,0.0,87.264,2.0
04264,2026-10-08,4,,BOUMHELELBASSATINE,1,1,0.0,52.797,1.0
04264,2026-10-22,4,,BOUMHELELBASSATINE,1,1,0.0,69.002,1.0
04264,2026-11-12,4,,BOUMHELELBASSATINE,1,1,0.0,71.728,1.0
04264,2026-11-19,4,,BOUMHELELBASSATINE,1,1,0.0,38.375,24.0
04264,2026-12-09,3,,BOUMHELELBASSATINE,1,1,0.0,84.48,2.0
04268,2025-07-20,0,,,1,1,0.0,50.494,24.0
04268,2026-02-20,5,,,1,1,0.0,16.187,24.0
04268,2026-07-17,5,,,1,1,0.0,17.416,1.0
04272,2025-03-29,6,,ELMOUROUJ,1,1,0.0,9.128,1.0
04272,2025-06-21,6,,ELMOUROUJ,1,1,0.0,156.22,48.0
04272,2026-01-12,1,,ELMOUROUJ,1,1,0.0,10.301,1.0
04272,2026-02-02,1,,ELMOUROUJ,1,1,0.0,121.994,26.0
04272,2026-02-09,1,,ELMOUROUJ,1,1,0.0,55.737,25.0
04272,2026-02-16,1,,ELMOUROUJ,1,1,0.0,117.512,26.0
04272,2026-02-23,1,,ELMOUROUJ,1,1,0.0,20.603,2.0
04272,2026-03-02,1,,ELMOUROUJ,1,1,0.0,38.153,24.0
04272,2026-03-09,1,,ELMOUROUJ,1,1,0.0,94.564,25.0
04272,2026-03-30,1,,ELMOUROUJ,1,1,0.0,94.564,25.0
04272,2026-04-13,1,,ELMOUROUJ,1,1,0.0,38.153,24.0
04272,2026-05-18,1,,ELMOUROUJ,1,1,0.0,38.153,24.0
04272,2026-05-25,1,,ELMOUROUJ,1,1,0.0,38.153,24.0
04272,2026-06-08,1,,ELMOUROUJ,1,1,0.0,92.738,25.0
04272,2026-06-15,1,,ELMOUROUJ,1,1,0.0,27.238,1.0
04272,2026-07-06,1,,ELMOUROUJ,1,1,0.0,38.153,24.0
04272,2026-07-07,2,,ELMOUROUJ,1,1,0.0,98.661,1.0
04272,2026-07-13,1,,ELMOUROUJ,1,1,0.0,37.971,24.0
04272,2026-07-27,1,,ELMOUROUJ,1,1,0.0,17.344,2.0
04272,2026-08-03,1,,ELMOUROUJ,1,1,0.0,62.114,1.0
04272,2026-08-24,1,,ELMOUROUJ,1,1,0.0,38.779,24.0
04272,2026-08-31,1,,ELMOUROUJ,1,1,0.0,43.891,24.0
04272,2026-09-07,1,,ELMOUROUJ,1,1,0.0,38.375,24.0
04272,2026-09-14,1,,ELMOUROUJ,1,1,0.0,16.432,2.0
04272,2026-09-21,1,,ELMOUROUJ,1,1,0.0,43.891,24.0
04272,2026-09-28,1,,ELMOUROUJ,1,1,0.0,38.375,24.0
04272,2026-10-05,1,,ELMOUROUJ,1,1,0.0,93.182,25.0
04272,2026-10-12,1,,ELMOUROUJ,1,1,0.0,92.268,25.0
04272,2026-10-19,1,,ELMOUROUJ,1,1,0.0,38.375,24.0
04272,2026-10-26,1,,ELMOUROUJ,1,1,0.0,92.268,25.0
04272,2026-11-09,1,,ELMOUROUJ,1,1,0.0,85.878,25.0
04272,2026-11-16,1,,ELMOUROUJ,1,1,0.0,85.878,25.0
04272,2026-12-07,1,,ELMOUROUJ,1,1,0.0,42.213,24.0
04272,2026-12-14,1,,ELMOUROUJ,1,1,0.0,42.213,24.0
04272,2026-12-28,1,,ELMOUROUJ,1,1,0.0,31.171,1.0
04273,2025-01-02,4,SE,ARIANAVILLE,1,1,0.0,75.581,3.0
04273,2025-01-04,6,SE,ARIANAVILLE,1,1,0.0,90.63,1.0
04273,2025-01-05,0,SE,ARIANAVILLE,1,1,0.0,288.399,14.0
04273,2025-01-07,2,SE,ARIANAVILLE,1,1,0.0,1135.408,86.0
04273,2025-01-10,5,SE,ARIANAVILLE,1,1,0.0,363.471,4.0
04273,2025-01-11,6,SE,ARIANAVILLE,1,1,0.0,168.852,48.0
04273,2025-01-12,0,SE,ARIANAVILLE,1,1,0.0,932.852,56.0
04273,2025-01-21,2,SE,ARIANAVILLE,1,1,0.0,84.426,48.0
04273,2025-01-27,1,SE,ARIANAVILLE,1,1,0.0,668.516,38.0
04273,2025-01-28,2,SE,ARIANAVILLE,1,1,0.0,635.48,97.0
04273,2025-02-02,0,SE,ARIANAVILLE,1,1,0.0,173.292,30.0
04273,2025-02-03,1,SE,ARIANAVILLE,1,1,0.0,174.708,25.0
04273,2025-02-04,2,SE,ARIANAVILLE,1,1,0.0,221.324,72.0
04273,2025-02-09,0,SE,ARIANAVILLE,1,1,0.0,723.44,73.0
04273,2025-02-11,2,SE,ARIANAVILLE,1,1,0.0,221.324,72.0
04273,2025-02-17,1,SE,ARIANAVILLE,1,1,0.0,289.884,49.0
04273,2025-02-18,2,SE,ARIANAVILLE,1,1,0.0,269.99699999999996,26.0
04273,2025-02-20,4,SE,ARIANAVILLE,1,1,0.0,368.277,50.0
04273,2025-02-23,0,SE,ARIANAVILLE,1,1,0.0,295.042,72.0
04273,2025-03-01,6,SE,ARIANAVILLE,1,1,0.0,52.367,12.0
04273,2025-03-06,4,SE,ARIANAVILLE,1,1,0.0,1374.8500000000001,51.0
04273,2025-03-18,2,SE,ARIANAVILLE,1,1,0.0,558.813,5.0
04273,2025-03-21,5,SE,ARIANAVILLE,1,1,0.0,46.545,2.0
04273,2025-03-25,2,SE,ARIANAVILLE,1,1,0.0,23.272,1.0
04273,2025-03-28,5,SE,ARIANAVILLE,1,1,0.0,195.868,25.0
04273,2025-03-30,0,SE,ARIANAVILLE,1,1,0.0,70.568,1.0
04273,2025-04-04,5,SE,ARIANAVILLE,1,1,0.0,46.545,2.0
04273,2025-04-11,5,SE,ARIANAVILLE,1,1,0.0,130.74,26.0
04273,2025-04-25,5,SE,ARIANAVILLE,1,1,0.0,206.31,49.0
04273,2025-04-29,2,SE,ARIANAVILLE,1,1,0.0,50.494,24.0
04273,2025-05-05,1,SE,ARIANAVILLE,1,1,0.0,275.878,25.0
04273,2025-05-12,1,SE,ARIANAVILLE,1,1,0.0,50.494,24.0
04273,2025-05-16,5,SE,ARIANAVILLE,1,1,0.0,71.422,1.0
04273,2025-05-19,1,SE,ARIANAVILLE,1,1,0.0,159.92,13.0
04273,2025-05-26,1,SE,ARIANAVILLE,1,1,0.0,492.288,49.0
04273,2025-06-01,0,SE,ARIANAVILLE,1,1,0.0,168.978,2.0
04273,2025-06-09,1,SE,ARIANAVILLE,1,1,0.0,326.466,3.0
04273,2025-06-15,0,SE,ARIANAVILLE,1,1,0.0,87.445,1.0
04273,2025-06-20,5,SE,ARIANAVILLE,1,1,0.0,131.49099999999999,49.0
04273,2025-06-24,2,SE,ARIANAVILLE,1,1,0.0,175.824,25.0
04273,2025-07-04,5,SE,ARIANAVILLE,1,1,0.0,593.396,50.0
04273,2025-07-06,0,SE,ARIANAVILLE,1,1,0.0,27.616,24.0
04273,2025-07-13,0,SE,ARIANAVILLE,1,1,0.0,116.24,25.0
04273,2025-07-21,1,SE,ARIANAVILLE,1,1,0.0,27.616,24.0
04273,2025-08-01,5,SE,ARIANAVILLE,1,1,0.0,100.988,48.0
04273,2025-08-19,2,SE,ARIANAVILLE,1,1,0.0,100.988,48.0
04273,2025-08-26,2,SE,ARIANAVILLE,1,1,0.0,50.494,24.0
04273,2025-09-09,2,SE,ARIANAVILLE,1,1,0.0,257.208,72.0
04273,2025-09-14,0,SE,ARIANAVILLE,1,1,0.0,88.172,1.0
04273,2025-09-26,5,SE,ARIANAVILLE,1,1,0.0,30.503,1.0
04273,2025-10-03,5,SE,ARIANAVILLE,1,1,0.0,92.812,1.0
04273,2025-10-10,5,SE,ARIANAVILLE,1,1,0.0,114.194,48.0
04273,2025-10-13,1,SE,ARIANAVILLE,1,1,0.0,114.194,48.0
04273,2025-10-19,0,SE,ARIANAVILLE,1,1,0.0,607.482,144.0
04273,2025-10-24,5,SE,ARIANAVILLE,1,1,0.0,57.097,24.0
04273,2025-10-28,2,SE,ARIANAVILLE,1,1,0.0,114.194,48.0
04273,2025-11-04,2,SE,ARIANAVILLE,1,1,0.0,904.8149999999999,5.0
04273,2025-11-10,1,SE,ARIANAVILLE,1,1,0.0,455.61300000000006,72.0
04273,2025-11-17,1,SE,ARIANAVILLE,1,1,0.0,67.863,1.0
04273,2025-11-21,5,SE,ARIANAVILLE,1,1,0.0,37.676,24.0
04273,2025-11-25,2,SE,ARIANAVILLE,1,1,0.0,564.447,73.0
04273,2025-12-01,1,SE,ARIANAVILLE,1,1,0.0,877.304,74.0
04273,2025-12-08,1,SE,ARIANAVILLE,1,1,0.0,314.124,3.0
04273,2025-12-15,1,SE,ARIANAVILLE,1,1,0.0,413.62199999999996,4.0
04273,2025-12-22,1,SE,ARIANAVILLE,1,1,0.0,183.836,48.0
04273,2026-01-06,2,SE,ARIANAVILLE,1,1,0.0,161.582,48.0
04273,2026-01-11,0,SE,ARIANAVILLE,1,1,0.0,1012.47,62.0
04273,2026-01-16,5,SE,ARIANAVILLE,1,1,0.0,286.506,3.0
04273,2026-01-21,3,SE,ARIANAVILLE,1,1,0.0,554.892,50.0
04273,2026-01-26,1,SE,ARIANAVILLE,1,1,0.0,68.702,1.0
04273,2026-01-28,3,SE,ARIANAVILLE,1,1,0.0,3432.99,94.0
04273,2026-02-04,3,SE,ARIANAVILLE,1,1,0.0,212.174,2.0
04273,2026-02-11,3,SE,ARIANAVILLE,1,1,0.0,2034.168,77.0
04273,2026-02-18,3,SE,ARIANAVILLE,1,1,0.0,300.01800000000003,72.0
04273,2026-02-23,1,SE,ARIANAVILLE,1,1,0.0,310.863,3.0
04273,2026-03-01,0,SE,ARIANAVILLE,1,1,0.0,1252.496,88.0
04273,2026-03-10,2,SE,ARIANAVILLE,1,1,0.0,300.01800000000003,72.0
04273,2026-03-15,0,SE,ARIANAVILLE,1,1,0.0,138.65,25.0
04273,2026-03-19,4,SE,ARIANAVILLE,1,1,0.0,106.087,1.0
04273,2026-03-22,0,SE,ARIANAVILLE,1,1,0.0,68.702,1.0
04273,2026-03-23,1,SE,ARIANAVILLE,1,1,0.0,994.975,51.0
04273,2026-03-29,0,SE,ARIANAVILLE,1,1,0.0,207.61,2.0
04273,2026-04-01,3,SE,ARIANAVILLE,1,1,0.0,300.01800000000003,72.0
04273,2026-04-26,0,SE,ARIANAVILLE,1,1,0.0,284.238,25.0
04273,2026-05-03,0,SE,ARIANAVILLE,1,1,0.0,72.634,1.0
04273,2026-05-07,4,SE,ARIANAVILLE,1,1,0.0,343.38,145.0
04273,2026-05-19,2,SE,ARIANAVILLE,1,1,0.0,100.783,1.0
04273,2026-05-28,4,SE,ARIANAVILLE,1,1,0.0,830.98,75.0
04273,2026-06-03,3,SE,ARIANAVILLE,1,1,0.0,228.92,73.0
04273,2026-06-10,3,SE,ARIANAVILLE,1,1,0.0,158.008,48.0
04273,2026-06-16,2,SE,ARIANAVILLE,1,1,0.0,487.205,75.0
04273,2026-06-21,0,SE,ARIANAVILLE,1,1,0.0,216.33,2.0
04273,2026-06-24,3,SE,ARIANAVILLE,1,1,0.0,1304.712,77.0
04273,2026-07-05,0,SE,ARIANAVILLE,1,1,0.0,300.01800000000003,72.0
04273,2026-07-07,2,SE,ARIANAVILLE,1,1,0.0,80.111,1.0
04273,2026-07-12,0,SE,ARIANAVILLE,1,1,0.0,342.688,4.0
04273,2026-07-14,2,SE,ARIANAVILLE,1,1,0.0,151.888,48.0
04273,2026-07-15,3,SE,ARIANAVILLE,1,1,0.0,227.83,73.0
04273,2026-07-16,4,SE,ARIANAVILLE,1,1,0.0,28.054,1.0
04273,2026-07-22,3,SE,ARIANAVILLE,1,1,0.0,444.696,121.0
04273,2026-07-26,0,SE,ARIANAVILLE,1,1,0.0,98.661,1.0
04273,2026-08-03,1,SE,ARIANAVILLE,1,1,0.0,14.575,1.0
04273,2026-08-05,3,SE,ARIANAVILLE,1,1,0.0,77.559,48.0
04273,2026-08-30,0,SE,ARIANAVILLE,1,1,0.0,5426.670000000001,151.0
04273,2026-09-02,3,SE,ARIANAVILLE,1,1,0.0,244.12,3.0
04273,2026-09-06,0,SE,ARIANAVILLE,1,1,0.0,1442.5140000000001,53.0
04273,2026-09-16,3,SE,ARIANAVILLE,1,1,0.0,1155.0539999999999,7.0
04273,2026-09-24,4,SE,ARIANAVILLE,1,1,0.0,756.159,98.0
04273,2026-10-01,4,SE,ARIANAVILLE,1,1,0.0,1354.83,51.0
04273,2026-10-07,3,SE,ARIANAVILLE,1,1,0.0,2229.514,194.0
04273,2026-10-13,2,SE,ARIANAVILLE,1,1,0.0,86.554,2.0
04273,2026-10-15,4,SE,ARIANAVILLE,1,1,0.0,52.197,3.0
04273,2026-10-21,3,SE,ARIANAVILLE,1,1,0.0,285.116,73.0
04273,2026-10-26,1,SE,ARIANAVILLE,1,1,0.0,22.787,1.0
04273,2026-11-01,0,SE,ARIANAVILLE,1,1,0.0,390.399,4.0
04273,2026-11-05,4,SE,ARIANAVILLE,1,1,0.0,201.176,72.0
04273,2026-11-11,3,SE,ARIANAVILLE,1,1,0.0,379.449,73.0
04273,2026-11-12,4,SE,ARIANAVILLE,1,1,0.0,38.375,24.0
04273,2026-11-18,3,SE,ARIANAVILLE,1,1,0.0,814.276,108.0
04273,2026-11-24,2,SE,ARIANAVILLE,1,1,0.0,201.176,72.0
04273,2026-12-04,5,SE,ARIANAVILLE,1,1,0.0,337.704,96.0
04273,2026-12-08,2,SE,ARIANAVILLE,1,1,0.0,585.408,4.0
04273,2026-12-21,1,SE,ARIANAVILLE,1,1,0.0,262.828,2.0
04274,2025-11-03,1,SE,,1,1,0.0,79.33,1.0
04275,2025-01-09,4,SE,,1,1,0.0,59.848,1.0
04275,2025-02-06,4,SE,,1,1,0.0,399.646,2.0
04275,2025-02-13,4,SE,,1,1,0.0,78.408,1.0
04275,2025-03-06,4,SE,,1,1,0.0,27.306,1.0
04275,2025-05-06,2,SE,,1,1,0.0,21.424,4.0
04275,2025-08-05,2,SE,,1,1,0.0,162.908,14.0
04275,2025-11-14,5,SE,,1,1,0.0,37.676,24.0
04275,2026-09-18,5,SE,,1,1,0.0,200.736,25.0
04275,2026-10-01,4,SE,,1,1,0.0,17.158,24.0
04275,2026-10-09,5,SE,,1,1,0.0,1245.398,30.0
04354,2025-11-24,1,SE,ARIANAVILLE,2,2,0.0,38.583,1.0
04354,2026-01-27,2,SE,ARIANAVILLE,2,2,0.0,26450.279999999988,170.0
04372,2025-02-02,0,GT,MANNOUBA,Inconnue,1300,1.0,54.146,40.0
04372,2025-02-16,0,GT,MANNOUBA,Inconnue,1300,1.0,353.26,20.0
04372,2025-02-23,0,GT,MANNOUBA,Inconnue,1300,1.0,52.366,6.0
04372,2025-10-11,6,GT,MANNOUBA,Inconnue,1300,1.0,75.6,26.0
04409,2025-01-17,5,GT,ELMENZAH,Inconnue,1300,1.0,152.156,25.0
04409,2025-01-19,0,GT,ELMENZAH,Inconnue,1300,1.0,180.172,2.0
04409,2025-01-31,5,GT,ELMENZAH,Inconnue,1300,1.0,301.22900000000004,5.0
04409,2025-02-08,6,GT,ELMENZAH,Inconnue,1300,1.0,224.458,2.0
04409,2025-02-21,5,GT,ELMENZAH,Inconnue,1300,1.0,338.99,2.0
04409,2025-03-02,0,GT,ELMENZAH,Inconnue,1300,1.0,2171.694,9.0
04409,2025-03-03,1,GT,ELMENZAH,Inconnue,1300,1.0,83.737,1.0
04409,2025-03-07,5,GT,ELMENZAH,Inconnue,1300,1.0,158.96,2.0
04409,2025-03-09,0,GT,ELMENZAH,Inconnue,1300,1.0,3795.2290000000003,33.0
04409,2025-03-29,6,GT,ELMENZAH,Inconnue,1300,1.0,612.27,4.0
04409,2025-04-06,0,GT,ELMENZAH,Inconnue,1300,1.0,116.363,5.0
04409,2025-05-05,1,GT,ELMENZAH,Inconnue,1300,1.0,513.66,61.0
04409,2025-05-18,0,GT,ELMENZAH,Inconnue,1300,1.0,43.376,1.0
04409,2025-05-31,6,GT,ELMENZAH,Inconnue,1300,1.0,606.92,49.0
04409,2025-06-16,1,GT,ELMENZAH,Inconnue,1300,1.0,37.418,1.0
04409,2025-06-17,2,GT,ELMENZAH,Inconnue,1300,1.0,176.72899999999998,48.0
04409,2025-06-29,0,GT,ELMENZAH,Inconnue,1300,1.0,26.778,5.0
04409,2025-07-05,6,GT,ELMENZAH,Inconnue,1300,1.0,851.1,27.0
04409,2025-07-19,6,GT,ELMENZAH,Inconnue,1300,1.0,4618.04,57.0
04409,2025-07-29,2,GT,ELMENZAH,Inconnue,1300,1.0,5281.424000000001,196.0
04409,2025-08-04,1,GT,ELMENZAH,Inconnue,1300,1.0,87.445,1.0
04409,2025-08-20,3,GT,ELMENZAH,Inconnue,1300,1.0,324.021,48.0
04409,2025-08-26,2,GT,ELMENZAH,Inconnue,1300,1.0,552.9119999999999,7.0
04409,2025-08-31,0,GT,ELMENZAH,Inconnue,1300,1.0,340.47,2.0
04409,2025-09-03,3,GT,ELMENZAH,Inconnue,1300,1.0,154.33,2.0
04409,2025-09-16,2,GT,ELMENZAH,Inconnue,1300,1.0,579.141,5.0
04409,2025-09-17,3,GT,ELMENZAH,Inconnue,1300,1.0,408.52,2.0
04409,2025-09-27,6,GT,ELMENZAH,Inconnue,1300,1.0,30.503,1.0
04409,2025-10-06,1,GT,ELMENZAH,Inconnue,1300,1.0,443.15999999999997,3.0
04409,2025-10-19,0,GT,ELMENZAH,Inconnue,1300,1.0,211.042,5.0
04409,2025-10-22,3,GT,ELMENZAH,Inconnue,1300,1.0,1104.416,28.0
04409,2025-10-29,3,GT,ELMENZAH,Inconnue,1300,1.0,27.034,1.0
04409,2025-10-31,5,GT,ELMENZAH,Inconnue,1300,1.0,125.969,10.0
04409,2025-11-18,2,GT,ELMENZAH,Inconnue,1300,1.0,3844.206,9.0
04409,2025-11-28,5,GT,ELMENZAH,Inconnue,1300,1.0,63.588,1.0
04409,2025-12-16,2,GT,ELMENZAH,Inconnue,1300,1.0,54.411,1.0
04409,2025-12-17,3,GT,ELMENZAH,Inconnue,1300,1.0,710.883,3.0
04409,2025-12-28,0,GT,ELMENZAH,Inconnue,1300,1.0,160.494,24.0
04409,2026-07-31,5,GT,ELMENZAH,Inconnue,1300,1.0,679.852,28.0
04411,2025-01-02,4,GT,ELMENZAH,14,1300,1.0,62.25,1.0
04411,2025-12-16,2,GT,ELMENZAH,14,1300,1.0,62.802,1.0
04625,2025-01-25,6,,Inconnue,7,1300,1.0,9261.584,83.0
04625,2025-02-10,1,,Inconnue,7,1300,1.0,12275.043000000003,43.0
04625,2025-02-15,6,,Inconnue,7,1300,1.0,161.32,9.0
04625,2025-03-10,1,,Inconnue,7,1300,1.0,12318.464999999998,27.0
04625,2025-03-16,0,,Inconnue,7,1300,1.0,103.311,5.0
04625,2025-04-02,3,,Inconnue,7,1300,1.0,41.98,4.0
04625,2025-07-05,6,,Inconnue,7,1300,1.0,10103.763,31.0
04625,2025-07-06,0,,Inconnue,7,1300,1.0,892.515,31.0
04625,2025-07-28,1,,Inconnue,7,1300,1.0,1329.67,6.0
04625,2025-09-05,5,,Inconnue,7,1300,1.0,11437.533999999996,43.0
04625,2025-11-11,2,,Inconnue,7,1300,1.0,62.802,1.0
04625,2025-12-23,2,,Inconnue,7,1300,1.0,5125.510000000001,17.0
04625,2026-09-11,5,,Inconnue,7,1300,1.0,5263.548,36.0
04625,2026-10-15,4,,Inconnue,7,1300,1.0,15820.875,44.0
04625,2026-11-13,5,,Inconnue,7,1300,1.0,2139.165,23.0
04625,2026-12-23,3,,Inconnue,7,1300,1.0,9826.212,19.0
04766,2025-01-26,0,,,1,1,0.0,744.4559999999999,26.0
04766,2026-04-23,4,,,1,1,0.0,2374.125,35.0
04766,2026-05-22,5,,,1,1,0.0,1260.627,9.0
04864,2025-01-05,0,,RADES,1,1,0.0,25.894,1.0
04864,2025-01-12,0,,RADES,1,1,0.0,115.593,2.0
04864,2025-03-02,0,,RADES,1,1,0.0,26.512,24.0
04864,2025-04-04,5,,RADES,1,1,0.0,27.616,24.0
04864,2025-12-21,0,,RADES,1,1,0.0,36.728,2.0
04864,2026-01-06,2,,RADES,1,1,0.0,73.236,2.0
04864,2026-01-13,2,,RADES,1,1,0.0,24.688,1.0
04864,2026-02-04,3,,RADES,1,1,0.0,20.603,2.0
04864,2026-02-17,2,,RADES,1,1,0.0,52.242,2.0
04864,2026-03-24,2,,RADES,1,1,0.0,26.576,1.0
04864,2026-03-31,2,,RADES,1,1,0.0,17.158,24.0
04864,2026-05-05,2,,RADES,1,1,0.0,512.0999999999999,53.0
04865,2025-01-25,6,,HAMMAMLIF,1,1,0.0,26.236,24.0
04865,2025-06-22,0,,HAMMAMLIF,1,1,0.0,50.494,24.0
04865,2025-07-14,1,,HAMMAMLIF,1,1,0.0,50.494,24.0
04865,2026-01-07,3,,HAMMAMLIF,1,1,0.0,10.301,1.0
04865,2026-01-21,3,,HAMMAMLIF,1,1,0.0,41.206,2.0
04865,2026-04-08,3,,HAMMAMLIF,1,1,0.0,9.128,1.0
04865,2026-04-15,3,,HAMMAMLIF,1,1,0.0,41.076,3.0
04865,2026-06-10,3,,HAMMAMLIF,1,1,0.0,72.634,1.0
04865,2026-06-17,3,,HAMMAMLIF,1,1,0.0,19.332,1.0
04865,2026-07-22,3,,HAMMAMLIF,1,1,0.0,106.087,1.0
04866,2025-01-12,0,,HAMMAMCHATT,1,1,0.0,22.981,1.0
04866,2025-01-19,0,,HAMMAMCHATT,1,1,0.0,83.737,1.0
04866,2025-01-26,0,,HAMMAMCHATT,1,1,0.0,54.242,24.0
04866,2025-02-16,0,,HAMMAMCHATT,1,1,0.0,136.898,48.0
04866,2025-03-02,0,,HAMMAMCHATT,1,1,0.0,225.562,25.0
04866,2025-03-09,0,,HAMMAMCHATT,1,1,0.0,47.737,48.0
04866,2025-03-24,1,,HAMMAMCHATT,1,1,0.0,75.188,1.0
04866,2025-05-05,1,,HAMMAMCHATT,1,1,0.0,73.488,25.0
04866,2025-05-26,1,,HAMMAMCHATT,1,1,0.0,24.004,24.0
04866,2025-08-24,0,,HAMMAMCHATT,1,1,0.0,41.324,2.0
04866,2025-09-07,0,,HAMMAMCHATT,1,1,0.0,50.494,24.0
04866,2025-10-27,1,,HAMMAMCHATT,1,1,0.0,189.546,48.0
04866,2026-01-07,3,,HAMMAMCHATT,1,1,0.0,130.974,48.0
04866,2026-01-21,3,,HAMMAMCHATT,1,1,0.0,263.172,49.0
04866,2026-01-28,3,,HAMMAMCHATT,1,1,0.0,40.395,24.0
04866,2026-02-04,3,,HAMMAMCHATT,1,1,0.0,1278.49,51.0
04866,2026-02-11,3,,HAMMAMCHATT,1,1,0.0,288.48,25.0
04866,2026-02-18,3,,HAMMAMCHATT,1,1,0.0,96.908,25.0
04866,2026-02-25,3,,HAMMAMCHATT,1,1,0.0,41.696,24.0
04866,2026-03-11,3,,HAMMAMCHATT,1,1,0.0,259.572,25.0
04866,2026-04-01,3,,HAMMAMCHATT,1,1,0.0,71.728,1.0
04866,2026-04-08,3,,HAMMAMCHATT,1,1,0.0,9.128,1.0
04866,2026-04-15,3,,HAMMAMCHATT,1,1,0.0,4.564,1.0
04866,2026-05-27,3,,HAMMAMCHATT,1,1,0.0,123.706,48.0
04866,2026-06-10,3,,HAMMAMCHATT,1,1,0.0,63.83,25.0
04866,2026-07-08,3,,HAMMAMCHATT,1,1,0.0,25.092,24.0
04866,2026-08-05,3,,HAMMAMCHATT,1,1,0.0,25.092,24.0
04866,2026-10-13,2,,HAMMAMCHATT,1,1,0.0,238.83599999999998,49.0
04866,2026-10-27,2,,HAMMAMCHATT,1,1,0.0,95.006,26.0
04867,2026-06-16,2,SE,,1,1,0.0,28.054,1.0
04868,2025-01-17,5,,NOUVELLEMEDINA,1,1,0.0,42.213,24.0
04868,2025-01-30,4,,NOUVELLEMEDINA,1,1,0.0,35.098,1.0
04868,2025-01-31,5,,NOUVELLEMEDINA,1,1,0.0,26.236,24.0
04868,2025-02-28,5,,NOUVELLEMEDINA,1,1,0.0,26.236,24.0
04868,2025-05-09,5,,NOUVELLEMEDINA,1,1,0.0,9.128,1.0
04868,2025-08-22,5,,NOUVELLEMEDINA,1,1,0.0,50.494,24.0
04868,2025-09-05,5,,NOUVELLEMEDINA,1,1,0.0,30.503,1.0
04868,2025-09-19,5,,NOUVELLEMEDINA,1,1,0.0,8.671,1.0
04868,2025-09-26,5,,NOUVELLEMEDINA,1,1,0.0,2.557,1.0
04868,2025-10-24,5,,NOUVELLEMEDINA,1,1,0.0,110.284,1.0
04868,2025-11-07,5,,NOUVELLEMEDINA,1,1,0.0,57.097,24.0
04868,2025-11-28,5,,NOUVELLEMEDINA,1,1,0.0,67.863,1.0
04868,2025-12-12,5,,NOUVELLEMEDINA,1,1,0.0,58.07,2.0
04868,2025-12-19,5,,NOUVELLEMEDINA,1,1,0.0,59.972,1.0
04868,2026-01-04,0,,NOUVELLEMEDINA,1,1,0.0,69.812,2.0
04868,2026-01-11,0,,NOUVELLEMEDINA,1,1,0.0,10.301,1.0
04868,2026-01-25,0,,NOUVELLEMEDINA,1,1,0.0,101.394,25.0
04868,2026-02-01,0,,NOUVELLEMEDINA,1,1,0.0,106.087,1.0
04868,2026-02-08,0,,NOUVELLEMEDINA,1,1,0.0,106.087,1.0
04868,2026-02-15,0,,NOUVELLEMEDINA,1,1,0.0,10.301,1.0
04868,2026-02-22,0,,NOUVELLEMEDINA,1,1,0.0,96.908,25.0
04868,2026-02-24,2,,NOUVELLEMEDINA,1,1,0.0,38.153,24.0
04868,2026-03-01,0,,NOUVELLEMEDINA,1,1,0.0,51.575,1.0
04868,2026-03-15,0,,NOUVELLEMEDINA,1,1,0.0,248.686,3.0
04868,2026-03-22,0,,NOUVELLEMEDINA,1,1,0.0,323.955,27.0
04868,2026-04-05,0,,NOUVELLEMEDINA,1,1,0.0,235.359,26.0
04868,2026-04-26,0,,NOUVELLEMEDINA,1,1,0.0,103.965,1.0
04868,2026-05-26,2,,NOUVELLEMEDINA,1,1,0.0,15.342,1.0
04868,2026-06-21,0,,NOUVELLEMEDINA,1,1,0.0,254.17200000000003,26.0
04868,2026-06-28,0,,NOUVELLEMEDINA,1,1,0.0,38.153,24.0
04868,2026-07-12,0,,NOUVELLEMEDINA,1,1,0.0,19.332,1.0
04868,2026-08-09,0,,NOUVELLEMEDINA,1,1,0.0,38.779,24.0
04868,2026-08-30,0,,NOUVELLEMEDINA,1,1,0.0,38.779,24.0
04868,2026-09-13,0,,NOUVELLEMEDINA,1,1,0.0,8.216,1.0
04868,2026-10-25,0,,NOUVELLEMEDINA,1,1,0.0,107.788,26.0
04868,2026-12-13,0,,NOUVELLEMEDINA,1,1,0.0,31.171,1.0
04869,2025-01-05,0,,,1,1,0.0,27.616,24.0
04869,2025-01-19,0,,,1,1,0.0,26.236,24.0
04869,2025-01-25,6,,,1,1,0.0,428.142,3.0
04869,2025-02-15,6,,,1,1,0.0,26.236,24.0
04869,2025-02-22,6,,,1,1,0.0,19.04,1.0
04869,2025-03-01,6,,,1,1,0.0,26.512,24.0
04869,2025-03-08,6,,,1,1,0.0,30.503,1.0
04869,2025-03-22,6,,,1,1,0.0,79.91,25.0
04869,2025-04-05,6,,,1,1,0.0,20.662,1.0
04869,2025-04-19,6,,,1,1,0.0,30.503,1.0
04869,2025-04-27,0,,,1,1,0.0,26.236,24.0
04869,2025-05-31,6,,,1,1,0.0,24.004,24.0
04869,2025-06-21,6,,,1,1,0.0,50.494,24.0
04869,2025-06-22,0,,,1,1,0.0,50.494,24.0
04869,2025-07-19,6,,,1,1,0.0,19.617,40.0
04869,2026-01-12,1,,,1,1,0.0,223.41,26.0
04869,2026-01-26,1,,,1,1,0.0,103.838,3.0
04869,2026-02-02,1,,,1,1,0.0,448.71900000000005,49.0
04869,2026-02-09,1,,,1,1,0.0,128.664,3.0
04869,2026-02-16,1,,,1,1,0.0,138.42,25.0
04869,2026-03-02,1,,,1,1,0.0,155.948,2.0
04869,2026-03-09,1,,,1,1,0.0,76.307,48.0
04869,2026-03-30,1,,,1,1,0.0,123.706,48.0
04869,2026-04-06,1,,,1,1,0.0,68.782,1.0
04869,2026-04-27,1,,,1,1,0.0,152.614,48.0
04869,2026-05-18,1,,,1,1,0.0,186.57,2.0
04869,2026-05-25,1,,,1,1,0.0,109.742,25.0
04869,2026-06-01,1,,,1,1,0.0,277.872,25.0
04869,2026-06-08,1,,,1,1,0.0,1403.94,80.0
04869,2026-06-15,1,,,1,1,0.0,228.92,73.0
04869,2026-06-22,1,,,1,1,0.0,27.238,1.0
04869,2026-06-29,1,,,1,1,0.0,228.92,73.0
04869,2026-08-10,1,,,1,1,0.0,19.332,1.0
04869,2026-09-07,1,,,1,1,0.0,38.375,24.0
04869,2026-09-15,2,,,1,1,0.0,153.504,48.0
04869,2026-09-21,1,,,1,1,0.0,201.123,26.0
04869,2026-09-28,1,,,1,1,0.0,167.666,2.0
04869,2026-10-05,1,,,1,1,0.0,38.375,24.0
04869,2026-10-12,1,,,1,1,0.0,392.985,49.0
04869,2026-10-26,1,,,1,1,0.0,38.375,24.0
04869,2026-11-09,1,,,1,1,0.0,76.75,48.0
04869,2026-11-10,2,,,1,1,0.0,31.639,1.0
04869,2026-11-16,1,,,1,1,0.0,124.426,48.0
04869,2026-11-23,1,,,1,1,0.0,68.782,1.0
04869,2026-11-29,0,,,1,1,0.0,43.6,1.0
04869,2026-11-30,1,,,1,1,0.0,25.894,1.0
04869,2026-12-07,1,,,1,1,0.0,26.236,24.0
04869,2026-12-14,1,,,1,1,0.0,26.236,24.0
04869,2026-12-21,1,,,1,1,0.0,21.119,1.0
04870,2025-07-18,5,,,1,1,0.0,100.988,48.0
04870,2026-02-22,0,,,1,1,0.0,68.782,1.0
04870,2026-05-31,0,,,1,1,0.0,38.153,24.0
04870,2026-08-07,5,,,1,1,0.0,375.792,3.0
04870,2026-09-13,0,,,1,1,0.0,38.375,24.0
04871,2025-09-19,5,,ELKHADRA,1,1,0.0,91.356,2.0
04872,2025-05-21,3,,ELKHADRA,1,1,0.0,29.853,6.0
04872,2025-12-12,5,,ELKHADRA,1,1,0.0,62.802,1.0
04877,2025-01-02,4,SE,ARIANAVILLE,1,1,0.0,25.194,1.0
04877,2025-01-24,5,SE,ARIANAVILLE,1,1,0.0,59.848,1.0
04877,2025-02-13,4,SE,ARIANAVILLE,1,1,0.0,31.03,1.0
04877,2025-03-06,4,SE,ARIANAVILLE,1,1,0.0,340.73699999999997,3.0
04877,2025-08-02,6,SE,ARIANAVILLE,1,1,0.0,831.552,73.0
04877,2025-08-15,5,SE,ARIANAVILLE,1,1,0.0,88.911,27.0
04877,2025-08-26,2,SE,ARIANAVILLE,1,1,0.0,34.957,12.0
04877,2025-10-12,0,SE,ARIANAVILLE,1,1,0.0,304.78499999999997,3.0
04877,2025-10-18,6,SE,ARIANAVILLE,1,1,0.0,148.0,13.0
04877,2025-11-14,5,SE,ARIANAVILLE,1,1,0.0,67.863,1.0
04877,2025-11-23,0,SE,ARIANAVILLE,1,1,0.0,19.906,1.0
04877,2025-11-26,3,SE,ARIANAVILLE,1,1,0.0,842.796,6.0
04877,2025-12-12,5,SE,ARIANAVILLE,1,1,0.0,30.867,1.0
04877,2026-09-18,5,SE,ARIANAVILLE,1,1,0.0,262.78499999999997,3.0
04878,2025-01-05,0,,RADES,1,1,0.0,71.728,1.0
04878,2025-01-12,0,,RADES,1,1,0.0,68.782,1.0
04878,2025-01-19,0,,RADES,1,1,0.0,136.898,48.0
04878,2025-02-02,0,,RADES,1,1,0.0,43.891,24.0
04878,2025-02-09,0,,RADES,1,1,0.0,25.782,1.0
04878,2025-02-23,0,,RADES,1,1,0.0,120.256,25.0
04878,2025-03-23,0,,RADES,1,1,0.0,23.272,1.0
04878,2025-04-06,0,,RADES,1,1,0.0,26.236,24.0
04878,2025-05-11,0,,RADES,1,1,0.0,50.494,24.0
04878,2025-05-18,0,,RADES,1,1,0.0,36.514,2.0
04878,2025-05-23,5,,RADES,1,1,0.0,24.349,1.0
04878,2025-06-01,0,,RADES,1,1,0.0,116.088,1.0
04878,2025-06-15,0,,RADES,1,1,0.0,24.004,24.0
04878,2025-07-20,0,,RADES,1,1,0.0,71.422,1.0
04878,2026-01-06,2,,RADES,1,1,0.0,10.301,1.0
04878,2026-03-03,2,,RADES,1,1,0.0,144.94,72.0
04878,2026-03-31,2,,RADES,1,1,0.0,38.153,24.0
04878,2026-04-07,2,,RADES,1,1,0.0,112.82,26.0
04878,2026-05-26,2,,RADES,1,1,0.0,72.634,1.0
04878,2026-07-07,2,,RADES,1,1,0.0,37.971,24.0
04878,2026-07-14,2,,RADES,1,1,0.0,27.238,1.0
04878,2026-09-22,2,,RADES,1,1,0.0,106.425,24.0
04878,2026-11-10,2,,RADES,1,1,0.0,124.426,48.0
04878,2026-12-22,2,,RADES,1,1,0.0,31.171,1.0
04878,2026-12-29,2,,RADES,1,1,0.0,31.171,1.0
04879,2025-01-02,4,GT,BABBHAR,1,1,0.0,2040.75,9.0
04879,2025-01-04,6,GT,BABBHAR,1,1,0.0,72.634,1.0
04879,2025-02-09,0,GT,BABBHAR,1,1,0.0,54.242,24.0
04879,2025-03-14,5,GT,BABBHAR,1,1,0.0,730.756,5.0
04879,2025-03-22,6,GT,BABBHAR,1,1,0.0,141.896,48.0
04879,2025-04-05,6,GT,BABBHAR,1,1,0.0,3134.187,53.0
04879,2025-05-12,1,GT,BABBHAR,1,1,0.0,70.568,1.0
04879,2025-06-02,1,GT,BABBHAR,1,1,0.0,24.004,24.0
04879,2025-06-16,1,GT,BABBHAR,1,1,0.0,11.636,1.0
04879,2025-09-14,0,GT,BABBHAR,1,1,0.0,8.671,1.0
04879,2025-10-11,6,GT,BABBHAR,1,1,0.0,291.66,2.0
04879,2025-10-26,0,GT,BABBHAR,1,1,0.0,110.284,1.0
04879,2025-11-04,2,GT,BABBHAR,1,1,0.0,103.163,1.0
04879,2025-12-29,1,GT,BABBHAR,1,1,0.0,42.975,1.0
04879,2026-02-23,1,GT,BABBHAR,1,1,0.0,300.01800000000003,72.0
04879,2026-04-10,5,GT,BABBHAR,1,1,0.0,82.155,3.0
04879,2026-05-24,0,GT,BABBHAR,1,1,0.0,100.783,1.0
04879,2026-06-01,1,GT,BABBHAR,1,1,0.0,38.153,24.0
04879,2026-06-18,4,GT,BABBHAR,1,1,0.0,98.661,1.0
04879,2026-07-15,3,GT,BABBHAR,1,1,0.0,106.087,1.0
04879,2026-10-20,2,GT,BABBHAR,1,1,0.0,897.328,5.0
04879,2026-11-05,4,GT,BABBHAR,1,1,0.0,124.426,48.0
04879,2026-11-24,2,GT,BABBHAR,1,1,0.0,52.962,1.0
04879,2026-12-18,5,GT,BABBHAR,1,1,0.0,1451.765,5.0
04880,2025-03-03,1,SE,ARIANAVILLE,1,1300,0.0,4760.736,120.0
04880,2025-03-14,5,SE,ARIANAVILLE,1,1300,0.0,175.566,48.0
04880,2025-08-02,6,SE,ARIANAVILLE,1,1300,0.0,7173.9000000000015,45.0
04880,2025-08-26,2,SE,ARIANAVILLE,1,1300,0.0,138.275,13.0
04880,2025-10-10,5,SE,ARIANAVILLE,1,1300,0.0,8449.181,37.0
04880,2025-10-13,1,SE,ARIANAVILLE,1,1300,0.0,10675.367999999997,156.0
04880,2025-10-17,5,SE,ARIANAVILLE,1,1300,0.0,25.194,2.0
04880,2025-11-03,1,SE,ARIANAVILLE,1,1300,0.0,346.37,25.0
04880,2025-11-10,1,SE,ARIANAVILLE,1,1300,0.0,37.676,24.0
04880,2025-11-23,0,SE,ARIANAVILLE,1,1300,0.0,8.671,1.0
04880,2025-12-20,6,SE,ARIANAVILLE,1,1300,0.0,1077.236,28.0
04880,2026-01-06,2,SE,ARIANAVILLE,1,1300,0.0,310.73400000000004,49.0
04880,2026-04-29,3,SE,ARIANAVILLE,1,1300,0.0,450.274,48.0
04880,2026-05-29,5,SE,ARIANAVILLE,1,1300,0.0,645.729,74.0
04880,2026-06-30,2,SE,ARIANAVILLE,1,1300,0.0,90.63,1.0
04880,2026-07-07,2,SE,ARIANAVILLE,1,1300,0.0,62.114,1.0
04880,2026-07-14,2,SE,ARIANAVILLE,1,1300,0.0,197.321,2.0
04880,2026-08-04,2,SE,ARIANAVILLE,1,1300,0.0,524.163,97.0
04880,2026-08-23,0,SE,ARIANAVILLE,1,1300,0.0,3504.177,55.0
04880,2026-09-27,0,SE,ARIANAVILLE,1,1300,0.0,1211.3410000000001,33.0
04880,2026-11-08,0,SE,ARIANAVILLE,1,1300,0.0,153.504,48.0
04881,2026-01-19,1,,,1,1,0.0,761.712,6.0
04881,2026-02-09,1,,,1,1,0.0,106.087,1.0
04881,2026-03-02,1,,,1,1,0.0,53.279,4.0
04881,2026-03-16,1,,,1,1,0.0,886.764,6.0
04950,2025-01-02,4,GT,MANNOUBA,7,1300,1.0,96.0,2.0
04950,2025-11-11,2,GT,MANNOUBA,7,1300,1.0,48.591,1.0
04950,2025-11-25,2,GT,MANNOUBA,7,1300,1.0,38.583,1.0
05245,2025-01-06,1,,LAMARSA,2,2,0.0,44.186,8.0
05245,2025-01-14,2,,LAMARSA,2,2,0.0,4421.664,93.0
05245,2025-02-05,3,,LAMARSA,2,2,0.0,171.363,3.0
05245,2025-02-15,6,,LAMARSA,2,2,0.0,29.154,2.0
05245,2025-02-16,0,,LAMARSA,2,2,0.0,556.648,42.0
05245,2025-02-17,1,,LAMARSA,2,2,0.0,361.896,30.0
05245,2025-02-18,2,,LAMARSA,2,2,0.0,101.759,19.0
05245,2025-02-22,6,,LAMARSA,2,2,0.0,7661.941000000001,157.0
05245,2025-03-14,5,,LAMARSA,2,2,0.0,9158.31,84.0
05245,2025-05-17,6,,LAMARSA,2,2,0.0,29.853,6.0
05245,2025-05-20,2,,LAMARSA,2,2,0.0,49.456,12.0
05245,2025-06-10,2,,LAMARSA,2,2,0.0,24.729,6.0
05245,2025-06-17,2,,LAMARSA,2,2,0.0,3671.73,21.0
05245,2025-06-27,5,,LAMARSA,2,2,0.0,34.469,1.0
05245,2025-06-30,1,,LAMARSA,2,2,0.0,29.853,6.0
05245,2025-08-20,3,,LAMARSA,2,2,0.0,2125.695,9.0
05245,2025-09-16,2,,LAMARSA,2,2,0.0,688.792,4.0
05245,2025-10-07,2,,LAMARSA,2,2,0.0,131.335,24.0
05245,2025-10-14,2,,LAMARSA,2,2,0.0,45.042,3.0
05245,2025-10-15,3,,LAMARSA,2,2,0.0,35.35,6.0
05245,2025-10-17,5,,LAMARSA,2,2,0.0,115.255,24.0
05245,2025-10-18,6,,LAMARSA,2,2,0.0,471.34000000000003,16.0
05245,2025-10-28,2,,LAMARSA,2,2,0.0,271.328,27.0
05245,2025-11-04,2,,LAMARSA,2,2,0.0,163.313,5.0
05245,2025-12-02,2,,LAMARSA,2,2,0.0,92.812,1.0
05245,2025-12-16,2,,LAMARSA,2,2,0.0,1099.932,67.0
05245,2025-12-23,2,,LAMARSA,2,2,0.0,16.417,3.0
05245,2026-02-09,1,,LAMARSA,2,2,0.0,4690.98,109.0
05245,2026-06-11,4,,LAMARSA,2,2,0.0,1388.76,27.0
05245,2026-06-15,1,,LAMARSA,2,2,0.0,28.054,1.0
05245,2026-07-09,4,,LAMARSA,2,2,0.0,1455.308,27.0
05245,2026-07-30,4,,LAMARSA,2,2,0.0,106.087,1.0
05245,2026-08-06,4,,LAMARSA,2,2,0.0,247.144,2.0
05245,2026-09-10,4,,LAMARSA,2,2,0.0,2219.13,51.0
05245,2026-10-14,3,,LAMARSA,2,2,0.0,106.425,24.0
05245,2026-10-22,4,,LAMARSA,2,2,0.0,2790.8340000000003,25.0
05245,2026-11-12,4,,LAMARSA,2,2,0.0,2878.771,9.0
05245,2026-11-25,3,,LAMARSA,2,2,0.0,372.396,2.0
05246,2026-01-19,1,,Inconnue,2,2,0.0,481.804,4.0
05246,2026-05-28,4,,Inconnue,2,2,0.0,130.508,24.0
05247,2025-03-14,5,,CARTHAGE,2,2,0.0,75.188,1.0
05248,2025-11-04,2,,CARTHAGE,2,2,0.0,54.411,1.0
05249,2025-04-14,1,,CARTHAGE,2,2,0.0,30.503,1.0
05249,2026-10-15,4,,CARTHAGE,2,2,0.0,75.29,25.0
05252,2025-06-11,3,,CARTHAGE,2,2,0.0,11.251,5.0
05252,2025-12-21,0,,CARTHAGE,2,2,0.0,52.612,1.0
05254,2025-02-17,1,,Inconnue,2,2,0.0,1345.4080000000001,8.0
05254,2025-04-14,1,,Inconnue,2,2,0.0,29.154,2.0
05254,2025-11-07,5,,Inconnue,2,2,0.0,102.584,2.0
05254,2025-12-21,0,,Inconnue,2,2,0.0,42.975,1.0
05254,2025-12-24,3,,Inconnue,2,2,0.0,28.814,6.0
05255,2025-01-10,5,,CARTHAGE,2,2,0.0,112.569,24.0
05255,2025-02-16,0,,CARTHAGE,2,2,0.0,32.134,6.0
05255,2025-03-18,2,,CARTHAGE,2,2,0.0,13.091,3.0
05255,2025-03-28,5,,CARTHAGE,2,2,0.0,30.503,1.0
05255,2025-04-13,0,,CARTHAGE,2,2,0.0,43.376,1.0
05255,2025-05-05,1,,CARTHAGE,2,2,0.0,23.272,1.0
05255,2025-05-25,0,,CARTHAGE,2,2,0.0,30.503,1.0
05255,2025-06-10,2,,CARTHAGE,2,2,0.0,61.216,1.0
05255,2025-09-07,0,,CARTHAGE,2,2,0.0,38.583,1.0
05255,2025-09-17,3,,CARTHAGE,2,2,0.0,38.453,12.0
05255,2025-09-24,3,,CARTHAGE,2,2,0.0,74.525,1.0
05255,2025-10-14,2,,CARTHAGE,2,2,0.0,43.872,1.0
05255,2025-10-31,5,,CARTHAGE,2,2,0.0,35.546,1.0
05255,2025-11-07,5,,CARTHAGE,2,2,0.0,33.387,6.0
05255,2025-12-21,0,,CARTHAGE,2,2,0.0,245.548,2.0
05255,2026-02-09,1,,CARTHAGE,2,2,0.0,25.092,24.0
05255,2026-02-26,4,,CARTHAGE,2,2,0.0,52.242,2.0
05255,2026-04-24,5,,CARTHAGE,2,2,0.0,38.153,24.0
05255,2026-06-29,1,,CARTHAGE,2,2,0.0,72.634,1.0
05255,2026-07-06,1,,CARTHAGE,2,2,0.0,46.418,1.0
05255,2026-08-24,1,,CARTHAGE,2,2,0.0,127.742,48.0
05255,2026-09-03,4,,CARTHAGE,2,2,0.0,553.644,3.0
05255,2026-09-20,0,,CARTHAGE,2,2,0.0,58.23,1.0
05255,2026-10-16,5,,CARTHAGE,2,2,0.0,62.632,1.0
05255,2026-10-23,5,,CARTHAGE,2,2,0.0,23.153,1.0
05255,2026-10-28,3,,CARTHAGE,2,2,0.0,106.425,24.0
05255,2026-11-17,2,,CARTHAGE,2,2,0.0,367.7,2.0
05255,2026-11-19,4,,CARTHAGE,2,2,0.0,753.62,4.0
05255,2026-12-23,3,,CARTHAGE,2,2,0.0,87.199,2.0
05255,2026-12-27,0,,CARTHAGE,2,2,0.0,31.171,1.0
05255,2026-12-28,1,,CARTHAGE,2,2,0.0,112.569,24.0
05255,2026-12-29,2,,CARTHAGE,2,2,0.0,117.633,24.0
05256,2025-01-04,6,,Inconnue,2,2,0.0,275.194,25.0
05256,2025-01-16,4,,Inconnue,2,2,0.0,110.284,1.0
05256,2025-02-16,0,,Inconnue,2,2,0.0,29.154,2.0
05256,2025-03-07,5,,Inconnue,2,2,0.0,13.091,3.0
05256,2025-03-18,2,,Inconnue,2,2,0.0,91.967,2.0
05256,2025-03-28,5,,Inconnue,2,2,0.0,61.216,1.0
05256,2025-03-31,1,,Inconnue,2,2,0.0,23.272,1.0
05256,2025-04-18,5,,Inconnue,2,2,0.0,14.576,1.0
05256,2025-05-05,1,,Inconnue,2,2,0.0,24.349,1.0
05256,2025-05-21,3,,Inconnue,2,2,0.0,70.568,1.0
05256,2025-05-25,0,,Inconnue,2,2,0.0,24.729,6.0
05256,2025-06-30,1,,Inconnue,2,2,0.0,30.503,1.0
05256,2025-07-25,5,,Inconnue,2,2,0.0,103.318,1.0
05256,2025-09-07,0,,Inconnue,2,2,0.0,48.591,1.0
05256,2025-11-14,5,,Inconnue,2,2,0.0,39.278,6.0
05256,2025-12-21,0,,Inconnue,2,2,0.0,57.627,12.0
05256,2026-01-13,2,,Inconnue,2,2,0.0,618.264,3.0
05256,2026-02-26,4,,Inconnue,2,2,0.0,159.452,3.0
05256,2026-04-23,4,,Inconnue,2,2,0.0,35.476,8.0
05256,2026-06-03,3,,Inconnue,2,2,0.0,31.171,1.0
05256,2026-07-03,5,,Inconnue,2,2,0.0,98.661,1.0
05256,2026-08-24,1,,Inconnue,2,2,0.0,43.632,1.0
05256,2026-09-23,3,,Inconnue,2,2,0.0,58.23,1.0
05256,2026-10-16,5,,Inconnue,2,2,0.0,477.212,4.0
05256,2026-10-19,1,,Inconnue,2,2,0.0,112.569,24.0
05256,2026-10-29,4,,Inconnue,2,2,0.0,300.764,2.0
05256,2026-11-17,2,,Inconnue,2,2,0.0,174.398,2.0
05256,2026-11-19,4,,Inconnue,2,2,0.0,318.502,2.0
05256,2026-12-23,3,,Inconnue,2,2,0.0,842.868,3.0
05257,2025-03-08,6,,Inconnue,2,2,0.0,1473.98,9.0
05257,2026-01-07,3,,Inconnue,2,2,0.0,1139.1299999999999,40.0
05257,2026-01-23,5,,Inconnue,2,2,0.0,2017.69,15.0
05257,2026-02-17,2,,Inconnue,2,2,0.0,864.336,4.0
05257,2026-03-02,1,,Inconnue,2,2,0.0,342.552,7.0
05257,2026-03-08,0,,Inconnue,2,2,0.0,239.458,2.0
05257,2026-05-17,0,,Inconnue,2,2,0.0,68.782,1.0
05257,2026-07-09,4,,Inconnue,2,2,0.0,28.054,1.0
05257,2026-12-13,0,,Inconnue,2,2,0.0,157.714,2.0
05259,2025-01-10,5,,LAGOULETTE,2,2,0.0,161.582,17.0
05259,2025-12-19,5,,LAGOULETTE,2,2,0.0,33.387,6.0
05259,2026-05-17,0,,LAGOULETTE,2,2,0.0,62.114,1.0
05259,2026-05-31,0,,LAGOULETTE,2,2,0.0,71.728,1.0
05260,2025-04-16,3,,LAMARSA,2,2,0.0,75.188,1.0
05261,2025-01-24,5,,LAMARSA,2,2,0.0,14.16,5.0
05261,2025-09-09,2,,LAMARSA,2,2,0.0,12.596,1.0
05261,2025-10-11,6,,LAMARSA,2,2,0.0,30.503,1.0
05261,2025-10-18,6,,LAMARSA,2,2,0.0,30.027,2.0
05261,2025-11-17,1,,LAMARSA,2,2,0.0,54.411,1.0
05261,2025-12-13,6,,LAMARSA,2,2,0.0,30.503,1.0
05261,2026-02-09,1,,LAMARSA,2,2,0.0,68.702,1.0
05261,2026-10-22,4,,LAMARSA,2,2,0.0,13.808,1.0
05262,2026-10-22,4,,Inconnue,2,2,0.0,71.728,1.0
05263,2025-01-18,6,,LAMARSA,2,2,0.0,968.112,12.0
05263,2025-02-28,5,,LAMARSA,2,2,0.0,2874.557,20.0
05263,2025-03-05,3,,LAMARSA,2,2,0.0,2088.4979999999996,46.0
05263,2025-03-06,4,,LAMARSA,2,2,0.0,304.014,15.0
05263,2025-03-31,1,,LAMARSA,2,2,0.0,383.292,8.0
05263,2025-04-08,2,,LAMARSA,2,2,0.0,454.162,7.0
05263,2025-04-16,3,,LAMARSA,2,2,0.0,385.337,31.0
05263,2025-04-22,2,,LAMARSA,2,2,0.0,414.628,5.0
05263,2025-05-17,6,,LAMARSA,2,2,0.0,509.534,7.0
05263,2025-06-08,0,,LAMARSA,2,2,0.0,16.067,3.0
05263,2025-06-10,2,,LAMARSA,2,2,0.0,403.806,10.0
05263,2025-06-17,2,,LAMARSA,2,2,0.0,21.423,4.0
05263,2025-08-11,1,,LAMARSA,2,2,0.0,10590.12,31.0
05263,2025-09-16,2,,LAMARSA,2,2,0.0,1606.9399999999998,49.0
05263,2025-10-24,5,,LAMARSA,2,2,0.0,154.33,2.0
05263,2025-11-22,6,,LAMARSA,2,2,0.0,1287.843,46.0
05263,2025-12-23,2,,LAMARSA,2,2,0.0,815.46,33.0
05263,2026-01-05,1,,LAMARSA,2,2,0.0,3151.0709999999995,9.0
05263,2026-02-18,3,,LAMARSA,2,2,0.0,430.364,3.0
05263,2026-03-05,4,,LAMARSA,2,2,0.0,11759.568000000001,155.0
05263,2026-10-05,1,,LAMARSA,2,2,0.0,2174.024,27.0
05263,2026-11-09,1,,LAMARSA,2,2,0.0,1132.07,5.0
05263,2026-12-02,3,,LAMARSA,2,2,0.0,872.434,7.0
05263,2026-12-25,5,,LAMARSA,2,2,0.0,1613.092,10.0
05264,2025-02-14,5,,LAGOULETTE,2,2,0.0,54.242,24.0
05264,2025-03-16,0,,LAGOULETTE,2,2,0.0,101.72,25.0
05265,2026-05-31,0,,Inconnue,2,2,0.0,68.782,1.0
05266,2025-12-21,0,,LAMARSA,2,2,0.0,16.417,3.0
05267,2025-04-16,3,,LAMARSA,2,2,0.0,12.364,3.0
05267,2025-06-10,2,,LAMARSA,2,2,0.0,37.418,1.0
05267,2025-07-06,0,,LAMARSA,2,2,0.0,908.332,32.0
05267,2025-08-19,2,,LAMARSA,2,2,0.0,84.803,3.0
05267,2026-10-16,5,,LAMARSA,2,2,0.0,62.632,1.0
05268,2025-04-06,0,,LAMARSA,2,2,0.0,34.469,1.0
05268,2025-04-08,2,,LAMARSA,2,2,0.0,41.214,5.0
05268,2025-04-16,3,,LAMARSA,2,2,0.0,26.781,5.0
05268,2025-05-17,6,,LAMARSA,2,2,0.0,44.781,9.0
05268,2025-06-10,2,,LAMARSA,2,2,0.0,14.927,3.0
05268,2026-10-15,4,,LAMARSA,2,2,0.0,22.787,1.0
05269,2025-03-06,4,,LAMARSA,2,2,0.0,15.014,1.0
05270,2025-01-14,2,,LAMARSA,2,2,0.0,46.61,1.0
05270,2025-01-18,6,,LAMARSA,2,2,0.0,63.985,1.0
05270,2025-01-24,5,,LAMARSA,2,2,0.0,41.91,1.0
05270,2025-01-28,2,,LAMARSA,2,2,0.0,26.236,24.0
05270,2025-02-07,5,,LAMARSA,2,2,0.0,85.951,1.0
05270,2025-02-21,5,,LAMARSA,2,2,0.0,54.411,1.0
05270,2025-02-27,4,,LAMARSA,2,2,0.0,54.242,24.0
05270,2025-03-01,6,,LAMARSA,2,2,0.0,53.774,3.0
05270,2025-03-07,5,,LAMARSA,2,2,0.0,70.568,1.0
05270,2025-03-24,1,,LAMARSA,2,2,0.0,227.055,4.0
05270,2025-04-21,1,,LAMARSA,2,2,0.0,49.456,12.0
05270,2025-07-20,0,,LAMARSA,2,2,0.0,207.724,2.0
05270,2025-08-26,2,,LAMARSA,2,2,0.0,279.504,2.0
05270,2025-09-02,2,,LAMARSA,2,2,0.0,140.82,2.0
05270,2025-09-09,2,,LAMARSA,2,2,0.0,926.598,7.0
05270,2025-09-10,3,,LAMARSA,2,2,0.0,11286.710000000001,22.0
05270,2025-10-04,6,,LAMARSA,2,2,0.0,3053.752,8.0
05270,2025-10-18,6,,LAMARSA,2,2,0.0,83.282,1.0
05270,2025-11-08,6,,LAMARSA,2,2,0.0,16.007,3.0
05270,2025-12-06,6,,LAMARSA,2,2,0.0,30.503,1.0
05270,2025-12-30,2,,LAMARSA,2,2,0.0,28.935,12.0
05270,2026-04-27,1,,LAMARSA,2,2,0.0,62.342,2.0
05270,2026-06-17,3,,LAMARSA,2,2,0.0,98.661,1.0
05270,2026-06-22,1,,LAMARSA,2,2,0.0,72.504,1.0
05270,2026-07-02,4,,LAMARSA,2,2,0.0,1038.152,74.0
05270,2026-08-13,4,,LAMARSA,2,2,0.0,25.092,24.0
05270,2026-10-08,4,,LAMARSA,2,2,0.0,158.124,25.0
05270,2026-10-26,1,,LAMARSA,2,2,0.0,567.96,72.0
05270,2026-11-23,1,,LAMARSA,2,2,0.0,1842.55,10.0
05270,2026-12-01,2,,LAMARSA,2,2,0.0,7093.17,12.0
05270,2026-12-14,1,,LAMARSA,2,2,0.0,444.654,26.0
05273,2026-09-14,1,,Inconnue,2,2,0.0,90.63,1.0
05274,2025-03-14,5,,LAMARSA,2,2,0.0,32.134,6.0
05274,2025-06-10,2,,LAMARSA,2,2,0.0,19.902,4.0
05334,2025-02-15,6,SE,MNIHLA,55,1300,1.0,161.32,9.0
05334,2025-03-01,6,SE,MNIHLA,55,1300,1.0,41.91,1.0
05334,2026-09-04,5,SE,MNIHLA,55,1300,1.0,921.6619999999998,14.0
05334,2026-09-11,5,SE,MNIHLA,55,1300,1.0,44.344,5.0
05397,2025-01-19,0,SE,LASOUKRA,2,2,0.0,313.632,2.0
05398,2026-01-03,6,SE,Inconnue,2,2,0.0,80.111,1.0
05399,2026-01-03,6,SE,Inconnue,2,2,0.0,106.087,1.0
05401,2025-06-11,3,SE,LASOUKRA,2,2,0.0,71.422,1.0
05402,2025-01-04,6,SE,LASOUKRA,2,2,0.0,69.739,1.0
05402,2025-01-25,6,SE,LASOUKRA,2,2,0.0,73.247,2.0
05402,2025-03-09,0,SE,LASOUKRA,2,2,0.0,52.258,1.0
05402,2025-03-15,6,SE,LASOUKRA,2,2,0.0,70.568,1.0
05402,2025-04-11,5,SE,LASOUKRA,2,2,0.0,386.332,4.0
05402,2025-06-11,3,SE,LASOUKRA,2,2,0.0,43.376,1.0
05402,2025-07-18,5,SE,LASOUKRA,2,2,0.0,20.275,24.0
05402,2025-08-29,5,SE,LASOUKRA,2,2,0.0,2550.768,6.0
05402,2025-11-19,3,SE,LASOUKRA,2,2,0.0,16.993,6.0
05402,2026-01-03,6,SE,LASOUKRA,2,2,0.0,362.973,3.0
05402,2026-11-27,5,SE,LASOUKRA,2,2,0.0,1454.364,5.0
05402,2026-12-21,1,SE,LASOUKRA,2,2,0.0,2566.848,9.0
05402,2026-12-24,4,SE,LASOUKRA,2,2,0.0,274.804,3.0
05402,2026-12-28,1,SE,LASOUKRA,2,2,0.0,42.213,24.0
05402,2026-12-30,3,SE,LASOUKRA,2,2,0.0,108.708,2.0
05403,2025-02-24,1,SE,Inconnue,2,2,0.0,78.408,1.0
05403,2025-03-02,0,SE,Inconnue,2,2,0.0,78.408,1.0
05403,2025-04-30,3,SE,Inconnue,2,2,0.0,64.27,12.0
05403,2025-11-11,2,SE,Inconnue,2,2,0.0,110.284,1.0
05403,2025-11-16,0,SE,Inconnue,2,2,0.0,48.591,1.0
05403,2025-12-19,5,SE,Inconnue,2,2,0.0,13.774,1.0
05403,2025-12-26,5,SE,Inconnue,2,2,0.0,62.888,1.0
05404,2025-12-26,5,SE,LASOUKRA,2,2,0.0,48.591,1.0
05404,2026-01-09,5,SE,LASOUKRA,2,2,0.0,40.395,24.0
05405,2026-01-04,0,SE,Inconnue,2,2,0.0,388.707,3.0
05406,2025-12-26,5,SE,LASOUKRA,2,2,0.0,30.503,1.0
05406,2026-01-04,0,SE,LASOUKRA,2,2,0.0,354.852,3.0
05407,2025-01-13,1,,LAGOULETTE,2,2,0.0,27310.41599999999,111.0
05407,2025-01-16,4,,LAGOULETTE,2,2,0.0,68709.082,213.0
05407,2025-01-19,0,,LAGOULETTE,2,2,0.0,7143.488000000001,35.0
05407,2025-02-08,6,,LAGOULETTE,2,2,0.0,28111.776000000013,80.0
05407,2025-02-10,1,,LAGOULETTE,2,2,0.0,103.124,2.0
05407,2025-02-17,1,,LAGOULETTE,2,2,0.0,22887.48600000001,109.0
05407,2025-02-18,2,,LAGOULETTE,2,2,0.0,485.144,4.0
05407,2025-02-25,2,,LAGOULETTE,2,2,0.0,37.676,24.0
05407,2025-03-02,0,,LAGOULETTE,2,2,0.0,42758.04600000001,117.0
05407,2025-03-08,6,,LAGOULETTE,2,2,0.0,66737.14199999999,167.0
05407,2025-03-16,0,,LAGOULETTE,2,2,0.0,6712.610000000001,14.0
05407,2025-03-23,0,,LAGOULETTE,2,2,0.0,15904.965,43.0
05407,2025-05-07,3,,LAGOULETTE,2,2,0.0,34112.88500000001,137.0
05407,2025-05-28,3,,LAGOULETTE,2,2,0.0,1358.008,10.0
05407,2025-06-09,1,,LAGOULETTE,2,2,0.0,19159.398,20.0
05407,2025-06-28,6,,LAGOULETTE,2,2,0.0,1725.045,12.0
05407,2025-07-04,5,,LAGOULETTE,2,2,0.0,713.853,3.0
05407,2025-07-26,6,,LAGOULETTE,2,2,0.0,12706.38,104.0
05407,2025-08-15,5,,LAGOULETTE,2,2,0.0,34.957,12.0
05407,2025-08-31,0,,LAGOULETTE,2,2,0.0,4375.741999999999,8.0
05407,2025-09-14,0,,LAGOULETTE,2,2,0.0,30.503,1.0
05407,2025-09-17,3,,LAGOULETTE,2,2,0.0,19705.294000000005,156.0
05407,2025-09-23,2,,LAGOULETTE,2,2,0.0,532.952,6.0
05407,2025-10-02,4,,LAGOULETTE,2,2,0.0,37.418,1.0
05407,2025-10-05,0,,LAGOULETTE,2,2,0.0,32713.2,82.0
05407,2025-10-07,2,,LAGOULETTE,2,2,0.0,2227.098,126.0
05407,2025-11-25,2,,LAGOULETTE,2,2,0.0,45658.84799999999,118.0
05407,2025-12-07,0,,LAGOULETTE,2,2,0.0,36.728,4.0
05407,2025-12-14,0,,LAGOULETTE,2,2,0.0,802.848,5.0
05407,2025-12-20,6,,LAGOULETTE,2,2,0.0,11383.255000000001,58.0
05407,2026-01-21,3,,LAGOULETTE,2,2,0.0,9294.914999999999,19.0
05407,2026-02-03,2,,LAGOULETTE,2,2,0.0,1478.612,53.0
05407,2026-02-15,0,,LAGOULETTE,2,2,0.0,1360.2839999999999,6.0
05407,2026-02-22,0,,LAGOULETTE,2,2,0.0,6537.169999999999,34.0
05407,2026-03-06,5,,LAGOULETTE,2,2,0.0,23507.248000000003,160.0
05407,2026-03-19,4,,LAGOULETTE,2,2,0.0,28259.027999999977,277.0
05407,2026-04-02,4,,LAGOULETTE,2,2,0.0,2919.832,48.0
05407,2026-04-08,3,,LAGOULETTE,2,2,0.0,9566.48,161.0
05407,2026-04-16,4,,LAGOULETTE,2,2,0.0,10943.728000000003,63.0
05407,2026-04-29,3,,LAGOULETTE,2,2,0.0,20666.040000000008,97.0
05407,2026-05-04,1,,LAGOULETTE,2,2,0.0,20385.499000000007,88.0
05407,2026-05-18,1,,LAGOULETTE,2,2,0.0,10307.980000000001,121.0
05407,2026-06-03,3,,LAGOULETTE,2,2,0.0,31.171,1.0
05407,2026-06-05,5,,LAGOULETTE,2,2,0.0,12193.593999999996,171.0
05407,2026-06-18,4,,LAGOULETTE,2,2,0.0,20838.464000000004,63.0
05407,2026-07-02,4,,LAGOULETTE,2,2,0.0,9059.880000000001,190.0
05407,2026-07-10,5,,LAGOULETTE,2,2,0.0,24660.194999999996,88.0
05407,2026-07-27,1,,LAGOULETTE,2,2,0.0,22181.103999999996,53.0
05407,2026-08-11,2,,LAGOULETTE,2,2,0.0,23693.07600000001,53.0
05407,2026-09-02,3,,LAGOULETTE,2,2,0.0,12758.03,38.0
05407,2026-09-10,4,,LAGOULETTE,2,2,0.0,3117.31,7.0
05407,2026-09-22,2,,LAGOULETTE,2,2,0.0,30601.710000000006,137.0
05407,2026-11-02,1,,LAGOULETTE,2,2,0.0,45326.25,221.0
05407,2026-11-18,3,,LAGOULETTE,2,2,0.0,12697.127999999997,166.0
05407,2026-11-22,0,,LAGOULETTE,2,2,0.0,6448.429999999999,56.0
05407,2026-11-30,1,,LAGOULETTE,2,2,0.0,4830.296000000001,9.0
05407,2026-12-02,3,,LAGOULETTE,2,2,0.0,4233.306,24.0
05407,2026-12-06,0,,LAGOULETTE,2,2,0.0,2462.944,9.0
05407,2026-12-07,1,,LAGOULETTE,2,2,0.0,6257.32,13.0
05407,2026-12-20,0,,LAGOULETTE,2,2,0.0,4342.338,7.0
05407,2026-12-30,3,,LAGOULETTE,2,2,0.0,372.504,38.0
05412,2026-04-22,3,SE,Inconnue,2,2,0.0,739.791,3.0
05414,2026-06-01,1,GT,Inconnue,2,2,1.0,80.114,3.0
05416,2025-01-17,5,GT,CARTHAGE,2,2,1.0,54.242,24.0
05416,2025-10-03,5,GT,CARTHAGE,2,2,1.0,172.536,25.0
05416,2025-12-12,5,GT,CARTHAGE,2,2,1.0,104.12100000000001,24.0
05416,2026-05-22,5,GT,CARTHAGE,2,2,1.0,2978.238,47.0
05419,2026-07-13,1,GT,Inconnue,2,2,1.0,6824.679999999999,82.0
05486,2026-01-19,1,,,1,1,0.0,40.395,24.0
05486,2026-04-22,3,,,1,1,0.0,705.2,27.0
05486,2026-04-26,0,,,1,1,0.0,80.111,1.0
05486,2026-05-19,2,,,1,1,0.0,31.171,1.0
05487,2026-01-21,3,,,1,1,0.0,161.582,48.0
05489,2026-01-23,5,,,1,1,0.0,15411.146,25.0
05489,2026-01-25,0,,,1,1,0.0,1951.84,54.0
05489,2026-02-04,3,,,1,1,0.0,630.351,3.0
05489,2026-02-11,3,,,1,1,0.0,1224.448,75.0
05489,2026-02-15,0,,,1,1,0.0,92.249,2.0
05489,2026-02-16,1,,,1,1,0.0,106.087,1.0
05489,2026-02-25,3,,,1,1,0.0,344.94599999999997,3.0
05489,2026-03-09,1,,,1,1,0.0,978.191,47.0
05489,2026-03-11,3,,,1,1,0.0,275.194,25.0
05489,2026-03-18,3,,,1,1,0.0,318.824,2.0
05489,2026-03-29,0,,,1,1,0.0,569.69,17.0
05489,2026-04-08,3,,,1,1,0.0,990.099,8.0
05489,2026-05-20,3,,,1,1,0.0,2333.106,33.0
05489,2026-06-03,3,,,1,1,0.0,648.267,3.0
05489,2026-07-01,3,,,1,1,0.0,1204.395,4.0
05489,2026-09-02,3,,,1,1,0.0,782.871,3.0
05489,2026-09-14,1,,,1,1,0.0,2048.3,18.0
05489,2026-09-30,3,,,1,1,0.0,779.871,3.0
05489,2026-11-17,2,,,1,1,0.0,3254.8379999999997,29.0
05489,2026-11-30,1,,,1,1,0.0,653.908,5.0
05489,2026-12-03,4,,,1,1,0.0,94.394,5.0
05489,2026-12-06,0,,,1,1,0.0,1353.9,11.0
05489,2026-12-16,3,,,1,1,0.0,6030.036,27.0
05489,2026-12-28,1,,,1,1,0.0,424.508,6.0
05490,2025-01-22,3,SE,ARIANAVILLE,1,1,0.0,48.196,1.0
05490,2025-02-14,5,SE,ARIANAVILLE,1,1,0.0,174.586,2.0
05490,2025-03-14,5,SE,ARIANAVILLE,1,1,0.0,70.568,1.0
05490,2025-04-06,0,SE,ARIANAVILLE,1,1,0.0,116.363,5.0
05490,2025-08-02,6,SE,ARIANAVILLE,1,1,0.0,291.21299999999997,3.0
05490,2025-09-26,5,SE,ARIANAVILLE,1,1,0.0,1218.472,4.0
05490,2025-09-27,6,SE,ARIANAVILLE,1,1,0.0,365.42,4.0
05490,2025-10-27,1,SE,ARIANAVILLE,1,1,0.0,541.908,6.0
05490,2026-01-23,5,SE,ARIANAVILLE,1,1,0.0,72.634,1.0
05490,2026-02-27,5,SE,ARIANAVILLE,1,1,0.0,1059.03,28.0
05490,2026-03-03,2,SE,ARIANAVILLE,1,1,0.0,1807.155,32.0
05490,2026-03-10,2,SE,ARIANAVILLE,1,1,0.0,106.425,24.0
05490,2026-03-25,3,SE,ARIANAVILLE,1,1,0.0,62.114,1.0
05490,2026-06-05,5,SE,ARIANAVILLE,1,1,0.0,1038.8500000000001,5.0
05490,2026-06-26,5,SE,ARIANAVILLE,1,1,0.0,80.111,1.0
05490,2026-07-17,5,SE,ARIANAVILLE,1,1,0.0,1607.07,5.0
05490,2026-07-23,4,SE,ARIANAVILLE,1,1,0.0,283.181,15.0
05490,2026-08-16,0,SE,ARIANAVILLE,1,1,0.0,2390.36,8.0
05491,2025-03-01,6,,NOUVELLEMEDINA,1,1,0.0,30.027,2.0
05491,2026-01-25,0,,NOUVELLEMEDINA,1,1,0.0,70.786,25.0
05492,2025-01-18,6,,,1,1,0.0,217.644,2.0
05492,2025-02-28,5,,,1,1,0.0,53.774,3.0
05492,2025-03-23,0,,,1,1,0.0,186.181,8.0
05492,2026-08-29,6,,,1,1,0.0,38.779,24.0
05492,2026-11-02,1,,,1,1,0.0,10013.323000000002,85.0
05493,2025-02-26,3,,ELMENZAH,1,1,0.0,84.426,48.0
05493,2026-01-25,0,,ELMENZAH,1,1,0.0,40.395,24.0
05493,2026-02-02,1,,ELMENZAH,1,1,0.0,106.087,1.0
05493,2026-02-09,1,,ELMENZAH,1,1,0.0,40.395,24.0
05493,2026-02-17,2,,ELMENZAH,1,1,0.0,96.908,25.0
05493,2026-02-24,2,,ELMENZAH,1,1,0.0,106.087,1.0
05493,2026-02-25,3,,ELMENZAH,1,1,0.0,38.153,24.0
05493,2026-02-27,5,,ELMENZAH,1,1,0.0,152.614,96.0
05493,2026-04-01,3,,ELMENZAH,1,1,0.0,305.228,96.0
05493,2026-05-19,2,,ELMENZAH,1,1,0.0,228.92,73.0
05493,2026-06-25,4,,ELMENZAH,1,1,0.0,38.153,24.0
05493,2026-08-10,1,,ELMENZAH,1,1,0.0,38.779,24.0
05494,2025-01-24,5,,,1,1,0.0,195.316,25.0
05494,2025-02-06,4,,,1,1,0.0,347.922,27.0
05494,2025-03-06,4,,,1,1,0.0,55.602,24.0
05494,2025-03-14,5,,,1,1,0.0,69.818,3.0
05494,2025-03-21,5,,,1,1,0.0,71.422,1.0
05494,2025-05-23,5,,,1,1,0.0,71.422,1.0
05494,2025-07-18,5,,,1,1,0.0,71.422,1.0
05494,2025-08-16,6,,,1,1,0.0,100.988,48.0
05494,2025-10-17,5,,,1,1,0.0,110.284,1.0
05494,2025-12-19,5,,,1,1,0.0,194.434,25.0
05494,2026-01-27,2,,,1,1,0.0,8609.380000000001,19.0
05494,2026-02-15,0,,,1,1,0.0,72.634,1.0
05494,2026-03-01,0,,,1,1,0.0,1401.016,9.0
05494,2026-03-15,0,,,1,1,0.0,72.634,1.0
05494,2026-03-29,0,,,1,1,0.0,371.901,49.0
05494,2026-04-12,0,,,1,1,0.0,72.634,1.0
05494,2026-05-10,0,,,1,1,0.0,80.111,1.0
05494,2026-05-17,0,,,1,1,0.0,62.114,1.0
05494,2026-05-31,0,,,1,1,0.0,744.248,50.0
05494,2026-06-21,0,,,1,1,0.0,1048.632,13.0
05494,2026-07-26,0,,,1,1,0.0,113.272,6.0
05494,2026-08-02,0,,,1,1,0.0,486.322,7.0
05494,2026-08-23,0,,,1,1,0.0,62.114,1.0
05494,2026-08-30,0,,,1,1,0.0,99.722,1.0
05494,2026-09-06,0,,,1,1,0.0,43.818,1.0
05494,2026-09-27,0,,,1,1,0.0,153.266,25.0
05494,2026-10-11,0,,,1,1,0.0,113.272,6.0
05494,2026-10-25,0,,,1,1,0.0,69.002,1.0
05494,2026-11-08,0,,,1,1,0.0,71.512,72.0
05494,2026-12-27,0,,,1,1,0.0,57.796,1.0
05495,2025-01-04,6,GT,ELKHADRA,1,1,0.0,143.472,5.0
05495,2025-01-10,5,GT,ELKHADRA,1,1,0.0,84.426,48.0
05495,2025-01-14,2,GT,ELKHADRA,1,1,0.0,613.365,74.0
05495,2025-01-18,6,GT,ELKHADRA,1,1,0.0,135.99,25.0
05495,2025-01-19,0,GT,ELKHADRA,1,1,0.0,37.676,24.0
05495,2025-01-21,2,GT,ELKHADRA,1,1,0.0,71.422,1.0
05495,2025-01-23,4,GT,ELKHADRA,1,1,0.0,154.86,48.0
05495,2025-01-28,2,GT,ELKHADRA,1,1,0.0,136.898,48.0
05495,2025-01-31,5,GT,ELKHADRA,1,1,0.0,116.37,24.0
05495,2025-02-04,2,GT,ELKHADRA,1,1,0.0,136.898,48.0
05495,2025-02-09,0,GT,ELKHADRA,1,1,0.0,216.968,48.0
05495,2025-02-11,2,GT,ELKHADRA,1,1,0.0,136.898,48.0
05495,2025-02-15,6,GT,ELKHADRA,1,1,0.0,42.213,24.0
05495,2025-02-16,0,GT,ELKHADRA,1,1,0.0,365.19,96.0
05495,2025-02-20,4,GT,ELKHADRA,1,1,0.0,55.602,24.0
05495,2025-02-22,6,GT,ELKHADRA,1,1,0.0,67.863,1.0
05495,2025-02-27,4,GT,ELKHADRA,1,1,0.0,186.556,48.0
05495,2025-03-01,6,GT,ELKHADRA,1,1,0.0,137.45,48.0
05495,2025-03-06,4,GT,ELKHADRA,1,1,0.0,117.448,1.0
05495,2025-03-08,6,GT,ELKHADRA,1,1,0.0,186.556,48.0
05495,2025-03-09,0,GT,ELKHADRA,1,1,0.0,303.20099999999996,37.0
05495,2025-03-11,2,GT,ELKHADRA,1,1,0.0,53.024,48.0
05495,2025-03-18,2,GT,ELKHADRA,1,1,0.0,53.024,48.0
05495,2025-03-22,6,GT,ELKHADRA,1,1,0.0,141.896,48.0
05495,2025-03-28,5,GT,ELKHADRA,1,1,0.0,26.512,24.0
05495,2025-04-04,5,GT,ELKHADRA,1,1,0.0,33.893,1.0
05495,2025-04-07,1,GT,ELKHADRA,1,1,0.0,26.236,24.0
05495,2025-04-20,0,GT,ELKHADRA,1,1,0.0,77.046,48.0
05495,2025-04-25,5,GT,ELKHADRA,1,1,0.0,26.236,24.0
05495,2025-04-27,0,GT,ELKHADRA,1,1,0.0,43.891,24.0
05495,2025-04-29,2,GT,ELKHADRA,1,1,0.0,50.494,24.0
05495,2025-05-09,5,GT,ELKHADRA,1,1,0.0,25.247,12.0
05495,2025-05-16,5,GT,ELKHADRA,1,1,0.0,149.688,25.0
05495,2025-05-23,5,GT,ELKHADRA,1,1,0.0,235.395,26.0
05495,2025-05-26,1,GT,ELKHADRA,1,1,0.0,87.445,1.0
05495,2025-06-03,2,GT,ELKHADRA,1,1,0.0,318.22799999999995,72.0
05495,2025-06-06,5,GT,ELKHADRA,1,1,0.0,54.411,1.0
05495,2025-06-09,1,GT,ELKHADRA,1,1,0.0,54.003,24.0
05495,2025-06-20,5,GT,ELKHADRA,1,1,0.0,100.988,48.0
05495,2025-06-24,2,GT,ELKHADRA,1,1,0.0,27.616,24.0
05495,2025-06-30,1,GT,ELKHADRA,1,1,0.0,40.551,48.0
05495,2025-07-06,0,GT,ELKHADRA,1,1,0.0,50.494,24.0
05495,2025-07-21,1,GT,ELKHADRA,1,1,0.0,156.22,48.0
05495,2025-08-19,2,GT,ELKHADRA,1,1,0.0,100.988,48.0
05495,2025-08-31,0,GT,ELKHADRA,1,1,0.0,307.624,25.0
05495,2025-09-09,2,GT,ELKHADRA,1,1,0.0,156.22,48.0
05495,2025-09-16,2,GT,ELKHADRA,1,1,0.0,189.546,48.0
05495,2025-09-30,2,GT,ELKHADRA,1,1,0.0,189.546,48.0
05495,2025-10-06,1,GT,ELKHADRA,1,1,0.0,189.546,48.0
05495,2025-10-13,1,GT,ELKHADRA,1,1,0.0,114.194,48.0
05495,2025-10-17,5,GT,ELKHADRA,1,1,0.0,189.546,48.0
05495,2025-10-24,5,GT,ELKHADRA,1,1,0.0,37.676,24.0
05495,2025-10-28,2,GT,ELKHADRA,1,1,0.0,57.097,24.0
05495,2025-11-02,0,GT,ELKHADRA,1,1,0.0,189.546,48.0
05495,2025-11-07,5,GT,ELKHADRA,1,1,0.0,189.546,48.0
05495,2025-11-10,1,GT,ELKHADRA,1,1,0.0,189.546,48.0
05495,2025-11-14,5,GT,ELKHADRA,1,1,0.0,249.92,25.0
05495,2025-11-17,1,GT,ELKHADRA,1,1,0.0,393.15299999999996,49.0
05495,2025-11-21,5,GT,ELKHADRA,1,1,0.0,67.863,1.0
05495,2025-12-01,1,GT,ELKHADRA,1,1,0.0,189.546,48.0
05495,2025-12-08,1,GT,ELKHADRA,1,1,0.0,222.678,48.0
05495,2025-12-15,1,GT,ELKHADRA,1,1,0.0,108.484,48.0
05495,2025-12-30,2,GT,ELKHADRA,1,1,0.0,183.836,48.0
05495,2026-02-05,4,GT,ELKHADRA,1,1,0.0,2135.791,11.0
05495,2026-02-17,2,GT,ELKHADRA,1,1,0.0,422.77799999999996,3.0
05495,2026-03-29,0,GT,ELKHADRA,1,1,0.0,618.279,73.0
05495,2026-04-22,3,GT,ELKHADRA,1,1,0.0,152.614,48.0
05495,2026-04-26,0,GT,ELKHADRA,1,1,0.0,300.01800000000003,72.0
05495,2026-05-03,0,GT,ELKHADRA,1,1,0.0,255.33,25.0
05495,2026-05-20,3,GT,ELKHADRA,1,1,0.0,228.92,73.0
05495,2026-05-31,0,GT,ELKHADRA,1,1,0.0,277.872,25.0
05495,2026-06-14,0,GT,ELKHADRA,1,1,0.0,273.63,25.0
05495,2026-06-17,3,GT,ELKHADRA,1,1,0.0,68.782,1.0
05495,2026-06-21,0,GT,ELKHADRA,1,1,0.0,98.661,1.0
05495,2026-06-24,3,GT,ELKHADRA,1,1,0.0,532.008,76.0
05495,2026-06-25,4,GT,ELKHADRA,1,1,0.0,273.63,25.0
05495,2026-06-28,0,GT,ELKHADRA,1,1,0.0,244.718,25.0
05495,2026-07-02,4,GT,ELKHADRA,1,1,0.0,38.153,24.0
05495,2026-07-06,1,GT,ELKHADRA,1,1,0.0,273.264,25.0
05495,2026-07-08,3,GT,ELKHADRA,1,1,0.0,303.10200000000003,72.0
05495,2026-07-13,1,GT,ELKHADRA,1,1,0.0,273.264,25.0
05495,2026-07-22,3,GT,ELKHADRA,1,1,0.0,17.416,1.0
05495,2026-07-27,1,GT,ELKHADRA,1,1,0.0,202.068,72.0
05495,2026-07-31,5,GT,ELKHADRA,1,1,0.0,19.332,1.0
05495,2026-08-06,4,GT,ELKHADRA,1,1,0.0,38.779,24.0
05495,2026-08-09,0,GT,ELKHADRA,1,1,0.0,94.394,5.0
05495,2026-08-13,4,GT,ELKHADRA,1,1,0.0,38.779,24.0
05495,2026-08-16,0,GT,ELKHADRA,1,1,0.0,127.742,48.0
05495,2026-08-23,0,GT,ELKHADRA,1,1,0.0,38.779,24.0
05495,2026-08-30,0,GT,ELKHADRA,1,1,0.0,77.559,48.0
05495,2026-09-06,0,GT,ELKHADRA,1,1,0.0,764.0049999999999,75.0
05495,2026-09-14,1,GT,ELKHADRA,1,1,0.0,836.596,51.0
05495,2026-09-17,4,GT,ELKHADRA,1,1,0.0,164.532,48.0
05495,2026-09-21,1,GT,ELKHADRA,1,1,0.0,1164.9299999999998,75.0
05495,2026-09-24,4,GT,ELKHADRA,1,1,0.0,600.414,51.0
05495,2026-09-27,0,GT,ELKHADRA,1,1,0.0,385.40100000000007,97.0
05495,2026-10-01,4,GT,ELKHADRA,1,1,0.0,1164.9299999999998,75.0
05495,2026-10-05,1,GT,ELKHADRA,1,1,0.0,770.02,73.0
05495,2026-10-08,4,GT,ELKHADRA,1,1,0.0,242.874,25.0
05495,2026-10-12,1,GT,ELKHADRA,1,1,0.0,784.488,97.0
05495,2026-10-15,4,GT,ELKHADRA,1,1,0.0,224.052,72.0
05495,2026-10-19,1,GT,ELKHADRA,1,1,0.0,470.328,3.0
05495,2026-10-20,2,GT,ELKHADRA,1,1,0.0,124.426,48.0
05495,2026-10-21,3,GT,ELKHADRA,1,1,0.0,375.676,4.0
05495,2026-10-22,4,GT,ELKHADRA,1,1,0.0,512.322,27.0
05495,2026-10-29,4,GT,ELKHADRA,1,1,0.0,533.276,98.0
05495,2026-11-08,0,GT,ELKHADRA,1,1,0.0,124.426,48.0
05495,2026-11-12,4,GT,ELKHADRA,1,1,0.0,249.999,49.0
05495,2026-11-17,2,GT,ELKHADRA,1,1,0.0,118.992,25.0
05495,2026-11-20,5,GT,ELKHADRA,1,1,0.0,76.752,48.0
05495,2026-11-24,2,GT,ELKHADRA,1,1,0.0,161.23,26.0
05495,2026-11-27,5,GT,ELKHADRA,1,1,0.0,124.426,48.0
05495,2026-11-30,1,GT,ELKHADRA,1,1,0.0,179.802,2.0
05495,2026-12-04,5,GT,ELKHADRA,1,1,0.0,136.898,48.0
05495,2026-12-09,3,GT,ELKHADRA,1,1,0.0,506.664,50.0
05495,2026-12-16,3,GT,ELKHADRA,1,1,0.0,846.536,50.0
05495,2026-12-21,1,GT,ELKHADRA,1,1,0.0,518.324,27.0
05495,2026-12-28,1,GT,ELKHADRA,1,1,0.0,471.18,49.0
05496,2026-02-18,3,GT,,1,1,0.0,2101.312,54.0
05496,2026-02-26,4,GT,,1,1,0.0,349.738,2.0
05496,2026-03-05,4,GT,,1,1,0.0,357.456,26.0
05496,2026-03-19,4,GT,,1,1,0.0,621.46,59.0
05496,2026-04-02,4,GT,,1,1,0.0,728.315,39.0
05496,2026-05-06,3,GT,,1,1,0.0,701.68,5.0
05496,2026-05-24,0,GT,,1,1,0.0,68.782,1.0
05496,2026-06-07,0,GT,,1,1,0.0,68.782,1.0
05496,2026-07-05,0,GT,,1,1,0.0,68.782,1.0
05496,2026-07-23,4,GT,,1,1,0.0,1562.448,54.0
05497,2026-02-18,3,GT,,1,1,0.0,38.153,24.0
05497,2026-02-25,3,GT,,1,1,0.0,106.087,1.0
05497,2026-04-08,3,GT,,1,1,0.0,9.128,1.0
05498,2025-01-28,2,GT,BOUMHELELBASSATINE,1,1,0.0,3504.2450000000003,15.0
05498,2025-02-10,1,GT,BOUMHELELBASSATINE,1,1,0.0,9023.76,251.0
05498,2025-02-11,2,GT,BOUMHELELBASSATINE,1,1,0.0,1048.065,29.0
05498,2025-02-18,2,GT,BOUMHELELBASSATINE,1,1,0.0,4018.571999999999,72.0
05498,2025-02-25,2,GT,BOUMHELELBASSATINE,1,1,0.0,1699.73,5.0
05498,2025-03-28,5,GT,BOUMHELELBASSATINE,1,1,0.0,3771.928999999999,44.0
05498,2025-05-20,2,GT,BOUMHELELBASSATINE,1,1,0.0,99.512,10.0
05498,2025-11-03,1,GT,BOUMHELELBASSATINE,1,1,0.0,232.175,2.0
05498,2025-11-09,0,GT,BOUMHELELBASSATINE,1,1,0.0,8481.826999999997,284.0
05498,2025-12-02,2,GT,BOUMHELELBASSATINE,1,1,0.0,39.813,1.0
05498,2025-12-16,2,GT,BOUMHELELBASSATINE,1,1,0.0,5744.8200000000015,277.0
05498,2026-02-19,4,GT,BOUMHELELBASSATINE,1,1,0.0,22610.22099999999,173.0
05498,2026-02-26,4,GT,BOUMHELELBASSATINE,1,1,0.0,62.114,1.0
05498,2026-03-05,4,GT,BOUMHELELBASSATINE,1,1,0.0,355.01800000000003,48.0
05498,2026-03-12,4,GT,BOUMHELELBASSATINE,1,1,0.0,1698.276,150.0
05498,2026-03-13,5,GT,BOUMHELELBASSATINE,1,1,0.0,833.8,5.0
05498,2026-03-15,0,GT,BOUMHELELBASSATINE,1,1,0.0,155.856,5.0
05498,2026-03-16,1,GT,BOUMHELELBASSATINE,1,1,0.0,901.904,28.0
05498,2026-03-20,5,GT,BOUMHELELBASSATINE,1,1,0.0,30.684,2.0
05498,2026-03-26,4,GT,BOUMHELELBASSATINE,1,1,0.0,286.912,2.0
05498,2026-04-24,5,GT,BOUMHELELBASSATINE,1,1,0.0,1260.312,6.0
05498,2026-06-18,4,GT,BOUMHELELBASSATINE,1,1,0.0,71.728,1.0
05498,2026-07-02,4,GT,BOUMHELELBASSATINE,1,1,0.0,37.758,2.0
05498,2026-08-27,4,GT,BOUMHELELBASSATINE,1,1,0.0,7067.817,155.0
05498,2026-09-08,2,GT,BOUMHELELBASSATINE,1,1,0.0,2080.257,146.0
05498,2026-10-01,4,GT,BOUMHELELBASSATINE,1,1,0.0,391.906,3.0
05498,2026-10-04,0,GT,BOUMHELELBASSATINE,1,1,0.0,647.876,4.0
05498,2026-10-07,3,GT,BOUMHELELBASSATINE,1,1,0.0,1454.493,41.0
05498,2026-11-02,1,GT,BOUMHELELBASSATINE,1,1,0.0,1975.095,216.0
05498,2026-11-13,5,GT,BOUMHELELBASSATINE,1,1,0.0,2171.245,149.0
05498,2026-11-15,0,GT,BOUMHELELBASSATINE,1,1,0.0,3341.625,14.0
05498,2026-11-20,5,GT,BOUMHELELBASSATINE,1,1,0.0,6108.032,29.0
05498,2026-11-24,2,GT,BOUMHELELBASSATINE,1,1,0.0,1843.7219999999998,13.0
05498,2026-11-29,0,GT,BOUMHELELBASSATINE,1,1,0.0,38.375,24.0
05498,2026-12-03,4,GT,BOUMHELELBASSATINE,1,1,0.0,4508.196,23.0
05498,2026-12-04,5,GT,BOUMHELELBASSATINE,1,1,0.0,402.12,6.0
05498,2026-12-06,0,GT,BOUMHELELBASSATINE,1,1,0.0,7173.657000000001,130.0
05499,2026-02-26,4,SFAX,,1,1,0.0,16680.43,37.0
05499,2026-06-06,6,SFAX,,1,1,0.0,2110.086,8.0
05499,2026-07-12,0,SFAX,,1,1,0.0,457.166,5.0
05660,2025-01-05,0,SE,MNIHLA,55,1300,1.0,7766.376000000001,12.0
05660,2025-01-14,2,SE,MNIHLA,55,1300,1.0,1867.2299999999998,6.0
05660,2025-01-21,2,SE,MNIHLA,55,1300,1.0,1346.928,13.0
05660,2025-02-01,6,SE,MNIHLA,55,1300,1.0,626.9939999999999,3.0
05660,2025-02-04,2,SE,MNIHLA,55,1300,1.0,2821.304,47.0
05660,2025-02-14,5,SE,MNIHLA,55,1300,1.0,3218.534,51.0
05660,2025-02-19,3,SE,MNIHLA,55,1300,1.0,11733.345,27.0
05660,2025-02-24,1,SE,MNIHLA,55,1300,1.0,786.56,8.0
05660,2025-03-10,1,SE,MNIHLA,55,1300,1.0,3654.203,39.0
05660,2025-06-21,6,SE,MNIHLA,55,1300,1.0,1177.2450000000001,36.0
05660,2025-12-28,0,SE,MNIHLA,55,1300,1.0,1780.604,8.0
05660,2026-08-26,3,SE,MNIHLA,55,1300,1.0,748.268,5.0
05660,2026-09-07,1,SE,MNIHLA,55,1300,1.0,3153.054,30.0
05660,2026-09-08,2,SE,MNIHLA,55,1300,1.0,4724.888,101.0
05660,2026-09-28,1,SE,MNIHLA,55,1300,1.0,7811.543999999998,15.0
05660,2026-10-12,1,SE,MNIHLA,55,1300,1.0,8822.457,20.0
05660,2026-11-22,0,SE,MNIHLA,55,1300,1.0,1437.24,6.0
05660,2026-12-11,5,SE,MNIHLA,55,1300,1.0,3553.0899999999997,42.0
05660,2026-12-18,5,SE,MNIHLA,55,1300,1.0,24479.391999999993,42.0
05660,2026-12-24,4,SE,MNIHLA,55,1300,1.0,1148.268,16.0
05669,2025-01-05,0,SE,Inconnue,Inconnue,1300,1.0,748.204,12.0
05669,2025-01-06,1,SE,Inconnue,Inconnue,1300,1.0,101.066,5.0
05669,2025-01-07,2,SE,Inconnue,Inconnue,1300,1.0,1332.6740000000002,61.0
05669,2025-01-14,2,SE,Inconnue,Inconnue,1300,1.0,38.453,12.0
05669,2025-01-26,0,SE,Inconnue,Inconnue,1300,1.0,484.448,6.0
05669,2025-01-31,5,SE,Inconnue,Inconnue,1300,1.0,745.608,41.0
05669,2025-02-18,2,SE,Inconnue,Inconnue,1300,1.0,116.088,1.0
05669,2025-02-28,5,SE,Inconnue,Inconnue,1300,1.0,75.188,1.0
05669,2025-03-12,3,SE,Inconnue,Inconnue,1300,1.0,12594.127999999999,43.0
05669,2025-06-09,1,SE,Inconnue,Inconnue,1300,1.0,769.97,5.0
05669,2025-06-18,3,SE,Inconnue,Inconnue,1300,1.0,2484.078,219.0
05669,2025-07-20,0,SE,Inconnue,Inconnue,1300,1.0,3061.544,114.0
05669,2025-07-27,0,SE,Inconnue,Inconnue,1300,1.0,47.135,8.0
05669,2025-08-18,1,SE,Inconnue,Inconnue,1300,1.0,1326.375,207.0
05669,2025-08-27,3,SE,Inconnue,Inconnue,1300,1.0,34.957,12.0
05669,2025-09-05,5,SE,Inconnue,Inconnue,1300,1.0,69.086,2.0
05669,2025-10-12,0,SE,Inconnue,Inconnue,1300,1.0,2260.175,5.0
05669,2025-10-18,6,SE,Inconnue,Inconnue,1300,1.0,1292.6,8.0
05669,2025-10-19,0,SE,Inconnue,Inconnue,1300,1.0,47.959,2.0
05669,2025-11-14,5,SE,Inconnue,Inconnue,1300,1.0,67.863,1.0
05669,2025-12-01,1,SE,Inconnue,Inconnue,1300,1.0,98.891,2.0
05669,2025-12-03,3,SE,Inconnue,Inconnue,1300,1.0,4564.938,54.0
05669,2025-12-10,3,SE,Inconnue,Inconnue,1300,1.0,415.54499999999996,7.0
05669,2025-12-13,6,SE,Inconnue,Inconnue,1300,1.0,451.058,73.0
05669,2025-12-20,6,SE,Inconnue,Inconnue,1300,1.0,1274.0,136.0
05669,2026-11-17,2,SE,Inconnue,Inconnue,1300,1.0,4067.752,103.0
05669,2026-12-08,2,SE,Inconnue,Inconnue,1300,1.0,992.7249999999999,72.0
05669,2026-12-20,0,SE,Inconnue,Inconnue,1300,1.0,407.534,3.0
05669,2026-12-22,2,SE,Inconnue,Inconnue,1300,1.0,106.087,1.0
05674,2025-01-07,2,SE,ARIANAVILLE,6,1300,1.0,13433.794000000002,31.0
05674,2025-01-11,6,SE,ARIANAVILLE,6,1300,1.0,68855.88000000002,411.0
05674,2025-01-14,2,SE,ARIANAVILLE,6,1300,1.0,17607.178000000007,82.0
05674,2025-01-18,6,SE,ARIANAVILLE,6,1300,1.0,9040.295999999998,85.0
05674,2025-01-24,5,SE,ARIANAVILLE,6,1300,1.0,12746.360000000002,45.0
05674,2025-01-25,6,SE,ARIANAVILLE,6,1300,1.0,4053.965,114.0
05674,2025-01-27,1,SE,ARIANAVILLE,6,1300,1.0,105868.51500000007,318.0
05674,2025-01-31,5,SE,ARIANAVILLE,6,1300,1.0,2839.453,36.0
05674,2025-02-01,6,SE,ARIANAVILLE,6,1300,1.0,19921.920000000002,97.0
05674,2025-02-03,1,SE,ARIANAVILLE,6,1300,1.0,1771.464,6.0
05674,2025-02-05,3,SE,ARIANAVILLE,6,1300,1.0,14849.757999999998,21.0
05674,2025-02-09,0,SE,ARIANAVILLE,6,1300,1.0,607.758,30.0
05674,2025-02-10,1,SE,ARIANAVILLE,6,1300,1.0,6124.217999999999,15.0
05674,2025-02-16,0,SE,ARIANAVILLE,6,1300,1.0,15002.148000000001,93.0
05674,2025-02-17,1,SE,ARIANAVILLE,6,1300,1.0,3816.152000000001,44.0
05674,2025-02-21,5,SE,ARIANAVILLE,6,1300,1.0,25198.530000000002,66.0
05674,2025-02-27,4,SE,ARIANAVILLE,6,1300,1.0,9995.848,144.0
05674,2025-02-28,5,SE,ARIANAVILLE,6,1300,1.0,79445.71800000001,256.0
05674,2025-03-09,0,SE,ARIANAVILLE,6,1300,1.0,16227.672000000004,34.0
05674,2025-04-08,2,SE,ARIANAVILLE,6,1300,1.0,61760.35199999999,194.0
05674,2025-04-21,1,SE,ARIANAVILLE,6,1300,1.0,48247.69600000001,147.0
05674,2025-05-12,1,SE,ARIANAVILLE,6,1300,1.0,3044.944,24.0
05674,2025-05-19,1,SE,ARIANAVILLE,6,1300,1.0,563.78,7.0
05674,2025-05-24,6,SE,ARIANAVILLE,6,1300,1.0,15011.226999999997,112.0
05674,2025-05-27,2,SE,ARIANAVILLE,6,1300,1.0,8577.579999999998,86.0
05674,2025-06-02,1,SE,ARIANAVILLE,6,1300,1.0,2665.088,43.0
05674,2025-06-16,1,SE,ARIANAVILLE,6,1300,1.0,1472.176,75.0
05674,2025-06-21,6,SE,ARIANAVILLE,6,1300,1.0,3458.2729999999992,196.0
05674,2025-07-16,3,SE,ARIANAVILLE,6,1300,1.0,10166.284000000001,61.0
05674,2025-07-20,0,SE,ARIANAVILLE,6,1300,1.0,7453.919999999999,20.0
05674,2025-08-04,1,SE,ARIANAVILLE,6,1300,1.0,18340.075999999997,202.0
05674,2025-08-17,0,SE,ARIANAVILLE,6,1300,1.0,1202.11,19.0
05674,2025-08-18,1,SE,ARIANAVILLE,6,1300,1.0,41365.104,128.0
05674,2025-08-24,0,SE,ARIANAVILLE,6,1300,1.0,7235.823000000001,17.0
05674,2025-08-31,0,SE,ARIANAVILLE,6,1300,1.0,826.546,4.0
05674,2025-09-06,6,SE,ARIANAVILLE,6,1300,1.0,13283.58,16.0
05674,2025-09-09,2,SE,ARIANAVILLE,6,1300,1.0,1432.788,192.0
05674,2025-09-16,2,SE,ARIANAVILLE,6,1300,1.0,2472.2599999999998,14.0
05674,2025-09-17,3,SE,ARIANAVILLE,6,1300,1.0,14097.824000000002,21.0
05674,2025-09-24,3,SE,ARIANAVILLE,6,1300,1.0,41885.19000000002,294.0
05674,2025-09-26,5,SE,ARIANAVILLE,6,1300,1.0,122.433,2.0
05674,2025-09-29,1,SE,ARIANAVILLE,6,1300,1.0,1999.616,31.0
05674,2025-10-05,0,SE,ARIANAVILLE,6,1300,1.0,11988.539999999999,14.0
05674,2025-10-07,2,SE,ARIANAVILLE,6,1300,1.0,11188.993,156.0
05674,2025-10-12,0,SE,ARIANAVILLE,6,1300,1.0,10296.26,30.0
05674,2025-10-18,6,SE,ARIANAVILLE,6,1300,1.0,4681.139999999999,41.0
05674,2025-10-21,2,SE,ARIANAVILLE,6,1300,1.0,52756.77000000002,84.0
05674,2025-10-25,6,SE,ARIANAVILLE,6,1300,1.0,43577.33999999998,266.0
05674,2025-11-04,2,SE,ARIANAVILLE,6,1300,1.0,13248.656,23.0
05674,2025-11-07,5,SE,ARIANAVILLE,6,1300,1.0,2683.305,132.0
05674,2025-11-09,0,SE,ARIANAVILLE,6,1300,1.0,308.66,4.0
05674,2025-11-14,5,SE,ARIANAVILLE,6,1300,1.0,9471.238,27.0
05674,2025-11-16,0,SE,ARIANAVILLE,6,1300,1.0,1123.086,6.0
05674,2025-11-22,6,SE,ARIANAVILLE,6,1300,1.0,1871.464,12.0
05674,2025-11-24,1,SE,ARIANAVILLE,6,1300,1.0,1276.627,60.0
05674,2025-11-25,2,SE,ARIANAVILLE,6,1300,1.0,3874.775,23.0
05674,2025-11-28,5,SE,ARIANAVILLE,6,1300,1.0,756.268,52.0
05674,2025-12-02,2,SE,ARIANAVILLE,6,1300,1.0,83219.22000000003,358.0
05674,2025-12-05,5,SE,ARIANAVILLE,6,1300,1.0,3559.69,8.0
05674,2025-12-06,6,SE,ARIANAVILLE,6,1300,1.0,5795.5599999999995,22.0
05674,2025-12-10,3,SE,ARIANAVILLE,6,1300,1.0,370.394,6.0
05674,2025-12-13,6,SE,ARIANAVILLE,6,1300,1.0,8628.288000000002,68.0
05674,2025-12-19,5,SE,ARIANAVILLE,6,1300,1.0,747.874,7.0
05674,2025-12-20,6,SE,ARIANAVILLE,6,1300,1.0,2156.0,462.0
05674,2025-12-23,2,SE,ARIANAVILLE,6,1300,1.0,11502.062,28.0
05674,2025-12-24,3,SE,ARIANAVILLE,6,1300,1.0,9177.351,107.0
05674,2025-12-30,2,SE,ARIANAVILLE,6,1300,1.0,3032.2949999999996,11.0
05674,2026-12-24,4,SE,ARIANAVILLE,6,1300,1.0,131.43,6.0
05674,2026-12-29,2,SE,ARIANAVILLE,6,1300,1.0,143.472,5.0
05678,2025-08-25,1,GT,LAGOULETTE,2,2,1.0,391.524,3.0
05679,2025-01-06,1,CAPBON,ELMENZAH,6,1300,1.0,44.501,1.0
05679,2025-01-12,0,CAPBON,ELMENZAH,6,1300,1.0,102707.40600000005,156.0
05679,2025-01-14,2,CAPBON,ELMENZAH,6,1300,1.0,67.028,1.0
05679,2025-02-11,2,CAPBON,ELMENZAH,6,1300,1.0,116.088,1.0
05679,2025-02-22,6,CAPBON,ELMENZAH,6,1300,1.0,66085.5,221.0
05679,2025-04-11,5,CAPBON,ELMENZAH,6,1300,1.0,15357.503,43.0
05679,2025-06-02,1,CAPBON,ELMENZAH,6,1300,1.0,997.996,14.0
05679,2025-06-15,0,CAPBON,ELMENZAH,6,1300,1.0,4541.166,10.0
05679,2025-06-17,2,CAPBON,ELMENZAH,6,1300,1.0,2450.91,37.0
05679,2025-06-21,6,CAPBON,ELMENZAH,6,1300,1.0,1561.792,34.0
05679,2025-07-12,6,CAPBON,ELMENZAH,6,1300,1.0,20150.940000000002,148.0
05679,2025-07-18,5,CAPBON,ELMENZAH,6,1300,1.0,10516.266,76.0
05679,2025-07-29,2,CAPBON,ELMENZAH,6,1300,1.0,3179.321999999999,17.0
05679,2025-08-02,6,CAPBON,ELMENZAH,6,1300,1.0,190.605,6.0
05679,2025-08-04,1,CAPBON,ELMENZAH,6,1300,1.0,1925.622,26.0
05679,2025-08-30,6,CAPBON,ELMENZAH,6,1300,1.0,533.586,200.0
05679,2025-10-20,1,CAPBON,ELMENZAH,6,1300,1.0,4048.22,64.0
05679,2025-11-19,3,CAPBON,ELMENZAH,6,1300,1.0,38.453,12.0
05679,2025-12-16,2,CAPBON,ELMENZAH,6,1300,1.0,142.186,2.0
05679,2026-11-10,2,CAPBON,ELMENZAH,6,1300,1.0,415660.41400000005,780.0
05679,2026-11-16,1,CAPBON,ELMENZAH,6,1300,1.0,10814.414999999999,66.0
05679,2026-11-24,2,CAPBON,ELMENZAH,6,1300,1.0,5268.368,19.0
05679,2026-12-18,5,CAPBON,ELMENZAH,6,1300,1.0,25747.010999999995,54.0
05681,2025-02-27,4,GT,Inconnue,2,2,1.0,34.608,12.0
05681,2025-03-03,1,GT,Inconnue,2,2,1.0,55.389,1.0
05681,2025-09-30,2,GT,Inconnue,2,2,1.0,85195.63600000001,479.0
05683,2025-01-22,3,SE,ARIANAVILLE,Inconnue,1300,1.0,767.6300000000001,76.0
05683,2025-02-22,6,SE,ARIANAVILLE,Inconnue,1300,1.0,2201.4239999999995,220.0
05683,2025-04-09,3,SE,ARIANAVILLE,Inconnue,1300,1.0,19.262,24.0
05683,2025-04-27,0,SE,ARIANAVILLE,Inconnue,1300,1.0,674.1500000000001,168.0
05683,2025-06-23,1,SE,ARIANAVILLE,Inconnue,1300,1.0,486.60900000000004,192.0
05683,2026-09-24,4,SE,ARIANAVILLE,Inconnue,1300,1.0,17.158,24.0
05683,2026-10-09,5,SE,ARIANAVILLE,Inconnue,1300,1.0,453.865,120.0
05683,2026-10-29,4,SE,ARIANAVILLE,Inconnue,1300,1.0,36.309,48.0
05684,2025-01-11,6,SE,ARIANAVILLE,Inconnue,1300,1.0,43.89,12.0
05684,2025-01-14,2,SE,ARIANAVILLE,Inconnue,1300,1.0,313.632,2.0
05684,2025-01-31,5,SE,ARIANAVILLE,Inconnue,1300,1.0,26.236,24.0
05684,2025-02-18,2,SE,ARIANAVILLE,Inconnue,1300,1.0,35.098,1.0
05684,2025-02-25,2,SE,ARIANAVILLE,Inconnue,1300,1.0,1658.152,6.0
05684,2025-03-10,1,SE,ARIANAVILLE,Inconnue,1300,1.0,216.906,25.0
05684,2025-10-28,2,SE,ARIANAVILLE,Inconnue,1300,1.0,12.596,1.0
05684,2025-11-25,2,SE,ARIANAVILLE,Inconnue,1300,1.0,39.812,2.0
05684,2026-09-28,1,SE,ARIANAVILLE,Inconnue,1300,1.0,22853.565000000002,126.0
05684,2026-12-06,0,SE,ARIANAVILLE,Inconnue,1300,1.0,440.72,12.0
05685,2025-01-04,6,SE,ARIANAVILLE,Inconnue,1300,1.0,2228.492,7.0
05685,2025-01-27,1,SE,ARIANAVILLE,Inconnue,1300,1.0,44.885,1.0
05685,2025-01-29,3,SE,ARIANAVILLE,Inconnue,1300,1.0,80.661,3.0
05685,2025-02-04,2,SE,ARIANAVILLE,Inconnue,1300,1.0,34.699,1.0
05685,2025-03-25,2,SE,ARIANAVILLE,Inconnue,1300,1.0,54.411,1.0
05685,2025-05-25,0,SE,ARIANAVILLE,Inconnue,1300,1.0,44.435,24.0
05685,2025-06-11,3,SE,ARIANAVILLE,Inconnue,1300,1.0,20.607,5.0
05685,2025-10-28,2,SE,ARIANAVILLE,Inconnue,1300,1.0,42.554,2.0
05685,2025-12-05,5,SE,ARIANAVILLE,Inconnue,1300,1.0,36.278,1.0
05685,2026-09-27,0,SE,ARIANAVILLE,Inconnue,1300,1.0,397.197,3.0
05685,2026-10-22,4,SE,ARIANAVILLE,Inconnue,1300,1.0,13.808,1.0
05685,2026-10-23,5,SE,ARIANAVILLE,Inconnue,1300,1.0,390.93000000000006,17.0
05685,2026-11-02,1,SE,ARIANAVILLE,Inconnue,1300,1.0,4.901,1.0
05786,2026-05-15,5,NORD,,1,1,0.0,169.23,26.0
05786,2026-06-10,3,NORD,,1,1,0.0,71.174,25.0
05786,2026-08-05,3,NORD,,1,1,0.0,19.332,1.0
05787,2026-05-15,5,GT,,1,1,0.0,320.436,50.0
05788,2025-01-12,0,NORD,,1,1,0.0,44.501,1.0
05788,2026-05-15,5,NORD,,1,1,0.0,320.436,50.0
05789,2026-05-15,5,GT,,1,1,0.0,125.86800000000001,26.0
05790,2026-05-15,5,NORD,,1,1,0.0,36.514,2.0
05790,2026-08-05,3,NORD,,1,1,0.0,38.779,24.0
05791,2025-02-10,1,GT,FOUCHANA,1,1,0.0,35.098,1.0
05791,2025-12-13,6,GT,FOUCHANA,1,1,0.0,102.033,3.0
05791,2025-12-27,6,GT,FOUCHANA,1,1,0.0,28.935,12.0
05791,2026-05-15,5,GT,FOUCHANA,1,1,0.0,454.528,50.0
05791,2026-05-27,3,GT,FOUCHANA,1,1,0.0,68.634,48.0
05791,2026-08-05,3,GT,FOUCHANA,1,1,0.0,38.779,24.0
05792,2025-02-10,1,NORD,Fouchana,1,1,0.0,40.426,2.0
05792,2025-12-13,6,NORD,Fouchana,1,1,0.0,75.632,1.0
05792,2025-12-27,6,NORD,Fouchana,1,1,0.0,28.935,12.0
05792,2025-12-30,2,NORD,Fouchana,1,1,0.0,148.5,9.0
05792,2026-05-15,5,NORD,Fouchana,1,1,0.0,675.376,99.0
05793,2026-05-18,1,GT,,1,1,0.0,23.699,24.0
05795,2025-03-24,1,GT,HAMMAMLIF,1,1,0.0,70.568,1.0
05795,2025-03-31,1,GT,HAMMAMLIF,1,1,0.0,75.188,1.0
05795,2025-05-05,1,GT,HAMMAMLIF,1,1,0.0,23.272,1.0
05795,2025-05-12,1,GT,HAMMAMLIF,1,1,0.0,30.503,1.0
05795,2025-05-26,1,GT,HAMMAMLIF,1,1,0.0,24.004,24.0
05795,2025-06-16,1,GT,HAMMAMLIF,1,1,0.0,11.636,1.0
05795,2025-06-22,0,GT,HAMMAMLIF,1,1,0.0,50.494,24.0
05795,2025-07-21,1,GT,HAMMAMLIF,1,1,0.0,54.003,24.0
05795,2026-05-20,3,GT,HAMMAMLIF,1,1,0.0,38.153,24.0
05795,2026-06-17,3,GT,HAMMAMLIF,1,1,0.0,38.153,24.0
05795,2026-07-15,3,GT,HAMMAMLIF,1,1,0.0,27.238,1.0
05796,2026-05-22,5,GT,,1,1,0.0,168.06,3.0
05796,2026-06-05,5,GT,,1,1,0.0,189.742,2.0
05797,2025-01-05,0,GT,RADES,1,1,0.0,27.616,24.0
05797,2025-01-12,0,GT,RADES,1,1,0.0,84.48,2.0
05797,2025-02-09,0,GT,RADES,1,1,0.0,52.367,12.0
05797,2025-04-28,1,GT,RADES,1,1,0.0,26.236,24.0
05797,2025-05-04,0,GT,RADES,1,1,0.0,25.247,12.0
05797,2025-06-01,0,GT,RADES,1,1,0.0,24.004,24.0
05797,2025-07-20,0,GT,RADES,1,1,0.0,50.494,24.0
05797,2026-05-19,2,GT,RADES,1,1,0.0,1373.52,292.0
05797,2026-05-26,2,GT,RADES,1,1,0.0,18.44,1.0
05797,2026-06-16,2,GT,RADES,1,1,0.0,27.238,1.0
05797,2026-08-04,2,GT,RADES,1,1,0.0,38.779,24.0
05797,2026-11-10,2,GT,RADES,1,1,0.0,71.728,1.0
05797,2026-12-22,2,GT,RADES,1,1,0.0,42.213,24.0
05797,2026-12-29,2,GT,RADES,1,1,0.0,42.213,24.0
05798,2026-05-24,0,GT,Mornag,1,1,0.0,38.153,24.0
05798,2026-07-05,0,GT,Mornag,1,1,0.0,16.255,24.0
05798,2026-08-16,0,GT,Mornag,1,1,0.0,77.33,2.0
05799,2026-05-24,0,GT,,1,1,0.0,144.51,26.0
05800,2025-12-13,6,,,1,1,0.0,16.022,60.0
05800,2026-05-27,3,,,1,1,0.0,38.153,24.0
05800,2026-08-05,3,,,1,1,0.0,38.779,24.0
05801,2025-08-18,1,,,1,1,0.0,89.274,1.0
05801,2026-05-27,3,,,1,1,0.0,595.108,121.0
05801,2026-07-08,3,,,1,1,0.0,19.332,1.0
05801,2026-07-15,3,,,1,1,0.0,37.971,24.0
05801,2026-08-05,3,,,1,1,0.0,17.158,24.0
05801,2026-10-28,3,,,1,1,0.0,164.31,12.0
05802,2026-05-27,3,,,1,1,0.0,38.153,24.0
05803,2025-05-14,3,GT,BABBHAR,1,1,0.0,49.456,12.0
05803,2025-05-17,6,GT,BABBHAR,1,1,0.0,25.247,12.0
05803,2025-05-23,5,GT,BABBHAR,1,1,0.0,24.729,6.0
05803,2025-05-30,5,GT,BABBHAR,1,1,0.0,24.004,24.0
05803,2025-06-01,0,GT,BABBHAR,1,1,0.0,190.605,6.0
05803,2025-06-04,3,GT,BABBHAR,1,1,0.0,58.068,24.0
05803,2025-10-27,1,GT,BABBHAR,1,1,0.0,57.097,24.0
05803,2026-06-05,5,GT,BABBHAR,1,1,0.0,2199.26,7.0
05804,2025-01-06,1,GT,BOUMHELELBASSATINE,1,1,0.0,54.242,24.0
05804,2025-01-12,0,GT,BOUMHELELBASSATINE,1,1,0.0,3140.4320000000002,33.0
05804,2025-01-20,1,GT,BOUMHELELBASSATINE,1,1,0.0,22.981,1.0
05804,2025-01-27,1,GT,BOUMHELELBASSATINE,1,1,0.0,136.178,1.0
05804,2025-02-02,0,GT,BOUMHELELBASSATINE,1,1,0.0,405.648,20.0
05804,2025-02-03,1,GT,BOUMHELELBASSATINE,1,1,0.0,54.242,24.0
05804,2025-02-10,1,GT,BOUMHELELBASSATINE,1,1,0.0,78.408,1.0
05804,2025-02-17,1,GT,BOUMHELELBASSATINE,1,1,0.0,519.332,30.0
05804,2025-02-18,2,GT,BOUMHELELBASSATINE,1,1,0.0,419.29,7.0
05804,2025-02-25,2,GT,BOUMHELELBASSATINE,1,1,0.0,387.318,11.0
05804,2025-03-08,6,GT,BOUMHELELBASSATINE,1,1,0.0,4902.372,14.0
05804,2025-03-09,0,GT,BOUMHELELBASSATINE,1,1,0.0,877.248,5.0
05804,2025-03-16,0,GT,BOUMHELELBASSATINE,1,1,0.0,1597.688,51.0
05804,2025-03-23,0,GT,BOUMHELELBASSATINE,1,1,0.0,599.578,9.0
05804,2025-04-28,1,GT,BOUMHELELBASSATINE,1,1,0.0,52.472,48.0
05804,2025-04-29,2,GT,BOUMHELELBASSATINE,1,1,0.0,1968.415,75.0
05804,2025-04-30,3,GT,BOUMHELELBASSATINE,1,1,0.0,3063.3120000000004,30.0
05804,2025-05-13,2,GT,BOUMHELELBASSATINE,1,1,0.0,30.503,1.0
05804,2025-05-27,2,GT,BOUMHELELBASSATINE,1,1,0.0,24.004,24.0
05804,2025-06-02,1,GT,BOUMHELELBASSATINE,1,1,0.0,24.004,24.0
05804,2025-06-03,2,GT,BOUMHELELBASSATINE,1,1,0.0,1013.432,4.0
05804,2025-06-09,1,GT,BOUMHELELBASSATINE,1,1,0.0,216.014,48.0
05804,2025-06-24,2,GT,BOUMHELELBASSATINE,1,1,0.0,497.523,6.0
05804,2025-07-07,1,GT,BOUMHELELBASSATINE,1,1,0.0,337.21,2.0
05804,2025-07-22,2,GT,BOUMHELELBASSATINE,1,1,0.0,270.668,13.0
05804,2025-08-19,2,GT,BOUMHELELBASSATINE,1,1,0.0,50.494,24.0
05804,2025-08-26,2,GT,BOUMHELELBASSATINE,1,1,0.0,355.279,27.0
05804,2025-09-09,2,GT,BOUMHELELBASSATINE,1,1,0.0,156.22,48.0
05804,2025-09-16,2,GT,BOUMHELELBASSATINE,1,1,0.0,57.097,24.0
05804,2025-09-19,5,GT,BOUMHELELBASSATINE,1,1,0.0,88.172,1.0
05804,2025-09-23,2,GT,BOUMHELELBASSATINE,1,1,0.0,1915.4410000000003,30.0
05804,2025-10-27,1,GT,BOUMHELELBASSATINE,1,1,0.0,18.364,1.0
05804,2025-10-28,2,GT,BOUMHELELBASSATINE,1,1,0.0,25.194,2.0
05804,2025-11-03,1,GT,BOUMHELELBASSATINE,1,1,0.0,189.546,48.0
05804,2025-11-04,2,GT,BOUMHELELBASSATINE,1,1,0.0,57.097,24.0
05804,2025-11-18,2,GT,BOUMHELELBASSATINE,1,1,0.0,928.8419999999999,50.0
05804,2025-12-09,2,GT,BOUMHELELBASSATINE,1,1,0.0,271.892,48.0
05804,2025-12-10,3,GT,BOUMHELELBASSATINE,1,1,0.0,2107.545,8.0
05804,2025-12-29,1,GT,BOUMHELELBASSATINE,1,1,0.0,1456.6599999999999,51.0
05804,2025-12-30,2,GT,BOUMHELELBASSATINE,1,1,0.0,2879.148,10.0
05804,2026-06-18,4,GT,BOUMHELELBASSATINE,1,1,0.0,450.704,50.0
05804,2026-07-02,4,GT,BOUMHELELBASSATINE,1,1,0.0,1727.74,52.0
05804,2026-07-09,4,GT,BOUMHELELBASSATINE,1,1,0.0,90.63,1.0
05804,2026-07-23,4,GT,BOUMHELELBASSATINE,1,1,0.0,1735.086,8.0
05804,2026-09-10,4,GT,BOUMHELELBASSATINE,1,1,0.0,3467.847999999999,148.0
05804,2026-09-24,4,GT,BOUMHELELBASSATINE,1,1,0.0,27.616,2.0
05804,2026-10-08,4,GT,BOUMHELELBASSATINE,1,1,0.0,829.344,4.0
05804,2026-10-22,4,GT,BOUMHELELBASSATINE,1,1,0.0,282.572,2.0
05804,2026-11-18,3,GT,BOUMHELELBASSATINE,1,1,0.0,7449.39,36.0
05804,2026-11-26,4,GT,BOUMHELELBASSATINE,1,1,0.0,488.756,4.0
05804,2026-12-03,4,GT,BOUMHELELBASSATINE,1,1,0.0,2574.2080000000005,30.0
05804,2026-12-20,0,GT,BOUMHELELBASSATINE,1,1,0.0,985.58,50.0
05804,2026-12-29,2,GT,BOUMHELELBASSATINE,1,1,0.0,1774.0019999999997,6.0
05805,2025-01-10,5,GT,NOUVELLEMEDINA,1,1,0.0,42.213,24.0
05805,2025-01-17,5,GT,NOUVELLEMEDINA,1,1,0.0,635.364,73.0
05805,2025-01-30,4,GT,NOUVELLEMEDINA,1,1,0.0,431.90100000000007,49.0
05805,2025-01-31,5,GT,NOUVELLEMEDINA,1,1,0.0,136.898,48.0
05805,2025-02-06,4,GT,NOUVELLEMEDINA,1,1,0.0,54.242,24.0
05805,2025-02-28,5,GT,NOUVELLEMEDINA,1,1,0.0,876.425,97.0
05805,2025-03-21,5,GT,NOUVELLEMEDINA,1,1,0.0,792.626,53.0
05805,2025-08-29,5,GT,NOUVELLEMEDINA,1,1,0.0,30.037,1.0
05805,2025-09-05,5,GT,NOUVELLEMEDINA,1,1,0.0,118.972,26.0
05805,2025-09-19,5,GT,NOUVELLEMEDINA,1,1,0.0,34.688,2.0
05805,2025-09-26,5,GT,NOUVELLEMEDINA,1,1,0.0,110.284,1.0
05805,2025-10-03,5,GT,NOUVELLEMEDINA,1,1,0.0,37.676,24.0
05805,2025-10-17,5,GT,NOUVELLEMEDINA,1,1,0.0,25.194,2.0
05805,2025-10-24,5,GT,NOUVELLEMEDINA,1,1,0.0,8.671,1.0
05805,2025-11-07,5,GT,NOUVELLEMEDINA,1,1,0.0,37.676,24.0
05805,2025-11-28,5,GT,NOUVELLEMEDINA,1,1,0.0,659.202,73.0
05805,2025-12-26,5,GT,NOUVELLEMEDINA,1,1,0.0,25.194,1.0
05805,2026-09-20,0,GT,NOUVELLEMEDINA,1,1,0.0,1179.7690000000002,55.0
05805,2026-10-25,0,GT,NOUVELLEMEDINA,1,1,0.0,955.325,28.0
05805,2026-11-08,0,GT,NOUVELLEMEDINA,1,1,0.0,623.737,51.0
05805,2026-11-22,0,GT,NOUVELLEMEDINA,1,1,0.0,129.53,25.0
05805,2026-12-20,0,GT,NOUVELLEMEDINA,1,1,0.0,106.087,1.0
05806,2025-01-05,0,GT,ELMENZAH,1,1,0.0,25.194,1.0
05806,2025-01-07,2,GT,ELMENZAH,1,1,0.0,626.905,26.0
05806,2025-01-11,6,GT,ELMENZAH,1,1,0.0,114.814,25.0
05806,2025-01-13,1,GT,ELMENZAH,1,1,0.0,3472.8159999999993,77.0
05806,2025-01-17,5,GT,ELMENZAH,1,1,0.0,42.213,24.0
05806,2025-01-18,6,GT,ELMENZAH,1,1,0.0,566.325,22.0
05806,2025-01-26,0,GT,ELMENZAH,1,1,0.0,26.236,24.0
05806,2025-01-28,2,GT,ELMENZAH,1,1,0.0,38.453,12.0
05806,2025-01-31,5,GT,ELMENZAH,1,1,0.0,220.568,2.0
05806,2025-02-06,4,GT,ELMENZAH,1,1,0.0,83.737,1.0
05806,2025-02-08,6,GT,ELMENZAH,1,1,0.0,173.506,2.0
05806,2025-02-14,5,GT,ELMENZAH,1,1,0.0,116.088,1.0
05806,2025-02-27,4,GT,ELMENZAH,1,1,0.0,253.278,144.0
05806,2025-03-13,4,GT,ELMENZAH,1,1,0.0,247.182,49.0
05806,2025-03-19,3,GT,ELMENZAH,1,1,0.0,133.309,72.0
05806,2025-03-25,2,GT,ELMENZAH,1,1,0.0,87.445,1.0
05806,2025-03-26,3,GT,ELMENZAH,1,1,0.0,22.218,12.0
05806,2025-05-27,2,GT,ELMENZAH,1,1,0.0,427.077,17.0
05806,2025-05-31,6,GT,ELMENZAH,1,1,0.0,96.016,48.0
05806,2025-06-18,3,GT,ELMENZAH,1,1,0.0,24.729,6.0
05806,2025-08-01,5,GT,ELMENZAH,1,1,0.0,4709.979,10.0
05806,2025-08-21,4,GT,ELMENZAH,1,1,0.0,413.272,2.0
05806,2025-12-14,0,GT,ELMENZAH,1,1,0.0,1107.957,5.0
05806,2025-12-26,5,GT,ELMENZAH,1,1,0.0,2393.28,9.0
05806,2026-10-28,3,GT,ELMENZAH,1,1,0.0,2308.675,15.0
05806,2026-10-29,4,GT,ELMENZAH,1,1,0.0,132.151,7.0
05806,2026-11-10,2,GT,ELMENZAH,1,1,0.0,62.632,1.0
05806,2026-11-11,3,GT,ELMENZAH,1,1,0.0,81.956,2.0
05806,2026-11-12,4,GT,ELMENZAH,1,1,0.0,38.375,24.0
05806,2026-11-17,2,GT,ELMENZAH,1,1,0.0,2199.705,5.0
05806,2026-12-01,2,GT,ELMENZAH,1,1,0.0,84.426,48.0
05806,2026-12-07,1,GT,ELMENZAH,1,1,0.0,568.795,5.0
05806,2026-12-21,1,GT,ELMENZAH,1,1,0.0,42.213,24.0
05808,2025-01-04,6,GT,,1,1,0.0,199.906,2.0
05808,2025-04-13,0,GT,,1,1,0.0,103.311,5.0
05808,2025-04-29,2,GT,,1,1,0.0,26.236,24.0
05808,2025-05-06,2,GT,,1,1,0.0,24.349,1.0
05808,2025-05-09,5,GT,,1,1,0.0,23.272,1.0
05808,2025-05-16,5,GT,,1,1,0.0,75.188,1.0
05808,2025-05-17,6,GT,,1,1,0.0,71.422,1.0
05808,2025-05-23,5,GT,,1,1,0.0,24.729,6.0
05808,2025-06-06,5,GT,,1,1,0.0,20.607,5.0
05808,2025-06-20,5,GT,,1,1,0.0,64.598,2.0
05808,2025-09-27,6,GT,,1,1,0.0,57.097,24.0
05808,2026-12-27,0,GT,,1,1,0.0,143.472,5.0
05811,2025-10-20,1,CAPBON,Inconnue,2,2,1.0,65.325,2.0
05812,2025-11-11,2,GT,LAMARSA,2,2,1.0,829.696,28.0
05814,2025-02-13,4,GT,NOUVELLEMEDINA,1,1,0.0,204.064,6.0
05814,2025-02-21,5,GT,NOUVELLEMEDINA,1,1,0.0,75.188,1.0
05815,2025-01-14,2,GT,RADES,1,1,0.0,36.268,1.0
05815,2025-01-18,6,GT,RADES,1,1,0.0,22.981,1.0
05815,2025-01-25,6,GT,RADES,1,1,0.0,37.676,24.0
05815,2025-02-02,0,GT,RADES,1,1,0.0,20.214,1.0
05815,2025-02-07,5,GT,RADES,1,1,0.0,5204.165999999998,134.0
05815,2025-02-25,2,GT,RADES,1,1,0.0,1419.4430000000002,29.0
05815,2025-03-10,1,GT,RADES,1,1,0.0,1455.628,98.0
05815,2025-03-26,3,GT,RADES,1,1,0.0,2938.056,43.0
05815,2025-05-04,0,GT,RADES,1,1,0.0,2626.0360000000005,30.0
05815,2025-07-27,0,GT,RADES,1,1,0.0,30.503,1.0
05815,2025-10-03,5,GT,RADES,1,1,0.0,57.097,24.0
05815,2025-10-07,2,GT,RADES,1,1,0.0,86.788,2.0
05815,2025-10-13,1,GT,RADES,1,1,0.0,110.284,1.0
05815,2025-10-22,3,GT,RADES,1,1,0.0,20.555,1.0
05815,2025-10-26,0,GT,RADES,1,1,0.0,83.531,1.0
05815,2025-11-23,0,GT,RADES,1,1,0.0,37.676,24.0
05815,2025-11-26,3,GT,RADES,1,1,0.0,142.186,2.0
05815,2025-11-30,0,GT,RADES,1,1,0.0,30.503,1.0
05815,2025-12-07,0,GT,RADES,1,1,0.0,37.676,24.0
05815,2025-12-09,2,GT,RADES,1,1,0.0,729.2,4.0
05815,2025-12-28,0,GT,RADES,1,1,0.0,54.411,1.0
05816,2025-03-02,0,SE,LASOUKRA,2,2,1.0,78.408,1.0
05816,2025-07-07,1,SE,LASOUKRA,2,2,1.0,33.986,1.0
05816,2025-11-11,2,SE,LASOUKRA,2,2,1.0,101.96,18.0
05816,2025-11-28,5,SE,LASOUKRA,2,2,1.0,16.694,3.0
05816,2025-12-19,5,SE,LASOUKRA,2,2,1.0,251.554,2.0
05816,2026-11-27,5,SE,LASOUKRA,2,2,1.0,303.288,25.0
05816,2026-12-30,3,SE,LASOUKRA,2,2,1.0,374.564,7.0
05817,2026-11-27,5,SE,Inconnue,2,2,1.0,254.446,2.0
05818,2025-02-21,5,GT,Inconnue,2,2,1.0,160.494,24.0
05818,2025-03-03,1,GT,Inconnue,2,2,1.0,69.397,2.0
05818,2025-04-27,0,GT,Inconnue,2,2,1.0,69562.70000000003,194.0
05818,2025-09-07,0,GT,Inconnue,2,2,1.0,170.904,36.0
05818,2025-12-10,3,GT,Inconnue,2,2,1.0,110.284,1.0
05818,2025-12-30,2,GT,Inconnue,2,2,1.0,103.163,1.0
05820,2025-04-04,5,GT,LAGOULETTE,2,2,1.0,23.272,1.0
05820,2025-04-16,3,GT,LAGOULETTE,2,2,1.0,12.364,3.0
05820,2025-04-25,5,GT,LAGOULETTE,2,2,1.0,24.349,1.0
05820,2025-05-05,1,GT,LAGOULETTE,2,2,1.0,23.272,1.0
05820,2025-05-21,3,GT,LAGOULETTE,2,2,1.0,32.134,6.0
05820,2025-11-09,0,GT,LAGOULETTE,2,2,1.0,27.034,1.0
05822,2025-01-23,4,GT,CARTHAGE,2,2,1.0,3223.6920000000005,6.0
05822,2025-02-17,1,GT,CARTHAGE,2,2,1.0,2948.2739999999994,53.0
05822,2025-03-07,5,GT,CARTHAGE,2,2,1.0,2595.15,8.0
05822,2025-05-10,6,GT,CARTHAGE,2,2,1.0,6954.409999999999,10.0
05822,2025-12-23,2,GT,CARTHAGE,2,2,1.0,1747.9,8.0
05823,2025-04-14,1,GT,LAGOULETTE,2,2,1.0,16.425,3.0
05825,2026-12-28,1,GT,Inconnue,2,2,1.0,112.569,24.0
05826,2025-01-12,0,SE,LASOUKRA,2,1300,1.0,67.028,1.0
05826,2025-02-04,2,SE,LASOUKRA,2,1300,1.0,54.242,24.0
05826,2025-02-15,6,SE,LASOUKRA,2,1300,1.0,78.408,1.0
05826,2025-02-24,1,SE,LASOUKRA,2,1300,1.0,116.088,1.0
05826,2025-03-22,6,SE,LASOUKRA,2,1300,1.0,22.218,12.0
05826,2025-11-29,6,SE,LASOUKRA,2,1300,1.0,157.114,24.0
05826,2026-12-09,3,SE,LASOUKRA,2,1300,1.0,600655.7640000004,649.0
05826,2026-12-14,1,SE,LASOUKRA,2,1300,1.0,160064.11200000008,364.0
05826,2026-12-16,3,SE,LASOUKRA,2,1300,1.0,53656.66599999999,111.0
05828,2025-12-19,5,SE,LASOUKRA,2,2,1.0,70.701,12.0
05828,2026-11-27,5,SE,LASOUKRA,2,2,1.0,106.087,1.0
05829,2025-02-11,2,GT,TEBOURBA,Inconnue,1300,1.0,1110.0,3.0
05829,2025-02-12,3,GT,TEBOURBA,Inconnue,1300,1.0,53.774,3.0
05830,2025-02-09,0,GT,MANNOUBA,Inconnue,1300,1.0,54.242,24.0
05830,2025-02-17,1,GT,MANNOUBA,Inconnue,1300,1.0,810.234,33.0
05830,2025-03-07,5,GT,MANNOUBA,Inconnue,1300,1.0,26.512,24.0
05830,2025-05-04,0,GT,MANNOUBA,Inconnue,1300,1.0,192.387,28.0
05830,2025-06-15,0,GT,MANNOUBA,Inconnue,1300,1.0,131.672,2.0
05830,2025-06-23,1,GT,MANNOUBA,Inconnue,1300,1.0,156.22,48.0
05830,2025-11-12,3,GT,MANNOUBA,Inconnue,1300,1.0,194.364,2.0
05830,2025-11-26,3,GT,MANNOUBA,Inconnue,1300,1.0,27.034,1.0
05830,2025-12-03,3,GT,MANNOUBA,Inconnue,1300,1.0,116.088,1.0
05831,2025-01-26,0,GT,MANNOUBA,Inconnue,1300,1.0,136.898,48.0
05831,2025-02-15,6,GT,MANNOUBA,Inconnue,1300,1.0,116.088,1.0
05831,2025-11-17,1,GT,MANNOUBA,Inconnue,1300,1.0,38.583,1.0
05831,2025-12-29,1,GT,MANNOUBA,Inconnue,1300,1.0,19.906,1.0
05832,2025-01-17,5,GT,MANNOUBA,Inconnue,1300,1.0,25.194,1.0
05832,2025-01-26,0,GT,MANNOUBA,Inconnue,1300,1.0,809.8430000000001,100.0
05832,2025-02-28,5,GT,MANNOUBA,Inconnue,1300,1.0,54.242,24.0
05832,2025-12-15,1,GT,MANNOUBA,Inconnue,1300,1.0,9.183,1.0
05833,2025-01-24,5,GT,MANNOUBA,Inconnue,1300,1.0,125.484,4.0
05834,2025-01-19,0,SE,ARIANAVILLE,Inconnue,1300,1.0,221.90699999999998,26.0
05834,2025-01-31,5,SE,ARIANAVILLE,Inconnue,1300,1.0,471.782,10.0
05834,2025-02-22,6,SE,ARIANAVILLE,Inconnue,1300,1.0,562.1189999999999,26.0
05834,2025-04-09,3,SE,ARIANAVILLE,Inconnue,1300,1.0,1487.536,13.0
05834,2025-07-20,0,SE,ARIANAVILLE,Inconnue,1300,1.0,1301.011,80.0
05834,2025-09-23,2,SE,ARIANAVILLE,Inconnue,1300,1.0,9862.061000000002,71.0
05834,2025-10-26,0,SE,ARIANAVILLE,Inconnue,1300,1.0,319.157,15.0
05834,2026-12-25,5,SE,ARIANAVILLE,Inconnue,1300,1.0,262.828,2.0
05834,2026-12-30,3,SE,ARIANAVILLE,Inconnue,1300,1.0,1501.4339999999997,20.0
05862,2025-01-19,0,SE,MNIHLA,55,1300,1.0,877.5,96.0
05862,2025-01-29,3,SE,MNIHLA,55,1300,1.0,3623.0080000000007,31.0
05862,2025-02-02,0,SE,MNIHLA,55,1300,1.0,2736.951,8.0
05862,2025-02-12,3,SE,MNIHLA,55,1300,1.0,3847.8870000000006,103.0
05862,2025-03-07,5,SE,MNIHLA,55,1300,1.0,7371.694000000001,280.0
05862,2025-04-02,3,SE,MNIHLA,55,1300,1.0,82.155,3.0
05862,2025-06-06,5,SE,MNIHLA,55,1300,1.0,14767.441000000004,443.0
05862,2025-07-13,0,SE,MNIHLA,55,1300,1.0,6041.378,56.0
05862,2025-09-10,3,SE,MNIHLA,55,1300,1.0,3182.784,42.0
05862,2026-08-16,0,SE,MNIHLA,55,1300,1.0,184.983,100.0
05862,2026-10-02,5,SE,MNIHLA,55,1300,1.0,4557.12,83.0
05862,2026-10-16,5,SE,MNIHLA,55,1300,1.0,637.132,4.0
05862,2026-10-19,1,SE,MNIHLA,55,1300,1.0,40.444,14.0
05862,2026-10-30,5,SE,MNIHLA,55,1300,1.0,1131.912,248.0
05862,2026-11-13,5,SE,MNIHLA,55,1300,1.0,6546.170000000001,266.0
05862,2026-12-13,0,SE,MNIHLA,55,1300,1.0,17983.300000000007,221.0
05868,2025-01-18,6,GT,Inconnue,15,1300,1.0,676.225,62.0
05868,2025-01-24,5,GT,Inconnue,15,1300,1.0,437.71500000000003,22.0
05868,2025-12-02,2,GT,Inconnue,15,1300,1.0,49.446,1.0
05868,2025-12-09,2,GT,Inconnue,15,1300,1.0,44.501,1.0
05893,2025-01-04,6,GT,LEKRAM,2,2,1.0,31089.05999999999,43.0
05896,2026-11-23,1,GT,Inconnue,2,2,1.0,9847.800000000001,14.0
05897,2025-01-06,1,GT,LAGOULETTE,2,2,1.0,174.398,2.0
05897,2025-01-12,0,GT,LAGOULETTE,2,2,1.0,2488.122,43.0
05897,2025-01-18,6,GT,LAGOULETTE,2,2,1.0,62.953,10.0
05897,2025-01-21,2,GT,LAGOULETTE,2,2,1.0,555.64,19.0
05897,2025-01-28,2,GT,LAGOULETTE,2,2,1.0,79.351,1.0
05897,2025-01-29,3,GT,LAGOULETTE,2,2,1.0,57.804,1.0
05897,2025-02-08,6,GT,LAGOULETTE,2,2,1.0,453.774,37.0
05897,2025-02-14,5,GT,LAGOULETTE,2,2,1.0,132.45,2.0
05897,2025-02-17,1,GT,LAGOULETTE,2,2,1.0,971.928,26.0
05897,2025-02-21,5,GT,LAGOULETTE,2,2,1.0,69.062,1.0
05897,2025-03-02,0,GT,LAGOULETTE,2,2,1.0,514.154,48.0
05897,2025-03-10,1,GT,LAGOULETTE,2,2,1.0,55.25,1.0
05897,2025-03-11,2,GT,LAGOULETTE,2,2,1.0,9392.219999999998,41.0
05897,2025-03-23,0,GT,LAGOULETTE,2,2,1.0,23.272,1.0
05897,2025-05-11,0,GT,LAGOULETTE,2,2,1.0,32.137,6.0
05897,2025-05-18,0,GT,LAGOULETTE,2,2,1.0,723.6120000000001,3.0
05897,2025-05-25,0,GT,LAGOULETTE,2,2,1.0,54.012,18.0
05897,2025-05-26,1,GT,LAGOULETTE,2,2,1.0,86.708,12.0
05897,2025-06-08,0,GT,LAGOULETTE,2,2,1.0,27.001,12.0
05897,2025-07-27,0,GT,LAGOULETTE,2,2,1.0,750.663,11.0
05897,2025-09-26,5,GT,LAGOULETTE,2,2,1.0,103.163,1.0
05897,2025-10-05,0,GT,LAGOULETTE,2,2,1.0,57.097,24.0
05897,2025-10-07,2,GT,LAGOULETTE,2,2,1.0,683.612,84.0
05897,2025-10-11,6,GT,LAGOULETTE,2,2,1.0,342.584,72.0
05897,2025-12-01,1,GT,LAGOULETTE,2,2,1.0,54.411,1.0
05897,2025-12-05,5,GT,LAGOULETTE,2,2,1.0,93.88,2.0
05897,2025-12-08,1,GT,LAGOULETTE,2,2,1.0,30.503,1.0
05897,2025-12-09,2,GT,LAGOULETTE,2,2,1.0,32.833,6.0
05897,2025-12-19,5,GT,LAGOULETTE,2,2,1.0,28.935,12.0
05897,2025-12-28,0,GT,LAGOULETTE,2,2,1.0,28.814,6.0
05897,2026-12-22,2,GT,LAGOULETTE,2,2,1.0,1017.648,4.0
05897,2026-12-23,3,GT,LAGOULETTE,2,2,1.0,2554.716,9.0
05898,2026-11-10,2,SE,Inconnue,2,2,1.0,1937.691,128.0
05898,2026-11-20,5,SE,Inconnue,2,2,1.0,794.904,40.0
05898,2026-11-26,4,SE,Inconnue,2,2,1.0,326.78,216.0
05899,2025-01-14,2,GT,LAGOULETTE,2,2,1.0,1746.545,33.0
05899,2025-01-22,3,GT,LAGOULETTE,2,2,1.0,141.135,2.0
05899,2025-01-24,5,GT,LAGOULETTE,2,2,1.0,58.185,12.0
05899,2025-01-26,0,GT,LAGOULETTE,2,2,1.0,29.853,6.0
05899,2025-02-02,0,GT,LAGOULETTE,2,2,1.0,34.08,1.0
05899,2025-02-04,2,GT,LAGOULETTE,2,2,1.0,78.408,1.0
05899,2025-02-05,3,GT,LAGOULETTE,2,2,1.0,78.548,9.0
05899,2025-02-08,6,GT,LAGOULETTE,2,2,1.0,34.699,1.0
05899,2025-02-16,0,GT,LAGOULETTE,2,2,1.0,8689.527000000002,97.0
05899,2025-02-24,1,GT,LAGOULETTE,2,2,1.0,26.236,24.0
05899,2025-02-28,5,GT,LAGOULETTE,2,2,1.0,53.774,3.0
05899,2025-03-03,1,GT,LAGOULETTE,2,2,1.0,30.503,1.0
05899,2025-03-07,5,GT,LAGOULETTE,2,2,1.0,43.376,1.0
05899,2025-03-14,5,GT,LAGOULETTE,2,2,1.0,32.134,6.0
05899,2025-03-31,1,GT,LAGOULETTE,2,2,1.0,75.188,1.0
05899,2025-04-04,5,GT,LAGOULETTE,2,2,1.0,33.893,1.0
05899,2025-04-11,5,GT,LAGOULETTE,2,2,1.0,30.503,1.0
05899,2025-04-12,6,GT,LAGOULETTE,2,2,1.0,310.616,2.0
05899,2025-04-25,5,GT,LAGOULETTE,2,2,1.0,14.927,3.0
05899,2025-04-28,1,GT,LAGOULETTE,2,2,1.0,29.853,6.0
05899,2025-05-05,1,GT,LAGOULETTE,2,2,1.0,23.272,1.0
05899,2025-05-14,3,GT,LAGOULETTE,2,2,1.0,663.9749999999999,6.0
05899,2025-05-18,0,GT,LAGOULETTE,2,2,1.0,657.405,6.0
05899,2025-05-19,1,GT,LAGOULETTE,2,2,1.0,16.067,3.0
05899,2025-05-21,3,GT,LAGOULETTE,2,2,1.0,21.425,4.0
05899,2025-06-11,3,GT,LAGOULETTE,2,2,1.0,71.422,1.0
05899,2025-06-29,0,GT,LAGOULETTE,2,2,1.0,24.878,5.0
05899,2025-07-11,5,GT,LAGOULETTE,2,2,1.0,71.422,1.0
05899,2025-07-28,1,GT,LAGOULETTE,2,2,1.0,149.67,2.0
05899,2025-08-05,2,GT,LAGOULETTE,2,2,1.0,173.506,2.0
05899,2025-08-13,3,GT,LAGOULETTE,2,2,1.0,34.957,12.0
05899,2025-08-25,1,GT,LAGOULETTE,2,2,1.0,30.503,1.0
05899,2025-09-02,2,GT,LAGOULETTE,2,2,1.0,417.14700000000005,4.0
05899,2025-09-05,5,GT,LAGOULETTE,2,2,1.0,50.494,24.0
05899,2025-09-07,0,GT,LAGOULETTE,2,2,1.0,36.278,1.0
05899,2025-10-03,5,GT,LAGOULETTE,2,2,1.0,36.278,1.0
05899,2025-10-05,0,GT,LAGOULETTE,2,2,1.0,57.097,24.0
05899,2025-10-08,3,GT,LAGOULETTE,2,2,1.0,592.515,3.0
05899,2025-10-15,3,GT,LAGOULETTE,2,2,1.0,110.284,1.0
05899,2025-10-17,5,GT,LAGOULETTE,2,2,1.0,95.406,5.0
05899,2025-10-22,3,GT,LAGOULETTE,2,2,1.0,38.453,12.0
05899,2025-10-29,3,GT,LAGOULETTE,2,2,1.0,35.35,6.0
05899,2025-11-12,3,GT,LAGOULETTE,2,2,1.0,16.993,6.0
05899,2025-11-14,5,GT,LAGOULETTE,2,2,1.0,133.546,12.0
05899,2025-11-15,6,GT,LAGOULETTE,2,2,1.0,33.387,6.0
05899,2025-11-19,3,GT,LAGOULETTE,2,2,1.0,37.676,24.0
05899,2025-11-22,6,GT,LAGOULETTE,2,2,1.0,57.097,24.0
05899,2025-11-24,1,GT,LAGOULETTE,2,2,1.0,62.802,1.0
05899,2025-12-03,3,GT,LAGOULETTE,2,2,1.0,217.644,2.0
05899,2025-12-22,1,GT,LAGOULETTE,2,2,1.0,52.612,1.0
05899,2025-12-24,3,GT,LAGOULETTE,2,2,1.0,13.774,1.0
05899,2025-12-29,1,GT,LAGOULETTE,2,2,1.0,25.194,1.0
05899,2025-12-30,2,GT,LAGOULETTE,2,2,1.0,83.282,1.0
05899,2026-11-04,3,GT,LAGOULETTE,2,2,1.0,6330.005999999999,92.0
05899,2026-11-10,2,GT,LAGOULETTE,2,2,1.0,1599.4,6.0
05899,2026-11-22,0,GT,LAGOULETTE,2,2,1.0,1952.448,30.0
05899,2026-11-25,3,GT,LAGOULETTE,2,2,1.0,591.816,28.0
05899,2026-11-28,6,GT,LAGOULETTE,2,2,1.0,4026.1760000000004,47.0
05899,2026-12-24,4,GT,LAGOULETTE,2,2,1.0,2591.16,45.0
05900,2025-01-29,3,SE,ARIANAVILLE,2,1300,1.0,80.661,3.0
05900,2025-12-14,0,SE,ARIANAVILLE,2,1300,1.0,274.624,2.0
05900,2026-07-27,1,SE,ARIANAVILLE,2,1300,1.0,2889.324,9.0
05900,2026-12-09,3,SE,ARIANAVILLE,2,1300,1.0,42.213,24.0
05901,2026-07-12,0,GT,Inconnue,2,2,1.0,1573.215,12.0
05902,2026-07-09,4,GT,Inconnue,2,2,1.0,288.28,27.0
05903,2025-01-14,2,GT,LAGOULETTE,2,2,1.0,8.497,3.0
05903,2025-01-22,3,GT,LAGOULETTE,2,2,1.0,32.137,6.0
05903,2025-01-25,6,GT,LAGOULETTE,2,2,1.0,67.336,1.0
05903,2025-02-16,0,GT,LAGOULETTE,2,2,1.0,44.885,1.0
05903,2025-02-19,3,GT,LAGOULETTE,2,2,1.0,79.351,1.0
05903,2025-02-28,5,GT,LAGOULETTE,2,2,1.0,112.656,17.0
05903,2025-03-03,1,GT,LAGOULETTE,2,2,1.0,30.503,1.0
05903,2025-03-08,6,GT,LAGOULETTE,2,2,1.0,895.168,4.0
05903,2025-03-19,3,GT,LAGOULETTE,2,2,1.0,26.183,6.0
05903,2025-05-10,6,GT,LAGOULETTE,2,2,1.0,24.729,6.0
05903,2025-05-21,3,GT,LAGOULETTE,2,2,1.0,128.541,8.0
05903,2025-05-24,6,GT,LAGOULETTE,2,2,1.0,12.002,12.0
05903,2025-06-07,6,GT,LAGOULETTE,2,2,1.0,13.501,6.0
05903,2025-06-11,3,GT,LAGOULETTE,2,2,1.0,24.349,1.0
05903,2025-06-18,3,GT,LAGOULETTE,2,2,1.0,32.137,6.0
05903,2025-06-25,3,GT,LAGOULETTE,2,2,1.0,50.494,24.0
05903,2025-06-29,0,GT,LAGOULETTE,2,2,1.0,50.494,24.0
05903,2025-07-23,3,GT,LAGOULETTE,2,2,1.0,38.583,1.0
05903,2025-08-01,5,GT,LAGOULETTE,2,2,1.0,9.808,20.0
05903,2025-09-07,0,GT,LAGOULETTE,2,2,1.0,48.591,1.0
05903,2025-10-12,0,GT,LAGOULETTE,2,2,1.0,20.555,1.0
05903,2025-10-19,0,GT,LAGOULETTE,2,2,1.0,69.875,1.0
05903,2025-11-09,0,GT,LAGOULETTE,2,2,1.0,110.284,1.0
05903,2025-11-19,3,GT,LAGOULETTE,2,2,1.0,48.591,1.0
05903,2025-11-24,1,GT,LAGOULETTE,2,2,1.0,54.411,1.0
05903,2025-11-26,3,GT,LAGOULETTE,2,2,1.0,33.387,6.0
05903,2025-11-30,0,GT,LAGOULETTE,2,2,1.0,67.863,1.0
05903,2025-12-01,1,GT,LAGOULETTE,2,2,1.0,37.676,24.0
05903,2025-12-24,3,GT,LAGOULETTE,2,2,1.0,37.676,24.0
05903,2025-12-29,1,GT,LAGOULETTE,2,2,1.0,89.91,8.0
05903,2026-07-08,3,GT,LAGOULETTE,2,2,1.0,62.114,1.0
05903,2026-07-14,2,GT,LAGOULETTE,2,2,1.0,68.702,1.0
05903,2026-07-28,2,GT,LAGOULETTE,2,2,1.0,62.114,1.0
05903,2026-07-31,5,GT,LAGOULETTE,2,2,1.0,133.21,2.0
05903,2026-09-04,5,GT,LAGOULETTE,2,2,1.0,13.808,1.0
05903,2026-09-05,6,GT,LAGOULETTE,2,2,1.0,97.6,1.0
05903,2026-09-21,1,GT,LAGOULETTE,2,2,1.0,153.504,48.0
05903,2026-10-09,5,GT,LAGOULETTE,2,2,1.0,61.993,1.0
05903,2026-11-06,5,GT,LAGOULETTE,2,2,1.0,18.155,24.0
05903,2026-11-10,2,GT,LAGOULETTE,2,2,1.0,324.96,3.0
05903,2026-11-13,5,GT,LAGOULETTE,2,2,1.0,64.218,1.0
05903,2026-11-15,0,GT,LAGOULETTE,2,2,1.0,18.155,24.0
05903,2026-11-19,4,GT,LAGOULETTE,2,2,1.0,68.782,1.0
05903,2026-12-11,5,GT,LAGOULETTE,2,2,1.0,42.213,24.0
05904,2025-01-27,1,GT,BABSOUIKA,2,2,1.0,83.737,1.0
05904,2025-06-25,3,GT,BABSOUIKA,2,2,1.0,12.002,12.0
05904,2026-07-07,2,GT,BABSOUIKA,2,2,1.0,52872.47999999999,143.0
05905,2025-02-07,5,GT,LEKRAM,2,2,1.0,69.875,1.0
05905,2026-06-26,5,GT,LEKRAM,2,2,1.0,14888.726000000006,22.0
05905,2026-06-28,0,GT,LEKRAM,2,2,1.0,28.054,1.0
05905,2026-09-16,3,GT,LEKRAM,2,2,1.0,2260.698,27.0
05957,2026-10-27,2,SE,Inconnue,2,2,1.0,8594.442,127.0
05958,2026-08-16,0,SE,Inconnue,2,2,1.0,1715.8120000000001,7.0
05958,2026-08-17,1,SE,Inconnue,2,2,1.0,213.117,16.0
05958,2026-08-20,4,SE,Inconnue,2,2,1.0,546.957,26.0
05959,2026-08-16,0,SE,Inconnue,2,2,1.0,33977.286,124.0
05960,2026-08-16,0,SE,Inconnue,2,2,1.0,315.904,2.0
05960,2026-08-19,3,SE,Inconnue,2,2,1.0,10137.852,46.0
05961,2026-08-17,1,SE,Inconnue,2,2,1.0,26481.94200000001,63.0
05961,2026-08-20,4,SE,Inconnue,2,2,1.0,2853.64,9.0
05962,2026-08-17,1,SE,Inconnue,2,2,1.0,704.436,50.0
05963,2026-08-17,1,SE,Inconnue,2,2,1.0,299.5,3.0
05964,2026-08-18,2,SE,Inconnue,2,2,1.0,5037.099999999999,10.0
05965,2026-08-18,2,SE,Inconnue,2,2,1.0,1643.804,20.0
05966,2026-08-19,3,SE,Inconnue,2,2,1.0,14128.101,155.0
05967,2025-01-07,2,GT,,2,2,1.0,2130.892,18.0
05967,2025-01-09,4,GT,,2,2,1.0,22146.832,23.0
05967,2025-01-17,5,GT,,2,2,1.0,11687.169000000004,17.0
05967,2025-02-03,1,GT,,2,2,1.0,37258.117999999995,119.0
05967,2025-02-04,2,GT,,2,2,1.0,706.96,66.0
05967,2025-02-11,2,GT,,2,2,1.0,30636.49499999998,255.0
05967,2025-02-12,3,GT,,2,2,1.0,309.932,15.0
05967,2025-02-21,5,GT,,2,2,1.0,7432.26,46.0
05967,2025-03-08,6,GT,,2,2,1.0,15947.555000000002,185.0
05967,2025-03-09,0,GT,,2,2,1.0,3656.94,18.0
05967,2025-03-11,2,GT,,2,2,1.0,14548.484999999997,61.0
05967,2025-03-21,5,GT,,2,2,1.0,438.796,6.0
05967,2025-04-07,1,GT,,2,2,1.0,101472.66000000005,235.0
05967,2025-05-25,0,GT,,2,2,1.0,18.499,10.0
05967,2025-05-30,5,GT,,2,2,1.0,37.418,1.0
05967,2025-07-05,6,GT,,2,2,1.0,237.222,6.0
05967,2025-07-11,5,GT,,2,2,1.0,314.578,6.0
05967,2025-08-21,4,GT,,2,2,1.0,6716.767999999998,32.0
05967,2025-09-11,4,GT,,2,2,1.0,6917.911,19.0
05967,2025-09-12,5,GT,,2,2,1.0,78139.90599999999,204.0
05967,2025-09-22,1,GT,,2,2,1.0,38.583,1.0
05967,2025-10-12,0,GT,,2,2,1.0,3793.2999999999997,68.0
05967,2025-10-25,6,GT,,2,2,1.0,1721.876,9.0
05967,2025-11-10,1,GT,,2,2,1.0,185.928,2.0
05967,2025-11-25,2,GT,,2,2,1.0,157.114,24.0
05967,2025-11-28,5,GT,,2,2,1.0,319.157,15.0
05967,2025-12-05,5,GT,,2,2,1.0,1719.928,8.0
05967,2025-12-08,1,GT,,2,2,1.0,87913.696,162.0
05967,2026-09-18,5,GT,,2,2,1.0,125673.41600000014,399.0
05967,2026-11-08,0,GT,,2,2,1.0,430.364,3.0
05967,2026-11-17,2,GT,,2,2,1.0,20284.528,58.0
05967,2026-12-02,3,GT,,2,2,1.0,10652.039999999999,62.0
05967,2026-12-20,0,GT,,2,2,1.0,5522.083,21.0
05968,2026-08-31,1,GT,Inconnue,2,2,1.0,2320.656,16.0
05969,2025-01-05,0,SE,Inconnue,2,2,1.0,220.568,2.0
05969,2025-03-18,2,SE,Inconnue,2,2,1.0,2516.36,21.0
05969,2025-11-11,2,SE,Inconnue,2,2,1.0,4991.82,166.0
05969,2025-12-27,6,SE,Inconnue,2,2,1.0,599.21,49.0
05969,2026-09-28,1,SE,Inconnue,2,2,1.0,43535.888,168.0
05969,2026-09-29,2,SE,Inconnue,2,2,1.0,1602.7559999999999,109.0
05982,2025-01-05,0,GT,LEKRAM,2,2,1.0,1308.384,6.0
05985,2026-09-23,3,GT,Inconnue,2,2,1.0,822.01,8.0
05986,2026-09-30,3,GT,Inconnue,2,2,1.0,12217.562999999998,66.0
05987,2025-09-27,6,GT,Inconnue,2,2,1.0,38.583,1.0
05987,2026-08-10,1,GT,Inconnue,2,2,1.0,83214.524,223.0
05987,2026-08-13,4,GT,Inconnue,2,2,1.0,1990.5830000000005,7.0
06005,2025-01-20,1,GT,MANNOUBA,15,1300,1.0,136.178,1.0
06005,2025-11-11,2,GT,MANNOUBA,15,1300,1.0,110.284,1.0
06005,2025-12-02,2,GT,MANNOUBA,15,1300,1.0,87.743,1.0
06005,2025-12-09,2,GT,MANNOUBA,15,1300,1.0,222.678,48.0
06018,2025-01-14,2,SE,Inconnue,Inconnue,1300,1.0,813.4139999999999,29.0
06018,2025-02-07,5,SE,Inconnue,Inconnue,1300,1.0,451.65500000000003,57.0
06018,2025-02-25,2,SE,Inconnue,Inconnue,1300,1.0,59.972,1.0
06018,2025-03-18,2,SE,Inconnue,Inconnue,1300,1.0,1451.079,53.0
06018,2025-04-15,2,SE,Inconnue,Inconnue,1300,1.0,93.666,4.0
06018,2025-06-03,2,SE,Inconnue,Inconnue,1300,1.0,9.128,1.0
06018,2026-08-21,5,SE,Inconnue,Inconnue,1300,1.0,17.158,24.0
06018,2026-08-26,3,SE,Inconnue,Inconnue,1300,1.0,182.148,2.0
06018,2026-08-27,4,SE,Inconnue,Inconnue,1300,1.0,99.722,1.0
06018,2026-08-31,1,SE,Inconnue,Inconnue,1300,1.0,155.118,48.0
06018,2026-09-04,5,SE,Inconnue,Inconnue,1300,1.0,97.6,1.0
06018,2026-09-13,0,SE,Inconnue,Inconnue,1300,1.0,55.232,2.0
06018,2026-10-01,4,SE,Inconnue,Inconnue,1300,1.0,592.825,5.0
06018,2026-10-08,4,SE,Inconnue,Inconnue,1300,1.0,48.674,48.0
06018,2026-10-14,3,SE,Inconnue,Inconnue,1300,1.0,252.396,4.0
06018,2026-10-22,4,SE,Inconnue,Inconnue,1300,1.0,321.586,51.0
06018,2026-10-29,4,SE,Inconnue,Inconnue,1300,1.0,173.853,3.0
06018,2026-11-11,3,SE,Inconnue,Inconnue,1300,1.0,677.48,73.0
06018,2026-11-23,1,SE,Inconnue,Inconnue,1300,1.0,789.856,27.0
06018,2026-12-06,0,SE,Inconnue,Inconnue,1300,1.0,236.142,26.0
06018,2026-12-24,4,SE,Inconnue,Inconnue,1300,1.0,204.032,2.0
06019,2025-01-18,6,SE,Inconnue,Inconnue,1300,1.0,110.284,1.0
06019,2025-02-13,4,SE,Inconnue,Inconnue,1300,1.0,34.608,12.0
06019,2025-02-25,2,SE,Inconnue,Inconnue,1300,1.0,53.774,3.0
06019,2025-03-08,6,SE,Inconnue,Inconnue,1300,1.0,51.442,1.0
06019,2025-11-15,6,SE,Inconnue,Inconnue,1300,1.0,67.863,1.0
06019,2025-12-20,6,SE,Inconnue,Inconnue,1300,1.0,4153.325,27.0
06019,2025-12-28,0,SE,Inconnue,Inconnue,1300,1.0,526.5360000000001,3.0
06019,2026-08-30,0,SE,Inconnue,Inconnue,1300,1.0,323.43,2.0
06019,2026-09-17,4,SE,Inconnue,Inconnue,1300,1.0,1302.9479999999996,48.0
06019,2026-09-25,5,SE,Inconnue,Inconnue,1300,1.0,32.864,2.0
06019,2026-10-01,4,SE,Inconnue,Inconnue,1300,1.0,593.418,52.0
06019,2026-10-05,1,SE,Inconnue,Inconnue,1300,1.0,579.468,13.0
06019,2026-10-14,3,SE,Inconnue,Inconnue,1300,1.0,1513.862,11.0
06019,2026-10-19,1,SE,Inconnue,Inconnue,1300,1.0,71.728,1.0
06019,2026-10-29,4,SE,Inconnue,Inconnue,1300,1.0,328.62,24.0
06019,2026-11-23,1,SE,Inconnue,Inconnue,1300,1.0,286.912,2.0
06020,2025-02-04,2,SE,ARIANAVILLE,Inconnue,1300,1.0,39.739,1.0
06020,2025-02-11,2,SE,ARIANAVILLE,Inconnue,1300,1.0,53.774,3.0
06020,2025-03-17,1,SE,ARIANAVILLE,Inconnue,1300,1.0,23.272,1.0
06020,2025-06-11,3,SE,ARIANAVILLE,Inconnue,1300,1.0,20.607,5.0
06020,2025-09-28,0,SE,ARIANAVILLE,Inconnue,1300,1.0,38.583,1.0
06020,2026-08-27,4,SE,ARIANAVILLE,Inconnue,1300,1.0,2545.6859999999997,9.0
06020,2026-09-01,2,SE,ARIANAVILLE,Inconnue,1300,1.0,330.13,2.0
06020,2026-09-14,1,SE,ARIANAVILLE,Inconnue,1300,1.0,1264.8999999999999,28.0
06020,2026-09-23,3,SE,ARIANAVILLE,Inconnue,1300,1.0,78.654,1.0
06020,2026-10-02,5,SE,ARIANAVILLE,Inconnue,1300,1.0,97.6,1.0
06020,2026-10-13,2,SE,ARIANAVILLE,Inconnue,1300,1.0,97.6,1.0
06020,2026-11-01,0,SE,ARIANAVILLE,Inconnue,1300,1.0,68.782,1.0
06020,2026-11-09,1,SE,ARIANAVILLE,Inconnue,1300,1.0,1624.7910000000002,78.0
06020,2026-12-02,3,SE,ARIANAVILLE,Inconnue,1300,1.0,31.171,1.0
06021,2025-01-04,6,SE,ARIANAVILLE,Inconnue,1300,1.0,116.088,1.0
06021,2025-01-08,3,SE,ARIANAVILLE,Inconnue,1300,1.0,19.111,24.0
06021,2025-01-17,5,SE,ARIANAVILLE,Inconnue,1300,1.0,250.36,5.0
06021,2025-01-31,5,SE,ARIANAVILLE,Inconnue,1300,1.0,80.661,3.0
06021,2025-02-02,0,SE,ARIANAVILLE,Inconnue,1300,1.0,371.012,96.0
06021,2025-02-09,0,SE,ARIANAVILLE,Inconnue,1300,1.0,53.774,3.0
06021,2025-03-13,4,SE,ARIANAVILLE,Inconnue,1300,1.0,254.856,48.0
06021,2025-08-17,0,SE,ARIANAVILLE,Inconnue,1300,1.0,201.976,48.0
06021,2025-10-21,2,SE,ARIANAVILLE,Inconnue,1300,1.0,62.984,5.0
06021,2025-10-25,6,SE,ARIANAVILLE,Inconnue,1300,1.0,103.163,1.0
06021,2025-10-31,5,SE,ARIANAVILLE,Inconnue,1300,1.0,489.693,3.0
06021,2025-11-08,6,SE,ARIANAVILLE,Inconnue,1300,1.0,62.802,1.0
06021,2025-11-15,6,SE,ARIANAVILLE,Inconnue,1300,1.0,38.583,1.0
06021,2025-11-22,6,SE,ARIANAVILLE,Inconnue,1300,1.0,57.097,24.0
06021,2025-12-02,2,SE,ARIANAVILLE,Inconnue,1300,1.0,87.743,1.0
06021,2025-12-13,6,SE,ARIANAVILLE,Inconnue,1300,1.0,452.742,2.0
06021,2025-12-20,6,SE,ARIANAVILLE,Inconnue,1300,1.0,348.0,3.0
06021,2025-12-27,6,SE,ARIANAVILLE,Inconnue,1300,1.0,793.0849999999999,28.0
06021,2026-08-27,4,SE,ARIANAVILLE,Inconnue,1300,1.0,40.844,10.0
06021,2026-09-14,1,SE,ARIANAVILLE,Inconnue,1300,1.0,13.808,1.0
06021,2026-09-17,4,SE,ARIANAVILLE,Inconnue,1300,1.0,112.02900000000001,8.0
06021,2026-09-20,0,SE,ARIANAVILLE,Inconnue,1300,1.0,550.62,3.0
06021,2026-10-05,1,SE,ARIANAVILLE,Inconnue,1300,1.0,71.728,1.0
06021,2026-10-14,3,SE,ARIANAVILLE,Inconnue,1300,1.0,7.759,1.0
06021,2026-10-19,1,SE,ARIANAVILLE,Inconnue,1300,1.0,7.222,5.0
06021,2026-11-15,0,SE,ARIANAVILLE,Inconnue,1300,1.0,6686.9919999999975,84.0
06021,2026-12-20,0,SE,ARIANAVILLE,Inconnue,1300,1.0,278.436,26.0
06022,2025-01-12,0,SE,Inconnue,Inconnue,1300,1.0,34.699,1.0
06022,2025-02-02,0,SE,Inconnue,Inconnue,1300,1.0,78.408,1.0
06022,2025-02-20,4,SE,Inconnue,Inconnue,1300,1.0,600.249,3.0
06022,2025-02-25,2,SE,Inconnue,Inconnue,1300,1.0,61.554,10.0
06022,2025-03-02,0,SE,Inconnue,Inconnue,1300,1.0,752.9639999999999,3.0
06022,2025-03-09,0,SE,Inconnue,Inconnue,1300,1.0,116.088,1.0
06022,2025-03-17,1,SE,Inconnue,Inconnue,1300,1.0,7638.521,27.0
06022,2025-04-19,6,SE,Inconnue,Inconnue,1300,1.0,2256.113,36.0
06022,2025-05-20,2,SE,Inconnue,Inconnue,1300,1.0,260.511,51.0
06022,2025-09-16,2,SE,Inconnue,Inconnue,1300,1.0,1042.143,4.0
06022,2025-09-28,0,SE,Inconnue,Inconnue,1300,1.0,33.865,1.0
06022,2025-10-12,0,SE,Inconnue,Inconnue,1300,1.0,428.65099999999995,32.0
06022,2025-10-26,0,SE,Inconnue,Inconnue,1300,1.0,143.878,6.0
06022,2025-10-28,2,SE,Inconnue,Inconnue,1300,1.0,25.194,2.0
06022,2025-11-01,6,SE,Inconnue,Inconnue,1300,1.0,48.591,1.0
06022,2025-11-12,3,SE,Inconnue,Inconnue,1300,1.0,57.097,24.0
06022,2025-11-22,6,SE,Inconnue,Inconnue,1300,1.0,629.985,3.0
06022,2025-11-26,3,SE,Inconnue,Inconnue,1300,1.0,246.63,2.0
06022,2025-12-10,3,SE,Inconnue,Inconnue,1300,1.0,307.098,7.0
06022,2025-12-26,5,SE,Inconnue,Inconnue,1300,1.0,287.498,5.0
06022,2025-12-30,2,SE,Inconnue,Inconnue,1300,1.0,85.951,2.0
06022,2026-08-27,4,SE,Inconnue,Inconnue,1300,1.0,2942.1449999999995,55.0
06022,2026-09-11,5,SE,Inconnue,Inconnue,1300,1.0,1737.405,27.0
06022,2026-10-14,3,SE,Inconnue,Inconnue,1300,1.0,6852.510000000001,131.0
06022,2026-11-24,2,SE,Inconnue,Inconnue,1300,1.0,312.544,5.0
06023,2025-01-06,1,SE,Inconnue,Inconnue,1300,1.0,7053.335999999998,59.0
06023,2025-01-13,1,SE,Inconnue,Inconnue,1300,1.0,281.02,2.0
06023,2025-01-23,4,SE,Inconnue,Inconnue,1300,1.0,36.059,1.0
06023,2025-01-27,1,SE,Inconnue,Inconnue,1300,1.0,452.23199999999997,21.0
06023,2025-01-30,4,SE,Inconnue,Inconnue,1300,1.0,469.536,5.0
06023,2025-01-31,5,SE,Inconnue,Inconnue,1300,1.0,80.661,3.0
06023,2025-02-02,0,SE,Inconnue,Inconnue,1300,1.0,2038.1500000000003,46.0
06023,2025-02-03,1,SE,Inconnue,Inconnue,1300,1.0,1958.51,5.0
06023,2025-02-08,6,SE,Inconnue,Inconnue,1300,1.0,26.778,5.0
06023,2025-02-16,0,SE,Inconnue,Inconnue,1300,1.0,742.8520000000001,38.0
06023,2025-02-21,5,SE,Inconnue,Inconnue,1300,1.0,831.6750000000001,3.0
06023,2025-02-25,2,SE,Inconnue,Inconnue,1300,1.0,26.781,5.0
06023,2025-02-28,5,SE,Inconnue,Inconnue,1300,1.0,3539.104,89.0
06023,2025-03-01,6,SE,Inconnue,Inconnue,1300,1.0,313.632,2.0
06023,2025-03-09,0,SE,Inconnue,Inconnue,1300,1.0,5994.527999999999,24.0
06023,2025-03-18,2,SE,Inconnue,Inconnue,1300,1.0,954.3779999999999,3.0
06023,2025-03-22,6,SE,Inconnue,Inconnue,1300,1.0,420.86,20.0
06023,2025-03-28,5,SE,Inconnue,Inconnue,1300,1.0,246.80700000000002,26.0
06023,2025-03-31,1,SE,Inconnue,Inconnue,1300,1.0,87.445,1.0
06023,2025-04-05,6,SE,Inconnue,Inconnue,1300,1.0,20.607,5.0
06023,2025-04-11,5,SE,Inconnue,Inconnue,1300,1.0,211.866,8.0
06023,2025-04-30,3,SE,Inconnue,Inconnue,1300,1.0,289.232,21.0
06023,2025-05-09,5,SE,Inconnue,Inconnue,1300,1.0,53.558,10.0
06023,2025-05-20,2,SE,Inconnue,Inconnue,1300,1.0,966.738,12.0
06023,2025-06-03,2,SE,Inconnue,Inconnue,1300,1.0,3158.348000000001,9.0
06023,2025-06-09,1,SE,Inconnue,Inconnue,1300,1.0,743.6239999999999,36.0
06023,2025-06-15,0,SE,Inconnue,Inconnue,1300,1.0,37.418,1.0
06023,2025-07-05,6,SE,Inconnue,Inconnue,1300,1.0,2004.738,52.0
06023,2025-07-07,1,SE,Inconnue,Inconnue,1300,1.0,85.951,1.0
06023,2025-07-27,0,SE,Inconnue,Inconnue,1300,1.0,194.842,2.0
06023,2025-08-09,6,SE,Inconnue,Inconnue,1300,1.0,149.67,2.0
06023,2025-08-15,5,SE,Inconnue,Inconnue,1300,1.0,413.272,2.0
06023,2025-08-23,6,SE,Inconnue,Inconnue,1300,1.0,103.318,1.0
06023,2025-09-19,5,SE,Inconnue,Inconnue,1300,1.0,8256.029999999999,11.0
06023,2025-09-26,5,SE,Inconnue,Inconnue,1300,1.0,1504.055,54.0
06023,2025-10-10,5,SE,Inconnue,Inconnue,1300,1.0,19420.096,186.0
06023,2025-10-22,3,SE,Inconnue,Inconnue,1300,1.0,35.546,1.0
06023,2025-10-27,1,SE,Inconnue,Inconnue,1300,1.0,1024.898,6.0
06023,2025-11-11,2,SE,Inconnue,Inconnue,1300,1.0,189.794,2.0
06023,2025-11-25,2,SE,Inconnue,Inconnue,1300,1.0,697.164,8.0
06023,2025-12-02,2,SE,Inconnue,Inconnue,1300,1.0,45.912,3.0
06023,2025-12-03,3,SE,Inconnue,Inconnue,1300,1.0,742.613,12.0
06023,2025-12-15,1,SE,Inconnue,Inconnue,1300,1.0,110.284,1.0
06023,2025-12-21,0,SE,Inconnue,Inconnue,1300,1.0,586.888,13.0
06023,2026-08-30,0,SE,Inconnue,Inconnue,1300,1.0,14554.936999999996,58.0
06023,2026-09-04,5,SE,Inconnue,Inconnue,1300,1.0,938.508,27.0
06023,2026-09-08,2,SE,Inconnue,Inconnue,1300,1.0,7867.548,67.0
06023,2026-09-13,0,SE,Inconnue,Inconnue,1300,1.0,272.056,3.0
06023,2026-09-14,1,SE,Inconnue,Inconnue,1300,1.0,240.632,12.0
06023,2026-10-08,4,SE,Inconnue,Inconnue,1300,1.0,34.666,24.0
06023,2026-10-22,4,SE,Inconnue,Inconnue,1300,1.0,228.712,2.0
06023,2026-10-28,3,SE,Inconnue,Inconnue,1300,1.0,105.593,2.0
06023,2026-10-29,4,SE,Inconnue,Inconnue,1300,1.0,452.77,34.0
06023,2026-10-30,5,SE,Inconnue,Inconnue,1300,1.0,319.491,70.0
06023,2026-11-01,0,SE,Inconnue,Inconnue,1300,1.0,950.344,18.0
06023,2026-11-12,4,SE,Inconnue,Inconnue,1300,1.0,1888.8960000000002,31.0
06023,2026-11-22,0,SE,Inconnue,Inconnue,1300,1.0,4286.056,21.0
06023,2026-12-02,3,SE,Inconnue,Inconnue,1300,1.0,771.69,5.0
06023,2026-12-22,2,SE,Inconnue,Inconnue,1300,1.0,62.632,1.0
06023,2026-12-28,1,SE,Inconnue,Inconnue,1300,1.0,225.604,2.0
06024,2025-01-05,0,SE,Inconnue,Inconnue,1300,1.0,57.0,12.0
06024,2025-01-06,1,SE,Inconnue,Inconnue,1300,1.0,554.832,26.0
06024,2025-01-14,2,SE,Inconnue,Inconnue,1300,1.0,37.58,1.0
06024,2025-01-29,3,SE,Inconnue,Inconnue,1300,1.0,80.661,3.0
06024,2025-02-02,0,SE,Inconnue,Inconnue,1300,1.0,225.0,29.0
06024,2025-02-14,5,SE,Inconnue,Inconnue,1300,1.0,738.712,4.0
06024,2025-02-26,3,SE,Inconnue,Inconnue,1300,1.0,648.969,3.0
06024,2025-03-08,6,SE,Inconnue,Inconnue,1300,1.0,177.76,2.0
06024,2025-03-10,1,SE,Inconnue,Inconnue,1300,1.0,346.792,2.0
06024,2025-03-22,6,SE,Inconnue,Inconnue,1300,1.0,22.218,12.0
06024,2025-04-18,5,SE,Inconnue,Inconnue,1300,1.0,331.794,3.0
06024,2025-05-18,0,SE,Inconnue,Inconnue,1300,1.0,9.128,1.0
06024,2025-06-04,3,SE,Inconnue,Inconnue,1300,1.0,9.128,1.0
06024,2025-06-09,1,SE,Inconnue,Inconnue,1300,1.0,5010.296000000001,65.0
06024,2025-06-11,3,SE,Inconnue,Inconnue,1300,1.0,628.359,60.0
06024,2025-06-18,3,SE,Inconnue,Inconnue,1300,1.0,161.996,25.0
06024,2025-06-30,1,SE,Inconnue,Inconnue,1300,1.0,217.032,10.0
06024,2025-07-11,5,SE,Inconnue,Inconnue,1300,1.0,260.63,2.0
06024,2025-07-22,2,SE,Inconnue,Inconnue,1300,1.0,388.002,10.0
06024,2025-07-27,0,SE,Inconnue,Inconnue,1300,1.0,365.298,2.0
06024,2025-07-29,2,SE,Inconnue,Inconnue,1300,1.0,103.318,1.0
06024,2025-08-22,5,SE,Inconnue,Inconnue,1300,1.0,5246.774,104.0
06024,2025-09-08,1,SE,Inconnue,Inconnue,1300,1.0,315.95099999999996,3.0
06024,2025-09-09,2,SE,Inconnue,Inconnue,1300,1.0,176.355,14.0
06024,2025-09-23,2,SE,Inconnue,Inconnue,1300,1.0,209.22,6.0
06024,2025-10-11,6,SE,Inconnue,Inconnue,1300,1.0,469.0,7.0
06024,2025-10-14,2,SE,Inconnue,Inconnue,1300,1.0,1169.575,51.0
06024,2025-10-22,3,SE,Inconnue,Inconnue,1300,1.0,285.0,51.0
06024,2025-10-26,0,SE,Inconnue,Inconnue,1300,1.0,1224.64,33.0
06024,2025-12-05,5,SE,Inconnue,Inconnue,1300,1.0,32.044,120.0
06024,2025-12-06,6,SE,Inconnue,Inconnue,1300,1.0,211.554,2.0
06024,2025-12-28,0,SE,Inconnue,Inconnue,1300,1.0,1818.0479999999998,39.0
06024,2026-09-01,2,SE,Inconnue,Inconnue,1300,1.0,323.43,2.0
06024,2026-09-15,2,SE,Inconnue,Inconnue,1300,1.0,352.51,2.0
06024,2026-09-19,6,SE,Inconnue,Inconnue,1300,1.0,352.508,2.0
06024,2026-10-28,3,SE,Inconnue,Inconnue,1300,1.0,1051.4579999999999,38.0
06024,2026-11-06,5,SE,Inconnue,Inconnue,1300,1.0,532.752,8.0
06024,2026-12-03,4,SE,Inconnue,Inconnue,1300,1.0,1356.38,33.0
06024,2026-12-09,3,SE,Inconnue,Inconnue,1300,1.0,136.898,48.0
06024,2026-12-11,5,SE,Inconnue,Inconnue,1300,1.0,2378.054,81.0
06024,2026-12-13,0,SE,Inconnue,Inconnue,1300,1.0,137.628,4.0
06024,2026-12-22,2,SE,Inconnue,Inconnue,1300,1.0,90.63,1.0
06024,2026-12-30,3,SE,Inconnue,Inconnue,1300,1.0,130.508,24.0
06024,2027-06-15,2,SE,Inconnue,Inconnue,1300,1.0,24654.22399999999,217.0
06025,2025-01-27,1,SE,ARIANAVILLE,Inconnue,1300,1.0,39.735,1.0
06025,2025-03-08,6,SE,ARIANAVILLE,Inconnue,1300,1.0,961.9800000000001,31.0
06025,2025-04-05,6,SE,ARIANAVILLE,Inconnue,1300,1.0,98.912,12.0
06025,2025-09-26,5,SE,ARIANAVILLE,Inconnue,1300,1.0,54.411,1.0
06025,2025-11-12,3,SE,ARIANAVILLE,Inconnue,1300,1.0,110.284,1.0
06025,2025-12-05,5,SE,ARIANAVILLE,Inconnue,1300,1.0,9.128,1.0
06025,2025-12-16,2,SE,ARIANAVILLE,Inconnue,1300,1.0,110.284,1.0
06025,2026-09-01,2,SE,ARIANAVILLE,Inconnue,1300,1.0,99.722,1.0
06026,2025-04-14,1,SE,ARIANAVILLE,Inconnue,1300,1.0,71.422,1.0
06026,2025-05-18,0,SE,ARIANAVILLE,Inconnue,1300,1.0,12.624,6.0
06026,2025-06-03,2,SE,ARIANAVILLE,Inconnue,1300,1.0,9.128,1.0
06026,2025-08-27,3,SE,ARIANAVILLE,Inconnue,1300,1.0,875.05,10.0
06026,2025-10-18,6,SE,ARIANAVILLE,Inconnue,1300,1.0,25.194,2.0
06026,2026-09-02,3,SE,ARIANAVILLE,Inconnue,1300,1.0,181.337,4.0
06026,2026-09-10,4,SE,ARIANAVILLE,Inconnue,1300,1.0,3789.100000000001,48.0
06026,2026-09-16,3,SE,ARIANAVILLE,Inconnue,1300,1.0,220.206,25.0
06026,2026-10-16,5,SE,ARIANAVILLE,Inconnue,1300,1.0,1675.3940000000002,16.0
06026,2026-10-28,3,SE,ARIANAVILLE,Inconnue,1300,1.0,22.787,1.0
06027,2025-01-07,2,SE,Inconnue,Inconnue,1300,1.0,510.093,13.0
06027,2025-01-19,0,SE,Inconnue,Inconnue,1300,1.0,42.388,1.0
06027,2025-07-27,0,SE,Inconnue,Inconnue,1300,1.0,140.8,25.0
06027,2025-09-05,5,SE,Inconnue,Inconnue,1300,1.0,34.957,12.0
06027,2025-10-19,0,SE,Inconnue,Inconnue,1300,1.0,110.284,1.0
06027,2026-09-02,3,SE,Inconnue,Inconnue,1300,1.0,366.036,3.0
06028,2025-02-22,6,SE,Inconnue,Inconnue,1300,1.0,53.774,3.0
06028,2025-03-24,1,SE,Inconnue,Inconnue,1300,1.0,4792.71,19.0
06028,2025-04-23,3,SE,Inconnue,Inconnue,1300,1.0,8.787,5.0
06028,2025-05-27,2,SE,Inconnue,Inconnue,1300,1.0,216.036,72.0
06028,2026-09-03,4,SE,Inconnue,Inconnue,1300,1.0,4905.043,147.0
06028,2026-09-10,4,SE,Inconnue,Inconnue,1300,1.0,1304.716,100.0
06028,2026-09-29,2,SE,Inconnue,Inconnue,1300,1.0,231.523,10.0
06028,2026-10-07,3,SE,Inconnue,Inconnue,1300,1.0,2581.8170000000005,38.0
06028,2026-10-23,5,SE,Inconnue,Inconnue,1300,1.0,135.312,25.0
06028,2026-10-28,3,SE,Inconnue,Inconnue,1300,1.0,164.31,12.0
06028,2026-11-12,4,SE,Inconnue,Inconnue,1300,1.0,14.578,1.0
06029,2025-02-07,5,SE,ARIANAVILLE,Inconnue,1300,1.0,736.105,52.0
06029,2025-02-18,2,SE,ARIANAVILLE,Inconnue,1300,1.0,33.112,1.0
06029,2025-05-07,3,SE,ARIANAVILLE,Inconnue,1300,1.0,27.616,24.0
06029,2025-10-28,2,SE,ARIANAVILLE,Inconnue,1300,1.0,12.596,1.0
06029,2025-11-25,2,SE,ARIANAVILLE,Inconnue,1300,1.0,110.284,1.0
06029,2026-09-03,4,SE,ARIANAVILLE,Inconnue,1300,1.0,1626.995,8.0
06029,2026-09-11,5,SE,ARIANAVILLE,Inconnue,1300,1.0,1873.935,8.0
06030,2025-01-31,5,SE,Inconnue,Inconnue,1300,1.0,167.446,2.0
06030,2025-05-07,3,SE,Inconnue,Inconnue,1300,1.0,30.503,1.0
06030,2026-09-04,5,SE,Inconnue,Inconnue,1300,1.0,1391.02,6.0
06030,2026-10-02,5,SE,Inconnue,Inconnue,1300,1.0,229.998,2.0
06030,2026-10-16,5,SE,Inconnue,Inconnue,1300,1.0,275.016,5.0
06031,2025-01-04,6,SE,ARIANAVILLE,Inconnue,1300,1.0,398.676,3.0
06031,2025-01-13,1,SE,ARIANAVILLE,Inconnue,1300,1.0,83.737,1.0
06031,2025-01-27,1,SE,ARIANAVILLE,Inconnue,1300,1.0,540.018,37.0
06031,2025-01-31,5,SE,ARIANAVILLE,Inconnue,1300,1.0,53.774,3.0
06031,2025-02-06,4,SE,ARIANAVILLE,Inconnue,1300,1.0,87.743,1.0
06031,2025-02-16,0,SE,ARIANAVILLE,Inconnue,1300,1.0,1162.2379999999998,97.0
06031,2025-02-21,5,SE,ARIANAVILLE,Inconnue,1300,1.0,798.015,3.0
06031,2025-02-28,5,SE,ARIANAVILLE,Inconnue,1300,1.0,2234.298,6.0
06031,2025-03-08,6,SE,ARIANAVILLE,Inconnue,1300,1.0,599.21,56.0
06031,2025-03-16,0,SE,ARIANAVILLE,Inconnue,1300,1.0,4436.872,10.0
06031,2025-03-22,6,SE,ARIANAVILLE,Inconnue,1300,1.0,44.437,24.0
06031,2025-04-18,5,SE,ARIANAVILLE,Inconnue,1300,1.0,52.472,48.0
06031,2025-04-29,2,SE,ARIANAVILLE,Inconnue,1300,1.0,865.4939999999999,50.0
06031,2025-05-14,3,SE,ARIANAVILLE,Inconnue,1300,1.0,5530.812,9.0
06031,2025-05-25,0,SE,ARIANAVILLE,Inconnue,1300,1.0,3817.597,147.0
06031,2025-06-08,0,SE,ARIANAVILLE,Inconnue,1300,1.0,10259.028,172.0
06031,2025-06-21,6,SE,ARIANAVILLE,Inconnue,1300,1.0,1068.378,98.0
06031,2025-07-16,3,SE,ARIANAVILLE,Inconnue,1300,1.0,1500.968,4.0
06031,2025-07-19,6,SE,ARIANAVILLE,Inconnue,1300,1.0,66.917,1.0
06031,2025-08-22,5,SE,ARIANAVILLE,Inconnue,1300,1.0,736.4749999999999,25.0
06031,2025-09-06,6,SE,ARIANAVILLE,Inconnue,1300,1.0,27.034,1.0
06031,2025-09-11,4,SE,ARIANAVILLE,Inconnue,1300,1.0,12.596,1.0
06031,2025-09-26,5,SE,ARIANAVILLE,Inconnue,1300,1.0,209.22,6.0
06031,2025-09-29,1,SE,ARIANAVILLE,Inconnue,1300,1.0,343.814,25.0
06031,2025-10-26,0,SE,ARIANAVILLE,Inconnue,1300,1.0,341.826,7.0
06031,2025-11-04,2,SE,ARIANAVILLE,Inconnue,1300,1.0,79.33,1.0
06031,2025-11-16,0,SE,ARIANAVILLE,Inconnue,1300,1.0,62.802,1.0
06031,2026-09-08,2,SE,ARIANAVILLE,Inconnue,1300,1.0,932.6400000000001,74.0
06031,2026-09-24,4,SE,ARIANAVILLE,Inconnue,1300,1.0,123.056,25.0
06031,2026-11-05,4,SE,ARIANAVILLE,Inconnue,1300,1.0,2506.509,99.0
06031,2026-11-19,4,SE,ARIANAVILLE,Inconnue,1300,1.0,929.948,28.0
06031,2026-12-06,0,SE,ARIANAVILLE,Inconnue,1300,1.0,1073.192,4.0
06031,2026-12-09,3,SE,ARIANAVILLE,Inconnue,1300,1.0,78.654,1.0
06031,2026-12-13,0,SE,ARIANAVILLE,Inconnue,1300,1.0,284.055,72.0
06031,2026-12-22,2,SE,ARIANAVILLE,Inconnue,1300,1.0,1264.88,5.0
06033,2025-01-11,6,SE,ARIANAVILLE,Inconnue,1300,1.0,19678.090999999997,94.0
06033,2025-01-12,0,SE,ARIANAVILLE,Inconnue,1300,1.0,186.44,2.0
06033,2025-01-19,0,SE,ARIANAVILLE,Inconnue,1300,1.0,13.444,1.0
06033,2025-01-30,4,SE,ARIANAVILLE,Inconnue,1300,1.0,1525.644,5.0
06033,2025-02-12,3,SE,ARIANAVILLE,Inconnue,1300,1.0,53.774,3.0
06033,2025-02-14,5,SE,ARIANAVILLE,Inconnue,1300,1.0,56.114,1.0
06033,2025-03-14,5,SE,ARIANAVILLE,Inconnue,1300,1.0,9858.002,54.0
06033,2025-06-07,6,SE,ARIANAVILLE,Inconnue,1300,1.0,260.146,3.0
06033,2025-08-02,6,SE,ARIANAVILLE,Inconnue,1300,1.0,12271.679999999997,178.0
06033,2025-09-05,5,SE,ARIANAVILLE,Inconnue,1300,1.0,6815.196,12.0
06033,2025-09-10,3,SE,ARIANAVILLE,Inconnue,1300,1.0,814.9499999999999,5.0
06033,2025-09-27,6,SE,ARIANAVILLE,Inconnue,1300,1.0,1493.84,13.0
06033,2025-10-20,1,SE,ARIANAVILLE,Inconnue,1300,1.0,95.919,4.0
06033,2025-11-16,0,SE,ARIANAVILLE,Inconnue,1300,1.0,116.088,1.0
06033,2025-11-21,5,SE,ARIANAVILLE,Inconnue,1300,1.0,492.018,3.0
06033,2025-12-09,2,SE,ARIANAVILLE,Inconnue,1300,1.0,3567.0040000000004,55.0
06033,2025-12-16,2,SE,ARIANAVILLE,Inconnue,1300,1.0,1135.011,74.0
06033,2025-12-29,1,SE,ARIANAVILLE,Inconnue,1300,1.0,2067.288,35.0
06033,2026-10-06,2,SE,ARIANAVILLE,Inconnue,1300,1.0,953.4800000000002,13.0
06033,2026-11-19,4,SE,ARIANAVILLE,Inconnue,1300,1.0,1404.204,29.0
06033,2026-12-01,2,SE,ARIANAVILLE,Inconnue,1300,1.0,501.93,3.0
06033,2026-12-06,0,SE,ARIANAVILLE,Inconnue,1300,1.0,294.872,2.0
06033,2026-12-14,1,SE,ARIANAVILLE,Inconnue,1300,1.0,53.214,6.0
06034,2025-01-19,0,SE,Inconnue,Inconnue,1300,1.0,13.444,1.0
06034,2025-01-25,6,SE,Inconnue,Inconnue,1300,1.0,63.608,5.0
06034,2025-02-15,6,SE,Inconnue,Inconnue,1300,1.0,161.32,9.0
06034,2025-02-22,6,SE,Inconnue,Inconnue,1300,1.0,57.804,1.0
06034,2025-08-20,3,SE,Inconnue,Inconnue,1300,1.0,1347.808,4.0
06034,2025-09-06,6,SE,Inconnue,Inconnue,1300,1.0,1392.064,7.0
06034,2025-10-31,5,SE,Inconnue,Inconnue,1300,1.0,110.284,1.0
06034,2025-11-07,5,SE,Inconnue,Inconnue,1300,1.0,62.802,1.0
06034,2025-11-21,5,SE,Inconnue,Inconnue,1300,1.0,67.863,1.0
06034,2025-12-17,3,SE,Inconnue,Inconnue,1300,1.0,624.9,16.0
06034,2025-12-21,0,SE,Inconnue,Inconnue,1300,1.0,754.6949999999999,3.0
06034,2026-08-18,2,SE,Inconnue,Inconnue,1300,1.0,1073.685,5.0
06034,2026-08-24,1,SE,Inconnue,Inconnue,1300,1.0,172.462,49.0
06034,2026-10-28,3,SE,Inconnue,Inconnue,1300,1.0,1085.54,38.0
06034,2026-12-01,2,SE,Inconnue,Inconnue,1300,1.0,654.548,7.0
06035,2025-01-07,2,SE,Inconnue,Inconnue,1300,1.0,44.501,1.0
06035,2025-01-12,0,SE,Inconnue,Inconnue,1300,1.0,281.02,2.0
06035,2025-03-09,0,SE,Inconnue,Inconnue,1300,1.0,41.91,1.0
06035,2025-04-30,3,SE,Inconnue,Inconnue,1300,1.0,71.422,1.0
06035,2025-06-30,1,SE,Inconnue,Inconnue,1300,1.0,207.696,32.0
06035,2025-07-26,6,SE,Inconnue,Inconnue,1300,1.0,687.108,3.0
06035,2025-08-02,6,SE,Inconnue,Inconnue,1300,1.0,403.952,96.0
06035,2025-10-31,5,SE,Inconnue,Inconnue,1300,1.0,284.374,4.0
06035,2025-11-26,3,SE,Inconnue,Inconnue,1300,1.0,62.802,1.0
06035,2026-08-18,2,SE,Inconnue,Inconnue,1300,1.0,280.816,2.0
06035,2026-09-01,2,SE,Inconnue,Inconnue,1300,1.0,61.993,1.0
06035,2026-10-13,2,SE,Inconnue,Inconnue,1300,1.0,92.268,25.0
06036,2025-02-25,2,SE,Inconnue,Inconnue,1300,1.0,35.098,1.0
06036,2025-03-06,4,SE,Inconnue,Inconnue,1300,1.0,83.737,1.0
06036,2025-10-25,6,SE,Inconnue,Inconnue,1300,1.0,12.596,1.0
06036,2025-11-23,0,SE,Inconnue,Inconnue,1300,1.0,116.088,1.0
06036,2026-08-17,1,SE,Inconnue,Inconnue,1300,1.0,529.574,3.0
06036,2026-09-14,1,SE,Inconnue,Inconnue,1300,1.0,269.022,15.0
06036,2026-10-04,0,SE,Inconnue,Inconnue,1300,1.0,52.3,2.0
06037,2025-01-13,1,GT,Inconnue,Inconnue,1300,1.0,600.548,19.0
06037,2025-01-29,3,GT,Inconnue,Inconnue,1300,1.0,80.661,3.0
06037,2025-02-28,5,GT,Inconnue,Inconnue,1300,1.0,464.008,3.0
06037,2025-03-18,2,GT,Inconnue,Inconnue,1300,1.0,1465.347,16.0
06037,2025-03-28,5,GT,Inconnue,Inconnue,1300,1.0,316.35,3.0
06037,2026-08-17,1,GT,Inconnue,Inconnue,1300,1.0,9852.191999999997,13.0
06037,2026-08-23,0,GT,Inconnue,Inconnue,1300,1.0,502.161,26.0
06037,2026-09-18,5,GT,Inconnue,Inconnue,1300,1.0,8195.319000000001,40.0
06037,2026-09-27,0,GT,Inconnue,Inconnue,1300,1.0,1097.58,7.0
06037,2026-11-01,0,GT,Inconnue,Inconnue,1300,1.0,451.28,4.0
06037,2026-11-18,3,GT,Inconnue,Inconnue,1300,1.0,4993.5,14.0
06037,2026-12-06,0,GT,Inconnue,Inconnue,1300,1.0,211.363,10.0
06042,2025-02-22,6,SE,Inconnue,Inconnue,1300,1.0,159.369,27.0
06042,2025-03-08,6,SE,Inconnue,Inconnue,1300,1.0,614.104,76.0
06042,2025-03-22,6,SE,Inconnue,Inconnue,1300,1.0,9.128,1.0
06042,2025-04-23,3,SE,Inconnue,Inconnue,1300,1.0,8.787,5.0
06042,2026-10-28,3,SE,Inconnue,Inconnue,1300,1.0,276.16,73.0
06043,2026-10-23,5,SE,Inconnue,Inconnue,1300,1.0,61.993,1.0
06043,2026-11-12,4,SE,Inconnue,Inconnue,1300,1.0,129.964,30.0
06043,2026-12-09,3,SE,Inconnue,Inconnue,1300,1.0,72.634,1.0
06044,2025-01-04,6,GT,DOUARHICHER,Inconnue,1300,1.0,42.388,1.0
06044,2025-01-08,3,GT,DOUARHICHER,Inconnue,1300,1.0,68.782,1.0
06044,2025-01-12,0,GT,DOUARHICHER,Inconnue,1300,1.0,19.111,24.0
06044,2025-01-22,3,GT,DOUARHICHER,Inconnue,1300,1.0,20.275,24.0
06044,2025-01-31,5,GT,DOUARHICHER,Inconnue,1300,1.0,80.661,3.0
06044,2025-02-02,0,GT,DOUARHICHER,Inconnue,1300,1.0,16.022,60.0
06044,2025-02-07,5,GT,DOUARHICHER,Inconnue,1300,1.0,187.99499999999998,5.0
06044,2025-02-10,1,GT,DOUARHICHER,Inconnue,1300,1.0,22.052,3.0
06044,2025-02-12,3,GT,DOUARHICHER,Inconnue,1300,1.0,35.146,20.0
06044,2025-02-15,6,GT,DOUARHICHER,Inconnue,1300,1.0,725.946,40.0
06044,2025-02-17,1,GT,DOUARHICHER,Inconnue,1300,1.0,33.112,1.0
06044,2025-02-25,2,GT,DOUARHICHER,Inconnue,1300,1.0,282.27,2.0
06044,2025-03-03,1,GT,DOUARHICHER,Inconnue,1300,1.0,37.676,24.0
06044,2025-03-09,0,GT,DOUARHICHER,Inconnue,1300,1.0,118.98599999999999,6.0
06044,2025-03-13,4,GT,DOUARHICHER,Inconnue,1300,1.0,54.242,24.0
06044,2025-03-16,0,GT,DOUARHICHER,Inconnue,1300,1.0,20.275,24.0
06044,2025-03-23,0,GT,DOUARHICHER,Inconnue,1300,1.0,20.275,24.0
06044,2025-04-12,6,GT,DOUARHICHER,Inconnue,1300,1.0,35.146,20.0
06044,2025-05-07,3,GT,DOUARHICHER,Inconnue,1300,1.0,9.128,1.0
06044,2025-05-12,1,GT,DOUARHICHER,Inconnue,1300,1.0,20.274,12.0
06044,2025-06-04,3,GT,DOUARHICHER,Inconnue,1300,1.0,72.012,24.0
06044,2025-06-09,1,GT,DOUARHICHER,Inconnue,1300,1.0,8.83,1.0
06044,2025-06-21,6,GT,DOUARHICHER,Inconnue,1300,1.0,61.007,2.0
06044,2025-06-28,6,GT,DOUARHICHER,Inconnue,1300,1.0,19.617,40.0
06044,2025-06-29,0,GT,DOUARHICHER,Inconnue,1300,1.0,4.5,2.0
06044,2025-07-06,0,GT,DOUARHICHER,Inconnue,1300,1.0,1206.219,95.0
06044,2025-07-12,6,GT,DOUARHICHER,Inconnue,1300,1.0,20.275,24.0
06044,2025-07-18,5,GT,DOUARHICHER,Inconnue,1300,1.0,14.272,60.0
06044,2025-07-29,2,GT,DOUARHICHER,Inconnue,1300,1.0,598.38,192.0
06044,2025-08-01,5,GT,DOUARHICHER,Inconnue,1300,1.0,39.233,80.0
06044,2025-08-26,2,GT,DOUARHICHER,Inconnue,1300,1.0,113.07,4.0
06044,2025-08-30,6,GT,DOUARHICHER,Inconnue,1300,1.0,1349.044,41.0
06044,2025-08-31,0,GT,DOUARHICHER,Inconnue,1300,1.0,343.814,25.0
06044,2025-09-10,3,GT,DOUARHICHER,Inconnue,1300,1.0,103.77,3.0
06044,2025-09-17,3,GT,DOUARHICHER,Inconnue,1300,1.0,19.906,1.0
06044,2025-09-20,6,GT,DOUARHICHER,Inconnue,1300,1.0,34.87,1.0
06044,2025-09-30,2,GT,DOUARHICHER,Inconnue,1300,1.0,364.988,2.0
06044,2025-10-05,0,GT,DOUARHICHER,Inconnue,1300,1.0,66.264,25.0
06044,2025-10-21,2,GT,DOUARHICHER,Inconnue,1300,1.0,57.097,24.0
06044,2025-11-02,0,GT,DOUARHICHER,Inconnue,1300,1.0,92.754,48.0
06044,2025-11-17,1,GT,DOUARHICHER,Inconnue,1300,1.0,385.826,5.0
06044,2025-11-23,0,GT,DOUARHICHER,Inconnue,1300,1.0,38.557,1.0
06044,2025-11-30,0,GT,DOUARHICHER,Inconnue,1300,1.0,67.863,1.0
06044,2025-12-30,2,GT,DOUARHICHER,Inconnue,1300,1.0,19.906,1.0
06044,2026-10-27,2,GT,DOUARHICHER,Inconnue,1300,1.0,41.076,3.0
06044,2026-10-29,4,GT,DOUARHICHER,Inconnue,1300,1.0,351.004,27.0
06044,2026-10-30,5,GT,DOUARHICHER,Inconnue,1300,1.0,1471.43,309.0
06044,2026-10-31,6,GT,DOUARHICHER,Inconnue,1300,1.0,266.811,52.0
06044,2026-11-01,0,GT,DOUARHICHER,Inconnue,1300,1.0,235.91400000000002,3.0
06044,2026-11-03,2,GT,DOUARHICHER,Inconnue,1300,1.0,7.288,1.0
06044,2026-11-13,5,GT,DOUARHICHER,Inconnue,1300,1.0,78.654,1.0
06044,2026-11-22,0,GT,DOUARHICHER,Inconnue,1300,1.0,1398.504,169.0
06044,2026-12-06,0,GT,DOUARHICHER,Inconnue,1300,1.0,53.157000000000004,3.0
06044,2026-12-15,2,GT,DOUARHICHER,Inconnue,1300,1.0,4.901,1.0
06044,2026-12-16,3,GT,DOUARHICHER,Inconnue,1300,1.0,4.691,1.0
06044,2026-12-17,4,GT,DOUARHICHER,Inconnue,1300,1.0,106.087,1.0
06044,2026-12-19,6,GT,DOUARHICHER,Inconnue,1300,1.0,21.906,1.0
06044,2026-12-22,2,GT,DOUARHICHER,Inconnue,1300,1.0,57.796,1.0
06044,2026-12-24,4,GT,DOUARHICHER,Inconnue,1300,1.0,106.087,1.0
06044,2026-12-27,0,GT,DOUARHICHER,Inconnue,1300,1.0,68.782,1.0
06044,2026-12-28,1,GT,DOUARHICHER,Inconnue,1300,1.0,1242.932,4.0
06045,2025-01-07,2,SE,ARIANAVILLE,Inconnue,1300,1.0,653.0070000000001,19.0
06045,2025-01-16,4,SE,ARIANAVILLE,Inconnue,1300,1.0,1195.3799999999999,7.0
06045,2025-01-18,6,SE,ARIANAVILLE,Inconnue,1300,1.0,116.37,12.0
06045,2025-01-24,5,SE,ARIANAVILLE,Inconnue,1300,1.0,578.41,16.0
06045,2025-02-14,5,SE,ARIANAVILLE,Inconnue,1300,1.0,51.442,1.0
06045,2025-03-10,1,SE,ARIANAVILLE,Inconnue,1300,1.0,1350.495,5.0
06045,2025-05-04,0,SE,ARIANAVILLE,Inconnue,1300,1.0,740.48,50.0
06045,2025-06-06,5,SE,ARIANAVILLE,Inconnue,1300,1.0,4982.399999999999,29.0
06045,2025-06-16,1,SE,ARIANAVILLE,Inconnue,1300,1.0,149.67,2.0
06045,2025-06-27,5,SE,ARIANAVILLE,Inconnue,1300,1.0,380.901,16.0
06045,2025-08-09,6,SE,ARIANAVILLE,Inconnue,1300,1.0,173.506,2.0
06045,2025-09-03,3,SE,ARIANAVILLE,Inconnue,1300,1.0,271.026,26.0
06045,2025-09-10,3,SE,ARIANAVILLE,Inconnue,1300,1.0,2129.673,27.0
06045,2025-09-19,5,SE,ARIANAVILLE,Inconnue,1300,1.0,1081.199,14.0
06045,2025-09-23,2,SE,ARIANAVILLE,Inconnue,1300,1.0,461.26800000000003,8.0
06045,2025-10-19,0,SE,ARIANAVILLE,Inconnue,1300,1.0,1650.3600000000001,34.0
06045,2025-11-11,2,SE,ARIANAVILLE,Inconnue,1300,1.0,36.278,1.0
06045,2025-11-28,5,SE,ARIANAVILLE,Inconnue,1300,1.0,1140.94,5.0
06045,2026-10-21,3,SE,ARIANAVILLE,Inconnue,1300,1.0,13.808,1.0
06045,2026-10-28,3,SE,ARIANAVILLE,Inconnue,1300,1.0,516.39,6.0
06045,2026-11-04,3,SE,ARIANAVILLE,Inconnue,1300,1.0,71.728,1.0
06045,2026-11-17,2,SE,ARIANAVILLE,Inconnue,1300,1.0,151.029,8.0
06046,2025-02-07,5,SE,ARIANAVILLE,Inconnue,1300,1.0,26.236,24.0
06046,2025-03-01,6,SE,ARIANAVILLE,Inconnue,1300,1.0,574.167,3.0
06046,2025-12-21,0,SE,ARIANAVILLE,Inconnue,1300,1.0,51.737,1.0
06046,2026-10-14,3,SE,ARIANAVILLE,Inconnue,1300,1.0,346.014,5.0
06046,2026-10-22,4,SE,ARIANAVILLE,Inconnue,1300,1.0,23.837,24.0
06048,2025-01-24,5,SE,ARIANAVILLE,Inconnue,1300,1.0,22.981,1.0
06048,2025-02-13,4,SE,ARIANAVILLE,Inconnue,1300,1.0,78.408,1.0
06048,2025-03-06,4,SE,ARIANAVILLE,Inconnue,1300,1.0,54.242,24.0
06048,2025-11-14,5,SE,ARIANAVILLE,Inconnue,1300,1.0,37.676,24.0
06048,2025-12-12,5,SE,ARIANAVILLE,Inconnue,1300,1.0,90.839,2.0
06048,2026-09-18,5,SE,ARIANAVILLE,Inconnue,1300,1.0,52.797,1.0
06048,2026-09-27,0,SE,ARIANAVILLE,Inconnue,1300,1.0,38.375,24.0
06048,2026-10-04,0,SE,ARIANAVILLE,Inconnue,1300,1.0,1272.655,38.0
06049,2025-01-10,5,SE,Inconnue,Inconnue,1300,1.0,203.214,3.0
06049,2025-01-28,2,SE,Inconnue,Inconnue,1300,1.0,801.3000000000001,3.0
06049,2025-02-08,6,SE,Inconnue,Inconnue,1300,1.0,360.687,13.0
06049,2025-02-16,0,SE,Inconnue,Inconnue,1300,1.0,329.236,47.0
06049,2025-02-26,3,SE,Inconnue,Inconnue,1300,1.0,75.188,1.0
06049,2025-03-12,3,SE,Inconnue,Inconnue,1300,1.0,1114.255,9.0
06049,2025-03-22,6,SE,Inconnue,Inconnue,1300,1.0,116.088,1.0
06049,2025-04-09,3,SE,Inconnue,Inconnue,1300,1.0,1592.2,13.0
06049,2025-04-15,2,SE,Inconnue,Inconnue,1300,1.0,868.9169999999999,9.0
06049,2025-04-23,3,SE,Inconnue,Inconnue,1300,1.0,5.248,1.0
06049,2025-05-07,3,SE,Inconnue,Inconnue,1300,1.0,461.988,22.0
06049,2025-05-28,3,SE,Inconnue,Inconnue,1300,1.0,1778.094,27.0
06049,2025-06-08,0,SE,Inconnue,Inconnue,1300,1.0,24.004,24.0
06049,2025-06-24,2,SE,Inconnue,Inconnue,1300,1.0,100.988,48.0
06049,2025-08-06,3,SE,Inconnue,Inconnue,1300,1.0,712.2660000000001,39.0
06049,2025-12-26,5,SE,Inconnue,Inconnue,1300,1.0,321.34,3.0
06049,2026-10-11,0,SE,Inconnue,Inconnue,1300,1.0,1243.185,28.0
06049,2026-10-19,1,SE,Inconnue,Inconnue,1300,1.0,113.272,6.0
06049,2026-11-04,3,SE,Inconnue,Inconnue,1300,1.0,1661.0749999999998,52.0
06049,2026-12-08,2,SE,Inconnue,Inconnue,1300,1.0,1672.105,24.0
06049,2026-12-18,5,SE,Inconnue,Inconnue,1300,1.0,354.396,26.0
06050,2025-01-31,5,SE,ARIANAVILLE,Inconnue,1300,1.0,80.661,3.0
06050,2025-09-26,5,SE,ARIANAVILLE,Inconnue,1300,1.0,54.411,1.0
06050,2025-11-28,5,SE,ARIANAVILLE,Inconnue,1300,1.0,67.863,1.0
06050,2025-12-05,5,SE,ARIANAVILLE,Inconnue,1300,1.0,38.453,12.0
06050,2026-10-09,5,SE,ARIANAVILLE,Inconnue,1300,1.0,1386.777,53.0
06051,2025-02-08,6,SE,Inconnue,Inconnue,1300,1.0,53.774,3.0
06051,2025-04-07,1,SE,Inconnue,Inconnue,1300,1.0,8.671,1.0
06051,2026-09-18,5,SE,Inconnue,Inconnue,1300,1.0,104.366,25.0
06051,2026-10-11,0,SE,Inconnue,Inconnue,1300,1.0,43.134,2.0
06052,2025-05-28,3,SE,Inconnue,Inconnue,1300,1.0,44.435,24.0
06052,2025-06-28,6,SE,Inconnue,Inconnue,1300,1.0,1515.808,4.0
06052,2025-07-27,0,SE,Inconnue,Inconnue,1300,1.0,445.533,73.0
06052,2025-08-15,5,SE,Inconnue,Inconnue,1300,1.0,47.135,8.0
06052,2025-10-20,1,SE,Inconnue,Inconnue,1300,1.0,103.163,1.0
06052,2025-12-20,6,SE,Inconnue,Inconnue,1300,1.0,133.503,3.0
06052,2026-10-04,0,SE,Inconnue,Inconnue,1300,1.0,7617.412000000001,59.0
06052,2026-10-14,3,SE,Inconnue,Inconnue,1300,1.0,34.666,24.0
06052,2026-12-20,0,SE,Inconnue,Inconnue,1300,1.0,536.682,29.0
06053,2025-02-02,0,SE,ARIANAVILLE,Inconnue,1300,1.0,68.699,2.0
06053,2025-02-09,0,SE,ARIANAVILLE,Inconnue,1300,1.0,212.334,27.0
06053,2025-04-23,3,SE,ARIANAVILLE,Inconnue,1300,1.0,26.236,24.0
06053,2025-11-29,6,SE,ARIANAVILLE,Inconnue,1300,1.0,67.863,1.0
06053,2025-12-07,0,SE,ARIANAVILLE,Inconnue,1300,1.0,76.467,9.0
06053,2026-09-17,4,SE,ARIANAVILLE,Inconnue,1300,1.0,371.889,3.0
06053,2026-09-27,0,SE,ARIANAVILLE,Inconnue,1300,1.0,97.6,1.0
06053,2026-10-04,0,SE,ARIANAVILLE,Inconnue,1300,1.0,58.23,1.0
06053,2026-10-14,3,SE,ARIANAVILLE,Inconnue,1300,1.0,38.375,24.0
06053,2026-12-20,0,SE,ARIANAVILLE,Inconnue,1300,1.0,72.504,1.0
06054,2025-02-13,4,SE,Inconnue,Inconnue,1300,1.0,51.442,1.0
06054,2025-02-14,5,SE,Inconnue,Inconnue,1300,1.0,52.442,1.0
06054,2025-11-29,6,SE,Inconnue,Inconnue,1300,1.0,67.863,1.0
06054,2025-12-07,0,SE,Inconnue,Inconnue,1300,1.0,251.554,2.0
06054,2025-12-13,6,SE,Inconnue,Inconnue,1300,1.0,116.088,1.0
06054,2025-12-20,6,SE,Inconnue,Inconnue,1300,1.0,186.3,3.0
06054,2026-09-16,3,SE,Inconnue,Inconnue,1300,1.0,721.029,3.0
06054,2026-10-07,3,SE,Inconnue,Inconnue,1300,1.0,22.172,5.0
06055,2025-02-09,0,SE,ARIANAVILLE,Inconnue,1300,1.0,186.102,23.0
06055,2025-03-02,0,SE,ARIANAVILLE,Inconnue,1300,1.0,849.807,3.0
06055,2025-03-14,5,SE,ARIANAVILLE,Inconnue,1300,1.0,4184.8,15.0
06055,2025-05-07,3,SE,ARIANAVILLE,Inconnue,1300,1.0,37.49,7.0
06055,2026-09-16,3,SE,ARIANAVILLE,Inconnue,1300,1.0,3806.1630000000005,16.0
06055,2026-10-16,5,SE,ARIANAVILLE,Inconnue,1300,1.0,1494.9180000000001,61.0
06055,2026-11-16,1,SE,ARIANAVILLE,Inconnue,1300,1.0,38.375,24.0
06056,2025-01-09,4,SE,ARIANAVILLE,Inconnue,1300,1.0,44.501,1.0
06056,2025-09-19,5,SE,ARIANAVILLE,Inconnue,1300,1.0,8.671,1.0
06056,2025-10-12,0,SE,ARIANAVILLE,Inconnue,1300,1.0,57.348,1.0
06056,2025-12-12,5,SE,ARIANAVILLE,Inconnue,1300,1.0,44.501,1.0
06056,2025-12-14,0,SE,ARIANAVILLE,Inconnue,1300,1.0,110.284,1.0
06056,2026-09-14,1,SE,ARIANAVILLE,Inconnue,1300,1.0,1079.37,29.0
06056,2026-10-09,5,SE,ARIANAVILLE,Inconnue,1300,1.0,13.808,1.0
06056,2026-12-09,3,SE,ARIANAVILLE,Inconnue,1300,1.0,305.488,2.0
06057,2025-01-30,4,SE,Inconnue,Inconnue,1300,1.0,220.568,2.0
06057,2025-04-15,2,SE,Inconnue,Inconnue,1300,1.0,12.364,3.0
06057,2025-04-28,1,SE,Inconnue,Inconnue,1300,1.0,43.376,1.0
06057,2025-05-10,6,SE,Inconnue,Inconnue,1300,1.0,16.067,3.0
06057,2025-12-26,5,SE,Inconnue,Inconnue,1300,1.0,28.935,12.0
06057,2026-09-14,1,SE,Inconnue,Inconnue,1300,1.0,325.886,2.0
06057,2026-10-19,1,SE,Inconnue,Inconnue,1300,1.0,38.375,24.0
06058,2026-09-11,5,SE,Inconnue,Inconnue,1300,1.0,1612.12,18.0
06061,2025-01-10,5,SE,RAOUED,20,1300,1.0,57.796,1.0
06061,2025-04-28,1,SE,RAOUED,20,1300,1.0,119.412,8.0
06061,2025-08-17,0,SE,RAOUED,20,1300,1.0,201.976,48.0
06061,2025-12-26,5,SE,RAOUED,20,1300,1.0,160.494,24.0
06061,2026-11-08,0,SE,RAOUED,20,1300,1.0,1145.54,9.0
06061,2026-11-20,5,SE,RAOUED,20,1300,1.0,318.26,3.0
06062,2025-02-09,0,SE,Inconnue,Inconnue,1300,1.0,1604.5679999999998,144.0
06062,2025-03-03,1,SE,Inconnue,Inconnue,1300,1.0,548.554,3.0
06062,2025-03-08,6,SE,Inconnue,Inconnue,1300,1.0,121.653,48.0
06062,2025-03-19,3,SE,Inconnue,Inconnue,1300,1.0,339.68000000000006,51.0
06062,2026-11-12,4,SE,Inconnue,Inconnue,1300,1.0,105.906,25.0
06062,2026-12-02,3,SE,Inconnue,Inconnue,1300,1.0,78.654,1.0
06064,2025-01-06,1,SE,Inconnue,Inconnue,1300,1.0,106.087,1.0
06064,2025-07-29,2,SE,Inconnue,Inconnue,1300,1.0,54.003,24.0
06064,2025-11-19,3,SE,Inconnue,Inconnue,1300,1.0,103.163,1.0
06064,2026-11-11,3,SE,Inconnue,Inconnue,1300,1.0,38.375,24.0
06064,2026-12-02,3,SE,Inconnue,Inconnue,1300,1.0,31.171,1.0
06065,2025-01-13,1,SE,Inconnue,Inconnue,1300,1.0,129.692,2.0
06065,2025-01-28,2,SE,Inconnue,Inconnue,1300,1.0,18.312,1.0
06065,2025-02-24,1,SE,Inconnue,Inconnue,1300,1.0,256.744,2.0
06065,2025-03-16,0,SE,Inconnue,Inconnue,1300,1.0,30.503,1.0
06065,2025-03-29,6,SE,Inconnue,Inconnue,1300,1.0,203.85,2.0
06065,2025-05-18,0,SE,Inconnue,Inconnue,1300,1.0,146.28,3.0
06065,2025-05-28,3,SE,Inconnue,Inconnue,1300,1.0,66.264,25.0
06065,2025-06-09,1,SE,Inconnue,Inconnue,1300,1.0,24.004,24.0
06065,2025-06-20,5,SE,Inconnue,Inconnue,1300,1.0,30.503,1.0
06065,2025-07-20,0,SE,Inconnue,Inconnue,1300,1.0,49.952,6.0
06065,2025-08-01,5,SE,Inconnue,Inconnue,1300,1.0,103.318,1.0
06065,2025-08-23,6,SE,Inconnue,Inconnue,1300,1.0,23.272,2.0
06065,2025-11-22,6,SE,Inconnue,Inconnue,1300,1.0,116.088,1.0
06065,2025-12-01,1,SE,Inconnue,Inconnue,1300,1.0,49.446,1.0
06065,2026-11-10,2,SE,Inconnue,Inconnue,1300,1.0,68.782,1.0
06065,2026-11-17,2,SE,Inconnue,Inconnue,1300,1.0,477.12,26.0
06065,2026-12-01,2,SE,Inconnue,Inconnue,1300,1.0,335.348,6.0
06067,2025-01-05,0,SE,Inconnue,Inconnue,1300,1.0,748.056,3.0
06067,2025-01-07,2,SE,Inconnue,Inconnue,1300,1.0,2633.707999999999,20.0
06067,2025-01-26,0,SE,Inconnue,Inconnue,1300,1.0,170.228,4.0
06067,2025-02-01,6,SE,Inconnue,Inconnue,1300,1.0,2882.7599999999998,23.0
06067,2025-02-10,1,SE,Inconnue,Inconnue,1300,1.0,5796.023999999999,34.0
06067,2025-02-15,6,SE,Inconnue,Inconnue,1300,1.0,1633.2249999999997,30.0
06067,2025-02-21,5,SE,Inconnue,Inconnue,1300,1.0,5943.6630000000005,51.0
06067,2025-03-01,6,SE,Inconnue,Inconnue,1300,1.0,3682.476000000001,36.0
06067,2025-03-04,2,SE,Inconnue,Inconnue,1300,1.0,116.088,1.0
06067,2025-03-10,1,SE,Inconnue,Inconnue,1300,1.0,5693.112,14.0
06067,2025-03-14,5,SE,Inconnue,Inconnue,1300,1.0,769.3399999999999,9.0
06067,2025-03-22,6,SE,Inconnue,Inconnue,1300,1.0,1494.4320000000002,15.0
06067,2025-03-26,3,SE,Inconnue,Inconnue,1300,1.0,1473.5350000000003,26.0
06067,2025-04-09,3,SE,Inconnue,Inconnue,1300,1.0,908.598,22.0
06067,2025-04-22,2,SE,Inconnue,Inconnue,1300,1.0,4213.3910000000005,23.0
06067,2025-04-25,5,SE,Inconnue,Inconnue,1300,1.0,64.268,6.0
06067,2025-04-27,0,SE,Inconnue,Inconnue,1300,1.0,94.69399999999999,2.0
06067,2025-04-30,3,SE,Inconnue,Inconnue,1300,1.0,1380.888,82.0
06067,2025-05-24,6,SE,Inconnue,Inconnue,1300,1.0,4756.895,22.0
06067,2025-05-30,5,SE,Inconnue,Inconnue,1300,1.0,37.418,1.0
06067,2025-06-06,5,SE,Inconnue,Inconnue,1300,1.0,2807.244,25.0
06067,2025-06-21,6,SE,Inconnue,Inconnue,1300,1.0,1339.902,34.0
06067,2025-06-28,6,SE,Inconnue,Inconnue,1300,1.0,1614.7440000000001,43.0
06067,2025-07-11,5,SE,Inconnue,Inconnue,1300,1.0,7112.8640000000005,198.0
06067,2025-07-23,3,SE,Inconnue,Inconnue,1300,1.0,2555.013999999999,37.0
06067,2025-08-06,3,SE,Inconnue,Inconnue,1300,1.0,1330.1750000000002,6.0
06067,2025-08-22,5,SE,Inconnue,Inconnue,1300,1.0,3006.25,15.0
06067,2025-09-07,0,SE,Inconnue,Inconnue,1300,1.0,1242.312,17.0
06067,2025-09-08,1,SE,Inconnue,Inconnue,1300,1.0,293.274,3.0
06067,2025-09-17,3,SE,Inconnue,Inconnue,1300,1.0,34.87,1.0
06067,2025-09-28,0,SE,Inconnue,Inconnue,1300,1.0,2615.18,26.0
06067,2025-10-19,0,SE,Inconnue,Inconnue,1300,1.0,7038.767999999998,62.0
06067,2025-10-22,3,SE,Inconnue,Inconnue,1300,1.0,371.012,96.0
06067,2025-10-26,0,SE,Inconnue,Inconnue,1300,1.0,112.225,2.0
06067,2025-11-09,0,SE,Inconnue,Inconnue,1300,1.0,9979.968,32.0
06067,2025-12-06,6,SE,Inconnue,Inconnue,1300,1.0,6716.628000000001,43.0
06067,2025-12-10,3,SE,Inconnue,Inconnue,1300,1.0,123.464,2.0
06067,2026-11-17,2,SE,Inconnue,Inconnue,1300,1.0,12385.458,27.0
06067,2026-12-01,2,SE,Inconnue,Inconnue,1300,1.0,7540.035999999997,25.0
06067,2026-12-09,3,SE,Inconnue,Inconnue,1300,1.0,4594.798,22.0
06067,2026-12-11,5,SE,Inconnue,Inconnue,1300,1.0,357.342,3.0
06067,2026-12-20,0,SE,Inconnue,Inconnue,1300,1.0,6034.896,13.0
06067,2026-12-21,1,SE,Inconnue,Inconnue,1300,1.0,1691.79,6.0
06067,2026-12-23,3,SE,Inconnue,Inconnue,1300,1.0,3195.9960000000005,13.0
06175,2025-02-10,1,GT,MANNOUBA,Inconnue,1300,1.0,209.62199999999999,34.0
06175,2025-02-17,1,GT,MANNOUBA,Inconnue,1300,1.0,1620.684,52.0
06175,2025-04-19,6,GT,MANNOUBA,Inconnue,1300,1.0,26.236,24.0
06175,2025-05-04,0,GT,MANNOUBA,Inconnue,1300,1.0,27.616,24.0
06175,2025-05-09,5,GT,MANNOUBA,Inconnue,1300,1.0,71.422,1.0
06175,2025-06-15,0,GT,MANNOUBA,Inconnue,1300,1.0,71.422,1.0
06175,2025-06-23,1,GT,MANNOUBA,Inconnue,1300,1.0,156.22,48.0
06175,2025-11-17,1,GT,MANNOUBA,Inconnue,1300,1.0,1940.345,7.0
06176,2025-06-20,5,GT,Inconnue,Inconnue,1300,1.0,6198.76,13.0
06177,2025-06-14,6,CAPBON,Inconnue,Inconnue,1300,1.0,94.618,2.0
06178,2025-06-14,6,CAPBON,Inconnue,Inconnue,1300,1.0,138.536,2.0
06179,2025-07-14,1,GT,Inconnue,18,VL1900,1.0,66.574,25.0
06180,2025-07-14,1,GT,Inconnue,Inconnue,1300,1.0,130.947,25.0
06180,2025-07-15,2,GT,Inconnue,Inconnue,1300,1.0,1065.136,100.0
06181,2025-07-14,1,GT,Inconnue,Inconnue,1300,1.0,129.34199999999998,3.0
06181,2025-07-15,2,GT,Inconnue,Inconnue,1300,1.0,6683.292000000001,134.0
06185,2025-02-21,5,SE,ARIANAVILLE,Inconnue,1300,1.0,216.968,48.0
06185,2025-03-02,0,SE,ARIANAVILLE,Inconnue,1300,1.0,753.795,3.0
06185,2025-12-15,1,SE,ARIANAVILLE,Inconnue,1300,1.0,20018.82,125.0
06187,2025-11-16,0,GT,LEBARDO,18,VL1900,1.0,62.802,1.0
06188,2025-02-14,5,GT,Inconnue,Inconnue,1300,1.0,103.163,1.0
06188,2025-02-24,1,GT,Inconnue,Inconnue,1300,1.0,87.293,1.0
06188,2025-03-09,0,GT,Inconnue,Inconnue,1300,1.0,35.098,1.0
06188,2025-07-27,0,GT,Inconnue,Inconnue,1300,1.0,3616.0639999999994,116.0
06188,2025-08-09,6,GT,Inconnue,Inconnue,1300,1.0,37.418,1.0
06188,2025-09-16,2,GT,Inconnue,Inconnue,1300,1.0,5402.259000000001,12.0
06188,2025-09-23,2,GT,Inconnue,Inconnue,1300,1.0,149.67,2.0
06188,2025-10-18,6,GT,Inconnue,Inconnue,1300,1.0,83.282,1.0
06188,2025-12-26,5,GT,Inconnue,Inconnue,1300,1.0,32.663,1.0
06189,2025-02-18,2,SE,ARIANAVILLE,Inconnue,1300,1.0,85.951,1.0
06189,2025-02-25,2,SE,ARIANAVILLE,Inconnue,1300,1.0,44.885,1.0
06189,2025-07-26,6,SE,ARIANAVILLE,Inconnue,1300,1.0,3612.624,38.0
06189,2025-08-24,0,SE,ARIANAVILLE,Inconnue,1300,1.0,510.50700000000006,3.0
06189,2025-08-30,6,SE,ARIANAVILLE,Inconnue,1300,1.0,924.88,4.0
06189,2025-09-29,1,SE,ARIANAVILLE,Inconnue,1300,1.0,33.865,1.0
06189,2025-10-11,6,SE,ARIANAVILLE,Inconnue,1300,1.0,212.771,10.0
06189,2025-10-20,1,SE,ARIANAVILLE,Inconnue,1300,1.0,571.522,14.0
06189,2025-10-28,2,SE,ARIANAVILLE,Inconnue,1300,1.0,42.554,2.0
06189,2025-11-12,3,SE,ARIANAVILLE,Inconnue,1300,1.0,57.097,24.0
06189,2025-11-25,2,SE,ARIANAVILLE,Inconnue,1300,1.0,73.058,1.0
06189,2025-12-05,5,SE,ARIANAVILLE,Inconnue,1300,1.0,38.583,1.0
06189,2025-12-20,6,SE,ARIANAVILLE,Inconnue,1300,1.0,27.034,1.0
06190,2025-02-16,0,GT,CARTHAGE,2,2,1.0,1552.3439999999998,21.0
06191,2025-02-23,0,GT,Inconnue,2,2,1.0,614.104,76.0
06192,2025-03-16,0,NORD,Inconnue,2,2,1.0,5738.288,32.0
06192,2025-03-30,0,NORD,Inconnue,2,2,1.0,673.818,26.0
06192,2025-06-06,5,NORD,Inconnue,2,2,1.0,12.002,12.0
06199,2025-02-28,5,GT,Inconnue,2,2,1.0,325.91200000000003,3.0
06250,2025-01-05,0,GT,ELKHADRA,1,1,0.0,50.387,2.0
06250,2025-01-19,0,GT,ELKHADRA,1,1,0.0,539.556,7.0
06250,2025-01-27,1,GT,ELKHADRA,1,1,0.0,314.81,25.0
06250,2025-02-09,0,GT,ELKHADRA,1,1,0.0,34.608,12.0
06250,2025-02-16,0,GT,ELKHADRA,1,1,0.0,35.098,1.0
06250,2025-02-20,4,GT,ELKHADRA,1,1,0.0,47.737,48.0
06250,2025-02-27,4,GT,ELKHADRA,1,1,0.0,117.448,1.0
06250,2025-03-06,4,GT,ELKHADRA,1,1,0.0,36.059,1.0
06250,2025-04-07,1,GT,ELKHADRA,1,1,0.0,267.408,27.0
06250,2025-05-16,5,GT,ELKHADRA,1,1,0.0,429.58799999999997,14.0
06250,2025-06-01,0,GT,ELKHADRA,1,1,0.0,96.016,48.0
06250,2025-06-24,2,GT,ELKHADRA,1,1,0.0,1040.755,51.0
06250,2025-07-11,5,GT,ELKHADRA,1,1,0.0,938.456,27.0
06250,2025-07-21,1,GT,ELKHADRA,1,1,0.0,275.878,25.0
06250,2025-08-01,5,GT,ELKHADRA,1,1,0.0,33.893,1.0
06250,2025-08-15,5,GT,ELKHADRA,1,1,0.0,11.636,1.0
06250,2025-08-31,0,GT,ELKHADRA,1,1,0.0,886.08,4.0
06250,2025-09-09,2,GT,ELKHADRA,1,1,0.0,325.842,49.0
06250,2025-09-16,2,GT,ELKHADRA,1,1,0.0,281.68,25.0
06250,2025-09-26,5,GT,ELKHADRA,1,1,0.0,699.2819999999999,26.0
06250,2025-10-06,1,GT,ELKHADRA,1,1,0.0,385.998,49.0
06250,2025-10-10,5,GT,ELKHADRA,1,1,0.0,221.128,2.0
06250,2025-10-13,1,GT,ELKHADRA,1,1,0.0,1049.289,51.0
06250,2025-10-28,2,GT,ELKHADRA,1,1,0.0,743.583,50.0
06250,2025-11-02,0,GT,ELKHADRA,1,1,0.0,303.742,72.0
06250,2025-11-07,5,GT,ELKHADRA,1,1,0.0,79.33,1.0
06250,2025-11-14,5,GT,ELKHADRA,1,1,0.0,129.42,25.0
06250,2025-11-24,1,GT,ELKHADRA,1,1,0.0,1901.4600000000003,76.0
06250,2025-12-08,1,GT,ELKHADRA,1,1,0.0,121.798,2.0
06250,2025-12-15,1,GT,ELKHADRA,1,1,0.0,601.143,26.0
06251,2025-04-21,1,GT,ELMOUROUJ,1,1,0.0,3273.3599999999997,31.0
06254,2025-01-10,5,GT,ELMENZAH,1,1,0.0,22.981,1.0
06254,2025-02-15,6,GT,ELMENZAH,1,1,0.0,523.944,26.0
06254,2025-10-04,6,GT,ELMENZAH,1,1,0.0,57.097,24.0
06254,2025-10-11,6,GT,ELMENZAH,1,1,0.0,110.906,2.0
06254,2025-12-05,5,GT,ELMENZAH,1,1,0.0,336.756,26.0
06255,2025-02-03,1,GT,Inconnue,2,2,1.0,540.828,4.0
06256,2025-10-19,0,CENTRE,RADES,1,1,0.0,176.835,26.0
06257,2025-10-05,0,GT,ELMOUROUJ,1,1,0.0,189.546,48.0
06258,2025-10-03,5,GT,ELKHADRA,1,1,0.0,22.838,1.0
06258,2025-10-17,5,GT,ELKHADRA,1,1,0.0,57.097,24.0
06258,2025-12-05,5,GT,ELKHADRA,1,1,0.0,22.838,1.0
06259,2025-09-28,0,GT,MEGRINE,1,1,0.0,31541.719999999998,180.0
06260,2025-09-27,6,SE,ARIANAVILLE,1,1,0.0,189.546,48.0
06261,2025-01-11,6,GT,ELMOUROUJ,1,1,0.0,110.284,1.0
06261,2025-09-21,0,GT,ELMOUROUJ,1,1,0.0,897.009,50.0
06261,2025-10-26,0,GT,ELMOUROUJ,1,1,0.0,472.72499999999997,49.0
06261,2025-11-02,0,GT,ELMOUROUJ,1,1,0.0,114.194,48.0
06261,2025-11-09,0,GT,ELMOUROUJ,1,1,0.0,110.284,1.0
06261,2025-11-16,0,GT,ELMOUROUJ,1,1,0.0,57.097,24.0
06261,2025-11-23,0,GT,ELMOUROUJ,1,1,0.0,206.818,2.0
06262,2025-09-20,6,GT,ELKHADRA,1,1,0.0,57.097,24.0
06263,2025-01-10,5,GT,ELKHADRA,1,1,0.0,70.195,2.0
06263,2025-01-17,5,GT,ELKHADRA,1,1,0.0,177.882,25.0
06263,2025-01-31,5,GT,ELKHADRA,1,1,0.0,329.052,25.0
06263,2025-02-14,5,GT,ELKHADRA,1,1,0.0,595.854,28.0
06263,2025-09-13,6,GT,ELKHADRA,1,1,0.0,369.618,2.0
06263,2025-10-04,6,GT,ELKHADRA,1,1,0.0,346.37,25.0
06263,2025-10-18,6,GT,ELKHADRA,1,1,0.0,175.2,25.0
06263,2025-10-25,6,GT,ELKHADRA,1,1,0.0,343.248,3.0
06263,2025-11-29,6,GT,ELKHADRA,1,1,0.0,30.503,1.0
06263,2025-12-06,6,GT,ELKHADRA,1,1,0.0,334.762,25.0
06263,2025-12-27,6,GT,ELKHADRA,1,1,0.0,681.984,26.0
06264,2025-09-05,5,GT,RADES,1,1,0.0,50.494,24.0
06264,2025-09-13,6,GT,RADES,1,1,0.0,88.172,1.0
06264,2025-09-21,0,GT,RADES,1,1,0.0,37.676,24.0
06264,2025-10-13,1,GT,RADES,1,1,0.0,30.503,1.0
06264,2025-10-26,0,GT,RADES,1,1,0.0,57.627,12.0
06268,2025-02-06,4,GT,NOUVELLEMEDINA,1,1,0.0,54.242,24.0
06268,2025-02-20,4,GT,NOUVELLEMEDINA,1,1,0.0,117.303,120.0
06268,2025-02-27,4,GT,NOUVELLEMEDINA,1,1,0.0,290.496,60.0
06268,2025-07-30,3,GT,NOUVELLEMEDINA,1,1,0.0,50.494,24.0
06268,2025-08-22,5,GT,NOUVELLEMEDINA,1,1,0.0,66.917,1.0
06268,2025-09-05,5,GT,NOUVELLEMEDINA,1,1,0.0,22.838,1.0
06268,2025-09-26,5,GT,NOUVELLEMEDINA,1,1,0.0,57.097,24.0
06268,2025-10-31,5,GT,NOUVELLEMEDINA,1,1,0.0,22.838,1.0
06268,2025-11-03,1,GT,NOUVELLEMEDINA,1,1,0.0,116.088,1.0
06269,2025-07-28,1,GT,BOUMHELELBASSATINE,1,1,0.0,50.494,24.0
06270,2025-01-11,6,GT,ELMOUROUJ,1,1,0.0,39.735,1.0
06270,2025-01-25,6,GT,ELMOUROUJ,1,1,0.0,52.047,1.0
06270,2025-02-08,6,GT,ELMOUROUJ,1,1,0.0,40.426,2.0
06270,2025-02-15,6,GT,ELMOUROUJ,1,1,0.0,379.578,60.0
06270,2025-07-27,0,GT,ELMOUROUJ,1,1,0.0,636.432,73.0
06270,2025-08-17,0,GT,ELMOUROUJ,1,1,0.0,89.274,1.0
06270,2025-09-21,0,GT,ELMOUROUJ,1,1,0.0,57.097,24.0
06270,2025-10-12,0,GT,ELMOUROUJ,1,1,0.0,37.676,24.0
06270,2025-10-26,0,GT,ELMOUROUJ,1,1,0.0,154.006,25.0
06270,2025-11-02,0,GT,ELMOUROUJ,1,1,0.0,92.812,1.0
06270,2025-11-09,0,GT,ELMOUROUJ,1,1,0.0,110.284,1.0
06270,2025-11-23,0,GT,ELMOUROUJ,1,1,0.0,67.863,1.0
06270,2025-12-28,0,GT,ELMOUROUJ,1,1,0.0,42.975,1.0
06271,2025-02-13,4,GT,BENAROUS,1,1,0.0,23.188,24.0
06271,2025-03-22,6,GT,BENAROUS,1,1,0.0,1565.781,18.0
06271,2025-04-13,0,GT,BENAROUS,1,1,0.0,102.332,2.0
06271,2025-09-05,5,GT,BENAROUS,1,1,0.0,50.494,24.0
06271,2025-09-19,5,GT,BENAROUS,1,1,0.0,78.045,3.0
06271,2025-10-17,5,GT,BENAROUS,1,1,0.0,19.906,1.0
06271,2025-10-24,5,GT,BENAROUS,1,1,0.0,30.503,1.0
06271,2025-11-07,5,GT,BENAROUS,1,1,0.0,62.802,1.0
06271,2025-11-28,5,GT,BENAROUS,1,1,0.0,67.863,1.0
06271,2025-12-05,5,GT,BENAROUS,1,1,0.0,92.812,1.0
06271,2025-12-15,1,GT,BENAROUS,1,1,0.0,346.172,2.0
06271,2025-12-19,5,GT,BENAROUS,1,1,0.0,54.242,24.0
06272,2025-03-22,6,GT,BENAROUS,1,1,0.0,22.218,12.0
06273,2025-01-09,4,GT,ELKHADRA,1,1,0.0,1750.7,126.0
06273,2025-01-11,6,GT,ELKHADRA,1,1,0.0,85.951,1.0
06273,2025-01-16,4,GT,ELKHADRA,1,1,0.0,2055.565,9.0
06273,2025-01-23,4,GT,ELKHADRA,1,1,0.0,1329.143,38.0
06273,2025-01-31,5,GT,ELKHADRA,1,1,0.0,220.568,2.0
06273,2025-02-06,4,GT,ELKHADRA,1,1,0.0,52.047,1.0
06273,2025-02-13,4,GT,ELKHADRA,1,1,0.0,4840.095999999999,68.0
06273,2025-02-25,2,GT,ELKHADRA,1,1,0.0,940.269,3.0
06273,2025-03-11,2,GT,ELKHADRA,1,1,0.0,16066.589,112.0
06273,2025-03-26,3,GT,ELKHADRA,1,1,0.0,2677.2080000000005,53.0
06273,2025-08-13,3,GT,ELKHADRA,1,1,0.0,1284.84,21.0
06273,2025-11-22,6,GT,ELKHADRA,1,1,0.0,2563.968,110.0
06273,2025-12-02,2,GT,ELKHADRA,1,1,0.0,92.812,1.0
06273,2025-12-12,5,GT,ELKHADRA,1,1,0.0,1232.704,28.0
06273,2025-12-19,5,GT,ELKHADRA,1,1,0.0,696.458,8.0
06273,2025-12-26,5,GT,ELKHADRA,1,1,0.0,42.975,1.0
06273,2025-12-28,0,GT,ELKHADRA,1,1,0.0,1182.018,72.0
06300,2025-01-17,5,GT,ELMENZAH,Inconnue,1300,1.0,176.355,7.0
06300,2025-02-23,0,GT,ELMENZAH,Inconnue,1300,1.0,6677.857999999998,11.0
06300,2025-04-12,6,GT,ELMENZAH,Inconnue,1300,1.0,16283.231999999996,45.0
06300,2025-07-23,3,GT,ELMENZAH,Inconnue,1300,1.0,103.318,1.0
06300,2025-11-30,0,GT,ELMENZAH,Inconnue,1300,1.0,349.548,9.0
06300,2025-12-21,0,GT,ELMENZAH,Inconnue,1300,1.0,45252.816,252.0
06304,2025-02-14,5,SE,ARIANAVILLE,Inconnue,1300,1.0,62582.29600000002,101.0
06304,2025-02-15,6,SE,ARIANAVILLE,Inconnue,1300,1.0,34.699,1.0
06305,2025-01-13,1,SE,ARIANAVILLE,Inconnue,1300,1.0,88771.23199999997,250.0
06305,2025-02-04,2,SE,ARIANAVILLE,Inconnue,1300,1.0,28815.442000000014,78.0
06305,2025-02-11,2,SE,ARIANAVILLE,Inconnue,1300,1.0,409.488,12.0
06305,2025-02-20,4,SE,ARIANAVILLE,Inconnue,1300,1.0,243.919,12.0
06305,2025-03-03,1,SE,ARIANAVILLE,Inconnue,1300,1.0,12275.210999999998,72.0
06305,2025-03-07,5,SE,ARIANAVILLE,Inconnue,1300,1.0,1485.981,18.0
06305,2025-03-11,2,SE,ARIANAVILLE,Inconnue,1300,1.0,263.272,20.0
06305,2025-12-03,3,SE,ARIANAVILLE,Inconnue,1300,1.0,60153.42600000002,116.0
06305,2025-12-05,5,SE,ARIANAVILLE,Inconnue,1300,1.0,70.555,1.0
06305,2025-12-06,6,SE,ARIANAVILLE,Inconnue,1300,1.0,473.648,4.0
06305,2025-12-10,3,SE,ARIANAVILLE,Inconnue,1300,1.0,27.409,2.0
06305,2025-12-12,5,SE,ARIANAVILLE,Inconnue,1300,1.0,314.124,3.0
06305,2025-12-13,6,SE,ARIANAVILLE,Inconnue,1300,1.0,140.768,3.0
06305,2025-12-16,2,SE,ARIANAVILLE,Inconnue,1300,1.0,1337.142,29.0
06305,2025-12-22,1,SE,ARIANAVILLE,Inconnue,1300,1.0,1500.352,5.0
06305,2025-12-30,2,SE,ARIANAVILLE,Inconnue,1300,1.0,687.615,4.0
06306,2025-02-04,2,SE,ARIANAVILLE,Inconnue,1300,1.0,116.088,1.0
06306,2025-02-18,2,SE,ARIANAVILLE,Inconnue,1300,1.0,83.737,1.0
06306,2025-02-25,2,SE,ARIANAVILLE,Inconnue,1300,1.0,517.3679999999999,3.0
06306,2025-10-05,0,SE,ARIANAVILLE,Inconnue,1300,1.0,1534.5500000000002,5.0
06306,2025-10-06,1,SE,ARIANAVILLE,Inconnue,1300,1.0,1514.9199999999998,5.0
06306,2025-11-04,2,SE,ARIANAVILLE,Inconnue,1300,1.0,70.555,1.0
06306,2025-11-12,3,SE,ARIANAVILLE,Inconnue,1300,1.0,850.116,4.0
06306,2025-11-26,3,SE,ARIANAVILLE,Inconnue,1300,1.0,2126.232,6.0
06306,2025-11-28,5,SE,ARIANAVILLE,Inconnue,1300,1.0,25136.145,237.0
06306,2025-12-03,3,SE,ARIANAVILLE,Inconnue,1300,1.0,30.037,1.0
06306,2025-12-17,3,SE,ARIANAVILLE,Inconnue,1300,1.0,15472.758,21.0
06308,2025-02-09,0,GT,Inconnue,Inconnue,1300,1.0,404.076,2.0
06308,2025-02-14,5,GT,Inconnue,Inconnue,1300,1.0,569.52,29.0
06308,2025-09-08,1,GT,Inconnue,Inconnue,1300,1.0,663.228,3.0
06308,2025-09-29,1,GT,Inconnue,Inconnue,1300,1.0,3820.596,52.0
06308,2025-10-25,6,GT,Inconnue,Inconnue,1300,1.0,3934.2539999999995,10.0
06308,2025-10-26,0,GT,Inconnue,Inconnue,1300,1.0,282.805,48.0
06308,2025-10-28,2,GT,Inconnue,Inconnue,1300,1.0,115.255,24.0
06308,2025-11-24,1,GT,Inconnue,Inconnue,1300,1.0,3859.65,10.0
06308,2025-11-25,2,GT,Inconnue,Inconnue,1300,1.0,1140.7,96.0
06311,2025-08-27,3,SE,Inconnue,Inconnue,1300,1.0,413.272,2.0
06311,2025-12-24,3,SE,Inconnue,Inconnue,1300,1.0,246.37800000000001,7.0
06312,2025-01-03,5,SE,Inconnue,Inconnue,1300,1.0,50.387,2.0
06312,2025-01-12,0,SE,Inconnue,Inconnue,1300,1.0,34.699,1.0
06312,2025-01-19,0,SE,Inconnue,Inconnue,1300,1.0,52.047,1.0
06312,2025-02-09,0,SE,Inconnue,Inconnue,1300,1.0,34.608,12.0
06312,2025-02-16,0,SE,Inconnue,Inconnue,1300,1.0,85.951,1.0
06312,2025-08-25,1,SE,Inconnue,Inconnue,1300,1.0,18044.838,133.0
06312,2025-09-14,0,SE,Inconnue,Inconnue,1300,1.0,303.742,72.0
06312,2025-09-16,2,SE,Inconnue,Inconnue,1300,1.0,110.284,1.0
06312,2025-09-19,5,SE,Inconnue,Inconnue,1300,1.0,235.802,2.0
06312,2025-09-26,5,SE,Inconnue,Inconnue,1300,1.0,728.299,27.0
06312,2025-10-10,5,SE,Inconnue,Inconnue,1300,1.0,217.668,25.0
06312,2025-10-17,5,SE,Inconnue,Inconnue,1300,1.0,25.194,2.0
06312,2025-10-24,5,SE,Inconnue,Inconnue,1300,1.0,37.676,24.0
06312,2025-10-28,2,SE,Inconnue,Inconnue,1300,1.0,110.284,1.0
06312,2025-11-07,5,SE,Inconnue,Inconnue,1300,1.0,288.42,26.0
06312,2025-11-17,1,SE,Inconnue,Inconnue,1300,1.0,334.762,25.0
06312,2025-11-21,5,SE,Inconnue,Inconnue,1300,1.0,57.097,24.0
06312,2025-12-01,1,SE,Inconnue,Inconnue,1300,1.0,37.676,24.0
06312,2025-12-06,6,SE,Inconnue,Inconnue,1300,1.0,406.192,2.0
06312,2025-12-19,5,SE,Inconnue,Inconnue,1300,1.0,572.802,26.0
06313,2025-11-07,5,GT,EZZOUHOUR,18,VL1900,1.0,1765.497,1200.0
06314,2025-08-16,6,GT,Inconnue,Inconnue,1300,1.0,2350.947,56.0
06314,2025-08-23,6,GT,Inconnue,Inconnue,1300,1.0,8.004,3.0
06314,2025-10-12,0,GT,Inconnue,Inconnue,1300,1.0,23.188,24.0
06314,2025-11-19,3,GT,Inconnue,Inconnue,1300,1.0,2373.504,100.0
06314,2025-11-26,3,GT,Inconnue,Inconnue,1300,1.0,38.583,1.0
06315,2025-02-20,4,SE,Inconnue,Inconnue,1300,1.0,56.114,1.0
06315,2025-08-10,0,SE,Inconnue,Inconnue,1300,1.0,129.781,13.0
06315,2025-08-11,1,SE,Inconnue,Inconnue,1300,1.0,41.324,2.0
06315,2025-10-13,1,SE,Inconnue,Inconnue,1300,1.0,57.097,24.0
06317,2025-01-20,1,SE,Inconnue,Inconnue,1300,1.0,110.284,1.0
06317,2025-02-27,4,SE,Inconnue,Inconnue,1300,1.0,51.442,1.0
06317,2025-08-02,6,SE,Inconnue,Inconnue,1300,1.0,19.906,1.0
06317,2025-09-06,6,SE,Inconnue,Inconnue,1300,1.0,50.494,24.0
06317,2025-10-13,1,SE,Inconnue,Inconnue,1300,1.0,57.097,24.0
06317,2025-10-21,2,SE,Inconnue,Inconnue,1300,1.0,12.596,1.0
06317,2025-11-19,3,SE,Inconnue,Inconnue,1300,1.0,65.325,2.0
06318,2025-01-13,1,SE,Inconnue,Inconnue,1300,1.0,66556.45000000004,356.0
06318,2025-03-25,2,SE,Inconnue,Inconnue,1300,1.0,17657.29,45.0
06318,2025-06-10,2,SE,Inconnue,Inconnue,1300,1.0,11839.41,42.0
06318,2025-09-09,2,SE,Inconnue,Inconnue,1300,1.0,955.89,108.0
06318,2025-09-10,3,SE,Inconnue,Inconnue,1300,1.0,22130.238,88.0
06318,2025-12-21,0,SE,Inconnue,Inconnue,1300,1.0,45252.816,252.0
06319,2025-03-02,0,GT,LEBARDO,Inconnue,1300,1.0,2065.23,37.0
06319,2025-03-26,3,GT,LEBARDO,Inconnue,1300,1.0,53.774,3.0
06350,2025-06-06,5,GT,RASJEBEL,2,2,1.0,252.18900000000002,11.0
06368,2025-06-11,3,SE,LASOUKRA,2,2,1.0,13202.871000000003,44.0
06371,2025-06-14,6,CAPBON,KELIBIA,2,2,1.0,37.418,1.0
06372,2025-06-14,6,CAPBON,MENZELTEMIME,2,2,1.0,54.411,1.0
06373,2025-06-14,6,CAPBON,Inconnue,2,2,1.0,24.349,1.0
06374,2025-06-16,1,GT,CARTHAGE,2,2,1.0,13049.200999999997,28.0
06374,2025-07-04,5,GT,CARTHAGE,2,2,1.0,89.514,3.0
06374,2025-08-12,2,GT,CARTHAGE,2,2,1.0,1839.98,31.0
06374,2025-10-08,3,GT,CARTHAGE,2,2,1.0,7120.927,52.0
06375,2025-01-07,2,SE,LASOUKRA,2,2,1.0,313.632,2.0
06375,2025-06-16,1,SE,LASOUKRA,2,2,1.0,4414.668000000001,35.0
06375,2025-07-13,0,SE,LASOUKRA,2,2,1.0,309.932,15.0
06375,2025-08-22,5,SE,LASOUKRA,2,2,1.0,10468.092000000002,15.0
06375,2025-09-06,6,SE,LASOUKRA,2,2,1.0,49565.89999999998,256.0
06375,2025-09-19,5,SE,LASOUKRA,2,2,1.0,23278.360000000008,148.0
06375,2025-09-23,2,SE,LASOUKRA,2,2,1.0,347.243,9.0
06375,2025-10-02,4,SE,LASOUKRA,2,2,1.0,48.591,1.0
06375,2025-11-01,6,SE,LASOUKRA,2,2,1.0,116.088,1.0
06375,2025-11-03,1,SE,LASOUKRA,2,2,1.0,103.163,1.0
06375,2025-12-22,1,SE,LASOUKRA,2,2,1.0,4284.672,39.0
06376,2025-08-02,6,GT,CARTHAGE,2,2,1.0,5891.517000000002,27.0
06379,2025-08-13,3,GT,GHARELMELH,2,2,1.0,5523.210000000001,81.0
06380,2025-01-20,1,GT,Inconnue,2,2,1.0,206.508,9.0
06385,2025-07-05,6,CAPBON,Inconnue,2,2,1.0,56.535,2.0
06386,2025-07-05,6,CAPBON,Inconnue,2,2,1.0,636.732,16.0
06391,2025-02-25,2,SE,Inconnue,2,2,1.0,859.515,22.0
06391,2025-10-19,0,SE,Inconnue,2,2,1.0,3797.297,30.0
06391,2025-10-22,3,SE,Inconnue,2,2,1.0,5073.624,37.0
06392,2025-01-13,1,GT,ELKABBARIA,1,1,0.0,1117.7,6.0
06392,2025-01-30,4,GT,ELKABBARIA,1,1,0.0,474.342,7.0
06392,2025-02-18,2,GT,ELKABBARIA,1,1,0.0,85.346,6.0
06392,2025-02-25,2,GT,ELKABBARIA,1,1,0.0,619.164,26.0
06393,2025-03-13,4,GRAND TUNIS,NOUVELLEMEDINA,1,Inconnu,0.0,4591.566,10.0
06394,2025-02-16,0,GT,ELMOUROUJ,1,1,0.0,633.174,26.0
06394,2025-03-09,0,GT,ELMOUROUJ,1,1,0.0,711.148,32.0
06395,2025-01-18,6,GT,BABBHAR,1,1,0.0,45.454,3.0
06395,2025-11-14,5,GT,BABBHAR,1,1,0.0,2976.141,31.0
06397,2025-03-07,5,GT,MEGRINE,1,1,0.0,117.448,1.0
06397,2025-11-10,1,GT,MEGRINE,1,1,0.0,116.088,1.0
06397,2025-11-29,6,GT,MEGRINE,1,1,0.0,452.742,2.0
06397,2025-12-06,6,GT,MEGRINE,1,1,0.0,123.464,2.0
06397,2025-12-13,6,GT,MEGRINE,1,1,0.0,295.92,25.0
06398,2025-01-14,2,GT,LAGOULETTE,2,2,1.0,76.81,6.0
06398,2025-01-19,0,GT,LAGOULETTE,2,2,1.0,5567.830000000001,90.0
06398,2025-02-04,2,GT,LAGOULETTE,2,2,1.0,87.743,1.0
06398,2025-02-09,0,GT,LAGOULETTE,2,2,1.0,2092.092,51.0
06398,2025-03-08,6,GT,LAGOULETTE,2,2,1.0,91.423,1.0
06398,2025-03-11,2,GT,LAGOULETTE,2,2,1.0,724.0319999999999,3.0
06398,2025-08-04,1,GT,LAGOULETTE,2,2,1.0,20430.852,143.0
06398,2025-08-17,0,GT,LAGOULETTE,2,2,1.0,340.47,2.0
06398,2025-09-15,1,GT,LAGOULETTE,2,2,1.0,737.73,3.0
06398,2025-11-24,1,GT,LAGOULETTE,2,2,1.0,2961.7700000000004,7.0
06398,2025-12-10,3,GT,LAGOULETTE,2,2,1.0,391.95,2.0
06398,2025-12-15,1,GT,LAGOULETTE,2,2,1.0,5029.811,10.0
06398,2025-12-26,5,GT,LAGOULETTE,2,2,1.0,92.812,1.0
06398,2025-12-29,1,GT,LAGOULETTE,2,2,1.0,25.194,1.0
06399,2025-08-03,0,SE,Inconnue,2,2,1.0,1312.1350000000002,16.0
06400,2025-01-05,0,SE,Inconnue,2,2,1.0,35.098,1.0
06400,2025-02-07,5,SE,Inconnue,2,2,1.0,2684.4599999999996,64.0
06400,2025-02-13,4,SE,Inconnue,2,2,1.0,24.004,24.0
06400,2025-06-15,0,SE,Inconnue,2,2,1.0,9.951,2.0
06400,2025-07-15,2,SE,Inconnue,2,2,1.0,16.007,6.0
06400,2025-10-04,6,SE,Inconnue,2,2,1.0,238.626,3.0
06400,2025-11-11,2,SE,Inconnue,2,2,1.0,19.906,1.0
06400,2025-11-19,3,SE,Inconnue,2,2,1.0,57.097,24.0
06400,2025-12-09,2,SE,Inconnue,2,2,1.0,15.014,1.0
06701,2025-01-19,0,GT,EZZOUHOUR,18,VL1900,1.0,27.616,5.0
06701,2025-02-21,5,GT,EZZOUHOUR,18,VL1900,1.0,24.004,24.0
06701,2025-03-07,5,GT,EZZOUHOUR,18,VL1900,1.0,17.09,60.0
06701,2025-04-26,6,GT,EZZOUHOUR,18,VL1900,1.0,26.236,24.0
06701,2025-04-29,2,GT,EZZOUHOUR,18,VL1900,1.0,52.472,48.0
06701,2025-04-30,3,GT,EZZOUHOUR,18,VL1900,1.0,78.045,3.0
06701,2025-05-05,1,GT,EZZOUHOUR,18,VL1900,1.0,58.806,25.0
06701,2025-05-09,5,GT,EZZOUHOUR,18,VL1900,1.0,9.051,1.0
06701,2025-05-13,2,GT,EZZOUHOUR,18,VL1900,1.0,68.75,13.0
06701,2025-05-16,5,GT,EZZOUHOUR,18,VL1900,1.0,40.784,1.0
06701,2025-05-17,6,GT,EZZOUHOUR,18,VL1900,1.0,25.247,12.0
06701,2025-05-24,6,GT,EZZOUHOUR,18,VL1900,1.0,44.435,24.0
06701,2025-05-28,3,GT,EZZOUHOUR,18,VL1900,1.0,13.656,1.0
06701,2025-05-31,6,GT,EZZOUHOUR,18,VL1900,1.0,33.753,5.0
06701,2025-06-06,5,GT,EZZOUHOUR,18,VL1900,1.0,87.445,1.0
06701,2025-06-09,1,GT,EZZOUHOUR,18,VL1900,1.0,20.275,24.0
06701,2025-06-15,0,GT,EZZOUHOUR,18,VL1900,1.0,13.323,1.0
06701,2025-06-22,0,GT,EZZOUHOUR,18,VL1900,1.0,20.275,24.0
06701,2025-06-30,1,GT,EZZOUHOUR,18,VL1900,1.0,54.411,1.0
06701,2025-07-11,5,GT,EZZOUHOUR,18,VL1900,1.0,16.653,1.0
06701,2025-07-16,3,GT,EZZOUHOUR,18,VL1900,1.0,19.906,1.0
06701,2025-07-22,2,GT,EZZOUHOUR,18,VL1900,1.0,58.806,25.0
06701,2025-07-28,1,GT,EZZOUHOUR,18,VL1900,1.0,392.332,200.0
06701,2025-08-01,5,GT,EZZOUHOUR,18,VL1900,1.0,39.233,80.0
06701,2025-08-09,6,GT,EZZOUHOUR,18,VL1900,1.0,58.07,2.0
06701,2025-08-18,1,GT,EZZOUHOUR,18,VL1900,1.0,50.494,24.0
06701,2025-08-29,5,GT,EZZOUHOUR,18,VL1900,1.0,42.87,1.0
06701,2025-09-17,3,GT,EZZOUHOUR,18,VL1900,1.0,46.726,1.0
06701,2025-09-22,1,GT,EZZOUHOUR,18,VL1900,1.0,8.671,1.0
06701,2025-09-26,5,GT,EZZOUHOUR,18,VL1900,1.0,8.671,1.0
06701,2025-09-30,2,GT,EZZOUHOUR,18,VL1900,1.0,74.525,1.0
06701,2025-10-03,5,GT,EZZOUHOUR,18,VL1900,1.0,196.166,400.0
06701,2025-10-10,5,GT,EZZOUHOUR,18,VL1900,1.0,36.996,20.0
06701,2025-10-18,6,GT,EZZOUHOUR,18,VL1900,1.0,12.596,1.0
06701,2025-10-19,0,GT,EZZOUHOUR,18,VL1900,1.0,8.671,1.0
06701,2025-10-24,5,GT,EZZOUHOUR,18,VL1900,1.0,12.596,1.0
06701,2025-10-29,3,GT,EZZOUHOUR,18,VL1900,1.0,12.596,1.0
06701,2025-10-31,5,GT,EZZOUHOUR,18,VL1900,1.0,334.123,4.0
06701,2025-11-16,0,GT,EZZOUHOUR,18,VL1900,1.0,57.097,24.0
06701,2025-11-21,5,GT,EZZOUHOUR,18,VL1900,1.0,38.583,1.0
06701,2025-11-23,0,GT,EZZOUHOUR,18,VL1900,1.0,34.011,1.0
06701,2025-12-08,1,GT,EZZOUHOUR,18,VL1900,1.0,30.867,1.0
06701,2025-12-14,0,GT,EZZOUHOUR,18,VL1900,1.0,54.242,24.0
06702,2025-02-09,0,GT,EZZOUHOUR,18,VL1900,1.0,31.03,1.0
06702,2025-03-08,6,GT,EZZOUHOUR,18,VL1900,1.0,116.088,1.0
06702,2025-04-28,1,GT,EZZOUHOUR,18,VL1900,1.0,48.698,2.0
06702,2025-05-04,0,GT,EZZOUHOUR,18,VL1900,1.0,36.514,2.0
06702,2025-05-16,5,GT,EZZOUHOUR,18,VL1900,1.0,9.128,1.0
06702,2025-05-24,6,GT,EZZOUHOUR,18,VL1900,1.0,20.275,24.0
06702,2025-06-03,2,GT,EZZOUHOUR,18,VL1900,1.0,24.004,24.0
06702,2025-06-09,1,GT,EZZOUHOUR,18,VL1900,1.0,20.275,24.0
06702,2025-06-17,2,GT,EZZOUHOUR,18,VL1900,1.0,11.636,1.0
06702,2025-06-22,0,GT,EZZOUHOUR,18,VL1900,1.0,13.012,1.0
06702,2025-07-01,2,GT,EZZOUHOUR,18,VL1900,1.0,19.617,40.0
06702,2025-07-05,6,GT,EZZOUHOUR,18,VL1900,1.0,14.272,60.0
06702,2025-07-16,3,GT,EZZOUHOUR,18,VL1900,1.0,24.004,24.0
06702,2025-07-18,5,GT,EZZOUHOUR,18,VL1900,1.0,20.275,24.0
06702,2025-07-22,2,GT,EZZOUHOUR,18,VL1900,1.0,20.275,24.0
06702,2025-08-03,0,GT,EZZOUHOUR,18,VL1900,1.0,21.907,24.0
06702,2025-08-09,6,GT,EZZOUHOUR,18,VL1900,1.0,14.272,60.0
06702,2025-08-20,3,GT,EZZOUHOUR,18,VL1900,1.0,19.906,1.0
06702,2025-10-02,4,GT,EZZOUHOUR,18,VL1900,1.0,76.552,84.0
06702,2025-10-12,0,GT,EZZOUHOUR,18,VL1900,1.0,23.188,24.0
06702,2025-10-19,0,GT,EZZOUHOUR,18,VL1900,1.0,23.188,24.0
06702,2025-10-25,6,GT,EZZOUHOUR,18,VL1900,1.0,23.188,24.0
06702,2025-11-01,6,GT,EZZOUHOUR,18,VL1900,1.0,19.617,40.0
06702,2025-11-26,3,GT,EZZOUHOUR,18,VL1900,1.0,38.583,1.0
06702,2025-12-08,1,GT,EZZOUHOUR,18,VL1900,1.0,19.906,1.0
06703,2025-01-03,5,GT,EZZOUHOUR,18,VL1900,1.0,25.194,1.0
06703,2025-02-22,6,GT,EZZOUHOUR,18,VL1900,1.0,35.098,1.0
06703,2025-04-26,6,GT,EZZOUHOUR,18,VL1900,1.0,90.994,48.0
06703,2025-05-05,1,GT,EZZOUHOUR,18,VL1900,1.0,20.275,24.0
06703,2025-05-09,5,GT,EZZOUHOUR,18,VL1900,1.0,82.324,2.0
06703,2025-05-18,0,GT,EZZOUHOUR,18,VL1900,1.0,9.128,1.0
06703,2025-05-27,2,GT,EZZOUHOUR,18,VL1900,1.0,20.275,24.0
06703,2025-06-06,5,GT,EZZOUHOUR,18,VL1900,1.0,11.636,1.0
06703,2025-06-08,0,GT,EZZOUHOUR,18,VL1900,1.0,33.986,1.0
06703,2025-06-22,0,GT,EZZOUHOUR,18,VL1900,1.0,50.494,24.0
06703,2025-07-01,2,GT,EZZOUHOUR,18,VL1900,1.0,19.617,40.0
06703,2025-07-05,6,GT,EZZOUHOUR,18,VL1900,1.0,14.272,60.0
06703,2025-07-18,5,GT,EZZOUHOUR,18,VL1900,1.0,14.272,60.0
06703,2025-07-22,2,GT,EZZOUHOUR,18,VL1900,1.0,9.128,1.0
06703,2025-08-05,2,GT,EZZOUHOUR,18,VL1900,1.0,21.907,24.0
06703,2025-08-09,6,GT,EZZOUHOUR,18,VL1900,1.0,9.128,1.0
06703,2025-08-12,2,GT,EZZOUHOUR,18,VL1900,1.0,21.907,24.0
06703,2025-09-01,1,GT,EZZOUHOUR,18,VL1900,1.0,30.037,1.0
06703,2025-09-15,1,GT,EZZOUHOUR,18,VL1900,1.0,17.344,2.0
06703,2025-09-19,5,GT,EZZOUHOUR,18,VL1900,1.0,24.004,24.0
06703,2025-10-02,4,GT,EZZOUHOUR,18,VL1900,1.0,78.466,80.0
06703,2025-10-07,2,GT,EZZOUHOUR,18,VL1900,1.0,19.617,40.0
06703,2025-10-15,3,GT,EZZOUHOUR,18,VL1900,1.0,57.348,1.0
06703,2025-10-20,1,GT,EZZOUHOUR,18,VL1900,1.0,19.617,40.0
06703,2025-11-09,0,GT,EZZOUHOUR,18,VL1900,1.0,23.188,24.0
06703,2025-11-21,5,GT,EZZOUHOUR,18,VL1900,1.0,38.583,1.0
06703,2025-12-14,0,GT,EZZOUHOUR,18,VL1900,1.0,32.663,1.0
06704,2025-04-26,6,GT,EZZOUHOUR,18,VL1900,1.0,162.507,49.0
06704,2025-05-07,3,GT,EZZOUHOUR,18,VL1900,1.0,9.051,1.0
06704,2025-05-13,2,GT,EZZOUHOUR,18,VL1900,1.0,68.75,13.0
06704,2025-05-24,6,GT,EZZOUHOUR,18,VL1900,1.0,20.275,24.0
06704,2025-05-26,1,GT,EZZOUHOUR,18,VL1900,1.0,56.254999999999995,5.0
06704,2025-06-03,2,GT,EZZOUHOUR,18,VL1900,1.0,38.712,4.0
06704,2025-06-08,0,GT,EZZOUHOUR,18,VL1900,1.0,122.0,44.0
06704,2025-06-13,5,GT,EZZOUHOUR,18,VL1900,1.0,8.83,1.0
06704,2025-06-18,3,GT,EZZOUHOUR,18,VL1900,1.0,37.418,1.0
06704,2025-07-05,6,GT,EZZOUHOUR,18,VL1900,1.0,20.275,24.0
06704,2025-07-18,5,GT,EZZOUHOUR,18,VL1900,1.0,182.478,72.0
06704,2025-07-22,2,GT,EZZOUHOUR,18,VL1900,1.0,272.025,49.0
06704,2025-08-03,0,GT,EZZOUHOUR,18,VL1900,1.0,21.907,24.0
06704,2025-08-09,6,GT,EZZOUHOUR,18,VL1900,1.0,62.07,25.0
06704,2025-08-20,3,GT,EZZOUHOUR,18,VL1900,1.0,50.494,24.0
06704,2025-08-24,0,GT,EZZOUHOUR,18,VL1900,1.0,9.128,1.0
06704,2025-09-16,2,GT,EZZOUHOUR,18,VL1900,1.0,37.676,24.0
06704,2025-09-19,5,GT,EZZOUHOUR,18,VL1900,1.0,225.126,49.0
06704,2025-10-04,6,GT,EZZOUHOUR,18,VL1900,1.0,147.987,80.0
06704,2025-10-07,2,GT,EZZOUHOUR,18,VL1900,1.0,19.617,40.0
06704,2025-10-12,0,GT,EZZOUHOUR,18,VL1900,1.0,23.188,24.0
06704,2025-10-25,6,GT,EZZOUHOUR,18,VL1900,1.0,12.596,1.0
06704,2025-11-09,0,GT,EZZOUHOUR,18,VL1900,1.0,19.617,40.0
06704,2025-12-24,3,GT,EZZOUHOUR,18,VL1900,1.0,37.676,24.0
06705,2025-01-10,5,GT,SIDJOUMI,18,VL1900,1.0,23.188,24.0
06705,2025-02-01,6,GT,SIDJOUMI,18,VL1900,1.0,38.453,12.0
06705,2025-02-16,0,GT,SIDJOUMI,18,VL1900,1.0,31.03,1.0
06705,2025-03-07,5,GT,SIDJOUMI,18,VL1900,1.0,17.09,60.0
06705,2025-04-26,6,GT,SIDJOUMI,18,VL1900,1.0,1305.293,103.0
06705,2025-04-30,3,GT,SIDJOUMI,18,VL1900,1.0,363.561,26.0
06705,2025-05-30,5,GT,SIDJOUMI,18,VL1900,1.0,20.275,24.0
06705,2025-06-06,5,GT,SIDJOUMI,18,VL1900,1.0,11.636,1.0
06705,2025-06-10,2,GT,SIDJOUMI,18,VL1900,1.0,9.0,4.0
06705,2025-06-23,1,GT,SIDJOUMI,18,VL1900,1.0,189.012,14.0
06705,2025-06-30,1,GT,SIDJOUMI,18,VL1900,1.0,26.778,5.0
06705,2025-07-18,5,GT,SIDJOUMI,18,VL1900,1.0,13.012,1.0
06705,2025-07-22,2,GT,SIDJOUMI,18,VL1900,1.0,81.102,48.0
06705,2025-07-27,0,GT,SIDJOUMI,18,VL1900,1.0,18.676,7.0
06705,2025-08-03,0,GT,SIDJOUMI,18,VL1900,1.0,21.907,24.0
06705,2025-09-02,2,GT,SIDJOUMI,18,VL1900,1.0,27.616,24.0
06705,2025-10-03,5,GT,SIDJOUMI,18,VL1900,1.0,9.128,1.0
06705,2025-10-14,2,GT,SIDJOUMI,18,VL1900,1.0,57.097,24.0
06705,2025-10-18,6,GT,SIDJOUMI,18,VL1900,1.0,12.596,1.0
06705,2025-11-01,6,GT,SIDJOUMI,18,VL1900,1.0,19.617,40.0
06705,2025-11-09,0,GT,SIDJOUMI,18,VL1900,1.0,19.617,40.0
06705,2025-11-26,3,GT,SIDJOUMI,18,VL1900,1.0,38.583,1.0
06705,2025-12-24,3,GT,SIDJOUMI,18,VL1900,1.0,9.128,1.0
06706,2025-02-22,6,GT,ELHRAIRIA,18,VL1900,1.0,9.905,1.0
06706,2025-05-24,6,GT,ELHRAIRIA,18,VL1900,1.0,20.275,24.0
06706,2025-05-26,1,GT,ELHRAIRIA,18,VL1900,1.0,9.128,1.0
06706,2025-05-31,6,GT,ELHRAIRIA,18,VL1900,1.0,66.264,25.0
06706,2025-06-07,6,GT,ELHRAIRIA,18,VL1900,1.0,24.349,1.0
06706,2025-06-09,1,GT,ELHRAIRIA,18,VL1900,1.0,72.004,8.0
06706,2025-06-27,5,GT,ELHRAIRIA,18,VL1900,1.0,50.494,24.0
06706,2025-07-01,2,GT,ELHRAIRIA,18,VL1900,1.0,20.275,24.0
06706,2025-07-05,6,GT,ELHRAIRIA,18,VL1900,1.0,14.272,60.0
06706,2025-07-16,3,GT,ELHRAIRIA,18,VL1900,1.0,19.617,40.0
06706,2025-07-22,2,GT,ELHRAIRIA,18,VL1900,1.0,73.488,25.0
06706,2025-08-13,3,GT,ELHRAIRIA,18,VL1900,1.0,9.128,1.0
06706,2025-09-10,3,GT,ELHRAIRIA,18,VL1900,1.0,8.671,1.0
06706,2025-09-14,0,GT,ELHRAIRIA,18,VL1900,1.0,8.671,1.0
06706,2025-09-22,1,GT,ELHRAIRIA,18,VL1900,1.0,8.671,1.0
06706,2025-10-03,5,GT,ELHRAIRIA,18,VL1900,1.0,392.332,400.0
06706,2025-10-12,0,GT,ELHRAIRIA,18,VL1900,1.0,23.188,24.0
06706,2025-10-18,6,GT,ELHRAIRIA,18,VL1900,1.0,154.006,25.0
06706,2025-11-09,0,GT,ELHRAIRIA,18,VL1900,1.0,19.617,40.0
06706,2025-11-21,5,GT,ELHRAIRIA,18,VL1900,1.0,38.583,1.0
06706,2025-12-24,3,GT,ELHRAIRIA,18,VL1900,1.0,16.022,60.0
06707,2025-02-10,1,GT,FOUCHANA,18,VL1900,1.0,40.426,2.0
06707,2025-02-27,4,GT,FOUCHANA,18,VL1900,1.0,23.188,24.0
06707,2025-04-27,0,GT,FOUCHANA,18,VL1900,1.0,400.55999999999995,74.0
06707,2025-05-13,2,GT,FOUCHANA,18,VL1900,1.0,9.051,1.0
06707,2025-05-18,0,GT,FOUCHANA,18,VL1900,1.0,25.247,12.0
06707,2025-05-28,3,GT,FOUCHANA,18,VL1900,1.0,20.275,24.0
06707,2025-06-09,1,GT,FOUCHANA,18,VL1900,1.0,8.83,1.0
06707,2025-06-30,1,GT,FOUCHANA,18,VL1900,1.0,52.534,1.0
06707,2025-07-19,6,GT,FOUCHANA,18,VL1900,1.0,19.617,40.0
06707,2025-07-28,1,GT,FOUCHANA,18,VL1900,1.0,20.275,24.0
06707,2025-09-24,3,GT,FOUCHANA,18,VL1900,1.0,57.348,1.0
06707,2025-11-03,1,GT,FOUCHANA,18,VL1900,1.0,19.617,40.0
06707,2025-12-13,6,GT,FOUCHANA,18,VL1900,1.0,23.188,24.0
06708,2025-04-27,0,GT,FOUCHANA,18,VL1900,1.0,108.816,44.0
06708,2025-05-05,1,GT,FOUCHANA,18,VL1900,1.0,81.102,48.0
06708,2025-05-10,6,GT,FOUCHANA,18,VL1900,1.0,63.535,2.0
06708,2025-05-16,5,GT,FOUCHANA,18,VL1900,1.0,9.051,1.0
06708,2025-05-19,1,GT,FOUCHANA,18,VL1900,1.0,9.128,1.0
06708,2025-06-23,1,GT,FOUCHANA,18,VL1900,1.0,20.275,24.0
06708,2025-06-30,1,GT,FOUCHANA,18,VL1900,1.0,11.636,1.0
06708,2025-07-19,6,GT,FOUCHANA,18,VL1900,1.0,20.275,24.0
06708,2025-07-28,1,GT,FOUCHANA,18,VL1900,1.0,69.094,84.0
06708,2025-12-27,6,GT,FOUCHANA,18,VL1900,1.0,103.163,1.0
06709,2025-01-10,5,GT,SIDJOUMI,18,VL1900,1.0,44.501,1.0
06709,2025-01-19,0,GT,SIDJOUMI,18,VL1900,1.0,27.616,5.0
06709,2025-02-09,0,GT,SIDJOUMI,18,VL1900,1.0,31.03,1.0
06709,2025-02-22,6,GT,SIDJOUMI,18,VL1900,1.0,9.905,1.0
06709,2025-04-27,0,GT,SIDJOUMI,18,VL1900,1.0,90.994,48.0
06709,2025-05-07,3,GT,SIDJOUMI,18,VL1900,1.0,352.30999999999995,10.0
06709,2025-05-10,6,GT,SIDJOUMI,18,VL1900,1.0,30.503,1.0
06709,2025-06-18,3,GT,SIDJOUMI,18,VL1900,1.0,9.128,1.0
06709,2025-07-01,2,GT,SIDJOUMI,18,VL1900,1.0,19.617,40.0
06709,2025-07-16,3,GT,SIDJOUMI,18,VL1900,1.0,20.275,24.0
06709,2025-07-22,2,GT,SIDJOUMI,18,VL1900,1.0,40.551,48.0
06709,2025-07-28,1,GT,SIDJOUMI,18,VL1900,1.0,26.024,2.0
06709,2025-08-13,3,GT,SIDJOUMI,18,VL1900,1.0,26.679,10.0
06709,2025-08-20,3,GT,SIDJOUMI,18,VL1900,1.0,19.906,1.0
06709,2025-09-02,2,GT,SIDJOUMI,18,VL1900,1.0,27.616,24.0
06709,2025-09-30,2,GT,SIDJOUMI,18,VL1900,1.0,110.284,1.0
06709,2025-10-19,0,GT,SIDJOUMI,18,VL1900,1.0,23.188,24.0
06709,2025-10-25,6,GT,SIDJOUMI,18,VL1900,1.0,12.596,1.0
06709,2025-11-09,0,GT,SIDJOUMI,18,VL1900,1.0,19.617,40.0
06709,2025-11-16,0,GT,SIDJOUMI,18,VL1900,1.0,37.676,24.0
06709,2025-12-08,1,GT,SIDJOUMI,18,VL1900,1.0,30.867,1.0
06709,2025-12-14,0,GT,SIDJOUMI,18,VL1900,1.0,32.663,1.0
06710,2025-01-10,5,GT,SIDJOUMI,18,VL1900,1.0,35.098,1.0
06710,2025-02-09,0,GT,SIDJOUMI,18,VL1900,1.0,31.03,1.0
06710,2025-02-16,0,GT,SIDJOUMI,18,VL1900,1.0,23.188,24.0
06710,2025-04-27,0,GT,SIDJOUMI,18,VL1900,1.0,314.072,50.0
06710,2025-05-11,0,GT,SIDJOUMI,18,VL1900,1.0,20.275,24.0
06710,2025-05-14,3,GT,SIDJOUMI,18,VL1900,1.0,9.128,1.0
06710,2025-05-18,0,GT,SIDJOUMI,18,VL1900,1.0,9.128,1.0
06710,2025-05-20,2,GT,SIDJOUMI,18,VL1900,1.0,9.128,1.0
06710,2025-05-24,6,GT,SIDJOUMI,18,VL1900,1.0,20.275,24.0
06710,2025-05-31,6,GT,SIDJOUMI,18,VL1900,1.0,20.275,24.0
06710,2025-06-08,0,GT,SIDJOUMI,18,VL1900,1.0,91.246,2.0
06710,2025-06-27,5,GT,SIDJOUMI,18,VL1900,1.0,50.494,24.0
06710,2025-07-05,6,GT,SIDJOUMI,18,VL1900,1.0,19.617,40.0
06710,2025-07-11,5,GT,SIDJOUMI,18,VL1900,1.0,13.012,1.0
06710,2025-07-18,5,GT,SIDJOUMI,18,VL1900,1.0,26.024,2.0
06710,2025-07-22,2,GT,SIDJOUMI,18,VL1900,1.0,20.275,24.0
06710,2025-08-13,3,GT,SIDJOUMI,18,VL1900,1.0,19.906,1.0
06710,2025-08-20,3,GT,SIDJOUMI,18,VL1900,1.0,87.756,13.0
06710,2025-09-09,2,GT,SIDJOUMI,18,VL1900,1.0,165.698,144.0
06710,2025-09-14,0,GT,SIDJOUMI,18,VL1900,1.0,8.671,1.0
06710,2025-10-19,0,GT,SIDJOUMI,18,VL1900,1.0,23.188,24.0
06710,2025-10-25,6,GT,SIDJOUMI,18,VL1900,1.0,12.596,1.0
06710,2025-11-09,0,GT,SIDJOUMI,18,VL1900,1.0,19.617,40.0
06710,2025-11-29,6,GT,SIDJOUMI,18,VL1900,1.0,32.663,1.0
06710,2025-12-24,3,GT,SIDJOUMI,18,VL1900,1.0,18.636,40.0
06711,2025-04-28,1,GT,MEGRINE,18,VL1900,1.0,77.046,48.0
06711,2025-05-06,2,GT,MEGRINE,18,VL1900,1.0,20.275,24.0
06711,2025-05-12,1,GT,MEGRINE,18,VL1900,1.0,25.247,12.0
06711,2025-05-26,1,GT,MEGRINE,18,VL1900,1.0,9.128,1.0
06711,2025-06-08,0,GT,MEGRINE,18,VL1900,1.0,162.006,12.0
06711,2025-06-20,5,GT,MEGRINE,18,VL1900,1.0,40.503,6.0
06711,2025-07-04,5,GT,MEGRINE,18,VL1900,1.0,20.275,24.0
06711,2025-07-13,0,GT,MEGRINE,18,VL1900,1.0,19.617,40.0
06711,2025-07-28,1,GT,MEGRINE,18,VL1900,1.0,50.494,24.0
06711,2025-08-12,2,GT,MEGRINE,18,VL1900,1.0,24.004,24.0
06711,2025-08-22,5,GT,MEGRINE,18,VL1900,1.0,57.49,41.0
06711,2025-09-20,6,GT,MEGRINE,18,VL1900,1.0,37.676,24.0
06711,2025-09-22,1,GT,MEGRINE,18,VL1900,1.0,8.671,1.0
06711,2025-09-28,0,GT,MEGRINE,18,VL1900,1.0,33.865,1.0
06711,2025-10-13,1,GT,MEGRINE,18,VL1900,1.0,57.097,24.0
06711,2025-12-19,5,GT,MEGRINE,18,VL1900,1.0,28.935,12.0
06712,2025-04-28,1,GT,MEGRINE,18,VL1900,1.0,555.309,26.0
06712,2025-05-25,0,GT,MEGRINE,18,VL1900,1.0,67.863,1.0
06712,2025-06-02,1,GT,MEGRINE,18,VL1900,1.0,25.247,12.0
06712,2025-06-04,3,GT,MEGRINE,18,VL1900,1.0,37.418,1.0
06712,2025-06-13,5,GT,MEGRINE,18,VL1900,1.0,13.323,1.0
06712,2025-06-20,5,GT,MEGRINE,18,VL1900,1.0,40.503,6.0
06712,2025-06-28,6,GT,MEGRINE,18,VL1900,1.0,54.411,1.0
06712,2025-07-07,1,GT,MEGRINE,18,VL1900,1.0,19.617,40.0
06712,2025-08-12,2,GT,MEGRINE,18,VL1900,1.0,13.501,6.0
06712,2025-08-17,0,GT,MEGRINE,18,VL1900,1.0,54.003,24.0
06712,2025-08-22,5,GT,MEGRINE,18,VL1900,1.0,161.385,101.0
06712,2025-08-30,6,GT,MEGRINE,18,VL1900,1.0,96.41,3.0
06712,2025-09-14,0,GT,MEGRINE,18,VL1900,1.0,8.671,1.0
06712,2025-09-20,6,GT,MEGRINE,18,VL1900,1.0,19.906,1.0
06712,2025-10-13,1,GT,MEGRINE,18,VL1900,1.0,57.097,24.0
06712,2025-12-19,5,GT,MEGRINE,18,VL1900,1.0,28.935,12.0
06713,2025-01-03,5,GT,SIDJOUMI,18,VL1900,1.0,25.194,1.0
06713,2025-03-07,5,GT,SIDJOUMI,18,VL1900,1.0,17.09,60.0
06713,2025-04-28,1,GT,SIDJOUMI,18,VL1900,1.0,758.9749999999999,99.0
06713,2025-05-06,2,GT,SIDJOUMI,18,VL1900,1.0,61.986,3.0
06713,2025-05-27,2,GT,SIDJOUMI,18,VL1900,1.0,20.275,24.0
06713,2025-06-02,1,GT,SIDJOUMI,18,VL1900,1.0,9.128,1.0
06713,2025-06-07,6,GT,SIDJOUMI,18,VL1900,1.0,176.424,50.0
06713,2025-06-13,5,GT,SIDJOUMI,18,VL1900,1.0,11.251,5.0
06713,2025-06-18,3,GT,SIDJOUMI,18,VL1900,1.0,162.006,12.0
06713,2025-06-23,1,GT,SIDJOUMI,18,VL1900,1.0,13.012,1.0
06713,2025-06-27,5,GT,SIDJOUMI,18,VL1900,1.0,50.494,24.0
06713,2025-07-01,2,GT,SIDJOUMI,18,VL1900,1.0,20.275,24.0
06713,2025-07-11,5,GT,SIDJOUMI,18,VL1900,1.0,13.012,1.0
06713,2025-07-18,5,GT,SIDJOUMI,18,VL1900,1.0,26.024,2.0
06713,2025-07-22,2,GT,SIDJOUMI,18,VL1900,1.0,58.806,25.0
06713,2025-07-29,2,GT,SIDJOUMI,18,VL1900,1.0,31.768,1.0
06713,2025-08-13,3,GT,SIDJOUMI,18,VL1900,1.0,24.004,24.0
06713,2025-08-20,3,GT,SIDJOUMI,18,VL1900,1.0,39.233,80.0
06713,2025-09-02,2,GT,SIDJOUMI,18,VL1900,1.0,27.616,24.0
06713,2025-09-14,0,GT,SIDJOUMI,18,VL1900,1.0,8.671,1.0
06713,2025-09-21,0,GT,SIDJOUMI,18,VL1900,1.0,8.671,1.0
06713,2025-10-03,5,GT,SIDJOUMI,18,VL1900,1.0,196.166,400.0
06713,2025-10-18,6,GT,SIDJOUMI,18,VL1900,1.0,165.147,49.0
06713,2025-11-01,6,GT,SIDJOUMI,18,VL1900,1.0,19.617,40.0
06713,2025-11-09,0,GT,SIDJOUMI,18,VL1900,1.0,19.617,40.0
06713,2025-11-17,1,GT,SIDJOUMI,18,VL1900,1.0,116.088,1.0
06713,2025-11-24,1,GT,SIDJOUMI,18,VL1900,1.0,38.583,1.0
06714,2025-02-09,0,GT,SIDJOUMI,18,VL1900,1.0,31.03,1.0
06714,2025-02-22,6,GT,SIDJOUMI,18,VL1900,1.0,35.098,1.0
06714,2025-05-06,2,GT,SIDJOUMI,18,VL1900,1.0,126.924,2.0
06714,2025-05-13,2,GT,SIDJOUMI,18,VL1900,1.0,58.806,25.0
06714,2025-05-24,6,GT,SIDJOUMI,18,VL1900,1.0,20.275,24.0
06714,2025-06-08,0,GT,SIDJOUMI,18,VL1900,1.0,317.07,39.0
06714,2025-06-15,0,GT,SIDJOUMI,18,VL1900,1.0,20.275,24.0
06714,2025-06-18,3,GT,SIDJOUMI,18,VL1900,1.0,9.128,1.0
06714,2025-06-27,5,GT,SIDJOUMI,18,VL1900,1.0,36.996,20.0
06714,2025-07-05,6,GT,SIDJOUMI,18,VL1900,1.0,19.617,40.0
06714,2025-07-16,3,GT,SIDJOUMI,18,VL1900,1.0,27.616,24.0
06714,2025-07-22,2,GT,SIDJOUMI,18,VL1900,1.0,58.806,25.0
06714,2025-09-21,0,GT,SIDJOUMI,18,VL1900,1.0,37.676,24.0
06714,2025-10-11,6,GT,SIDJOUMI,18,VL1900,1.0,14.272,60.0
06714,2025-10-18,6,GT,SIDJOUMI,18,VL1900,1.0,92.754,48.0
06714,2025-11-09,0,GT,SIDJOUMI,18,VL1900,1.0,23.188,24.0
06714,2025-12-14,0,GT,SIDJOUMI,18,VL1900,1.0,32.663,1.0
06715,2025-02-08,6,GT,LEBARDO,18,VL1900,1.0,83.737,1.0
06715,2025-04-29,2,GT,LEBARDO,18,VL1900,1.0,17.344,2.0
06715,2025-05-09,5,GT,LEBARDO,18,VL1900,1.0,10.658,1.0
06715,2025-05-24,6,GT,LEBARDO,18,VL1900,1.0,20.275,24.0
06715,2025-06-01,0,GT,LEBARDO,18,VL1900,1.0,9.128,1.0
06715,2025-06-28,6,GT,LEBARDO,18,VL1900,1.0,24.004,24.0
06715,2025-07-04,5,GT,LEBARDO,18,VL1900,1.0,20.275,24.0
06715,2025-07-12,6,GT,LEBARDO,18,VL1900,1.0,54.002,12.0
06715,2025-07-18,5,GT,LEBARDO,18,VL1900,1.0,26.024,2.0
06715,2025-07-25,5,GT,LEBARDO,18,VL1900,1.0,19.906,1.0
06715,2025-08-11,1,GT,LEBARDO,18,VL1900,1.0,21.907,24.0
06715,2025-09-01,1,GT,LEBARDO,18,VL1900,1.0,50.494,24.0
06715,2025-10-14,2,GT,LEBARDO,18,VL1900,1.0,23.188,24.0
06715,2025-10-22,3,GT,LEBARDO,18,VL1900,1.0,135.462,2.0
06716,2025-01-16,4,GT,SIDIELBECHIR,18,VL1900,1.0,24.004,24.0
06716,2025-02-06,4,GT,SIDIELBECHIR,18,VL1900,1.0,34.699,1.0
06716,2025-02-24,1,GT,SIDIELBECHIR,18,VL1900,1.0,74.955,1.0
06716,2025-03-09,0,GT,SIDIELBECHIR,18,VL1900,1.0,54.242,24.0
06716,2025-04-29,2,GT,SIDIELBECHIR,18,VL1900,1.0,55.866,25.0
06716,2025-05-09,5,GT,SIDIELBECHIR,18,VL1900,1.0,59.426,2.0
06716,2025-05-21,3,GT,SIDIELBECHIR,18,VL1900,1.0,9.128,1.0
06716,2025-05-24,6,GT,SIDIELBECHIR,18,VL1900,1.0,20.275,24.0
06716,2025-05-30,5,GT,SIDIELBECHIR,18,VL1900,1.0,36.0,4.0
06716,2025-06-08,0,GT,SIDIELBECHIR,18,VL1900,1.0,20.275,24.0
06716,2025-06-22,0,GT,SIDIELBECHIR,18,VL1900,1.0,40.503,6.0
06716,2025-06-30,1,GT,SIDIELBECHIR,18,VL1900,1.0,49.298,2.0
06716,2025-07-07,1,GT,SIDIELBECHIR,18,VL1900,1.0,20.275,24.0
06716,2025-08-04,1,GT,SIDIELBECHIR,18,VL1900,1.0,142.82,24.0
06716,2025-08-12,2,GT,SIDIELBECHIR,18,VL1900,1.0,13.501,6.0
06716,2025-08-20,3,GT,SIDIELBECHIR,18,VL1900,1.0,50.494,24.0
06716,2025-09-23,2,GT,SIDIELBECHIR,18,VL1900,1.0,43.376,1.0
06716,2025-10-04,6,GT,SIDIELBECHIR,18,VL1900,1.0,19.617,40.0
06716,2025-10-18,6,GT,SIDIELBECHIR,18,VL1900,1.0,38.583,1.0
06716,2025-11-07,5,GT,SIDIELBECHIR,18,VL1900,1.0,57.097,24.0
06716,2025-12-02,2,GT,SIDIELBECHIR,18,VL1900,1.0,60.056,4.0
06716,2025-12-26,5,GT,SIDIELBECHIR,18,VL1900,1.0,32.663,1.0
06717,2025-01-05,0,GT,SIDIELBECHIR,18,VL1900,1.0,103.163,1.0
06717,2025-01-12,0,GT,SIDIELBECHIR,18,VL1900,1.0,103.0,1.0
06717,2025-01-30,4,GT,SIDIELBECHIR,18,VL1900,1.0,34.011,1.0
06717,2025-02-14,5,GT,SIDIELBECHIR,18,VL1900,1.0,116.088,1.0
06717,2025-03-13,4,GT,SIDIELBECHIR,18,VL1900,1.0,34.608,12.0
06717,2025-04-29,2,GT,SIDIELBECHIR,18,VL1900,1.0,168.446,2.0
06717,2025-05-27,2,GT,SIDIELBECHIR,18,VL1900,1.0,13.656,1.0
06717,2025-06-08,0,GT,SIDIELBECHIR,18,VL1900,1.0,11.636,1.0
06717,2025-06-22,0,GT,SIDIELBECHIR,18,VL1900,1.0,40.503,6.0
06717,2025-06-28,6,GT,SIDIELBECHIR,18,VL1900,1.0,106.801,1.0
06717,2025-06-30,1,GT,SIDIELBECHIR,18,VL1900,1.0,222.57000000000002,15.0
06717,2025-07-07,1,GT,SIDIELBECHIR,18,VL1900,1.0,20.275,24.0
06717,2025-07-13,0,GT,SIDIELBECHIR,18,VL1900,1.0,13.012,1.0
06717,2025-08-03,0,GT,SIDIELBECHIR,18,VL1900,1.0,285.046,2.0
06717,2025-08-12,2,GT,SIDIELBECHIR,18,VL1900,1.0,50.494,24.0
06717,2025-08-20,3,GT,SIDIELBECHIR,18,VL1900,1.0,50.494,24.0
06717,2025-09-16,2,GT,SIDIELBECHIR,18,VL1900,1.0,38.453,12.0
06717,2025-09-23,2,GT,SIDIELBECHIR,18,VL1900,1.0,57.348,1.0
06717,2025-10-04,6,GT,SIDIELBECHIR,18,VL1900,1.0,19.617,40.0
06717,2025-10-18,6,GT,SIDIELBECHIR,18,VL1900,1.0,38.583,1.0
06717,2025-12-09,2,GT,SIDIELBECHIR,18,VL1900,1.0,114.696,1.0
06718,2025-04-30,3,GT,LAGOULETTE,18,VL1900,1.0,244.92,50.0
06718,2025-05-14,3,GT,LAGOULETTE,18,VL1900,1.0,111.5,13.0
06718,2025-06-01,0,GT,LAGOULETTE,18,VL1900,1.0,24.004,24.0
06718,2025-06-11,3,GT,LAGOULETTE,18,VL1900,1.0,11.251,5.0
06718,2025-06-18,3,GT,LAGOULETTE,18,VL1900,1.0,106.801,1.0
06719,2025-02-09,0,GT,EZZOUHOUR,18,VL1900,1.0,9.905,1.0
06719,2025-05-04,0,GT,EZZOUHOUR,18,VL1900,1.0,36.514,2.0
06719,2025-05-25,0,GT,EZZOUHOUR,18,VL1900,1.0,20.275,24.0
06719,2025-06-01,0,GT,EZZOUHOUR,18,VL1900,1.0,9.128,1.0
06719,2025-06-13,5,GT,EZZOUHOUR,18,VL1900,1.0,11.251,5.0
06719,2025-06-22,0,GT,EZZOUHOUR,18,VL1900,1.0,40.503,6.0
06719,2025-07-01,2,GT,EZZOUHOUR,18,VL1900,1.0,19.617,40.0
06719,2025-07-05,6,GT,EZZOUHOUR,18,VL1900,1.0,20.275,24.0
06719,2025-07-12,6,GT,EZZOUHOUR,18,VL1900,1.0,14.272,60.0
06719,2025-07-18,5,GT,EZZOUHOUR,18,VL1900,1.0,92.6,26.0
06719,2025-08-05,2,GT,EZZOUHOUR,18,VL1900,1.0,19.617,40.0
06719,2025-10-02,4,GT,EZZOUHOUR,18,VL1900,1.0,19.617,40.0
06719,2025-10-20,1,GT,EZZOUHOUR,18,VL1900,1.0,19.617,40.0
06719,2025-11-09,0,GT,EZZOUHOUR,18,VL1900,1.0,19.617,40.0
06719,2025-11-29,6,GT,EZZOUHOUR,18,VL1900,1.0,32.663,1.0
06719,2025-12-08,1,GT,EZZOUHOUR,18,VL1900,1.0,23.188,24.0
06720,2025-01-19,0,GT,EZZOUHOUR,18,VL1900,1.0,23.188,24.0
06720,2025-02-16,0,GT,EZZOUHOUR,18,VL1900,1.0,17.09,60.0
06720,2025-03-08,6,GT,EZZOUHOUR,18,VL1900,1.0,26.49,1.0
06720,2025-05-04,0,GT,EZZOUHOUR,18,VL1900,1.0,9.128,1.0
06720,2025-06-10,2,GT,EZZOUHOUR,18,VL1900,1.0,40.503,6.0
06720,2025-06-15,0,GT,EZZOUHOUR,18,VL1900,1.0,20.275,24.0
06720,2025-06-27,5,GT,EZZOUHOUR,18,VL1900,1.0,11.636,1.0
06720,2025-07-05,6,GT,EZZOUHOUR,18,VL1900,1.0,14.272,60.0
06720,2025-07-18,5,GT,EZZOUHOUR,18,VL1900,1.0,13.012,1.0
06720,2025-08-05,2,GT,EZZOUHOUR,18,VL1900,1.0,19.617,40.0
06720,2025-09-15,1,GT,EZZOUHOUR,18,VL1900,1.0,27.034,1.0
06720,2025-10-02,4,GT,EZZOUHOUR,18,VL1900,1.0,78.466,80.0
06720,2025-10-20,1,GT,EZZOUHOUR,18,VL1900,1.0,19.617,40.0
06720,2025-11-01,6,GT,EZZOUHOUR,18,VL1900,1.0,19.617,40.0
06720,2025-11-09,0,GT,EZZOUHOUR,18,VL1900,1.0,19.617,40.0
06720,2025-11-17,1,GT,EZZOUHOUR,18,VL1900,1.0,62.802,1.0
06721,2025-01-04,6,GT,ELMOUROUJ,18,VL1900,1.0,103.163,1.0
06721,2025-01-18,6,GT,ELMOUROUJ,18,VL1900,1.0,40.426,2.0
06721,2025-02-17,1,GT,ELMOUROUJ,18,VL1900,1.0,103.979,1.0
06721,2025-05-06,2,GT,ELMOUROUJ,18,VL1900,1.0,116.378,2.0
06721,2025-05-17,6,GT,ELMOUROUJ,18,VL1900,1.0,25.247,12.0
06721,2025-05-26,1,GT,ELMOUROUJ,18,VL1900,1.0,45.002,10.0
06721,2025-06-09,1,GT,ELMOUROUJ,18,VL1900,1.0,40.503,6.0
06721,2025-06-20,5,GT,ELMOUROUJ,18,VL1900,1.0,50.494,24.0
06721,2025-06-23,1,GT,ELMOUROUJ,18,VL1900,1.0,90.004,10.0
06721,2025-07-06,0,GT,ELMOUROUJ,18,VL1900,1.0,19.617,40.0
06721,2025-07-15,2,GT,ELMOUROUJ,18,VL1900,1.0,27.616,24.0
06721,2025-07-20,0,GT,ELMOUROUJ,18,VL1900,1.0,20.275,24.0
06721,2025-08-03,0,GT,ELMOUROUJ,18,VL1900,1.0,43.814,48.0
06721,2025-08-09,6,GT,ELMOUROUJ,18,VL1900,1.0,37.418,1.0
06721,2025-09-09,2,GT,ELMOUROUJ,18,VL1900,1.0,50.494,24.0
06721,2025-09-22,1,GT,ELMOUROUJ,18,VL1900,1.0,30.943,1.0
06721,2025-10-11,6,GT,ELMOUROUJ,18,VL1900,1.0,67.776,100.0
06721,2025-10-21,2,GT,ELMOUROUJ,18,VL1900,1.0,19.617,40.0
06721,2025-11-11,2,GT,ELMOUROUJ,18,VL1900,1.0,37.676,24.0
06721,2025-11-24,1,GT,ELMOUROUJ,18,VL1900,1.0,37.676,24.0
06721,2025-12-19,5,GT,ELMOUROUJ,18,VL1900,1.0,28.935,12.0
06722,2025-01-11,6,GT,ELMOUROUJ,18,VL1900,1.0,41.91,1.0
06722,2025-01-25,6,GT,ELMOUROUJ,18,VL1900,1.0,78.408,1.0
06722,2025-03-02,0,GT,ELMOUROUJ,18,VL1900,1.0,23.188,24.0
06722,2025-05-04,0,GT,ELMOUROUJ,18,VL1900,1.0,81.102,48.0
06722,2025-05-20,2,GT,ELMOUROUJ,18,VL1900,1.0,9.128,1.0
06722,2025-05-25,0,GT,ELMOUROUJ,18,VL1900,1.0,20.275,24.0
06722,2025-06-03,2,GT,ELMOUROUJ,18,VL1900,1.0,38.712,4.0
06722,2025-06-09,1,GT,ELMOUROUJ,18,VL1900,1.0,11.636,1.0
06722,2025-06-13,5,GT,ELMOUROUJ,18,VL1900,1.0,11.636,1.0
06722,2025-06-23,1,GT,ELMOUROUJ,18,VL1900,1.0,9.128,1.0
06722,2025-06-29,0,GT,ELMOUROUJ,18,VL1900,1.0,30.503,1.0
06722,2025-07-15,2,GT,ELMOUROUJ,18,VL1900,1.0,27.616,24.0
06722,2025-07-20,0,GT,ELMOUROUJ,18,VL1900,1.0,20.275,24.0
06722,2025-08-01,5,GT,ELMOUROUJ,18,VL1900,1.0,83.048,64.0
06722,2025-08-09,6,GT,ELMOUROUJ,18,VL1900,1.0,50.494,24.0
06722,2025-09-15,1,GT,ELMOUROUJ,18,VL1900,1.0,74.5,3.0
06722,2025-09-27,6,GT,ELMOUROUJ,18,VL1900,1.0,161.86,3.0
06722,2025-10-11,6,GT,ELMOUROUJ,18,VL1900,1.0,19.617,40.0
06722,2025-10-21,2,GT,ELMOUROUJ,18,VL1900,1.0,19.617,40.0
06722,2025-11-19,3,GT,ELMOUROUJ,18,VL1900,1.0,154.33,2.0
06722,2025-11-30,0,GT,ELMOUROUJ,18,VL1900,1.0,60.69,1.0
06722,2025-12-23,2,GT,ELMOUROUJ,18,VL1900,1.0,61.884,1.0
06723,2025-05-16,5,GT,FOUCHANA,18,VL1900,1.0,9.128,1.0
06723,2025-05-27,2,GT,FOUCHANA,18,VL1900,1.0,9.128,1.0
06723,2025-06-23,1,GT,FOUCHANA,18,VL1900,1.0,13.012,1.0
06723,2025-07-19,6,GT,FOUCHANA,18,VL1900,1.0,20.275,24.0
06723,2025-09-17,3,GT,FOUCHANA,18,VL1900,1.0,8.671,1.0
06723,2025-12-01,1,GT,FOUCHANA,18,VL1900,1.0,49.446,1.0
06724,2025-02-10,1,GT,FOUCHANA,18,VL1900,1.0,69.062,1.0
06724,2025-02-27,4,GT,FOUCHANA,18,VL1900,1.0,9.905,1.0
06724,2025-05-05,1,GT,FOUCHANA,18,VL1900,1.0,121.32300000000001,26.0
06724,2025-06-09,1,GT,FOUCHANA,18,VL1900,1.0,33.986,1.0
06724,2025-06-30,1,GT,FOUCHANA,18,VL1900,1.0,11.636,1.0
06724,2025-07-19,6,GT,FOUCHANA,18,VL1900,1.0,66.574,25.0
06724,2025-09-24,3,GT,FOUCHANA,18,VL1900,1.0,57.348,1.0
06724,2025-10-11,6,GT,FOUCHANA,18,VL1900,1.0,99.636,61.0
06724,2025-11-01,6,GT,FOUCHANA,18,VL1900,1.0,19.617,40.0
06724,2025-11-03,1,GT,FOUCHANA,18,VL1900,1.0,19.617,40.0
06724,2025-12-13,6,GT,FOUCHANA,18,VL1900,1.0,9.128,1.0
06724,2025-12-27,6,GT,FOUCHANA,18,VL1900,1.0,51.737,1.0
06725,2025-02-07,5,GT,ELMOUROUJ,18,VL1900,1.0,36.996,20.0
06725,2025-05-05,1,GT,ELMOUROUJ,18,VL1900,1.0,9407.861999999997,75.0
06725,2025-05-06,2,GT,ELMOUROUJ,18,VL1900,1.0,20.275,24.0
06725,2025-05-12,1,GT,ELMOUROUJ,18,VL1900,1.0,25.247,12.0
06725,2025-05-17,6,GT,ELMOUROUJ,18,VL1900,1.0,25.247,12.0
06725,2025-06-01,0,GT,ELMOUROUJ,18,VL1900,1.0,24.004,24.0
06725,2025-06-06,5,GT,ELMOUROUJ,18,VL1900,1.0,11.251,5.0
06725,2025-06-10,2,GT,ELMOUROUJ,18,VL1900,1.0,90.004,10.0
06725,2025-06-23,1,GT,ELMOUROUJ,18,VL1900,1.0,50.494,24.0
06725,2025-07-06,0,GT,ELMOUROUJ,18,VL1900,1.0,19.617,40.0
06725,2025-07-15,2,GT,ELMOUROUJ,18,VL1900,1.0,14.272,60.0
06725,2025-07-28,1,GT,ELMOUROUJ,18,VL1900,1.0,168.61,48.0
06725,2025-08-03,0,GT,ELMOUROUJ,18,VL1900,1.0,156.22,48.0
06725,2025-08-09,6,GT,ELMOUROUJ,18,VL1900,1.0,54.002,12.0
06725,2025-08-29,5,GT,ELMOUROUJ,18,VL1900,1.0,499.32,3.0
06725,2025-09-15,1,GT,ELMOUROUJ,18,VL1900,1.0,96.968,3.0
06725,2025-09-20,6,GT,ELMOUROUJ,18,VL1900,1.0,301.914,2.0
06725,2025-10-02,4,GT,ELMOUROUJ,18,VL1900,1.0,172.47,82.0
06725,2025-10-11,6,GT,ELMOUROUJ,18,VL1900,1.0,19.617,40.0
06725,2025-10-21,2,GT,ELMOUROUJ,18,VL1900,1.0,19.617,40.0
06725,2025-11-01,6,GT,ELMOUROUJ,18,VL1900,1.0,19.617,40.0
06725,2025-11-11,2,GT,ELMOUROUJ,18,VL1900,1.0,34.011,1.0
06725,2025-11-18,2,GT,ELMOUROUJ,18,VL1900,1.0,67.863,1.0
06725,2025-12-10,3,GT,ELMOUROUJ,18,VL1900,1.0,110.284,1.0
06725,2025-12-23,2,GT,ELMOUROUJ,18,VL1900,1.0,28.935,12.0
06726,2025-01-11,6,GT,ELMOUROUJ,18,VL1900,1.0,83.737,1.0
06726,2025-03-02,0,GT,ELMOUROUJ,18,VL1900,1.0,23.188,24.0
06726,2025-05-05,1,GT,ELMOUROUJ,18,VL1900,1.0,149.037,49.0
06726,2025-05-07,3,GT,ELMOUROUJ,18,VL1900,1.0,164.214,3.0
06726,2025-06-04,3,GT,ELMOUROUJ,18,VL1900,1.0,67.973,1.0
06726,2025-06-08,0,GT,ELMOUROUJ,18,VL1900,1.0,33.986,1.0
06726,2025-06-16,1,GT,ELMOUROUJ,18,VL1900,1.0,36.996,20.0
06726,2025-06-20,5,GT,ELMOUROUJ,18,VL1900,1.0,13.012,1.0
06726,2025-06-23,1,GT,ELMOUROUJ,18,VL1900,1.0,13.501,6.0
06726,2025-07-20,0,GT,ELMOUROUJ,18,VL1900,1.0,20.275,24.0
06726,2025-07-28,1,GT,ELMOUROUJ,18,VL1900,1.0,20.275,24.0
06726,2025-08-03,0,GT,ELMOUROUJ,18,VL1900,1.0,64.03,24.0
06726,2025-09-15,1,GT,ELMOUROUJ,18,VL1900,1.0,36.996,20.0
06726,2025-09-27,6,GT,ELMOUROUJ,18,VL1900,1.0,19.906,1.0
06726,2025-10-02,4,GT,ELMOUROUJ,18,VL1900,1.0,19.617,40.0
06726,2025-10-11,6,GT,ELMOUROUJ,18,VL1900,1.0,19.617,40.0
06726,2025-10-21,2,GT,ELMOUROUJ,18,VL1900,1.0,19.617,40.0
06726,2025-11-01,6,GT,ELMOUROUJ,18,VL1900,1.0,19.617,40.0
06726,2025-11-11,2,GT,ELMOUROUJ,18,VL1900,1.0,54.411,1.0
06726,2025-12-10,3,GT,ELMOUROUJ,18,VL1900,1.0,44.501,1.0
06726,2025-12-19,5,GT,ELMOUROUJ,18,VL1900,1.0,28.935,12.0
06727,2025-01-25,6,GT,ELMOUROUJ,18,VL1900,1.0,78.408,1.0
06727,2025-05-05,1,GT,ELMOUROUJ,18,VL1900,1.0,111.088,1.0
06727,2025-05-24,6,GT,ELMOUROUJ,18,VL1900,1.0,81.102,48.0
06727,2025-06-06,5,GT,ELMOUROUJ,18,VL1900,1.0,11.251,5.0
06727,2025-06-23,1,GT,ELMOUROUJ,18,VL1900,1.0,13.501,6.0
06727,2025-06-29,0,GT,ELMOUROUJ,18,VL1900,1.0,11.251,5.0
06727,2025-07-20,0,GT,ELMOUROUJ,18,VL1900,1.0,40.55,48.0
06727,2025-07-28,1,GT,ELMOUROUJ,18,VL1900,1.0,20.275,24.0
06727,2025-08-09,6,GT,ELMOUROUJ,18,VL1900,1.0,54.002,12.0
06727,2025-09-09,2,GT,ELMOUROUJ,18,VL1900,1.0,8.671,1.0
06727,2025-09-15,1,GT,ELMOUROUJ,18,VL1900,1.0,36.996,20.0
06727,2025-10-02,4,GT,ELMOUROUJ,18,VL1900,1.0,19.617,40.0
06727,2025-10-11,6,GT,ELMOUROUJ,18,VL1900,1.0,19.617,40.0
06727,2025-10-21,2,GT,ELMOUROUJ,18,VL1900,1.0,19.617,40.0
06727,2025-11-01,6,GT,ELMOUROUJ,18,VL1900,1.0,19.617,40.0
06727,2025-12-10,3,GT,ELMOUROUJ,18,VL1900,1.0,858.872,51.0
06727,2025-12-23,2,GT,ELMOUROUJ,18,VL1900,1.0,28.935,12.0
06728,2025-05-06,2,GT,BENAROUS,18,VL1900,1.0,161.25900000000001,26.0
06728,2025-05-24,6,GT,BENAROUS,18,VL1900,1.0,58.806,25.0
06728,2025-05-28,3,GT,BENAROUS,18,VL1900,1.0,112.50500000000001,10.0
06728,2025-06-08,0,GT,BENAROUS,18,VL1900,1.0,20.275,24.0
06728,2025-06-25,3,GT,BENAROUS,18,VL1900,1.0,20.275,24.0
06728,2025-07-04,5,GT,BENAROUS,18,VL1900,1.0,20.275,24.0
06728,2025-07-13,0,GT,BENAROUS,18,VL1900,1.0,14.272,60.0
06728,2025-08-12,2,GT,BENAROUS,18,VL1900,1.0,40.503,6.0
06728,2025-08-30,6,GT,BENAROUS,18,VL1900,1.0,59.719,3.0
06728,2025-09-15,1,GT,BENAROUS,18,VL1900,1.0,19.906,1.0
06728,2025-10-02,4,GT,BENAROUS,18,VL1900,1.0,19.617,40.0
06728,2025-10-20,1,GT,BENAROUS,18,VL1900,1.0,23.188,24.0
06728,2025-12-10,3,GT,BENAROUS,18,VL1900,1.0,44.501,1.0
06729,2025-01-04,6,GT,ELMOUROUJ,18,VL1900,1.0,44.15,1.0
06729,2025-05-07,3,GT,ELMOUROUJ,18,VL1900,1.0,551.799,6.0
06729,2025-05-14,3,GT,ELMOUROUJ,18,VL1900,1.0,17.853,3.0
06729,2025-05-24,6,GT,ELMOUROUJ,18,VL1900,1.0,9.051,1.0
06729,2025-06-06,5,GT,ELMOUROUJ,18,VL1900,1.0,11.636,1.0
06729,2025-06-09,1,GT,ELMOUROUJ,18,VL1900,1.0,20.607,5.0
06729,2025-06-23,1,GT,ELMOUROUJ,18,VL1900,1.0,13.012,1.0
06729,2025-07-20,0,GT,ELMOUROUJ,18,VL1900,1.0,20.275,24.0
06729,2025-10-21,2,GT,ELMOUROUJ,18,VL1900,1.0,19.617,40.0
06729,2025-11-30,0,GT,ELMOUROUJ,18,VL1900,1.0,60.69,1.0
06729,2025-12-19,5,GT,ELMOUROUJ,18,VL1900,1.0,28.935,12.0
06730,2025-02-10,1,GT,FOUCHANA,18,VL1900,1.0,40.426,2.0
06730,2025-05-10,6,GT,FOUCHANA,18,VL1900,1.0,123.972,6.0
06730,2025-05-28,3,GT,FOUCHANA,18,VL1900,1.0,20.275,24.0
06730,2025-06-23,1,GT,FOUCHANA,18,VL1900,1.0,50.494,24.0
06730,2025-07-19,6,GT,FOUCHANA,18,VL1900,1.0,20.275,24.0
06730,2025-09-17,3,GT,FOUCHANA,18,VL1900,1.0,24.004,24.0
06730,2025-11-03,1,GT,FOUCHANA,18,VL1900,1.0,19.617,40.0
06730,2025-12-13,6,GT,FOUCHANA,18,VL1900,1.0,30.867,1.0
06731,2025-02-06,4,GT,SIDIELBECHIR,18,VL1900,1.0,56.114,1.0
06731,2025-02-24,1,GT,SIDIELBECHIR,18,VL1900,1.0,34.011,1.0
06731,2025-06-18,3,GT,SIDIELBECHIR,18,VL1900,1.0,162.006,12.0
06731,2025-06-30,1,GT,SIDIELBECHIR,18,VL1900,1.0,45.002,10.0
06731,2025-09-23,2,GT,SIDIELBECHIR,18,VL1900,1.0,88.172,1.0
06732,2025-02-09,0,GT,SIDJOUMI,18,VL1900,1.0,20.214,1.0
06732,2025-03-08,6,GT,SIDJOUMI,18,VL1900,1.0,9.905,1.0
06732,2025-06-17,2,GT,SIDJOUMI,18,VL1900,1.0,468.04200000000003,48.0
06732,2025-06-30,1,GT,SIDJOUMI,18,VL1900,1.0,26.024,2.0
06732,2025-09-14,0,GT,SIDJOUMI,18,VL1900,1.0,8.671,1.0
06732,2025-09-23,2,GT,SIDJOUMI,18,VL1900,1.0,79.33,1.0
06732,2025-10-22,3,GT,SIDJOUMI,18,VL1900,1.0,92.924,2.0
06732,2025-11-09,0,GT,SIDJOUMI,18,VL1900,1.0,19.617,40.0
06733,2025-06-17,2,GT,FOUCHANA,18,VL1900,1.0,135.005,12.0
06733,2025-07-19,6,GT,FOUCHANA,18,VL1900,1.0,81.003,12.0
06733,2025-09-15,1,GT,FOUCHANA,18,VL1900,1.0,19.906,1.0
06734,2025-02-10,1,GT,FOUCHANA,18,VL1900,1.0,20.214,1.0
06734,2025-02-27,4,GT,FOUCHANA,18,VL1900,1.0,23.188,24.0
06734,2025-06-17,2,GT,FOUCHANA,18,VL1900,1.0,122.0,44.0
06734,2025-06-29,0,GT,FOUCHANA,18,VL1900,1.0,106.801,1.0
06734,2025-07-19,6,GT,FOUCHANA,18,VL1900,1.0,20.275,24.0
06735,2025-01-13,1,GT,LEBARDO,18,VL1900,1.0,60.64,3.0
06735,2025-01-31,5,GT,LEBARDO,18,VL1900,1.0,24.004,24.0
06735,2025-06-15,0,GT,LEBARDO,18,VL1900,1.0,11.636,1.0
06735,2025-06-28,6,GT,LEBARDO,18,VL1900,1.0,33.986,1.0
06735,2025-07-12,6,GT,LEBARDO,18,VL1900,1.0,50.494,24.0
06735,2025-07-18,5,GT,LEBARDO,18,VL1900,1.0,313.868,160.0
06735,2025-07-26,6,GT,LEBARDO,18,VL1900,1.0,13.34,5.0
06735,2025-08-13,3,GT,LEBARDO,18,VL1900,1.0,19.906,1.0
06735,2025-08-20,3,GT,LEBARDO,18,VL1900,1.0,50.494,24.0
06735,2025-09-02,2,GT,LEBARDO,18,VL1900,1.0,27.616,24.0
06735,2025-09-14,0,GT,LEBARDO,18,VL1900,1.0,56.576,41.0
06735,2025-10-22,3,GT,LEBARDO,18,VL1900,1.0,450.5520000000001,10.0
06735,2025-11-08,6,GT,LEBARDO,18,VL1900,1.0,62.802,1.0
06736,2025-01-25,6,GT,ELMOUROUJ,18,VL1900,1.0,110.284,1.0
06736,2025-03-02,0,GT,ELMOUROUJ,18,VL1900,1.0,17.09,60.0
06736,2025-06-10,2,GT,ELMOUROUJ,18,VL1900,1.0,85.974,5.0
06736,2025-06-23,1,GT,ELMOUROUJ,18,VL1900,1.0,71.028,11.0
06736,2025-07-13,0,GT,ELMOUROUJ,18,VL1900,1.0,50.494,24.0
06736,2025-07-19,6,GT,ELMOUROUJ,18,VL1900,1.0,19.617,40.0
06736,2025-09-15,1,GT,ELMOUROUJ,18,VL1900,1.0,37.676,24.0
06736,2025-09-27,6,GT,ELMOUROUJ,18,VL1900,1.0,30.943,1.0
06736,2025-10-17,5,GT,ELMOUROUJ,18,VL1900,1.0,19.617,40.0
06737,2025-01-11,6,GT,ELMOUROUJ,18,VL1900,1.0,67.028,1.0
06737,2025-02-17,1,GT,ELMOUROUJ,18,VL1900,1.0,52.047,1.0
06737,2025-06-10,2,GT,ELMOUROUJ,18,VL1900,1.0,22.502,5.0
06737,2025-06-20,5,GT,ELMOUROUJ,18,VL1900,1.0,13.012,1.0
06737,2025-07-06,0,GT,ELMOUROUJ,18,VL1900,1.0,13.34,5.0
06737,2025-07-19,6,GT,ELMOUROUJ,18,VL1900,1.0,19.617,40.0
06737,2025-08-29,5,GT,ELMOUROUJ,18,VL1900,1.0,75.344,121.0
06737,2025-09-09,2,GT,ELMOUROUJ,18,VL1900,1.0,19.617,40.0
06737,2025-09-15,1,GT,ELMOUROUJ,18,VL1900,1.0,37.676,24.0
06737,2025-09-27,6,GT,ELMOUROUJ,18,VL1900,1.0,14.272,60.0
06737,2025-10-17,5,GT,ELMOUROUJ,18,VL1900,1.0,8.671,1.0
06737,2025-11-04,2,GT,ELMOUROUJ,18,VL1900,1.0,8.671,1.0
06737,2025-11-11,2,GT,ELMOUROUJ,18,VL1900,1.0,37.676,24.0
06738,2025-01-04,6,GT,ELMOUROUJ,18,VL1900,1.0,52.987,1.0
06738,2025-06-10,2,GT,ELMOUROUJ,18,VL1900,1.0,63.716,10.0
06738,2025-06-20,5,GT,ELMOUROUJ,18,VL1900,1.0,13.012,1.0
06738,2025-06-23,1,GT,ELMOUROUJ,18,VL1900,1.0,191.98499999999999,30.0
06738,2025-06-29,0,GT,ELMOUROUJ,18,VL1900,1.0,79.33,1.0
06738,2025-07-20,0,GT,ELMOUROUJ,18,VL1900,1.0,20.275,24.0
06738,2025-09-09,2,GT,ELMOUROUJ,18,VL1900,1.0,50.494,24.0
06738,2025-09-15,1,GT,ELMOUROUJ,18,VL1900,1.0,8.671,1.0
06738,2025-09-27,6,GT,ELMOUROUJ,18,VL1900,1.0,30.943,1.0
06738,2025-10-17,5,GT,ELMOUROUJ,18,VL1900,1.0,12.596,1.0
06738,2025-11-30,0,GT,ELMOUROUJ,18,VL1900,1.0,61.884,1.0
06739,2025-06-09,1,NORD,Inconnue,18,VL1900,1.0,24.004,24.0
06739,2025-06-16,1,NORD,Inconnue,18,VL1900,1.0,20.275,24.0
06739,2025-10-06,1,NORD,Inconnue,18,VL1900,1.0,107.01,140.0
06740,2025-01-31,5,GT,MANNOUBA,18,VL1900,1.0,34.011,1.0
06740,2025-02-10,1,GT,MANNOUBA,18,VL1900,1.0,224.458,2.0
06740,2025-06-06,5,GT,MANNOUBA,18,VL1900,1.0,162.006,12.0
06740,2025-06-10,2,GT,MANNOUBA,18,VL1900,1.0,9.0,4.0
06740,2025-06-17,2,GT,MANNOUBA,18,VL1900,1.0,13.323,1.0
06740,2025-07-08,2,GT,MANNOUBA,18,VL1900,1.0,19.617,40.0
06740,2025-07-12,6,GT,MANNOUBA,18,VL1900,1.0,27.002,6.0
06740,2025-07-26,6,GT,MANNOUBA,18,VL1900,1.0,21.344,8.0
06740,2025-08-13,3,GT,MANNOUBA,18,VL1900,1.0,13.501,6.0
06740,2025-08-30,6,GT,MANNOUBA,18,VL1900,1.0,4.5,2.0
06740,2025-09-21,0,GT,MANNOUBA,18,VL1900,1.0,8.671,1.0
06740,2025-11-26,3,GT,MANNOUBA,18,VL1900,1.0,38.583,1.0
06741,2025-01-11,6,GT,EZZOUHOUR,18,VL1900,1.0,22.981,1.0
06741,2025-01-19,0,GT,EZZOUHOUR,18,VL1900,1.0,16.022,60.0
06741,2025-02-22,6,GT,EZZOUHOUR,18,VL1900,1.0,35.098,1.0
06741,2025-06-06,5,GT,EZZOUHOUR,18,VL1900,1.0,354.156,6.0
06741,2025-06-08,0,GT,EZZOUHOUR,18,VL1900,1.0,63.008,7.0
06741,2025-06-10,2,GT,EZZOUHOUR,18,VL1900,1.0,11.636,1.0
06741,2025-06-22,0,GT,EZZOUHOUR,18,VL1900,1.0,40.503,6.0
06741,2025-07-01,2,GT,EZZOUHOUR,18,VL1900,1.0,19.617,40.0
06741,2025-07-12,6,GT,EZZOUHOUR,18,VL1900,1.0,13.501,6.0
06741,2025-07-18,5,GT,EZZOUHOUR,18,VL1900,1.0,81.102,48.0
06741,2025-08-09,6,GT,EZZOUHOUR,18,VL1900,1.0,21.907,24.0
06741,2025-09-01,1,GT,EZZOUHOUR,18,VL1900,1.0,304.78499999999997,3.0
06741,2025-09-15,1,GT,EZZOUHOUR,18,VL1900,1.0,39.813,2.0
06741,2025-09-20,6,GT,EZZOUHOUR,18,VL1900,1.0,19.906,1.0
06741,2025-10-02,4,GT,EZZOUHOUR,18,VL1900,1.0,113.226,60.0
06741,2025-10-07,2,GT,EZZOUHOUR,18,VL1900,1.0,19.617,40.0
06741,2025-10-15,3,GT,EZZOUHOUR,18,VL1900,1.0,110.284,1.0
06741,2025-10-25,6,GT,EZZOUHOUR,18,VL1900,1.0,23.188,24.0
06741,2025-11-17,1,GT,EZZOUHOUR,18,VL1900,1.0,73.058,1.0
06741,2025-11-21,5,GT,EZZOUHOUR,18,VL1900,1.0,38.583,1.0
06741,2025-12-14,0,GT,EZZOUHOUR,18,VL1900,1.0,32.663,1.0
06742,2025-06-04,3,GT,LEKRAM,18,VL1900,1.0,79.852,2.0
06742,2025-06-11,3,GT,LEKRAM,18,VL1900,1.0,11.251,5.0
06742,2025-06-18,3,GT,LEKRAM,18,VL1900,1.0,33.986,1.0
06743,2025-05-31,6,NORD,ELFAHS,18,VL1900,1.0,114.544,44.0
06743,2025-10-06,1,NORD,ELFAHS,18,VL1900,1.0,129.05100000000002,101.0
06744,2025-05-31,6,NORD,ZAGHOUAN,18,VL1900,1.0,58.806,25.0
06744,2025-10-06,1,NORD,ZAGHOUAN,18,VL1900,1.0,299.396,73.0
06745,2025-05-31,6,NORD,Inconnue,18,VL1900,1.0,88.558,48.0
06745,2025-06-16,1,NORD,Inconnue,18,VL1900,1.0,36.996,20.0
06745,2025-10-06,1,NORD,Inconnue,18,VL1900,1.0,39.233,80.0
06746,2025-05-31,6,NORD,Inconnue,18,VL1900,1.0,9.128,1.0
06746,2025-06-16,1,NORD,Inconnue,18,VL1900,1.0,36.996,20.0
06746,2025-10-06,1,NORD,Inconnue,18,VL1900,1.0,96.724,81.0
06747,2025-05-31,6,NORD,Inconnue,18,VL1900,1.0,81.102,48.0
06747,2025-10-06,1,NORD,Inconnue,18,VL1900,1.0,160.51500000000001,140.0
06748,2025-01-03,5,NORD,Inconnue,18,VL1900,1.0,875.448,84.0
06748,2025-05-31,6,NORD,Inconnue,18,VL1900,1.0,20.275,24.0
06748,2025-06-09,1,NORD,Inconnue,18,VL1900,1.0,60.826,72.0
06748,2025-06-16,1,NORD,Inconnue,18,VL1900,1.0,81.102,48.0
06748,2025-10-06,1,NORD,Inconnue,18,VL1900,1.0,113.226,60.0
06749,2025-01-10,5,GT,SIDJOUMI,18,VL1900,1.0,39.735,1.0
06749,2025-02-16,0,GT,SIDJOUMI,18,VL1900,1.0,34.699,1.0
06749,2025-02-22,6,GT,SIDJOUMI,18,VL1900,1.0,35.098,1.0
06749,2025-05-31,6,GT,SIDJOUMI,18,VL1900,1.0,20.275,24.0
06749,2025-06-02,1,GT,SIDJOUMI,18,VL1900,1.0,24.194,5.0
06749,2025-06-09,1,GT,SIDJOUMI,18,VL1900,1.0,20.275,24.0
06749,2025-06-22,0,GT,SIDJOUMI,18,VL1900,1.0,54.411,1.0
06749,2025-07-01,2,GT,SIDJOUMI,18,VL1900,1.0,19.617,40.0
06749,2025-07-05,6,GT,SIDJOUMI,18,VL1900,1.0,19.617,40.0
06749,2025-07-11,5,GT,SIDJOUMI,18,VL1900,1.0,14.272,60.0
06749,2025-07-18,5,GT,SIDJOUMI,18,VL1900,1.0,14.272,60.0
06749,2025-07-22,2,GT,SIDJOUMI,18,VL1900,1.0,19.617,40.0
06749,2025-08-03,0,GT,SIDJOUMI,18,VL1900,1.0,72.358,84.0
06749,2025-10-03,5,GT,SIDJOUMI,18,VL1900,1.0,99.903,420.0
06749,2025-10-10,5,GT,SIDJOUMI,18,VL1900,1.0,17.344,2.0
06749,2025-10-18,6,GT,SIDJOUMI,18,VL1900,1.0,12.596,1.0
06749,2025-11-29,6,GT,SIDJOUMI,18,VL1900,1.0,32.663,1.0
06750,2025-01-30,4,GT,ELOUERDIA,18,VL1900,1.0,36.996,20.0
06750,2025-02-14,5,GT,ELOUERDIA,18,VL1900,1.0,31.03,1.0
06750,2025-03-09,0,GT,ELOUERDIA,18,VL1900,1.0,103.163,1.0
06750,2025-05-30,5,GT,ELOUERDIA,18,VL1900,1.0,30.503,1.0
06750,2025-06-08,0,GT,ELOUERDIA,18,VL1900,1.0,78.76,7.0
06750,2025-06-15,0,GT,ELOUERDIA,18,VL1900,1.0,20.275,24.0
06750,2025-06-28,6,GT,ELOUERDIA,18,VL1900,1.0,50.494,24.0
06750,2025-07-07,1,GT,ELOUERDIA,18,VL1900,1.0,13.012,1.0
06750,2025-08-03,0,GT,ELOUERDIA,18,VL1900,1.0,72.358,84.0
06750,2025-08-20,3,GT,ELOUERDIA,18,VL1900,1.0,9.128,1.0
06750,2025-08-30,6,GT,ELOUERDIA,18,VL1900,1.0,59.719,3.0
06750,2025-09-20,6,GT,ELOUERDIA,18,VL1900,1.0,123.36,48.0
06750,2025-10-04,6,GT,ELOUERDIA,18,VL1900,1.0,19.617,40.0
06750,2025-10-18,6,GT,ELOUERDIA,18,VL1900,1.0,62.802,1.0
06750,2025-11-07,5,GT,ELOUERDIA,18,VL1900,1.0,23.188,24.0
06750,2025-12-02,2,GT,ELOUERDIA,18,VL1900,1.0,60.056,4.0
06751,2025-01-18,6,GT,ELMOUROUJ,18,VL1900,1.0,68.022,2.0
06751,2025-05-30,5,GT,ELMOUROUJ,18,VL1900,1.0,36.996,20.0
06751,2025-06-03,2,GT,ELMOUROUJ,18,VL1900,1.0,19.356,4.0
06751,2025-06-08,0,GT,ELMOUROUJ,18,VL1900,1.0,179.06,21.0
06751,2025-06-10,2,GT,ELMOUROUJ,18,VL1900,1.0,20.607,5.0
06751,2025-06-23,1,GT,ELMOUROUJ,18,VL1900,1.0,54.003,8.0
06751,2025-07-20,0,GT,ELMOUROUJ,18,VL1900,1.0,80.362,25.0
06751,2025-08-29,5,GT,ELMOUROUJ,18,VL1900,1.0,465.36,202.0
06751,2025-09-15,1,GT,ELMOUROUJ,18,VL1900,1.0,19.906,1.0
06751,2025-09-22,1,GT,ELMOUROUJ,18,VL1900,1.0,16.007,3.0
06751,2025-10-02,4,GT,ELMOUROUJ,18,VL1900,1.0,221.98,60.0
06751,2025-11-04,2,GT,ELMOUROUJ,18,VL1900,1.0,8.671,1.0
06751,2025-12-19,5,GT,ELMOUROUJ,18,VL1900,1.0,28.935,12.0
06752,2025-05-30,5,GT,FOUCHANA,18,VL1900,1.0,20.275,24.0
06752,2025-06-04,3,GT,FOUCHANA,18,VL1900,1.0,20.275,24.0
06752,2025-06-09,1,GT,FOUCHANA,18,VL1900,1.0,9.128,1.0
06752,2025-07-19,6,GT,FOUCHANA,18,VL1900,1.0,108.004,12.0
06752,2025-07-21,1,GT,FOUCHANA,18,VL1900,1.0,19.617,40.0
06753,2025-02-27,4,GT,FOUCHANA,18,VL1900,1.0,23.188,24.0
06753,2025-05-30,5,GT,FOUCHANA,18,VL1900,1.0,20.275,24.0
06753,2025-06-30,1,GT,FOUCHANA,18,VL1900,1.0,24.729,6.0
06753,2025-07-19,6,GT,FOUCHANA,18,VL1900,1.0,20.275,24.0
06753,2025-09-17,3,GT,FOUCHANA,18,VL1900,1.0,19.617,40.0
06753,2025-12-01,1,GT,FOUCHANA,18,VL1900,1.0,9.128,1.0
06754,2025-05-26,1,GT,EZZOUHOUR,18,VL1900,1.0,79.33,1.0
06754,2025-07-12,6,GT,EZZOUHOUR,18,VL1900,1.0,13.012,1.0
06754,2025-07-26,6,GT,EZZOUHOUR,18,VL1900,1.0,87.445,1.0
06754,2025-08-12,2,GT,EZZOUHOUR,18,VL1900,1.0,19.617,40.0
06754,2025-08-25,1,GT,EZZOUHOUR,18,VL1900,1.0,1722.496,5.0
06754,2025-08-30,6,GT,EZZOUHOUR,18,VL1900,1.0,64.03,24.0
06754,2025-09-08,1,GT,EZZOUHOUR,18,VL1900,1.0,19.617,40.0
06754,2025-10-15,3,GT,EZZOUHOUR,18,VL1900,1.0,160.494,24.0
06754,2025-12-30,2,GT,EZZOUHOUR,18,VL1900,1.0,42.975,1.0
06755,2025-01-05,0,GT,ELOUERDIA,18,VL1900,1.0,35.098,1.0
06755,2025-02-06,4,GT,ELOUERDIA,18,VL1900,1.0,44.885,1.0
06755,2025-02-24,1,GT,ELOUERDIA,18,VL1900,1.0,34.011,1.0
06755,2025-05-24,6,GT,ELOUERDIA,18,VL1900,1.0,58.806,25.0
06755,2025-05-27,2,GT,ELOUERDIA,18,VL1900,1.0,9.128,1.0
06755,2025-06-01,0,GT,ELOUERDIA,18,VL1900,1.0,9.128,1.0
06755,2025-06-11,3,GT,ELOUERDIA,18,VL1900,1.0,20.275,24.0
06755,2025-07-04,5,GT,ELOUERDIA,18,VL1900,1.0,20.275,24.0
06755,2025-07-13,0,GT,ELOUERDIA,18,VL1900,1.0,20.275,24.0
06755,2025-08-04,1,GT,ELOUERDIA,18,VL1900,1.0,21.907,24.0
06755,2025-08-29,5,GT,ELOUERDIA,18,VL1900,1.0,75.344,121.0
06755,2025-09-14,0,GT,ELOUERDIA,18,VL1900,1.0,36.996,20.0
06755,2025-09-23,2,GT,ELOUERDIA,18,VL1900,1.0,43.376,1.0
06755,2025-10-18,6,GT,ELOUERDIA,18,VL1900,1.0,8.671,1.0
06755,2025-12-09,2,GT,ELOUERDIA,18,VL1900,1.0,59.972,1.0
06756,2025-05-19,1,GT,FOUCHANA,18,VL1900,1.0,25.247,12.0
06756,2025-05-21,3,GT,FOUCHANA,18,VL1900,1.0,25.247,12.0
06756,2025-06-03,2,GT,FOUCHANA,18,VL1900,1.0,21.774,3.0
06756,2025-06-17,2,GT,FOUCHANA,18,VL1900,1.0,8.83,1.0
06756,2025-06-30,1,GT,FOUCHANA,18,VL1900,1.0,37.418,1.0
06756,2025-07-19,6,GT,FOUCHANA,18,VL1900,1.0,13.012,1.0
06756,2025-08-04,1,GT,FOUCHANA,18,VL1900,1.0,19.906,1.0
06757,2025-01-19,0,GT,EZZOUHOUR,18,VL1900,1.0,47.442,7.0
06757,2025-02-22,6,GT,EZZOUHOUR,18,VL1900,1.0,114.696,1.0
06757,2025-03-08,6,GT,EZZOUHOUR,18,VL1900,1.0,23.188,24.0
06757,2025-05-18,0,GT,EZZOUHOUR,18,VL1900,1.0,9.051,1.0
06757,2025-05-26,1,GT,EZZOUHOUR,18,VL1900,1.0,24.004,24.0
06757,2025-06-08,0,GT,EZZOUHOUR,18,VL1900,1.0,22.502,5.0
06757,2025-06-22,0,GT,EZZOUHOUR,18,VL1900,1.0,106.801,1.0
06757,2025-07-01,2,GT,EZZOUHOUR,18,VL1900,1.0,19.617,40.0
06757,2025-07-12,6,GT,EZZOUHOUR,18,VL1900,1.0,14.272,60.0
06757,2025-07-18,5,GT,EZZOUHOUR,18,VL1900,1.0,14.272,60.0
06757,2025-08-12,2,GT,EZZOUHOUR,18,VL1900,1.0,21.907,24.0
06757,2025-10-15,3,GT,EZZOUHOUR,18,VL1900,1.0,57.097,24.0
06757,2025-11-29,6,GT,EZZOUHOUR,18,VL1900,1.0,32.663,1.0
06757,2025-12-08,1,GT,EZZOUHOUR,18,VL1900,1.0,16.022,60.0
06758,2025-01-19,0,GT,EZZOUHOUR,18,VL1900,1.0,31.476,5.0
06758,2025-05-18,0,GT,EZZOUHOUR,18,VL1900,1.0,23.272,1.0
06758,2025-06-02,1,GT,EZZOUHOUR,18,VL1900,1.0,9.678,4.0
06758,2025-06-11,3,GT,EZZOUHOUR,18,VL1900,1.0,402.6480000000001,10.0
06758,2025-06-17,2,GT,EZZOUHOUR,18,VL1900,1.0,20.275,24.0
06758,2025-07-05,6,GT,EZZOUHOUR,18,VL1900,1.0,13.012,1.0
06758,2025-07-18,5,GT,EZZOUHOUR,18,VL1900,1.0,182.478,72.0
06758,2025-08-12,2,GT,EZZOUHOUR,18,VL1900,1.0,21.907,24.0
06758,2025-08-31,0,GT,EZZOUHOUR,18,VL1900,1.0,22.401,1.0
06758,2025-09-16,2,GT,EZZOUHOUR,18,VL1900,1.0,37.676,24.0
06758,2025-09-19,5,GT,EZZOUHOUR,18,VL1900,1.0,32.663,1.0
06758,2025-10-04,6,GT,EZZOUHOUR,18,VL1900,1.0,18.257,2.0
06758,2025-10-15,3,GT,EZZOUHOUR,18,VL1900,1.0,57.097,24.0
06758,2025-10-25,6,GT,EZZOUHOUR,18,VL1900,1.0,23.188,24.0
06758,2025-11-01,6,GT,EZZOUHOUR,18,VL1900,1.0,19.617,40.0
06758,2025-11-21,5,GT,EZZOUHOUR,18,VL1900,1.0,19.617,40.0
06759,2025-05-17,6,GT,ELMOUROUJ,18,VL1900,1.0,68.596,13.0
06759,2025-05-24,6,GT,ELMOUROUJ,18,VL1900,1.0,20.275,24.0
06759,2025-05-27,2,GT,ELMOUROUJ,18,VL1900,1.0,9.051,1.0
06759,2025-05-30,5,GT,ELMOUROUJ,18,VL1900,1.0,33.753,5.0
06759,2025-06-06,5,GT,ELMOUROUJ,18,VL1900,1.0,22.502,5.0
06759,2025-06-16,1,GT,ELMOUROUJ,18,VL1900,1.0,8.83,1.0
06759,2025-06-20,5,GT,ELMOUROUJ,18,VL1900,1.0,50.494,24.0
06759,2025-06-29,0,GT,ELMOUROUJ,18,VL1900,1.0,27.0,4.0
06759,2025-07-20,0,GT,ELMOUROUJ,18,VL1900,1.0,19.617,40.0
06759,2025-09-01,1,GT,ELMOUROUJ,18,VL1900,1.0,34.957,12.0
06759,2025-09-09,2,GT,ELMOUROUJ,18,VL1900,1.0,50.494,24.0
06759,2025-09-15,1,GT,ELMOUROUJ,18,VL1900,1.0,73.922,42.0
06759,2025-10-21,2,GT,ELMOUROUJ,18,VL1900,1.0,19.906,1.0
06759,2025-11-04,2,GT,ELMOUROUJ,18,VL1900,1.0,9.128,1.0
06759,2025-11-11,2,GT,ELMOUROUJ,18,VL1900,1.0,37.676,24.0
06759,2025-12-19,5,GT,ELMOUROUJ,18,VL1900,1.0,28.935,12.0
06760,2025-05-17,6,GT,MORNAG,18,VL1900,1.0,9.128,1.0
06760,2025-05-27,2,GT,MORNAG,18,VL1900,1.0,20.275,24.0
06760,2025-06-23,1,GT,MORNAG,18,VL1900,1.0,13.012,1.0
06760,2025-06-30,1,GT,MORNAG,18,VL1900,1.0,11.636,1.0
06760,2025-07-19,6,GT,MORNAG,18,VL1900,1.0,20.275,24.0
06760,2025-10-06,1,GT,MORNAG,18,VL1900,1.0,135.921,85.0
06761,2025-05-16,5,GT,ELMOUROUJ,18,VL1900,1.0,25.247,12.0
06761,2025-05-18,0,GT,ELMOUROUJ,18,VL1900,1.0,9.128,1.0
06761,2025-05-24,6,GT,ELMOUROUJ,18,VL1900,1.0,81.102,48.0
06761,2025-05-26,1,GT,ELMOUROUJ,18,VL1900,1.0,270.015,24.0
06761,2025-06-10,2,GT,ELMOUROUJ,18,VL1900,1.0,40.503,6.0
06761,2025-06-28,6,GT,ELMOUROUJ,18,VL1900,1.0,37.418,1.0
06761,2025-06-30,1,GT,ELMOUROUJ,18,VL1900,1.0,37.418,1.0
06761,2025-07-07,1,GT,ELMOUROUJ,18,VL1900,1.0,19.617,40.0
06761,2025-08-03,0,GT,ELMOUROUJ,18,VL1900,1.0,39.205,1.0
06761,2025-08-30,6,GT,ELMOUROUJ,18,VL1900,1.0,470.799,320.0
06761,2025-09-15,1,GT,ELMOUROUJ,18,VL1900,1.0,8.671,1.0
06761,2025-09-20,6,GT,ELMOUROUJ,18,VL1900,1.0,36.996,20.0
06761,2025-10-20,1,GT,ELMOUROUJ,18,VL1900,1.0,23.188,24.0
06762,2025-05-26,1,GT,EZZOUHOUR,18,VL1900,1.0,9.051,1.0
06762,2025-06-08,0,GT,EZZOUHOUR,18,VL1900,1.0,72.004,8.0
06762,2025-06-17,2,GT,EZZOUHOUR,18,VL1900,1.0,20.275,24.0
06762,2025-07-04,5,GT,EZZOUHOUR,18,VL1900,1.0,20.275,24.0
06762,2025-07-12,6,GT,EZZOUHOUR,18,VL1900,1.0,13.012,1.0
06762,2025-07-19,6,GT,EZZOUHOUR,18,VL1900,1.0,20.275,24.0
06762,2025-08-30,6,GT,EZZOUHOUR,18,VL1900,1.0,103.318,1.0
06762,2025-09-08,1,GT,EZZOUHOUR,18,VL1900,1.0,29.035,12.0
06762,2025-10-15,3,GT,EZZOUHOUR,18,VL1900,1.0,83.531,1.0
06763,2025-01-31,5,GT,EZZOUHOUR,18,VL1900,1.0,24.004,24.0
06763,2025-02-21,5,GT,EZZOUHOUR,18,VL1900,1.0,83.737,1.0
06763,2025-05-16,5,GT,EZZOUHOUR,18,VL1900,1.0,9.128,1.0
06763,2025-06-08,0,GT,EZZOUHOUR,18,VL1900,1.0,11.636,1.0
06763,2025-06-28,6,GT,EZZOUHOUR,18,VL1900,1.0,33.986,1.0
06763,2025-07-08,2,GT,EZZOUHOUR,18,VL1900,1.0,19.617,40.0
06763,2025-07-12,6,GT,EZZOUHOUR,18,VL1900,1.0,121.652,72.0
06763,2025-07-19,6,GT,EZZOUHOUR,18,VL1900,1.0,14.272,60.0
06763,2025-07-25,5,GT,EZZOUHOUR,18,VL1900,1.0,54.411,1.0
06763,2025-09-21,0,GT,EZZOUHOUR,18,VL1900,1.0,37.418,1.0
06763,2025-10-15,3,GT,EZZOUHOUR,18,VL1900,1.0,43.872,1.0
06763,2025-12-10,3,GT,EZZOUHOUR,18,VL1900,1.0,92.812,1.0
06764,2025-01-13,1,GT,EZZOUHOUR,18,VL1900,1.0,60.64,3.0
06764,2025-02-08,6,GT,EZZOUHOUR,18,VL1900,1.0,74.955,1.0
06764,2025-03-03,1,GT,EZZOUHOUR,18,VL1900,1.0,17.09,60.0
06764,2025-05-16,5,GT,EZZOUHOUR,18,VL1900,1.0,25.247,12.0
06764,2025-05-25,0,GT,EZZOUHOUR,18,VL1900,1.0,20.275,24.0
06764,2025-06-06,5,GT,EZZOUHOUR,18,VL1900,1.0,9.0,4.0
06764,2025-06-17,2,GT,EZZOUHOUR,18,VL1900,1.0,24.004,24.0
06764,2025-06-28,6,GT,EZZOUHOUR,18,VL1900,1.0,54.411,1.0
06764,2025-07-04,5,GT,EZZOUHOUR,18,VL1900,1.0,13.012,1.0
06764,2025-07-19,6,GT,EZZOUHOUR,18,VL1900,1.0,567.324,72.0
06764,2025-07-25,5,GT,EZZOUHOUR,18,VL1900,1.0,37.418,1.0
06764,2025-08-09,6,GT,EZZOUHOUR,18,VL1900,1.0,54.003,24.0
06764,2025-09-21,0,GT,EZZOUHOUR,18,VL1900,1.0,79.33,1.0
06764,2025-10-15,3,GT,EZZOUHOUR,18,VL1900,1.0,57.097,24.0
06764,2025-11-08,6,GT,EZZOUHOUR,18,VL1900,1.0,54.411,1.0
06764,2025-12-10,3,GT,EZZOUHOUR,18,VL1900,1.0,44.501,1.0
06765,2025-05-16,5,GT,EZZOUHOUR,18,VL1900,1.0,25.247,12.0
06765,2025-05-20,2,GT,EZZOUHOUR,18,VL1900,1.0,9.051,1.0
06765,2025-05-24,6,GT,EZZOUHOUR,18,VL1900,1.0,44.435,24.0
06765,2025-06-04,3,GT,EZZOUHOUR,18,VL1900,1.0,9.128,1.0
06765,2025-06-11,3,GT,EZZOUHOUR,18,VL1900,1.0,11.251,5.0
06765,2025-07-01,2,GT,EZZOUHOUR,18,VL1900,1.0,19.617,40.0
06765,2025-07-18,5,GT,EZZOUHOUR,18,VL1900,1.0,81.102,48.0
06765,2025-08-09,6,GT,EZZOUHOUR,18,VL1900,1.0,50.494,24.0
06765,2025-09-20,6,GT,EZZOUHOUR,18,VL1900,1.0,36.996,20.0
06765,2025-10-15,3,GT,EZZOUHOUR,18,VL1900,1.0,57.097,24.0
06765,2025-11-01,6,GT,EZZOUHOUR,18,VL1900,1.0,19.617,40.0
06766,2025-01-19,0,GT,SIDJOUMI,18,VL1900,1.0,44.501,1.0
06766,2025-02-16,0,GT,SIDJOUMI,18,VL1900,1.0,23.188,24.0
06766,2025-03-10,1,GT,SIDJOUMI,18,VL1900,1.0,116.088,1.0
06766,2025-05-14,3,GT,SIDJOUMI,18,VL1900,1.0,117.272,4.0
06766,2025-05-24,6,GT,SIDJOUMI,18,VL1900,1.0,20.275,24.0
06766,2025-05-27,2,GT,SIDJOUMI,18,VL1900,1.0,63.008,7.0
06766,2025-06-03,2,GT,SIDJOUMI,18,VL1900,1.0,11.038,1.0
06766,2025-06-06,5,GT,SIDJOUMI,18,VL1900,1.0,106.801,1.0
06766,2025-06-11,3,GT,SIDJOUMI,18,VL1900,1.0,24.004,24.0
06766,2025-06-17,2,GT,SIDJOUMI,18,VL1900,1.0,20.275,24.0
06766,2025-06-27,5,GT,SIDJOUMI,18,VL1900,1.0,71.422,1.0
06766,2025-07-01,2,GT,SIDJOUMI,18,VL1900,1.0,19.617,40.0
06766,2025-07-05,6,GT,SIDJOUMI,18,VL1900,1.0,14.272,60.0
06766,2025-07-16,3,GT,SIDJOUMI,18,VL1900,1.0,9.128,1.0
06766,2025-07-22,2,GT,SIDJOUMI,18,VL1900,1.0,19.617,40.0
06766,2025-08-04,1,GT,SIDJOUMI,18,VL1900,1.0,103.318,1.0
06766,2025-09-12,5,GT,SIDJOUMI,18,VL1900,1.0,705.836,5.0
06766,2025-10-04,6,GT,SIDJOUMI,18,VL1900,1.0,161.666,41.0
06766,2025-10-10,5,GT,SIDJOUMI,18,VL1900,1.0,103.163,1.0
06766,2025-10-14,2,GT,SIDJOUMI,18,VL1900,1.0,19.617,40.0
06766,2025-10-18,6,GT,SIDJOUMI,18,VL1900,1.0,12.596,1.0
06766,2025-11-09,0,GT,SIDJOUMI,18,VL1900,1.0,19.617,40.0
06767,2025-02-06,4,GT,SIDIELBECHIR,18,VL1900,1.0,56.114,1.0
06767,2025-02-14,5,GT,SIDIELBECHIR,18,VL1900,1.0,31.03,1.0
06767,2025-03-13,4,GT,SIDIELBECHIR,18,VL1900,1.0,9.905,1.0
06767,2025-05-14,3,GT,SIDIELBECHIR,18,VL1900,1.0,18.257,2.0
06767,2025-05-16,5,GT,SIDIELBECHIR,18,VL1900,1.0,10.658,1.0
06767,2025-05-24,6,GT,SIDIELBECHIR,18,VL1900,1.0,58.806,25.0
06767,2025-05-26,1,GT,SIDIELBECHIR,18,VL1900,1.0,23.272,1.0
06767,2025-06-07,6,GT,SIDIELBECHIR,18,VL1900,1.0,54.003,24.0
06767,2025-06-18,3,GT,SIDIELBECHIR,18,VL1900,1.0,36.996,20.0
06767,2025-06-22,0,GT,SIDIELBECHIR,18,VL1900,1.0,13.012,1.0
06767,2025-06-28,6,GT,SIDIELBECHIR,18,VL1900,1.0,33.986,1.0
06767,2025-07-04,5,GT,SIDIELBECHIR,18,VL1900,1.0,20.275,24.0
06767,2025-07-13,0,GT,SIDIELBECHIR,18,VL1900,1.0,27.616,24.0
06767,2025-08-04,1,GT,SIDIELBECHIR,18,VL1900,1.0,19.617,40.0
06767,2025-08-09,6,GT,SIDIELBECHIR,18,VL1900,1.0,9.128,1.0
06767,2025-08-20,3,GT,SIDIELBECHIR,18,VL1900,1.0,36.514,2.0
06767,2025-09-14,0,GT,SIDIELBECHIR,18,VL1900,1.0,45.886,61.0
06767,2025-10-04,6,GT,SIDIELBECHIR,18,VL1900,1.0,36.996,20.0
06767,2025-10-18,6,GT,SIDIELBECHIR,18,VL1900,1.0,8.671,1.0
06767,2025-11-09,0,GT,SIDIELBECHIR,18,VL1900,1.0,19.617,40.0
06768,2025-05-14,3,GT,ELOUERDIA,18,VL1900,1.0,87.008,14.0
06768,2025-05-24,6,GT,ELOUERDIA,18,VL1900,1.0,20.275,24.0
06768,2025-06-08,0,GT,ELOUERDIA,18,VL1900,1.0,11.251,5.0
06768,2025-06-15,0,GT,ELOUERDIA,18,VL1900,1.0,20.275,24.0
06768,2025-06-18,3,GT,ELOUERDIA,18,VL1900,1.0,33.986,1.0
06768,2025-06-28,6,GT,ELOUERDIA,18,VL1900,1.0,13.323,1.0
06768,2025-07-07,1,GT,ELOUERDIA,18,VL1900,1.0,13.012,1.0
06768,2025-07-13,0,GT,ELOUERDIA,18,VL1900,1.0,27.001,12.0
06768,2025-08-04,1,GT,ELOUERDIA,18,VL1900,1.0,19.906,1.0
06768,2025-09-14,0,GT,ELOUERDIA,18,VL1900,1.0,56.576,41.0
06768,2025-09-19,5,GT,ELOUERDIA,18,VL1900,1.0,116.088,1.0
06768,2025-10-04,6,GT,ELOUERDIA,18,VL1900,1.0,19.617,40.0
06769,2025-01-11,6,GT,ELMOUROUJ,18,VL1900,1.0,25.194,1.0
06769,2025-05-13,2,GT,ELMOUROUJ,18,VL1900,1.0,68.75,13.0
06769,2025-05-18,0,GT,ELMOUROUJ,18,VL1900,1.0,116.088,1.0
06769,2025-05-27,2,GT,ELMOUROUJ,18,VL1900,1.0,36.0,4.0
06769,2025-06-15,0,GT,ELMOUROUJ,18,VL1900,1.0,11.636,1.0
06769,2025-06-23,1,GT,ELMOUROUJ,18,VL1900,1.0,40.503,6.0
06769,2025-07-06,0,GT,ELMOUROUJ,18,VL1900,1.0,13.34,5.0
06769,2025-08-12,2,GT,ELMOUROUJ,18,VL1900,1.0,14.272,60.0
06769,2025-09-01,1,GT,ELMOUROUJ,18,VL1900,1.0,34.957,12.0
06769,2025-09-22,1,GT,ELMOUROUJ,18,VL1900,1.0,24.004,24.0
06769,2025-10-11,6,GT,ELMOUROUJ,18,VL1900,1.0,14.272,60.0
06769,2025-10-21,2,GT,ELMOUROUJ,18,VL1900,1.0,78.466,80.0
06769,2025-11-04,2,GT,ELMOUROUJ,18,VL1900,1.0,8.671,1.0
06769,2025-12-19,5,GT,ELMOUROUJ,18,VL1900,1.0,28.935,12.0
06770,2025-05-13,2,GT,FOUCHANA,18,VL1900,1.0,9.128,1.0
06770,2025-06-09,1,GT,FOUCHANA,18,VL1900,1.0,24.004,24.0
06770,2025-06-16,1,GT,FOUCHANA,18,VL1900,1.0,31.516,2.0
06770,2025-06-30,1,GT,FOUCHANA,18,VL1900,1.0,11.636,1.0
06770,2025-07-19,6,GT,FOUCHANA,18,VL1900,1.0,20.275,24.0
06770,2025-08-12,2,GT,FOUCHANA,18,VL1900,1.0,21.907,24.0
06770,2025-11-03,1,GT,FOUCHANA,18,VL1900,1.0,9.128,1.0
06770,2025-12-01,1,GT,FOUCHANA,18,VL1900,1.0,16.022,60.0
06770,2025-12-27,6,GT,FOUCHANA,18,VL1900,1.0,62.802,1.0
06771,2025-02-17,1,GT,ELMOUROUJ,18,VL1900,1.0,116.088,1.0
06771,2025-05-13,2,GT,ELMOUROUJ,18,VL1900,1.0,25.247,12.0
06771,2025-05-30,5,GT,ELMOUROUJ,18,VL1900,1.0,9.051,1.0
06771,2025-06-01,0,GT,ELMOUROUJ,18,VL1900,1.0,9.128,1.0
06771,2025-06-09,1,GT,ELMOUROUJ,18,VL1900,1.0,45.002,10.0
06771,2025-06-23,1,GT,ELMOUROUJ,18,VL1900,1.0,27.002,6.0
06771,2025-07-20,0,GT,ELMOUROUJ,18,VL1900,1.0,19.906,1.0
06771,2025-09-15,1,GT,ELMOUROUJ,18,VL1900,1.0,8.671,1.0
06771,2025-09-22,1,GT,ELMOUROUJ,18,VL1900,1.0,54.411,1.0
06771,2025-10-02,4,GT,ELMOUROUJ,18,VL1900,1.0,176.55,120.0
06771,2025-12-19,5,GT,ELMOUROUJ,18,VL1900,1.0,28.935,12.0
06772,2025-01-03,5,GT,SIDJOUMI,18,VL1900,1.0,25.194,1.0
06772,2025-01-19,0,GT,SIDJOUMI,18,VL1900,1.0,135.548,10.0
06772,2025-02-09,0,GT,SIDJOUMI,18,VL1900,1.0,40.426,2.0
06772,2025-02-16,0,GT,SIDJOUMI,18,VL1900,1.0,116.088,1.0
06772,2025-05-13,2,GT,SIDJOUMI,18,VL1900,1.0,121.904,18.0
06772,2025-05-26,1,GT,SIDJOUMI,18,VL1900,1.0,23.272,1.0
06772,2025-06-01,0,GT,SIDJOUMI,18,VL1900,1.0,11.038,1.0
06772,2025-06-11,3,GT,SIDJOUMI,18,VL1900,1.0,20.275,24.0
06772,2025-06-22,0,GT,SIDJOUMI,18,VL1900,1.0,50.494,24.0
06772,2025-07-05,6,GT,SIDJOUMI,18,VL1900,1.0,13.012,1.0
06772,2025-07-18,5,GT,SIDJOUMI,18,VL1900,1.0,66.574,25.0
06772,2025-08-13,3,GT,SIDJOUMI,18,VL1900,1.0,50.494,24.0
06772,2025-09-02,2,GT,SIDJOUMI,18,VL1900,1.0,27.616,24.0
06772,2025-09-16,2,GT,SIDJOUMI,18,VL1900,1.0,38.453,12.0
06772,2025-09-23,2,GT,SIDJOUMI,18,VL1900,1.0,30.943,1.0
06772,2025-10-15,3,GT,SIDJOUMI,18,VL1900,1.0,62.802,1.0
06772,2025-10-25,6,GT,SIDJOUMI,18,VL1900,1.0,12.596,1.0
06772,2025-11-03,1,GT,SIDJOUMI,18,VL1900,1.0,42.554,2.0
06772,2025-11-17,1,GT,SIDJOUMI,18,VL1900,1.0,70.555,1.0
06773,2025-01-11,6,GT,ELMOUROUJ,18,VL1900,1.0,110.284,1.0
06773,2025-01-25,6,GT,ELMOUROUJ,18,VL1900,1.0,110.284,1.0
06773,2025-05-26,1,GT,ELMOUROUJ,18,VL1900,1.0,24.004,24.0
06773,2025-05-30,5,GT,ELMOUROUJ,18,VL1900,1.0,36.0,4.0
06773,2025-06-09,1,GT,ELMOUROUJ,18,VL1900,1.0,67.503,10.0
06773,2025-06-20,5,GT,ELMOUROUJ,18,VL1900,1.0,50.494,24.0
06773,2025-06-23,1,GT,ELMOUROUJ,18,VL1900,1.0,13.012,1.0
06773,2025-06-29,0,GT,ELMOUROUJ,18,VL1900,1.0,11.251,5.0
06773,2025-07-20,0,GT,ELMOUROUJ,18,VL1900,1.0,40.551,48.0
06773,2025-09-09,2,GT,ELMOUROUJ,18,VL1900,1.0,27.616,24.0
06773,2025-09-15,1,GT,ELMOUROUJ,18,VL1900,1.0,19.906,1.0
06773,2025-09-27,6,GT,ELMOUROUJ,18,VL1900,1.0,8.671,1.0
06773,2025-11-11,2,GT,ELMOUROUJ,18,VL1900,1.0,35.546,1.0
06773,2025-11-30,0,GT,ELMOUROUJ,18,VL1900,1.0,61.884,1.0
06773,2025-12-13,6,GT,ELMOUROUJ,18,VL1900,1.0,60.69,1.0
06773,2025-12-23,2,GT,ELMOUROUJ,18,VL1900,1.0,61.884,1.0
06774,2025-01-16,4,GT,ELOUERDIA,18,VL1900,1.0,24.004,24.0
06774,2025-01-30,4,GT,ELOUERDIA,18,VL1900,1.0,36.996,20.0
06774,2025-02-14,5,GT,ELOUERDIA,18,VL1900,1.0,59.848,1.0
06774,2025-03-13,4,GT,ELOUERDIA,18,VL1900,1.0,23.188,24.0
06774,2025-05-11,0,GT,ELOUERDIA,18,VL1900,1.0,20.275,24.0
06774,2025-06-04,3,GT,ELOUERDIA,18,VL1900,1.0,37.418,1.0
06774,2025-06-07,6,GT,ELOUERDIA,18,VL1900,1.0,176.496,26.0
06774,2025-07-04,5,GT,ELOUERDIA,18,VL1900,1.0,20.275,24.0
06774,2025-07-13,0,GT,ELOUERDIA,18,VL1900,1.0,27.616,24.0
06774,2025-08-04,1,GT,ELOUERDIA,18,VL1900,1.0,67.776,100.0
06774,2025-09-01,1,GT,ELOUERDIA,18,VL1900,1.0,50.494,24.0
06774,2025-09-23,2,GT,ELOUERDIA,18,VL1900,1.0,43.376,1.0
06774,2025-10-04,6,GT,ELOUERDIA,18,VL1900,1.0,19.617,40.0
06774,2025-12-02,2,GT,ELOUERDIA,18,VL1900,1.0,60.056,4.0
06774,2025-12-26,5,GT,ELOUERDIA,18,VL1900,1.0,32.663,1.0
06775,2025-01-30,4,GT,ELOUERDIA,18,VL1900,1.0,59.848,1.0
06775,2025-02-06,4,GT,ELOUERDIA,18,VL1900,1.0,37.652,5.0
06775,2025-02-24,1,GT,ELOUERDIA,18,VL1900,1.0,34.011,1.0
06775,2025-05-11,0,GT,ELOUERDIA,18,VL1900,1.0,20.275,24.0
06775,2025-05-26,1,GT,ELOUERDIA,18,VL1900,1.0,36.514,2.0
06775,2025-06-08,0,GT,ELOUERDIA,18,VL1900,1.0,20.275,24.0
06775,2025-06-15,0,GT,ELOUERDIA,18,VL1900,1.0,20.275,24.0
06775,2025-06-18,3,GT,ELOUERDIA,18,VL1900,1.0,20.275,24.0
06775,2025-06-28,6,GT,ELOUERDIA,18,VL1900,1.0,11.636,1.0
06775,2025-07-07,1,GT,ELOUERDIA,18,VL1900,1.0,19.617,40.0
06775,2025-07-13,0,GT,ELOUERDIA,18,VL1900,1.0,27.616,24.0
06775,2025-08-04,1,GT,ELOUERDIA,18,VL1900,1.0,21.907,24.0
06775,2025-10-04,6,GT,ELOUERDIA,18,VL1900,1.0,19.617,40.0
06775,2025-11-07,5,GT,ELOUERDIA,18,VL1900,1.0,37.676,24.0
06776,2025-03-09,0,GT,ELOUERDIA,18,VL1900,1.0,54.242,24.0
06776,2025-05-11,0,GT,ELOUERDIA,18,VL1900,1.0,20.275,24.0
06776,2025-05-21,3,GT,ELOUERDIA,18,VL1900,1.0,9.128,1.0
06776,2025-05-24,6,GT,ELOUERDIA,18,VL1900,1.0,20.275,24.0
06776,2025-05-30,5,GT,ELOUERDIA,18,VL1900,1.0,20.275,24.0
06776,2025-06-04,3,GT,ELOUERDIA,18,VL1900,1.0,11.038,1.0
06776,2025-06-08,0,GT,ELOUERDIA,18,VL1900,1.0,11.251,5.0
06776,2025-06-25,3,GT,ELOUERDIA,18,VL1900,1.0,20.275,24.0
06776,2025-07-04,5,GT,ELOUERDIA,18,VL1900,1.0,20.275,24.0
06776,2025-07-13,0,GT,ELOUERDIA,18,VL1900,1.0,13.012,1.0
06776,2025-08-04,1,GT,ELOUERDIA,18,VL1900,1.0,9.128,1.0
06776,2025-08-20,3,GT,ELOUERDIA,18,VL1900,1.0,19.906,1.0
06776,2025-09-14,0,GT,ELOUERDIA,18,VL1900,1.0,14.272,60.0
06776,2025-09-29,1,GT,ELOUERDIA,18,VL1900,1.0,19.906,1.0
06776,2025-10-04,6,GT,ELOUERDIA,18,VL1900,1.0,19.617,40.0
06776,2025-10-26,0,GT,ELOUERDIA,18,VL1900,1.0,19.906,1.0
06777,2025-01-03,5,GT,SIDJOUMI,18,VL1900,1.0,25.194,1.0
06777,2025-01-19,0,GT,SIDJOUMI,18,VL1900,1.0,54.219,8.0
06777,2025-03-07,5,GT,SIDJOUMI,18,VL1900,1.0,35.098,1.0
06777,2025-05-14,3,GT,SIDJOUMI,18,VL1900,1.0,24.349,1.0
06777,2025-05-17,6,GT,SIDJOUMI,18,VL1900,1.0,9.128,1.0
06777,2025-05-28,3,GT,SIDJOUMI,18,VL1900,1.0,20.275,24.0
06777,2025-06-04,3,GT,SIDJOUMI,18,VL1900,1.0,9.128,1.0
06777,2025-06-22,0,GT,SIDJOUMI,18,VL1900,1.0,13.012,1.0
06777,2025-07-01,2,GT,SIDJOUMI,18,VL1900,1.0,19.617,40.0
06777,2025-07-11,5,GT,SIDJOUMI,18,VL1900,1.0,11.636,1.0
06777,2025-07-18,5,GT,SIDJOUMI,18,VL1900,1.0,19.617,40.0
06777,2025-07-22,2,GT,SIDJOUMI,18,VL1900,1.0,20.275,24.0
06777,2025-08-13,3,GT,SIDJOUMI,18,VL1900,1.0,21.907,24.0
06777,2025-09-12,5,GT,SIDJOUMI,18,VL1900,1.0,216.036,72.0
06777,2025-10-05,0,GT,SIDJOUMI,18,VL1900,1.0,19.617,40.0
06777,2025-10-11,6,GT,SIDJOUMI,18,VL1900,1.0,14.272,60.0
06777,2025-10-18,6,GT,SIDJOUMI,18,VL1900,1.0,23.188,24.0
06777,2025-10-25,6,GT,SIDJOUMI,18,VL1900,1.0,23.188,24.0
06777,2025-11-21,5,GT,SIDJOUMI,18,VL1900,1.0,13.705,1.0
06778,2025-01-18,6,GT,ELMOUROUJ,18,VL1900,1.0,68.022,2.0
06778,2025-02-04,2,GT,ELMOUROUJ,18,VL1900,1.0,35.098,1.0
06778,2025-05-10,6,GT,ELMOUROUJ,18,VL1900,1.0,122.118,25.0
06778,2025-05-21,3,GT,ELMOUROUJ,18,VL1900,1.0,416.385,3.0
06778,2025-05-26,1,GT,ELMOUROUJ,18,VL1900,1.0,64.546,5.0
06778,2025-06-10,2,GT,ELMOUROUJ,18,VL1900,1.0,36.002,8.0
06778,2025-06-25,3,GT,ELMOUROUJ,18,VL1900,1.0,30.503,1.0
06778,2025-07-06,0,GT,ELMOUROUJ,18,VL1900,1.0,19.617,40.0
06778,2025-07-20,0,GT,ELMOUROUJ,18,VL1900,1.0,13.012,1.0
06778,2025-09-01,1,GT,ELMOUROUJ,18,VL1900,1.0,34.957,12.0
06778,2025-09-09,2,GT,ELMOUROUJ,18,VL1900,1.0,50.494,24.0
06778,2025-09-27,6,GT,ELMOUROUJ,18,VL1900,1.0,24.004,24.0
06778,2025-10-02,4,GT,ELMOUROUJ,18,VL1900,1.0,358.98,85.0
06778,2025-11-04,2,GT,ELMOUROUJ,18,VL1900,1.0,54.411,1.0
06778,2025-12-19,5,GT,ELMOUROUJ,18,VL1900,1.0,28.935,12.0
06779,2025-01-12,0,GT,ELMOUROUJ,18,VL1900,1.0,78.408,1.0
06779,2025-01-18,6,GT,ELMOUROUJ,18,VL1900,1.0,313.632,2.0
06779,2025-02-04,2,GT,ELMOUROUJ,18,VL1900,1.0,51.442,1.0
06779,2025-02-07,5,GT,ELMOUROUJ,18,VL1900,1.0,39.76,3.0
06779,2025-05-12,1,GT,ELMOUROUJ,18,VL1900,1.0,3151.392,11.0
06779,2025-05-19,1,GT,ELMOUROUJ,18,VL1900,1.0,1203.03,26.0
06779,2025-06-01,0,GT,ELMOUROUJ,18,VL1900,1.0,1286.14,51.0
06779,2025-06-06,5,GT,ELMOUROUJ,18,VL1900,1.0,236.874,2.0
06779,2025-06-09,1,GT,ELMOUROUJ,18,VL1900,1.0,41.215,10.0
06779,2025-06-20,5,GT,ELMOUROUJ,18,VL1900,1.0,50.494,24.0
06779,2025-06-29,0,GT,ELMOUROUJ,18,VL1900,1.0,90.004,10.0
06779,2025-07-06,0,GT,ELMOUROUJ,18,VL1900,1.0,19.617,40.0
06779,2025-07-20,0,GT,ELMOUROUJ,18,VL1900,1.0,197.268,2.0
06779,2025-07-30,3,GT,ELMOUROUJ,18,VL1900,1.0,64.03,24.0
06779,2025-08-09,6,GT,ELMOUROUJ,18,VL1900,1.0,37.418,1.0
06779,2025-08-29,5,GT,ELMOUROUJ,18,VL1900,1.0,700.899,3.0
06779,2025-09-17,3,GT,ELMOUROUJ,18,VL1900,1.0,220.568,2.0
06779,2025-10-11,6,GT,ELMOUROUJ,18,VL1900,1.0,48.591,1.0
06779,2025-11-04,2,GT,ELMOUROUJ,18,VL1900,1.0,51.737,1.0
06779,2025-11-24,1,GT,ELMOUROUJ,18,VL1900,1.0,70.555,1.0
06779,2025-12-02,2,GT,ELMOUROUJ,18,VL1900,1.0,184.698,2.0
06779,2025-12-07,0,GT,ELMOUROUJ,18,VL1900,1.0,5091.289000000001,129.0
06779,2025-12-10,3,GT,ELMOUROUJ,18,VL1900,1.0,24.004,24.0
06779,2025-12-13,6,GT,ELMOUROUJ,18,VL1900,1.0,348.909,3.0
06779,2025-12-19,5,GT,ELMOUROUJ,18,VL1900,1.0,28.935,12.0
06779,2025-12-23,2,GT,ELMOUROUJ,18,VL1900,1.0,306.376,13.0
06780,2025-01-04,6,GT,ELMOUROUJ,18,VL1900,1.0,41.91,1.0
06780,2025-01-18,6,GT,ELMOUROUJ,18,VL1900,1.0,83.737,1.0
06780,2025-05-17,6,GT,ELMOUROUJ,18,VL1900,1.0,24.349,1.0
06780,2025-05-28,3,GT,ELMOUROUJ,18,VL1900,1.0,9.051,1.0
06780,2025-06-06,5,GT,ELMOUROUJ,18,VL1900,1.0,31.85,1.0
06780,2025-06-09,1,GT,ELMOUROUJ,18,VL1900,1.0,64.486,6.0
06780,2025-06-20,5,GT,ELMOUROUJ,18,VL1900,1.0,11.636,1.0
06780,2025-06-25,3,GT,ELMOUROUJ,18,VL1900,1.0,50.494,24.0
06780,2025-07-06,0,GT,ELMOUROUJ,18,VL1900,1.0,19.617,40.0
06780,2025-07-20,0,GT,ELMOUROUJ,18,VL1900,1.0,13.012,1.0
06780,2025-07-30,3,GT,ELMOUROUJ,18,VL1900,1.0,137.502,26.0
06780,2025-09-27,6,GT,ELMOUROUJ,18,VL1900,1.0,39.813,2.0
06780,2025-11-11,2,GT,ELMOUROUJ,18,VL1900,1.0,37.676,24.0
06780,2025-12-19,5,GT,ELMOUROUJ,18,VL1900,1.0,28.935,12.0
06783,2025-06-14,6,CAPBON,Inconnue,18,VL1900,1.0,81.102,48.0
06784,2025-06-14,6,CAPBON,Inconnue,18,VL1900,1.0,65.836,2.0
06785,2025-06-14,6,CAPBON,Inconnue,18,VL1900,1.0,403.915,29.0
06786,2025-02-08,6,GT,LEBARDO,18,VL1900,1.0,41.91,1.0
06786,2025-02-21,5,GT,LEBARDO,18,VL1900,1.0,55.389,1.0
06786,2025-06-15,0,GT,LEBARDO,18,VL1900,1.0,20.275,24.0
06786,2025-07-04,5,GT,LEBARDO,18,VL1900,1.0,13.012,1.0
06786,2025-07-12,6,GT,LEBARDO,18,VL1900,1.0,27.616,24.0
06786,2025-07-19,6,GT,LEBARDO,18,VL1900,1.0,13.012,1.0
06786,2025-07-25,5,GT,LEBARDO,18,VL1900,1.0,19.617,40.0
06786,2025-09-08,1,GT,LEBARDO,18,VL1900,1.0,29.035,12.0
06786,2025-10-04,6,GT,LEBARDO,18,VL1900,1.0,61.216,1.0
06786,2025-10-15,3,GT,LEBARDO,18,VL1900,1.0,110.284,1.0
06787,2025-06-15,0,GT,LEBARDO,18,VL1900,1.0,20.275,24.0
06787,2025-06-28,6,GT,LEBARDO,18,VL1900,1.0,11.636,1.0
06787,2025-07-12,6,GT,LEBARDO,18,VL1900,1.0,50.494,24.0
06787,2025-07-19,6,GT,LEBARDO,18,VL1900,1.0,69.094,84.0
06787,2025-07-26,6,GT,LEBARDO,18,VL1900,1.0,10.672,4.0
06787,2025-08-30,6,GT,LEBARDO,18,VL1900,1.0,79.33,1.0
06787,2025-09-08,1,GT,LEBARDO,18,VL1900,1.0,14.272,60.0
06787,2025-10-15,3,GT,LEBARDO,18,VL1900,1.0,103.163,1.0
06787,2025-10-27,1,GT,LEBARDO,18,VL1900,1.0,116.088,1.0
06787,2025-12-10,3,GT,LEBARDO,18,VL1900,1.0,58.457,1.0
06787,2025-12-30,2,GT,LEBARDO,18,VL1900,1.0,19.906,1.0
06788,2025-07-13,0,GT,ELMOUROUJ,18,VL1900,1.0,81.258,25.0
06788,2025-07-20,0,GT,ELMOUROUJ,18,VL1900,1.0,20.275,24.0
06788,2025-08-03,0,GT,ELMOUROUJ,18,VL1900,1.0,50.494,24.0
06788,2025-09-09,2,GT,ELMOUROUJ,18,VL1900,1.0,55.232,48.0
06788,2025-09-15,1,GT,ELMOUROUJ,18,VL1900,1.0,65.35,25.0
06788,2025-09-27,6,GT,ELMOUROUJ,18,VL1900,1.0,19.906,1.0
06788,2025-10-17,5,GT,ELMOUROUJ,18,VL1900,1.0,23.188,24.0
06789,2025-07-21,1,GT,Inconnue,18,VL1900,1.0,79.784,64.0
06789,2025-11-02,0,GT,Inconnue,18,VL1900,1.0,23.98,1.0
06795,2025-07-21,1,GT,JOUMINE,18,VL1900,1.0,20.275,24.0
06796,2025-07-21,1,GT,JOUMINE,Inconnue,1300,1.0,297.76,148.0
06796,2025-11-02,0,GT,JOUMINE,Inconnue,1300,1.0,23.188,24.0
06797,2025-07-21,1,GT,JOUMINE,Inconnue,1300,1.0,1202.334,216.0
06798,2025-07-21,1,GT,TEBOURBA,18,VL1900,1.0,3917.627999999999,287.0
06798,2025-11-02,0,GT,TEBOURBA,18,VL1900,1.0,9.128,1.0
06799,2025-07-21,1,GT,Inconnue,Inconnue,1300,1.0,1665.4320000000002,221.0
06800,2025-07-21,1,GT,TEBOURBA,Inconnue,1300,1.0,182.478,72.0
06801,2025-07-21,1,GT,TEBOURBA,18,VL1900,1.0,205.305,184.0
06802,2025-07-21,1,GT,Inconnue,Inconnue,1300,1.0,338.66,118.0
06802,2025-11-02,0,GT,Inconnue,Inconnue,1300,1.0,9.128,1.0
06808,2025-01-13,1,GT,LEBARDO,18,VL1900,1.0,41.91,1.0
06808,2025-01-31,5,GT,LEBARDO,18,VL1900,1.0,110.284,1.0
06808,2025-02-21,5,GT,LEBARDO,18,VL1900,1.0,41.91,1.0
06808,2025-03-03,1,GT,LEBARDO,18,VL1900,1.0,744.64,23.0
06808,2025-09-06,6,GT,LEBARDO,18,VL1900,1.0,57.49,41.0
06808,2025-09-14,0,GT,LEBARDO,18,VL1900,1.0,14.272,60.0
06808,2025-09-16,2,GT,LEBARDO,18,VL1900,1.0,19.906,1.0
06808,2025-10-04,6,GT,LEBARDO,18,VL1900,1.0,490.41499999999996,200.0
06808,2025-10-21,2,GT,LEBARDO,18,VL1900,1.0,749.25,120.0
06808,2025-12-12,5,GT,LEBARDO,18,VL1900,1.0,487.161,3.0
06809,2025-01-13,1,GT,LEBARDO,18,VL1900,1.0,639.351,26.0
06809,2025-02-15,6,GT,LEBARDO,18,VL1900,1.0,122.56,1.0
06809,2025-03-03,1,GT,LEBARDO,18,VL1900,1.0,116.904,1.0
06809,2025-09-16,2,GT,LEBARDO,18,VL1900,1.0,36.996,20.0
06809,2025-11-16,0,GT,LEBARDO,18,VL1900,1.0,110.284,1.0
06809,2025-12-12,5,GT,LEBARDO,18,VL1900,1.0,147.682,2.0
06809,2025-12-14,0,GT,LEBARDO,18,VL1900,1.0,1614.2599999999998,5.0
06809,2025-12-30,2,GT,LEBARDO,18,VL1900,1.0,285.892,2.0
06810,2025-09-16,2,GT,LEBARDO,18,VL1900,1.0,24.004,24.0
06810,2025-09-20,6,GT,LEBARDO,18,VL1900,1.0,24.004,24.0
06810,2025-12-12,5,GT,LEBARDO,18,VL1900,1.0,42.975,1.0
06811,2025-01-31,5,GT,LEBARDO,18,VL1900,1.0,34.011,1.0
06811,2025-02-15,6,GT,LEBARDO,18,VL1900,1.0,103.163,1.0
06811,2025-10-05,0,GT,LEBARDO,18,VL1900,1.0,18.257,2.0
06812,2025-01-17,5,GT,LEBARDO,18,VL1900,1.0,116.088,1.0
06812,2025-02-08,6,GT,LEBARDO,18,VL1900,1.0,15.061,2.0
06812,2025-02-15,6,GT,LEBARDO,18,VL1900,1.0,36.996,20.0
06812,2025-10-05,0,GT,LEBARDO,18,VL1900,1.0,36.514,2.0
06813,2025-02-21,5,GT,LEBARDO,18,VL1900,1.0,52.047,1.0
06813,2025-09-06,6,GT,LEBARDO,18,VL1900,1.0,250.87800000000001,49.0
06813,2025-09-20,6,GT,LEBARDO,18,VL1900,1.0,57.156,2.0
06813,2025-10-05,0,GT,LEBARDO,18,VL1900,1.0,21.907,24.0
06813,2025-12-03,3,GT,LEBARDO,18,VL1900,1.0,116.088,1.0
06814,2025-01-31,5,GT,LEBARDO,18,VL1900,1.0,67.028,1.0
06814,2025-02-15,6,GT,LEBARDO,18,VL1900,1.0,55.389,1.0
06814,2025-09-20,6,GT,LEBARDO,18,VL1900,1.0,17.344,2.0
06815,2025-01-17,5,GT,LEBARDO,18,VL1900,1.0,48521.99600000003,92.0
06815,2025-01-28,2,GT,LEBARDO,18,VL1900,1.0,3205.4880000000003,43.0
06815,2025-01-31,5,GT,LEBARDO,18,VL1900,1.0,158.94,2.0
06815,2025-02-09,0,GT,LEBARDO,18,VL1900,1.0,35.371,1.0
06815,2025-02-14,5,GT,LEBARDO,18,VL1900,1.0,14192.389999999998,53.0
06815,2025-03-01,6,GT,LEBARDO,18,VL1900,1.0,14344.011,31.0
06815,2025-09-07,0,GT,LEBARDO,18,VL1900,1.0,415.48199999999997,26.0
06815,2025-10-05,0,GT,LEBARDO,18,VL1900,1.0,11470.784000000003,74.0
06815,2025-10-06,1,GT,LEBARDO,18,VL1900,1.0,8388.416,17.0
06815,2025-10-14,2,GT,LEBARDO,18,VL1900,1.0,5875.200000000001,90.0
06815,2025-11-08,6,GT,LEBARDO,18,VL1900,1.0,8903.61,74.0
06816,2025-01-20,1,GT,ELBATTAN,18,VL1900,1.0,110.284,1.0
06816,2025-10-05,0,GT,ELBATTAN,18,VL1900,1.0,21.907,24.0
06816,2025-11-11,2,GT,ELBATTAN,18,VL1900,1.0,79.359,1.0
06816,2025-12-02,2,GT,ELBATTAN,18,VL1900,1.0,57.097,24.0
06816,2025-12-09,2,GT,ELBATTAN,18,VL1900,1.0,54.242,24.0
06816,2025-12-23,2,GT,ELBATTAN,18,VL1900,1.0,30.503,1.0
06817,2025-01-31,5,GT,MANNOUBA,18,VL1900,1.0,34.011,1.0
06817,2025-12-15,1,GT,MANNOUBA,18,VL1900,1.0,75.632,1.0
06818,2025-02-10,1,GT,MANNOUBA,18,VL1900,1.0,116.088,1.0
06818,2025-11-10,1,GT,MANNOUBA,18,VL1900,1.0,73.058,1.0
06818,2025-11-17,1,GT,MANNOUBA,18,VL1900,1.0,40.123,6.0
06818,2025-12-01,1,GT,MANNOUBA,18,VL1900,1.0,48.591,1.0
06818,2025-12-15,1,GT,MANNOUBA,18,VL1900,1.0,1232.056,7.0
06819,2025-02-15,6,GT,MANNOUBA,18,VL1900,1.0,43.512,1.0
06819,2025-03-06,4,GT,MANNOUBA,18,VL1900,1.0,22.981,1.0
06820,2025-09-08,1,GT,LEBARDO,18,VL1900,1.0,14.272,60.0
06820,2025-09-21,0,GT,LEBARDO,18,VL1900,1.0,37.418,1.0
06820,2025-10-15,3,GT,LEBARDO,18,VL1900,1.0,43.872,1.0
06820,2025-10-22,3,GT,LEBARDO,18,VL1900,1.0,101.595,3.0
06821,2025-01-17,5,GT,LEBARDO,18,VL1900,1.0,116.088,1.0
06821,2025-02-07,5,GT,LEBARDO,18,VL1900,1.0,103.163,1.0
06821,2025-02-15,6,GT,LEBARDO,18,VL1900,1.0,34.608,12.0
06821,2025-10-14,2,GT,LEBARDO,18,VL1900,1.0,23.188,24.0
06821,2025-12-03,3,GT,LEBARDO,18,VL1900,1.0,58.457,1.0
06821,2025-12-15,1,GT,LEBARDO,18,VL1900,1.0,19.906,1.0
06822,2025-02-15,6,GT,LEBARDO,18,VL1900,1.0,52.047,1.0
06822,2025-02-28,5,GT,LEBARDO,18,VL1900,1.0,22.591,3.0
06822,2025-09-21,0,GT,LEBARDO,18,VL1900,1.0,34.87,1.0
06822,2025-12-15,1,GT,LEBARDO,18,VL1900,1.0,36.728,2.0
06823,2025-02-15,6,GT,LEBARDO,18,VL1900,1.0,85.951,1.0
06823,2025-09-08,1,GT,LEBARDO,18,VL1900,1.0,34.957,12.0
06823,2025-09-14,0,GT,LEBARDO,18,VL1900,1.0,103.163,1.0
06823,2025-12-15,1,GT,LEBARDO,18,VL1900,1.0,92.812,1.0
06824,2025-02-07,5,GT,LEBARDO,18,VL1900,1.0,35.098,1.0
06824,2025-02-15,6,GT,LEBARDO,18,VL1900,1.0,31.03,1.0
06824,2025-09-22,1,GT,LEBARDO,18,VL1900,1.0,8.671,1.0
06824,2025-12-03,3,GT,LEBARDO,18,VL1900,1.0,38.453,12.0
06824,2025-12-15,1,GT,LEBARDO,18,VL1900,1.0,92.812,1.0
06825,2025-01-23,4,GT,LEBARDO,18,VL1900,1.0,34.011,1.0
06826,2025-02-04,2,GT,FOUCHANA,18,VL1900,1.0,78.408,1.0
06826,2025-09-17,3,GT,FOUCHANA,18,VL1900,1.0,116.088,1.0
06826,2025-09-23,2,GT,FOUCHANA,18,VL1900,1.0,33.865,1.0
06826,2025-09-27,6,GT,FOUCHANA,18,VL1900,1.0,34.87,1.0
06826,2025-10-17,5,GT,FOUCHANA,18,VL1900,1.0,19.617,40.0
06826,2025-10-21,2,GT,FOUCHANA,18,VL1900,1.0,23.188,24.0
06826,2025-11-04,2,GT,FOUCHANA,18,VL1900,1.0,8.671,1.0
06827,2025-01-04,6,GT,ELMOUROUJ,18,VL1900,1.0,116.088,1.0
06827,2025-01-12,0,GT,ELMOUROUJ,18,VL1900,1.0,37.676,24.0
06827,2025-01-14,2,GT,ELMOUROUJ,18,VL1900,1.0,5226.299999999999,9.0
06827,2025-01-18,6,GT,ELMOUROUJ,18,VL1900,1.0,101.066,5.0
06827,2025-03-02,0,GT,ELMOUROUJ,18,VL1900,1.0,3820.459999999999,10.0
06827,2025-09-15,1,GT,ELMOUROUJ,18,VL1900,1.0,9586.542,14.0
06827,2025-09-22,1,GT,ELMOUROUJ,18,VL1900,1.0,110.284,1.0
06827,2025-10-05,0,GT,ELMOUROUJ,18,VL1900,1.0,5177.667,20.0
06827,2025-10-07,2,GT,ELMOUROUJ,18,VL1900,1.0,5910.078,26.0
06827,2025-10-11,6,GT,ELMOUROUJ,18,VL1900,1.0,2647.407,7.0
06827,2025-10-17,5,GT,ELMOUROUJ,18,VL1900,1.0,9055.725,52.0
06827,2025-10-21,2,GT,ELMOUROUJ,18,VL1900,1.0,564.944,4.0
06827,2025-11-11,2,GT,ELMOUROUJ,18,VL1900,1.0,103.163,1.0
06827,2025-11-18,2,GT,ELMOUROUJ,18,VL1900,1.0,562.347,3.0
06827,2025-11-24,1,GT,ELMOUROUJ,18,VL1900,1.0,1162.996,50.0
06827,2025-12-02,2,GT,ELMOUROUJ,18,VL1900,1.0,1689.016,5.0
06827,2025-12-07,0,GT,ELMOUROUJ,18,VL1900,1.0,5152.652999999998,11.0
06827,2025-12-19,5,GT,ELMOUROUJ,18,VL1900,1.0,2065.8199999999997,7.0
06827,2025-12-24,3,GT,ELMOUROUJ,18,VL1900,1.0,1436.42,28.0
06828,2025-01-04,6,GT,BENAROUS,18,VL1900,1.0,34.699,1.0
06828,2025-01-18,6,GT,BENAROUS,18,VL1900,1.0,103.163,1.0
06828,2025-02-04,2,GT,BENAROUS,18,VL1900,1.0,59.972,1.0
06828,2025-02-07,5,GT,BENAROUS,18,VL1900,1.0,640.304,7.0
06828,2025-03-02,0,GT,BENAROUS,18,VL1900,1.0,1511.058,10.0
06828,2025-09-22,1,GT,BENAROUS,18,VL1900,1.0,57.348,1.0
06828,2025-09-24,3,GT,BENAROUS,18,VL1900,1.0,1205.796,4.0
06828,2025-10-10,5,GT,BENAROUS,18,VL1900,1.0,1046.442,21.0
06828,2025-10-21,2,GT,BENAROUS,18,VL1900,1.0,23.188,24.0
06828,2025-11-01,6,GT,BENAROUS,18,VL1900,1.0,147.988,40.0
06828,2025-11-04,2,GT,BENAROUS,18,VL1900,1.0,79.33,1.0
06828,2025-11-11,2,GT,BENAROUS,18,VL1900,1.0,2002.208,32.0
06828,2025-11-30,0,GT,BENAROUS,18,VL1900,1.0,15763.356000000002,18.0
06828,2025-12-07,0,GT,BENAROUS,18,VL1900,1.0,42.975,1.0
06828,2025-12-10,3,GT,BENAROUS,18,VL1900,1.0,390.96299999999997,49.0
06828,2025-12-16,2,GT,BENAROUS,18,VL1900,1.0,1210.128,9.0
06828,2025-12-23,2,GT,BENAROUS,18,VL1900,1.0,45.042,3.0
06829,2025-01-23,4,GT,LEBARDO,18,VL1900,1.0,18.636,40.0
06829,2025-09-22,1,GT,LEBARDO,18,VL1900,1.0,54.411,1.0
06829,2025-10-12,0,GT,LEBARDO,18,VL1900,1.0,35.546,1.0
06829,2025-12-02,2,GT,LEBARDO,18,VL1900,1.0,85.951,1.0
06830,2025-02-17,1,GT,ELMOUROUJ,18,VL1900,1.0,55.389,1.0
06830,2025-09-27,6,GT,ELMOUROUJ,18,VL1900,1.0,54.411,1.0
06830,2025-10-21,2,GT,ELMOUROUJ,18,VL1900,1.0,23.188,24.0
06830,2025-11-11,2,GT,ELMOUROUJ,18,VL1900,1.0,79.33,1.0
06830,2025-12-02,2,GT,ELMOUROUJ,18,VL1900,1.0,79.33,1.0
06830,2025-12-23,2,GT,ELMOUROUJ,18,VL1900,1.0,19.906,1.0
06831,2025-09-27,6,GT,ELMENZAH,18,VL1900,1.0,186.84,108.0
06831,2025-10-18,6,GT,ELMENZAH,18,VL1900,1.0,257.37,2.0
06831,2025-12-12,5,GT,ELMENZAH,18,VL1900,1.0,406.192,2.0
06832,2025-03-11,2,GT,ELOMRANESUPERIEUR,18,VL1900,1.0,921.39,3.0
06832,2025-10-02,4,GT,ELOMRANESUPERIEUR,18,VL1900,1.0,1494.075,5.0
06832,2025-11-08,6,GT,ELOMRANESUPERIEUR,18,VL1900,1.0,37.676,24.0
06832,2025-11-26,3,GT,ELOMRANESUPERIEUR,18,VL1900,1.0,67.863,1.0
06832,2025-12-07,0,GT,ELOMRANESUPERIEUR,18,VL1900,1.0,452.742,2.0
06833,2025-01-16,4,GT,BENAROUS,18,VL1900,1.0,24.004,24.0
06833,2025-01-30,4,GT,BENAROUS,18,VL1900,1.0,59.848,1.0
06833,2025-02-14,5,GT,BENAROUS,18,VL1900,1.0,24.004,24.0
06833,2025-02-24,1,GT,BENAROUS,18,VL1900,1.0,17.09,60.0
06833,2025-10-04,6,GT,BENAROUS,18,VL1900,1.0,1649.0180000000003,7.0
06833,2025-11-07,5,GT,BENAROUS,18,VL1900,1.0,19.617,40.0
06833,2025-12-08,1,GT,BENAROUS,18,VL1900,1.0,9.128,1.0
06834,2025-01-06,1,GT,SIDJOUMI,18,VL1900,1.0,114.696,1.0
06834,2025-02-09,0,GT,SIDJOUMI,18,VL1900,1.0,31.03,1.0
06834,2025-02-16,0,GT,SIDJOUMI,18,VL1900,1.0,31.03,1.0
06834,2025-03-01,6,GT,SIDJOUMI,18,VL1900,1.0,116.088,1.0
06834,2025-10-04,6,GT,SIDJOUMI,18,VL1900,1.0,176.55,120.0
06834,2025-10-06,1,GT,SIDJOUMI,18,VL1900,1.0,19.617,40.0
06834,2025-10-10,5,GT,SIDJOUMI,18,VL1900,1.0,54.411,1.0
06834,2025-10-18,6,GT,SIDJOUMI,18,VL1900,1.0,12.596,1.0
06834,2025-10-26,0,GT,SIDJOUMI,18,VL1900,1.0,12.596,1.0
06834,2025-11-09,0,GT,SIDJOUMI,18,VL1900,1.0,19.617,40.0
06834,2025-11-17,1,GT,SIDJOUMI,18,VL1900,1.0,28.016,2.0
06834,2025-11-29,6,GT,SIDJOUMI,18,VL1900,1.0,32.663,1.0
06834,2025-12-14,0,GT,SIDJOUMI,18,VL1900,1.0,32.663,1.0
06835,2025-10-06,1,NORD,SAOUEF,18,VL1900,1.0,2096.664,341.0
06836,2025-01-04,6,GT,ELOMRANE,18,VL1900,1.0,52.987,1.0
06836,2025-10-11,6,GT,ELOMRANE,18,VL1900,1.0,63.722,25.0
06836,2025-11-04,2,GT,ELOMRANE,18,VL1900,1.0,23.188,24.0
06836,2025-11-11,2,GT,ELOMRANE,18,VL1900,1.0,67.863,1.0
06837,2025-10-14,2,GT,MORNAGUIA,18,VL1900,1.0,46.377,48.0
06838,2025-10-14,2,GT,MORNAGUIA,18,VL1900,1.0,23.188,24.0
06839,2025-01-02,4,GT,ELMENZAH,18,VL1900,1.0,334.038,2.0
06839,2025-01-09,4,GT,ELMENZAH,18,VL1900,1.0,92.812,1.0
06839,2025-01-24,5,GT,ELMENZAH,18,VL1900,1.0,947.172,4.0
06839,2025-02-20,4,GT,ELMENZAH,18,VL1900,1.0,2460.495,11.0
06839,2025-02-27,4,GT,ELMENZAH,18,VL1900,1.0,2455.495,11.0
06839,2025-03-06,4,GT,ELMENZAH,18,VL1900,1.0,181.196,2.0
06839,2025-10-17,5,GT,ELMENZAH,18,VL1900,1.0,1558.38,6.0
06839,2025-10-24,5,GT,ELMENZAH,18,VL1900,1.0,12.596,1.0
06839,2025-11-28,5,GT,ELMENZAH,18,VL1900,1.0,6102.32,10.0
06839,2025-12-12,5,GT,ELMENZAH,18,VL1900,1.0,554.187,3.0
06840,2025-01-20,1,GT,ELMENZAH,18,VL1900,1.0,22.981,1.0
06840,2025-02-11,2,GT,ELMENZAH,18,VL1900,1.0,1248.208,4.0
06840,2025-03-07,5,GT,ELMENZAH,18,VL1900,1.0,474.748,4.0
06840,2025-10-18,6,GT,ELMENZAH,18,VL1900,1.0,3654.06,56.0
06840,2025-11-12,3,GT,ELMENZAH,18,VL1900,1.0,2191.17,53.0
06840,2025-12-19,5,GT,ELMENZAH,18,VL1900,1.0,290.048,13.0
06841,2025-01-14,2,GT,ELMENZAH,18,VL1900,1.0,78.408,1.0
06841,2025-02-04,2,GT,ELMENZAH,18,VL1900,1.0,276.76,2.0
06841,2025-02-25,2,GT,ELMENZAH,18,VL1900,1.0,83.737,1.0
06841,2025-03-06,4,GT,ELMENZAH,18,VL1900,1.0,44.891,1.0
06841,2025-10-24,5,GT,ELMENZAH,18,VL1900,1.0,64.426,41.0
06841,2025-11-26,3,GT,ELMENZAH,18,VL1900,1.0,523.326,3.0
06841,2025-12-10,3,GT,ELMENZAH,18,VL1900,1.0,174.95,2.0
06842,2025-11-14,5,GT,LEBARDO,18,VL1900,1.0,74.5,3.0
06842,2025-12-02,2,GT,LEBARDO,18,VL1900,1.0,18.257,2.0
06845,2025-11-18,2,GT,ELOMRANE,18,VL1900,1.0,1664.3600000000001,187.0
06846,2025-02-23,0,GT,ELMOUROUJ,18,VL1900,1.0,55.602,24.0
06846,2025-12-30,2,GT,ELMOUROUJ,18,VL1900,1.0,110.284,1.0
06848,2025-01-09,4,GT,LEBARDO,18,VL1900,1.0,44.501,1.0
06848,2025-02-16,0,GT,LEBARDO,18,VL1900,1.0,116.088,1.0
06848,2025-12-02,2,GT,LEBARDO,18,VL1900,1.0,204.064,6.0
06848,2025-12-24,3,GT,LEBARDO,18,VL1900,1.0,61.884,1.0
06849,2025-01-13,1,GT,LEBARDO,18,VL1900,1.0,18.636,40.0
06849,2025-01-31,5,GT,LEBARDO,18,VL1900,1.0,54.242,24.0
06849,2025-02-15,6,GT,LEBARDO,18,VL1900,1.0,103.163,1.0
06849,2025-12-09,2,GT,LEBARDO,18,VL1900,1.0,348.429,3.0
06849,2025-12-30,2,GT,LEBARDO,18,VL1900,1.0,42.975,1.0
06850,2025-01-06,1,SE,LASOUKRA,18,VL1900,1.0,67.325,1.0
06850,2025-03-02,0,SE,LASOUKRA,18,VL1900,1.0,290.14799999999997,123.0
06850,2025-12-09,2,SE,LASOUKRA,18,VL1900,1.0,5248.62,22.0
06850,2025-12-21,0,SE,LASOUKRA,18,VL1900,1.0,7882.820000000001,50.0
06851,2025-12-09,2,SE,ARIANAVILLE,18,VL1900,1.0,123.464,2.0
06852,2025-01-13,1,GT,LEBARDO,18,VL1900,1.0,951.884,41.0
06852,2025-02-08,6,GT,LEBARDO,18,VL1900,1.0,4258.608,31.0
06852,2025-03-11,2,GT,LEBARDO,18,VL1900,1.0,1386.45,32.0
06852,2025-12-14,0,GT,LEBARDO,18,VL1900,1.0,3047.03,53.0
06853,2025-01-16,4,GT,ELOUERDIA,18,VL1900,1.0,1022.232,50.0
06853,2025-02-24,1,GT,ELOUERDIA,18,VL1900,1.0,208.192,2.0
06853,2025-03-07,5,GT,ELOUERDIA,18,VL1900,1.0,292.968,65.0
06853,2025-12-15,1,GT,ELOUERDIA,18,VL1900,1.0,225.436,2.0
06854,2025-02-27,4,GT,ELMENZAH,18,VL1900,1.0,54.242,24.0
06854,2025-03-09,0,GT,ELMENZAH,18,VL1900,1.0,114.696,1.0
06854,2025-12-20,6,GT,ELMENZAH,18,VL1900,1.0,1002.196,15.0
06855,2025-02-14,5,GT,ELMENZAH,18,VL1900,1.0,87.293,1.0
06855,2025-12-20,6,GT,ELMENZAH,18,VL1900,1.0,1050.812,27.0
06914,2025-03-08,6,GT,ETTAHRIR,Inconnue,1300,1.0,2262.8759999999997,7.0
06915,2025-03-07,5,SE,ARIANAVILLE,Inconnue,1300,1.0,157.168,25.0
06916,2025-01-24,5,SE,ETTADHAMEN,Inconnue,1300,1.0,5656.72,13.0
06916,2025-02-23,0,SE,ETTADHAMEN,Inconnue,1300,1.0,4582.458999999999,7.0
06916,2025-11-10,1,SE,ETTADHAMEN,Inconnue,1300,1.0,13156.520000000004,24.0
06916,2025-12-02,2,SE,ETTADHAMEN,Inconnue,1300,1.0,3017.465,9.0
06916,2025-12-05,5,SE,ETTADHAMEN,Inconnue,1300,1.0,5644.149,40.0
06916,2025-12-22,1,SE,ETTADHAMEN,Inconnue,1300,1.0,3235.4159999999997,7.0
06917,2025-01-16,4,SE,RAOUED,20,1300,1.0,14013.558000000003,26.0
06917,2025-02-14,5,SE,RAOUED,20,1300,1.0,117.448,1.0
06917,2025-10-24,5,SE,RAOUED,20,1300,1.0,82107.33399999996,187.0
06917,2025-10-27,1,SE,RAOUED,20,1300,1.0,27113.400000000005,280.0
06917,2025-11-17,1,SE,RAOUED,20,1300,1.0,2853.428,24.0
06917,2025-12-03,3,SE,RAOUED,20,1300,1.0,1926.155,16.0
06961,2025-01-28,2,GT,SOUSSEJAWHARA,20,36,1.0,79.768,1.0
06961,2025-02-04,2,GT,SOUSSEJAWHARA,20,36,1.0,389.47,5.0
06961,2025-02-11,2,GT,SOUSSEJAWHARA,20,36,1.0,81.607,12.0
06961,2025-02-16,0,GT,SOUSSEJAWHARA,20,36,1.0,57.474,1.0
06961,2025-02-23,0,GT,SOUSSEJAWHARA,20,36,1.0,714.18,6.0
06961,2025-09-21,0,GT,SOUSSEJAWHARA,20,36,1.0,51.14,20.0
06961,2025-09-22,1,GT,SOUSSEJAWHARA,20,36,1.0,726.65,125.0
06962,2025-03-10,1,GT,SOUSSEVILLE,20,36,1.0,158.584,2.0
06963,2025-02-16,0,GT,MOKNINE,20,36,1.0,116.088,1.0
06963,2025-02-21,5,GT,MOKNINE,20,36,1.0,388.788,64.0
06963,2025-02-25,2,GT,MOKNINE,20,36,1.0,316.352,2.0
06963,2025-09-21,0,GT,MOKNINE,20,36,1.0,17127.208,334.0
06973,2025-01-07,2,GT,ELMENZAH,1,1,0.0,22602.384000000005,117.0
06973,2025-03-04,2,GT,ELMENZAH,1,1,0.0,1990.712,10.0
06973,2025-03-11,2,GT,ELMENZAH,1,1,0.0,5148.331999999999,91.0
06987,2025-01-04,6,GT,RADES,1,1,0.0,25.194,1.0
06987,2025-01-16,4,GT,RADES,1,1,0.0,54.242,24.0
06987,2025-01-17,5,GT,RADES,1,1,0.0,1178.436,9.0
06987,2025-02-01,6,GT,RADES,1,1,0.0,407.662,2.0
06987,2025-02-09,0,GT,RADES,1,1,0.0,83.737,1.0
06987,2025-02-15,6,GT,RADES,1,1,0.0,108.484,48.0
06987,2025-03-08,6,GT,RADES,1,1,0.0,200.986,25.0
06988,2025-02-04,2,GT,ELMOUROUJ,18,VL1900,1.0,496.474,25.0
06988,2025-12-26,5,GT,ELMOUROUJ,18,VL1900,1.0,28740.073999999986,23.0
06988,2025-12-27,6,GT,ELMOUROUJ,18,VL1900,1.0,5215.572,19.0
06988,2025-12-28,0,GT,ELMOUROUJ,18,VL1900,1.0,25041.197999999993,302.0
06990,2025-01-02,4,GT,ELMENZAH,18,VL1900,1.0,7394.4000000000015,10.0
06990,2025-01-03,5,GT,ELMENZAH,18,VL1900,1.0,85.951,1.0
06990,2025-02-13,4,GT,ELMENZAH,18,VL1900,1.0,30.121,4.0
06990,2025-03-10,1,GT,ELMENZAH,18,VL1900,1.0,51.442,1.0
06990,2025-03-11,2,GT,ELMENZAH,18,VL1900,1.0,24.621,4.0
06991,2025-01-04,6,GT,ELMOUROUJ,18,VL1900,1.0,57.097,24.0
06991,2025-01-05,0,GT,ELMOUROUJ,18,VL1900,1.0,12822.719,147.0
06991,2025-02-04,2,GT,ELMOUROUJ,18,VL1900,1.0,37.652,5.0
06992,2025-01-09,4,SE,ETTADHAMEN,18,VL1900,1.0,213.15,2.0
06992,2025-01-20,1,SE,ETTADHAMEN,18,VL1900,1.0,110.284,1.0
06992,2025-02-09,0,SE,ETTADHAMEN,18,VL1900,1.0,947.7359999999999,3.0
06992,2025-02-25,2,SE,ETTADHAMEN,18,VL1900,1.0,4640.96,8.0
06992,2025-03-11,2,SE,ETTADHAMEN,18,VL1900,1.0,116.088,1.0
06993,2025-01-11,6,GT,ELMOUROUJ,18,VL1900,1.0,44.501,1.0
06994,2025-01-19,0,GT,CARTHAGE,18,VL1900,1.0,4286.352,42.0
06994,2025-02-13,4,GT,CARTHAGE,18,VL1900,1.0,4316.919999999999,10.0
06995,2025-03-10,1,SE,ARIANAVILLE,Inconnue,1300,1.0,51.442,1.0
06996,2025-03-10,1,SE,ARIANAVILLE,Inconnue,1300,1.0,5283.522,19.0
07010,2025-02-14,5,GT,KSOURESSAF,20,36,1.0,2318.764,127.0
07010,2025-02-15,6,GT,KSOURESSAF,20,36,1.0,34.699,1.0
07011,2025-03-08,6,GT,SAHLINE,20,36,1.0,308.888,21.0
07013,2025-03-09,0,GT,SOUSSEJAWHARA,20,36,1.0,1297.02,51.0
07014,2025-03-09,0,GT,SOUSSEJAWHARA,20,36,1.0,95.474,48.0
07015,2025-03-09,0,GT,SOUSSEJAWHARA,20,36,1.0,214.599,49.0
07016,2025-03-11,2,GRAND TUNIS,SIDIALOUENE,20,Inconnu,1.0,14752.359999999999,169.0
07095,2025-02-20,4,SE,ARIANAVILLE,18,VL1900,1.0,2068.48,16.0
07095,2025-02-25,2,SE,ARIANAVILLE,18,VL1900,1.0,553.046,8.0
07095,2025-03-06,4,SE,ARIANAVILLE,18,VL1900,1.0,950.184,3.0
07095,2025-03-10,1,SE,ARIANAVILLE,18,VL1900,1.0,51.442,1.0
07096,2025-02-11,2,SE,ARIANAVILLE,18,VL1900,1.0,87.293,1.0
07096,2025-03-11,2,SE,ARIANAVILLE,18,VL1900,1.0,88.109,1.0
07097,2025-02-07,5,GT,FOUCHANA,18,VL1900,1.0,28794.051000000003,139.0
07100,2025-03-03,1,GT,LAMARSA,2,2,1.0,1064.08,31.0
07101,2025-02-15,6,GT,LAGOULETTE,2,2,1.0,1355.478,35.0
07101,2025-02-16,0,GT,LAGOULETTE,2,2,1.0,807.972,121.0
07102,2025-02-08,6,GT,Inconnue,2,2,1.0,194869.8389999997,552.0
07103,2025-02-07,5,GT,Inconnue,2,2,1.0,2129.238,50.0
07843,2025-11-14,5,GT,ELMENZAH,18,VL1900,1.0,1869.408,29.0
07843,2025-11-15,6,GT,ELMENZAH,18,VL1900,1.0,256.254,3.0
07843,2025-11-24,1,GT,ELMENZAH,18,VL1900,1.0,1811.2530000000002,7.0
0C000,2025-01-01,3,CAP BON,,55,Inconnu,1.0,1200.0,20.0
0C000,2025-01-04,6,CAP BON,,55,Inconnu,1.0,90.0,6.0
0C000,2025-01-13,1,CAP BON,,55,Inconnu,1.0,3002.0,70.0
0C000,2025-01-15,3,CAP BON,,55,Inconnu,1.0,1500.0,35.0
0C000,2025-01-16,4,CAP BON,,55,Inconnu,1.0,180.0,12.0
0C000,2025-02-01,6,CAP BON,,55,Inconnu,1.0,1200.0,16.0
0C000,2025-02-08,6,CAP BON,,55,Inconnu,1.0,480.0,17.0
0C000,2025-11-09,0,CAP BON,,55,Inconnu,1.0,250.0,50.0
0C000,2025-11-11,2,CAP BON,,55,Inconnu,1.0,127.85,50.0
0C000,2025-12-03,3,CAP BON,,55,Inconnu,1.0,6000.0,100.0
0C000,2025-12-20,6,CAP BON,,55,Inconnu,1.0,6000.0,100.0
0C000,2025-12-31,3,CAP BON,,55,Inconnu,1.0,5400.0,100.0
33300,2026-02-12,4,GT,Ariana_Ville,1300,1300,1.0,16.665,3.0
CL005,2026-02-11,3,GT,Le_Kram,1,1,0.0,859.092,16.0
CL005,2026-03-06,5,GT,Le_Kram,1,1,0.0,603.495,13.0
CL005,2026-08-04,2,GT,Le_Kram,1,1,0.0,240.0,8.0
CL098,2026-02-12,4,GT,Le_Kram,1300,1300,1.0,306.03000000000003,18.0
CLMAG,2026-01-19,1,GT,Ariana_Ville,1300,1300,0.0,900.0,30.0
CLMAG,2026-01-20,2,GT,Ariana_Ville,110,36,0.0,75.75,5.0
CLMAG,2026-01-22,4,GT,Ariana_Ville,110,36,0.0,2567.16,480.0
CLMAG,2026-01-23,5,GT,Ariana_Ville,110,36,0.0,1285.58,240.0
CLMAG,2026-02-16,1,CAPBON,Ariana_Ville,20,36,0.0,14485.326,202.0
CLMg1,2026-05-22,5,CAPBON,Raoued,1,1,0.0,249.015,13.0
CLMg1,2026-08-04,2,CAPBON,Raoued,1,1,0.0,5055.0,125.0
CLMg1,2026-09-10,4,CAPBON,Raoued,1,1,0.0,75.0,5.0
CLMg1,2026-10-13,2,CAPBON,Raoued,1,1,0.0,1538.467,32.0
CLMg1,2026-10-18,0,CAPBON,Raoued,1,1,0.0,1056.56,24.0
CLT00,2026-02-03,2,GT,Le_Kram,1,1,0.0,160.27999999999997,13.0
CLT00,2026-02-11,3,GT,La_Marsa,1,1,0.0,836.28,26.0
CLT00,2026-02-11,3,GT,Le_Kram,1,1,0.0,92.845,2.0
CLT00,2026-02-21,6,GT,Le_Kram,1,1,0.0,909.4,20.0
CLT00,2026-02-26,4,GT,La_Marsa,1,1,0.0,2914.2199999999993,85.0
CLT00,2026-02-28,6,GT,Le_Kram,1,1,0.0,43.66,5.0
CLT00,2026-06-25,4,GT,La_Marsa,1,1,0.0,7454.808000000001,228.0
CLT00,2026-08-04,2,GT,La_Marsa,1,1,0.0,1797.84,144.0
CLT00,2026-08-20,4,GT,La_Marsa,1,1,0.0,603.42,30.0
CLT00,2026-10-09,5,GT,La_Marsa,1,1,0.0,210.0,7.0
MAG V,2025-03-07,5,null,,1300,Inconnu,1.0,150.0,10.0
MAG V,2025-03-11,2,null,,1300,Inconnu,1.0,75.0,5.0
MAG V,2025-03-12,3,null,,1300,Inconnu,1.0,76.0,5.0
MAG V,2025-04-17,4,null,,1300,Inconnu,1.0,4132.17,16.0
MAG V,2025-05-02,5,null,,1300,Inconnu,1.0,1800.0,30.0
MAG V,2025-05-11,0,null,,1300,Inconnu,1.0,6526.807999999999,15.0
MAG V,2025-06-08,0,null,,1300,Inconnu,1.0,195.0,13.0
MAG V,2025-06-13,5,null,,1300,Inconnu,1.0,810.0,12.0
MAG V,2025-06-15,0,GRAND TUNIS,Inconnue,2,Inconnu,1.0,199.446,26.0
MAG V,2025-09-26,5,SE,Ariana_Ville,1,1,0.0,30.684,6.0
MAG V,2025-10-29,3,SE,Ariana_Ville,1,Inconnu,0.0,276.156,54.0
MAG V,2025-10-31,5,SE,Ariana_Ville,1,1,0.0,1060.26,22.0
MAG V,2026-01-06,2,SE,Ariana_Ville,1,1,0.0,315.12,4.0
MAG V,2026-01-22,4,SE,Ariana_Ville,1,1,0.0,3.024,1.0
MAG V,2026-04-07,2,SE,Inconnue,2,2,0.0,7202.780000000002,90.0
MAG V,2026-09-02,3,SE,Inconnue,2,2,0.0,9188.219999999998,39.0
MAG V,2026-10-25,0,SE,Inconnue,2,2,0.0,12624.304000000004,187.0
Mg135,2025-12-13,6,CENTRE,Inconnue,1,1,0.0,15.0,1.0
cl202,2025-09-25,4,SE,Ariana_Ville,1,Inconnu,0.0,25.57,5.0
cl202,2025-10-31,5,SE,Ariana_Ville,1,Inconnu,0.0,564.0,6.0
cl202,2025-11-01,6,SE,Ariana_Ville,1,Inconnu,0.0,4626.0,26.0
cl202,2025-11-08,6,null,null,1,Inconnu,0.0,70.396,2.0
cl202,2025-11-08,6,SE,Ariana_Ville,1,Inconnu,0.0,7092.0,30.0
cl202,2025-11-11,2,SE,Ariana_Ville,1,Inconnu,0.0,105.342,6.0
cl202,2025-11-13,4,SE,Ariana_Ville,1,Inconnu,0.0,180.529,15.0
cl202,2025-11-18,2,SE,Ariana_Ville,1,Inconnu,0.0,65.766,3.0
cl202,2025-12-04,4,SE,Ariana_Ville,1,Inconnu,0.0,265.204,4.0
test2,2026-12-09,3,CAPBON,null,2,1,0.0,3002.0,100.0
