client_code,produit_code,produit_nom,qte_moyenne
00000,0000,DOLCE DUO 70 GR,10.0
00000,12286390,NESQUIK Plastic Box 15x250g,8.0
00000,BR010124,LBEN 430 GR,51.857142857142854
00000,BR01012tte,LBEN 430 GR Modifie,13.333333333333334
00000,BR030124,VIT'UP VANILLE 160GR,15.0
00000,CHSR10,Chaînette de sûreté,100.0
00000,KC010110,YAOURT AROME BANANE,2.0
00000,KC010120,YAOURT AROME CITRON,10.0
00000,KC010210,YAOURT AROME NOIX DE COCO,8.4
00002,0000,DOLCE DUO 70 GR,7.8
00002,0005,Compote pomme fraise,125.75
00002,11465018,Grain d'Or Cacao 12x300g PR TN,1.0
00002,11465019,Grain d'Or Nature 12x300g PR TN,0.6666666666666666
00002,11465020,Grain d'Or Miel 12x300g PR TN,1.0
00002,11469845,Grain d'Or Cacao 12x(10x35g),10.0
00002,12201968,"KIT KAT 4 Fingers 12x(24x41,5g)",1.5
00002,12351127,Nescafe Gold Signature 6x200g,15.0
00002,12454131,Nescafé Gold Signature 6x200g N1,24.0
00002,9878,qsdsq,5.0
00002,AL010124,VIT'UP 170GR COLA CITRON,1.3
00002,AL020112,BEURRE COND 100 gr,1.0
00002,BAAR01,Bague Argent,100.0
00002,BB012020,CH CH Bigbabol Stick Tutti Frutti 5p x 20 x 20,1.0
00002,BB022020,CH CH Bigbabol Stick Strawberry 5p x 20 x 20,1.0
00002,BE010112,Biskrem Extra 92g - ULKER,14.4
00002,BE010124,Bonbon Berries 80g HARIBO,6.4
00002,BI030124,Biskrem DUO 110g - ULKER,33.6
00002,BI060124,Biskrem Cacao 110g - ULKER,33.88235294117647
00002,BI070124,BISKREM CACAO 85g - ULKER,24.0
00002,BI080124,BISKREM DUO 85g - ULKER,36.0
00002,BL030136,Blister Mentos Gum White Sweet Mint 17g P12x12,1.375
00002,BL040136,Blister Mentos Gum White Tutti Frutti 17g P12x12,1.4285714285714286
00002,BR010124,LBEN 430 GR,16.083333333333332
00002,BR020124,RAIEB 450 GR,23.833333333333332
00002,BR030124,VIT'UP VANILLE 160GR,14.333333333333334
00002,BR040124,VIT'UP FRAISE 260GR,19.272727272727273
00002,BR050124,VIT'UP Framboise 260GR,70.88888888888889
00002,CC060106,Sachet Chupa-Chups The Best Of P120x6,1.0
00002,CC070106,CH CH Melody Strawberry 48x6,1.0
00002,CC080116,Chupa-Chups Surprise 16x6,1.0
00002,CH010124,Bonbon Chamallows Pink & White 70g HARIBO,10.0
00002,CH010224,Bonbon Chamallows Hearts 150g HARIBO,2.0
00002,CH020424,Bonbon Chamallows Party 70g HARIBO,6.0
00002,CHFE01,Fermoir cliquet,10.0
00002,DC010224,YAOURT BRASSE VANILLE,26.055555555555557
00002,FA010118,Mentos Fresh Action Cup Menthol 280g P100x18,2.0
00002,FA020118,Mentos Fresh Action Cup Cherry Mint 280g P100x18,2.0
00002,FF030112,Big Babol Filifolly Watermelon 11g x 12 Sachets,2.0
00002,FR010116,Trio de Rochers Chocolat FERRERO,1.0
00002,FR010120,Bonbon Fruit-tella Stick  Strawberry 10px20x12,1.2
00002,FR010201,Coff. 16 Rochers Chocolat FERRERO,5.111111111111111
00002,FR010220,Bonbon Fruit-tella Stick Orange 10px20x12,1.0
00002,FR010301,Coff. de 24 Rochers Chocolat FERRERO,40.666666666666664
00002,FR010401,Coff. de 30 Rochers Chocolat FERRERO,3.0
00002,FR010501,Coffret de 24 Rochers Collection Chocolat FERRERO,2.0
00002,FR010603,Coffret de 28 Rochers Cône Chocolat FERRERO,2.0
00002,GB020130,Bonbon Gold-Bears 80gx30 - HARIBO,8.0
00002,HC030124,Bonbon Happy Cherries 80g HARIBO,6.0
00002,JA010106,Mini Mentos Jar Fruit Mix 1Kg P100x6,1.0
00002,KC010110,YAOURT AROME BANANE,10.0
00002,KC010120,YAOURT AROME CITRON,10.818181818181818
00002,KC010121,YAOURT AROME FRAISE,12.0
00002,KC010130,YAOURT AROME FRUITS DES BOIS,1.05
00002,KC010210,YAOURT AROME NOIX DE COCO,7.0
00002,KC010240,BIFI NATURE 0%,4.625
00002,KC010336,YAOURT AROME NATURE,1.0
00002,KC020130,Barre de Chocolat Biscuit noisette BUENO WHITE,1.1428571428571428
00002,KD010114,Kinder Délice T10X14,2.5
00002,KH010128,Kinder Happy Hippo Cocoa T1x28x6,1.0
00002,KH020110,Kinder Happy Hippo Cocoa T5x10,1.0
00002,KK010106,KAT KAT TAT Noisette 24g (24x6),1.5
00002,KK010112,KAT KAT TAT Chocolat 26g (24x12),1.0
00002,KS020116,Kinder Joy T1x16 Boy,75.75
00002,KS020216,Kinder Joy T1x16 Girl,1.6
00002,KS030216,Kinder Joy T1x16 Girl Collection 2,15.666666666666666
00002,L003,FILTRE A HUILE MISFAT L003,10.0
00002,LT010124,Gaufrette enrobée choco 30G Riz Soufflé (24x4),1.0
00002,M10,زيت الباشا,6.454545454545454
00002,MD010112,"Mentos Gum 3D Fresh Mint 8,5g P5x15",1.25
00002,MD020112,"Mentos Gum 3D S-A-R 8,5g P5x15",1.25
00002,MD030112,"Mentos Gum 3D Watermelon 8,5g P5x15",2.0
00002,MG010116,Mentos Gum Rolls Pure Fresh 1.75g P9x16,1.0
00002,MI010124,Bonbon Mix Fizz 70g HARIBO,6.0
00002,MR010108,"Mentos Rolls Menthe 39,2g P14x20",1.5
00002,MR030108,"Mentos Rolls Rainbow 39,2g P14x20",1.0
00002,MR040108,"Mentos Rolls Tutti Frutti 39,2 g P14x20",1.0
00002,MR050108,"Mentos Rolls Fruit 39,2g P14x20",1.0
00002,MV020124,Mc Vities Digestive Dark Chocolate 200g x 24,2.0
00002,MW010112,"Boite Mentos Gum White Sweet Mint 53,2g P38x6",1.0
00002,MW020112,"Boite Mentos Gum White Tutti Frutti 53,2g P38x6",1.0
00002,NP010301,Pate a Tartiner de 350 grs NUTELLA,4.5
00002,NP010306,Pôt Pâte à tartiner de 600g NUTELLA,2.0
00002,NP010501,Nutella & Go 52g,20.0
00002,NP010604,Nutella B-Ready T1x36x4,1.1428571428571428
00002,NP01A301,Pate a Tartiner 350 g   10% NUTELLA,6.0
00002,NP060716,Nutella B-Ready T6x16,3.75
00002,p1,السلام عليكم ورحمة الله وبركات,34.0
00002,P473,Filtre à air p473,10.0
00002,PF010206,Boite Mentos Gum PF Fresh Mint 24g P12x10,1.0
00002,PF020106,Boite Mentos Gum PF Fresh Mint 56g P28x6,1.0
00002,PH020224,Bonbon Phantasia 80g HARIBO,53.0
00002,RA010124,Canette Float Orange 240 ML - RANI,6.0
00002,RA030124,Canette Float Mangue 240 ML - RANI,6.0
00002,RA040124,Canette Float Ananas 240 ML - RANI,6.0
00002,RA050124,Canette Float Cocktail 240 ML - RANI,6.0
00002,RO010112,Bonbon Roulette 25g - HARIBO,1.0
00002,RR010116,Trio de Rochers Noix Coco RAFAELLO,1.0
00002,RR010201,Coff. 15 Rochers Noix Coco RAFAELLO,4.0
00002,SM010224,Bonbon Starmix 80g HARIBO,10.0
00002,SQ010124,Bonbon Squishy 80g HARIBO,6.0
00002,TB010112,Boite Bonbon Menthe T12x24 TIC TAC,33.666666666666664
00002,TB020112,Boite Bonbon Orange T12x24 TIC TAC,1.0
00002,TB030112,Boite Bonbon Spearmint T12x24 TIC TAC,2.0
00002,TB050112,Boite Bonbon Strawberry mix T12x24 TIC TAC,1.5
00002,TB070148,Tic Tac Mix T48x8 ARBRE,1.0
00002,WO020124,Bonbon Worms 80g HARIBO,13.5
00002,WO030124,Bonbon Fizz Worms 70g HARIBO,24.0
00002,zaeaze,zaezaeazeaze,111.0
00003,0000,DOLCE DUO 70 GR,7.333333333333333
00003,AL010124,VIT'UP 170GR COLA CITRON,7.75
00003,AL020112,BEURRE COND 100 gr,1.0
00003,BB012020,CH CH Bigbabol Stick Tutti Frutti 5p x 20 x 20,1.0
00003,BB022020,CH CH Bigbabol Stick Strawberry 5p x 20 x 20,1.0
00003,BE010112,Biskrem Extra 92g - ULKER,12.0
00003,BI010124,Biskrem DUO 40g - ULKER,24.0
00003,BI020124,Biskrem DUO 60g - ULKER,24.0
00003,BI050124,Biskrem Cacao 60g - ULKER,36.0
00003,BI070124,BISKREM CACAO 85g - ULKER,24.0
00003,BL030136,Blister Mentos Gum White Sweet Mint 17g P12x12,1.0
00003,BL040136,Blister Mentos Gum White Tutti Frutti 17g P12x12,1.0
00003,BR010124,LBEN 430 GR,15.333333333333334
00003,BR01012tte,LBEN 430 GR Modifie,3.0
00003,BR020124,RAIEB 450 GR,50.0
00003,BR030124,VIT'UP VANILLE 160GR,57.81818181818182
00003,BR040124,VIT'UP FRAISE 260GR,180.0
00003,CC060112,CH CH XXL Strawberry 25Px29g,1.0
00003,CC070106,CH CH Melody Strawberry 48x6,1.5
00003,CC080116,Chupa-Chups Surprise 16x6,1.0
00003,CH010124,Bonbon Chamallows Pink & White 70g HARIBO,13.0
00003,CH020424,Bonbon Chamallows Party 70g HARIBO,6.333333333333333
00003,COAR001,Collier argent mailles gourmettes,10.0
00003,FA010118,Mentos Fresh Action Cup Menthol 280g P100x18,1.0
00003,FA020118,Mentos Fresh Action Cup Cherry Mint 280g P100x18,1.0
00003,FF010112,Big Babol Filifolly Strawberry 11g x 12 Sachets,1.0
00003,FF020112,Big Babol Filifolly Fruit 11g x 12 Sachets,1.0
00003,FR010116,Trio de Rochers Chocolat FERRERO,3.0
00003,FR010201,Coff. 16 Rochers Chocolat FERRERO,4.0
00003,GB020130,Bonbon Gold-Bears 80gx30 - HARIBO,6.0
00003,HC020130,Bonbon Happy Cola 80gx30 HARIBO,6.5
00003,JA010106,Mini Mentos Jar Fruit Mix 1Kg P100x6,1.0
00003,KC010120,YAOURT AROME CITRON,1.4
00003,KC010130,YAOURT AROME FRUITS DES BOIS,1.0
00003,KC010211,BIFI CITRON 0%,8.0
00003,KC010240,BIFI NATURE 0%,3.5
00003,KC020130,Barre de Chocolat Biscuit noisette BUENO WHITE,3.0
00003,KH010128,Kinder Happy Hippo Cocoa T1x28x6,1.0
00003,KK010106,KAT KAT TAT Noisette 24g (24x6),1.0
00003,KK010112,KAT KAT TAT Chocolat 26g (24x12),1.3333333333333333
00003,KS020116,Kinder Joy T1x16 Boy,2.0
00003,KS020216,Kinder Joy T1x16 Girl,2.0
00003,KS030116,Kinder Joy T1x16 Boy Collection 2,1.0
00003,LG020224,Gaufrette Golden Chocolat Blanc & Framboise 70g -L,12.0
00003,LT020124,Gaufrette enrobée choco 30G Cacahueté (24x4),1.0
00003,M10,زيت الباشا,6.0
00003,MI010124,Bonbon Mix Fizz 70g HARIBO,6.0
00003,MR010108,"Mentos Rolls Menthe 39,2g P14x20",1.0
00003,MR020108,"Mentos Rolls Strawberry 39,2g P14x20",1.0
00003,MR030108,"Mentos Rolls Rainbow 39,2g P14x20",1.0
00003,MR040108,"Mentos Rolls Tutti Frutti 39,2 g P14x20",1.0
00003,MR050108,"Mentos Rolls Fruit 39,2g P14x20",1.0
00003,MV010108,Mc vities Dark Chocolate 42g (8x10),1.0
00003,MV020124,Mc Vities Digestive Dark Chocolate 200g x 24,4.0
00003,MV020324,Mc Vities Digestive Original 250g x 24,1.0
00003,MW010112,"Boite Mentos Gum White Sweet Mint 53,2g P38x6",1.0
00003,MW020112,"Boite Mentos Gum White Tutti Frutti 53,2g P38x6",1.0
00003,NP010301,Pate a Tartiner de 350 grs NUTELLA,4.0
00003,NP010604,Nutella B-Ready T1x36x4,1.0
00003,NP060716,Nutella B-Ready T6x16,28.0
00003,P473,Filtre à air p473,1.0
00003,RA010124,Canette Float Orange 240 ML - RANI,48.0
00003,RA020124,Canette Float Peche 240 ML - RANI,6.0
00003,RA030124,Canette Float Mangue 240 ML - RANI,48.0
00003,RO010112,Bonbon Roulette 25g - HARIBO,1.0
00003,SM010224,Bonbon Starmix 80g HARIBO,6.0
00003,TB010112,Boite Bonbon Menthe T12x24 TIC TAC,1.0
00003,TB030112,Boite Bonbon Spearmint T12x24 TIC TAC,1.0
00003,TB050112,Boite Bonbon Strawberry mix T12x24 TIC TAC,1.0
00003,zaeaze,zaezaeazeaze,2.0
00003,0000,DOLCE DUO 70 GR,10.0
00003,BR030124,VIT'UP VANILLE 160GR,15.0
00003,CHSR10,Chaînette de sûreté,10.0
00003,COR1,Collier Or chaine torsadée,15.0
00004,11465018,Grain d'Or Cacao 12x300g PR TN,10.0
00004,AL020112,BEURRE COND 100 gr,1.0
00004,BB012020,CH CH Bigbabol Stick Tutti Frutti 5p x 20 x 20,1.6666666666666667
00004,BB022020,CH CH Bigbabol Stick Strawberry 5p x 20 x 20,1.0
00004,BE010112,Biskrem Extra 92g - ULKER,12.0
00004,BE010124,Bonbon Berries 80g HARIBO,11.0
00004,BI020124,Biskrem DUO 60g - ULKER,24.0
00004,BI030112,BISKREM DUO 85g - ULKER,12.0
00004,BI030124,Biskrem DUO 110g - ULKER,40.0
00004,BI050124,Biskrem Cacao 60g - ULKER,24.0
00004,BI060124,Biskrem Cacao 110g - ULKER,42.0
00004,BI070124,BISKREM CACAO 85g - ULKER,24.0
00004,BI080124,BISKREM DUO 85g - ULKER,24.0
00004,BL030136,Blister Mentos Gum White Sweet Mint 17g P12x12,1.0
00004,BR010124,LBEN 430 GR,10.0
00004,BR020124,RAIEB 450 GR,10.0
00004,BR030124,VIT'UP VANILLE 160GR,66.0
00004,BR040124,VIT'UP FRAISE 260GR,2.0
00004,CH020424,Bonbon Chamallows Party 70g HARIBO,48.0
00004,COR1,Collier Or chaine torsadée,6.0
00004,FF010112,Big Babol Filifolly Strawberry 11g x 12 Sachets,1.0
00004,FF020112,Big Babol Filifolly Fruit 11g x 12 Sachets,1.0
00004,FF030112,Big Babol Filifolly Watermelon 11g x 12 Sachets,1.0
00004,FR010116,Trio de Rochers Chocolat FERRERO,1.0
00004,FR010120,Bonbon Fruit-tella Stick  Strawberry 10px20x12,1.0
00004,FR010220,Bonbon Fruit-tella Stick Orange 10px20x12,1.0
00004,GB020130,Bonbon Gold-Bears 80gx30 - HARIBO,28.0
00004,HC020130,Bonbon Happy Cola 80gx30 HARIBO,18.0
00004,HC030324,Bonbon Happy Cola Fizz 70g HARIBO,6.0
00004,HZ010124,TOMATO KETCHUP 200 G - HEINZ,7.0
00004,HZ010224,BARBECUE SAUCE 200 G - HEINZ,6.0
00004,HZ010612,HEINZ THOUSAND ISLAND DRESSING 400 ML,1.0
00004,HZ010712,TOMATO KETCHUP 300 G - HEINZ,6.0
00004,KC010110,YAOURT AROME BANANE,5.0
00004,KC010120,YAOURT AROME CITRON,1.0
00004,KC010130,YAOURT AROME FRUITS DES BOIS,1.0
00004,KC010210,YAOURT AROME NOIX DE COCO,1.0
00004,KC010240,BIFI NATURE 0%,1.0
00004,KC020130,Barre de Chocolat Biscuit noisette BUENO WHITE,1.0
00004,KH010128,Kinder Happy Hippo Cocoa T1x28x6,1.0
00004,KH020110,Kinder Happy Hippo Cocoa T5x10,1.0
00004,KS010116,Kinder Joy T1x16 Limited Edition,1.0
00004,LI010124,Gaufrette gout Chocolat 70g - LINGOT(colisage 24),24.0
00004,MD010112,"Mentos Gum 3D Fresh Mint 8,5g P5x15",1.0
00004,MD030112,"Mentos Gum 3D Watermelon 8,5g P5x15",1.0
00004,MG010116,Mentos Gum Rolls Pure Fresh 1.75g P9x16,1.0
00004,MR020108,"Mentos Rolls Strawberry 39,2g P14x20",1.0
00004,MR070108,Mentos Rolls Sour Mix 39.2g P14x20,1.0
00004,MW010112,"Boite Mentos Gum White Sweet Mint 53,2g P38x6",1.0
00004,MW020112,"Boite Mentos Gum White Tutti Frutti 53,2g P38x6",1.0
00004,NP010301,Pate a Tartiner de 350 grs NUTELLA,15.0
00004,NP010306,Pôt Pâte à tartiner de 600g NUTELLA,6.0
00004,NP010604,Nutella B-Ready T1x36x4,1.0
00004,NP060716,Nutella B-Ready T6x16,1.0
00004,PF030106,Boite Mentos Gum PF Wintergreen 56g P28x6,1.0
00004,PH020224,Bonbon Phantasia 80g HARIBO,6.0
00004,PV010124,Bonbon Primavera 80g HARIBO,26.0
00004,RA020124,Canette Float Peche 240 ML - RANI,6.0
00004,RO010112,Bonbon Roulette 25g - HARIBO,1.0
00004,SM010224,Bonbon Starmix 80g HARIBO,15.5
00004,SQ010124,Bonbon Squishy 80g HARIBO,6.0
00004,TE020124,Bonbon Teeth 80g HARIBO,8.0
00005,0005,Compote pomme fraise,2.0
00005,11469848,Grain d'Or Cacao 12x300g,12.0
00005,12201937,"KIT KAT 2 Fingers 16x(36x20,5g)",1.0
00005,12201968,"KIT KAT 4 Fingers 12x(24x41,5g)",1.0
00005,AL010124,VIT'UP 170GR COLA CITRON,2.0
00005,AL020112,BEURRE COND 100 gr,1.0
00005,BB012020,CH CH Bigbabol Stick Tutti Frutti 5p x 20 x 20,1.0
00005,BB022020,CH CH Bigbabol Stick Strawberry 5p x 20 x 20,1.0
00005,BE010112,Biskrem Extra 92g - ULKER,12.0
00005,BE010124,Bonbon Berries 80g HARIBO,12.0
00005,BI010124,Biskrem DUO 40g - ULKER,24.0
00005,BI020124,Biskrem DUO 60g - ULKER,24.0
00005,BI030124,Biskrem DUO 110g - ULKER,42.0
00005,BI050124,Biskrem Cacao 60g - ULKER,24.0
00005,BI060124,Biskrem Cacao 110g - ULKER,48.0
00005,BI080124,BISKREM DUO 85g - ULKER,60.0
00005,BL030136,Blister Mentos Gum White Sweet Mint 17g P12x12,1.4
00005,BL040136,Blister Mentos Gum White Tutti Frutti 17g P12x12,2.25
00005,BR010124,LBEN 430 GR,5.0
00005,BR020124,RAIEB 450 GR,96.0
00005,BR030124,VIT'UP VANILLE 160GR,48.0
00005,BR040124,VIT'UP FRAISE 260GR,62.0
00005,CC060106,Sachet Chupa-Chups The Best Of P120x6,1.0
00005,CC060107,Présentoir Chupa-Chups Wheels P120x1,1.0
00005,CC060108,Présentoir Chupa-Chups Half Wheels P60x1,1.0
00005,CC060112,CH CH XXL Strawberry 25Px29g,1.4
00005,CC070106,CH CH Melody Strawberry 48x6,1.0
00005,CH010124,Bonbon Chamallows Pink & White 70g HARIBO,12.0
00005,CH020424,Bonbon Chamallows Party 70g HARIBO,10.333333333333334
00005,CR020124,Bonbon Croco 80g HARIBO,24.0
00005,DC010224,YAOURT BRASSE VANILLE,1.3
00005,DR020124,Bonbon Droppys 80g HARIBO,12.0
00005,FA010118,Mentos Fresh Action Cup Menthol 280g P100x18,1.0
00005,FA020118,Mentos Fresh Action Cup Cherry Mint 280g P100x18,1.0
00005,FA030112,Mentos Fresh Action Stick Cherry Mint 10px24x12,3.5
00005,FF010112,Big Babol Filifolly Strawberry 11g x 12 Sachets,1.0
00005,FF020112,Big Babol Filifolly Fruit 11g x 12 Sachets,1.0
00005,FF030112,Big Babol Filifolly Watermelon 11g x 12 Sachets,1.0
00005,FR010116,Trio de Rochers Chocolat FERRERO,1.1538461538461537
00005,FR010201,Coff. 16 Rochers Chocolat FERRERO,6.071428571428571
00005,FR010301,Coff. de 24 Rochers Chocolat FERRERO,3.0
00005,FR010401,Coff. de 30 Rochers Chocolat FERRERO,2.9
00005,FR010501,Coffret de 24 Rochers Collection Chocolat FERRERO,3.3636363636363638
00005,FR010603,Coffret de 28 Rochers Cône Chocolat FERRERO,3.0
00005,GB020130,Bonbon Gold-Bears 80gx30 - HARIBO,20.75
00005,HC020130,Bonbon Happy Cola 80gx30 HARIBO,8.75
00005,HC030124,Bonbon Happy Cherries 80g HARIBO,23.0
00005,HC030324,Bonbon Happy Cola Fizz 70g HARIBO,14.0
00005,KC010120,YAOURT AROME CITRON,1.0555555555555556
00005,KC010130,YAOURT AROME FRUITS DES BOIS,1.4375
00005,KC010210,YAOURT AROME NOIX DE COCO,1.3333333333333333
00005,KC010211,BIFI CITRON 0%,50.0
00005,KC010240,BIFI NATURE 0%,1.125
00005,KC010336,YAOURT AROME NATURE,1.1666666666666667
00005,KC010506,Kinder Creamy T1x24x6,1.0
00005,KC010618,Kinder Creamy T1X8X18,1.0
00005,KC020130,Barre de Chocolat Biscuit noisette BUENO WHITE,1.1
00005,KD010114,Kinder Délice T10X14,5.9
00005,KD020114,Kinder Délice T1X10X14 (Pièce),1.0
00005,KH010128,Kinder Happy Hippo Cocoa T1x28x6,1.0
00005,KH020110,Kinder Happy Hippo Cocoa T5x10,1.1666666666666667
00005,KK010106,KAT KAT TAT Noisette 24g (24x6),1.0
00005,KK010112,KAT KAT TAT Chocolat 26g (24x12),1.0
00005,KS010116,Kinder Joy T1x16 Limited Edition,2.0
00005,KS020116,Kinder Joy T1x16 Boy,1.0
00005,KS020216,Kinder Joy T1x16 Girl,1.0
00005,KS030116,Kinder Joy T1x16 Boy Collection 2,1.0
00005,KS030216,Kinder Joy T1x16 Girl Collection 2,1.0
00005,LG010120,Gaufrette Golden Chocolat 140 gr- Lingot (20 pcs),20.0
00005,LG020224,Gaufrette Golden Chocolat Blanc & Framboise 70g -L,12.0
00005,LG020324,Gaufrette Golden Wafers goût Chocolat 70g - LINGOT,24.0
00005,MD020112,"Mentos Gum 3D S-A-R 8,5g P5x15",2.0
00005,MD030112,"Mentos Gum 3D Watermelon 8,5g P5x15",2.0
00005,MF011212,MILLE-FEUILLE Fraise 24g ( 12X12 ),1.0
00005,MI010124,Bonbon Mix Fizz 70g HARIBO,19.25
00005,MR010108,"Mentos Rolls Menthe 39,2g P14x20",1.0
00005,MR020108,"Mentos Rolls Strawberry 39,2g P14x20",1.3333333333333333
00005,MR030108,"Mentos Rolls Rainbow 39,2g P14x20",1.0
00005,MR040108,"Mentos Rolls Tutti Frutti 39,2 g P14x20",1.5
00005,MR070108,Mentos Rolls Sour Mix 39.2g P14x20,1.0
00005,MW010112,"Boite Mentos Gum White Sweet Mint 53,2g P38x6",1.0
00005,MW020112,"Boite Mentos Gum White Tutti Frutti 53,2g P38x6",2.0
00005,NP010301,Pate a Tartiner de 350 grs NUTELLA,9.428571428571429
00005,NP010306,Pôt Pâte à tartiner de 600g NUTELLA,6.75
00005,NP010401,Pate a  tartiner de 750g NUTELLA,12.0
00005,NP010406,Pôt Pâte à tartiner de 600g NUTELLA OCCASION,6.0
00005,NP010501,Nutella & Go 52g,15.25
00005,NP010604,Nutella B-Ready T1x36x4,1.2
00005,NP01A301,Pate a Tartiner 350 g   10% NUTELLA,15.0
00005,NP060716,Nutella B-Ready T6x16,8.0
00005,PF010206,Boite Mentos Gum PF Fresh Mint 24g P12x10,1.0
00005,PF020106,Boite Mentos Gum PF Fresh Mint 56g P28x6,1.25
00005,PF030106,Boite Mentos Gum PF Wintergreen 56g P28x6,1.25
00005,PH020224,Bonbon Phantasia 80g HARIBO,11.666666666666666
00005,RA010124,Canette Float Orange 240 ML - RANI,24.0
00005,RA030124,Canette Float Mangue 240 ML - RANI,24.0
00005,RA040124,Canette Float Ananas 240 ML - RANI,24.0
00005,RA050124,Canette Float Cocktail 240 ML - RANI,24.0
00005,RA060124,Canette Float Fraise-Banane 240 ML - RANI,24.0
00005,RO010112,Bonbon Roulette 25g - HARIBO,1.75
00005,RR010116,Trio de Rochers Noix Coco RAFAELLO,1.0
00005,RR010201,Coff. 15 Rochers Noix Coco RAFAELLO,12.0
00005,SQ010124,Bonbon Squishy 80g HARIBO,66.0
00005,ST010208,Mix Sripe Assortiment 24x8x25g HARIBO,1.6
00005,TB010112,Boite Bonbon Menthe T12x24 TIC TAC,1.25
00005,TB020112,Boite Bonbon Orange T12x24 TIC TAC,1.0
00005,TB030112,Boite Bonbon Spearmint T12x24 TIC TAC,1.0
00005,TB050112,Boite Bonbon Strawberry mix T12x24 TIC TAC,1.5
00005,TB070148,Tic Tac Mix T48x8 ARBRE,2.0
00005,TE020124,Bonbon Teeth 80g HARIBO,24.75
00005,WO020124,Bonbon Worms 80g HARIBO,27.0
00005,WO030124,Bonbon Fizz Worms 70g HARIBO,14.0
00006,BB012020,CH CH Bigbabol Stick Tutti Frutti 5p x 20 x 20,1.0
00006,BE010124,Bonbon Berries 80g HARIBO,8.0
00006,BI070124,BISKREM CACAO 85g - ULKER,24.0
00006,BL040136,Blister Mentos Gum White Tutti Frutti 17g P12x12,1.0
00006,CC010112,Sachet Chupa-Chups Fruit P10x12,1.0
00006,CC020112,Sachet Chupa-Chups Fresh Cola P10x12,1.0
00006,CC030112,Sachet Chupa-Chups Milky P10x12,1.0
00006,CC060106,Sachet Chupa-Chups The Best Of P120x6,1.0
00006,CC060112,CH CH XXL Strawberry 25Px29g,1.0
00006,CC070106,CH CH Melody Strawberry 48x6,1.0
00006,CC070124,Sachet Chupa Chups Mini 35Px24,1.0
00006,CC080116,Chupa-Chups Surprise 16x6,2.0
00006,CH020424,Bonbon Chamallows Party 70g HARIBO,10.75
00006,DC010224,YAOURT BRASSE VANILLE,1.0
00006,FF010112,Big Babol Filifolly Strawberry 11g x 12 Sachets,1.0
00006,FF020112,Big Babol Filifolly Fruit 11g x 12 Sachets,1.0
00006,FF030112,Big Babol Filifolly Watermelon 11g x 12 Sachets,1.0
00006,FR010116,Trio de Rochers Chocolat FERRERO,1.0
00006,FR010201,Coff. 16 Rochers Chocolat FERRERO,2.0
00006,GB020130,Bonbon Gold-Bears 80gx30 - HARIBO,9.0
00006,HC020130,Bonbon Happy Cola 80gx30 HARIBO,2.5
00006,HC030124,Bonbon Happy Cherries 80g HARIBO,5.0
00006,HC030324,Bonbon Happy Cola Fizz 70g HARIBO,6.0
00006,HZ010212,HEINZ CHILI MAYONNAISE 225 ML,1.0
00006,KC010120,YAOURT AROME CITRON,5.5
00006,KC010130,YAOURT AROME FRUITS DES BOIS,1.0
00006,KC010336,YAOURT AROME NATURE,1.0
00006,KC020130,Barre de Chocolat Biscuit noisette BUENO WHITE,1.0
00006,KH010128,Kinder Happy Hippo Cocoa T1x28x6,1.0
00006,KS020216,Kinder Joy T1x16 Girl,1.0
00006,LG020124,Gaufrette Golden  Chocolat Blanc & Citron 70g,12.0
00006,M10,زيت الباشا,1.0
00006,MI010124,Bonbon Mix Fizz 70g HARIBO,24.0
00006,MW010112,"Boite Mentos Gum White Sweet Mint 53,2g P38x6",1.0
00006,MW020112,"Boite Mentos Gum White Tutti Frutti 53,2g P38x6",1.0
00006,NP010604,Nutella B-Ready T1x36x4,1.0
00006,NP060716,Nutella B-Ready T6x16,3.0
00006,PH020224,Bonbon Phantasia 80g HARIBO,12.0
00006,ST010208,Mix Sripe Assortiment 24x8x25g HARIBO,1.0
00006,TB070148,Tic Tac Mix T48x8 ARBRE,1.0
00006,TE020124,Bonbon Teeth 80g HARIBO,9.0
00006,WO020124,Bonbon Worms 80g HARIBO,24.0
00006,WO030124,Bonbon Fizz Worms 70g HARIBO,6.0
00007,AL010124,VIT'UP 170GR COLA CITRON,1.0
00007,AL020112,BEURRE COND 100 gr,1.0
00007,BE010112,Biskrem Extra 92g - ULKER,12.0
00007,BI020124,Biskrem DUO 60g - ULKER,24.0
00007,BI030124,Biskrem DUO 110g - ULKER,36.0
00007,BI060124,Biskrem Cacao 110g - ULKER,24.0
00007,BI070124,BISKREM CACAO 85g - ULKER,24.0
00007,BI080124,BISKREM DUO 85g - ULKER,24.0
00007,BL030136,Blister Mentos Gum White Sweet Mint 17g P12x12,2.6666666666666665
00007,BL040136,Blister Mentos Gum White Tutti Frutti 17g P12x12,2.0
00007,BR010124,LBEN 430 GR,10.0
00007,BR020124,RAIEB 450 GR,5.0
00007,BR040124,VIT'UP FRAISE 260GR,20.0
00007,CC060106,Sachet Chupa-Chups The Best Of P120x6,1.0
00007,CC070106,CH CH Melody Strawberry 48x6,2.0
00007,CH010124,Bonbon Chamallows Pink & White 70g HARIBO,12.0
00007,CH020424,Bonbon Chamallows Party 70g HARIBO,12.0
00007,DC010224,YAOURT BRASSE VANILLE,1.0
00007,FA010118,Mentos Fresh Action Cup Menthol 280g P100x18,1.0
00007,FA020118,Mentos Fresh Action Cup Cherry Mint 280g P100x18,1.0
00007,FR010116,Trio de Rochers Chocolat FERRERO,9.0
00007,FR010120,Bonbon Fruit-tella Stick  Strawberry 10px20x12,1.0
00007,FR010201,Coff. 16 Rochers Chocolat FERRERO,2.0
00007,FR010220,Bonbon Fruit-tella Stick Orange 10px20x12,1.0
00007,FR010401,Coff. de 30 Rochers Chocolat FERRERO,1.0
00007,FR010501,Coffret de 24 Rochers Collection Chocolat FERRERO,4.0
00007,GB020130,Bonbon Gold-Bears 80gx30 - HARIBO,7.0
00007,HC020130,Bonbon Happy Cola 80gx30 HARIBO,6.5
00007,HC030124,Bonbon Happy Cherries 80g HARIBO,6.0
00007,HC030324,Bonbon Happy Cola Fizz 70g HARIBO,15.0
00007,HZ010212,HEINZ CHILI MAYONNAISE 225 ML,2.0
00007,KC010120,YAOURT AROME CITRON,1.3333333333333333
00007,KC010130,YAOURT AROME FRUITS DES BOIS,1.1666666666666667
00007,KC010210,YAOURT AROME NOIX DE COCO,1.1666666666666667
00007,KC010240,BIFI NATURE 0%,1.0
00007,KC010336,YAOURT AROME NATURE,2.0
00007,KC020130,Barre de Chocolat Biscuit noisette BUENO WHITE,2.7142857142857144
00007,KD010114,Kinder Délice T10X14,10.75
00007,KH010128,Kinder Happy Hippo Cocoa T1x28x6,1.0
00007,KH020110,Kinder Happy Hippo Cocoa T5x10,1.5
00007,KK010112,KAT KAT TAT Chocolat 26g (24x12),1.0
00007,KS020116,Kinder Joy T1x16 Boy,1.0
00007,KS020216,Kinder Joy T1x16 Girl,1.5
00007,KS030116,Kinder Joy T1x16 Boy Collection 2,1.0
00007,MD010112,"Mentos Gum 3D Fresh Mint 8,5g P5x15",1.0
00007,MD030112,"Mentos Gum 3D Watermelon 8,5g P5x15",1.5
00007,MF011212,MILLE-FEUILLE Fraise 24g ( 12X12 ),1.0
00007,MG010116,Mentos Gum Rolls Pure Fresh 1.75g P9x16,1.0
00007,MI010124,Bonbon Mix Fizz 70g HARIBO,14.5
00007,MR010108,"Mentos Rolls Menthe 39,2g P14x20",1.5
00007,MR020108,"Mentos Rolls Strawberry 39,2g P14x20",1.0
00007,MR030108,"Mentos Rolls Rainbow 39,2g P14x20",1.0
00007,MR040108,"Mentos Rolls Tutti Frutti 39,2 g P14x20",1.0
00007,MR050108,"Mentos Rolls Fruit 39,2g P14x20",1.5
00007,MR070108,Mentos Rolls Sour Mix 39.2g P14x20,1.0
00007,MW010112,"Boite Mentos Gum White Sweet Mint 53,2g P38x6",2.0
00007,MW020112,"Boite Mentos Gum White Tutti Frutti 53,2g P38x6",1.0
00007,NP010301,Pate a Tartiner de 350 grs NUTELLA,15.0
00007,NP010406,Pôt Pâte à tartiner de 600g NUTELLA OCCASION,6.0
00007,NP010407,Pôt Pâte à tartiner de 350g NUTELLA OCCASION,15.0
00007,NP010501,Nutella & Go 52g,24.0
00007,NP010604,Nutella B-Ready T1x36x4,1.2222222222222223
00007,NP060716,Nutella B-Ready T6x16,18.75
00007,PF010206,Boite Mentos Gum PF Fresh Mint 24g P12x10,1.0
00007,PH020224,Bonbon Phantasia 80g HARIBO,6.0
00007,RO010112,Bonbon Roulette 25g - HARIBO,1.0
00007,SM010224,Bonbon Starmix 80g HARIBO,3.0
00007,SQ010124,Bonbon Squishy 80g HARIBO,3.0
00007,ST010208,Mix Sripe Assortiment 24x8x25g HARIBO,1.6666666666666667
00007,TB010112,Boite Bonbon Menthe T12x24 TIC TAC,1.0
00007,TB070148,Tic Tac Mix T48x8 ARBRE,1.0
00007,WO020124,Bonbon Worms 80g HARIBO,6.0
00007,zaeaze,zaezaeazeaze,2.0
00008,AL010124,VIT'UP 170GR COLA CITRON,1.0
00008,BB012020,CH CH Bigbabol Stick Tutti Frutti 5p x 20 x 20,1.0
00008,BI030112,BISKREM DUO 85g - ULKER,12.0
00008,BI050124,Biskrem Cacao 60g - ULKER,60.0
00008,BI080124,BISKREM DUO 85g - ULKER,24.0
00008,BL030136,Blister Mentos Gum White Sweet Mint 17g P12x12,1.0
00008,BL040136,Blister Mentos Gum White Tutti Frutti 17g P12x12,1.0
00008,BR020124,RAIEB 450 GR,72.0
00008,CC060106,Sachet Chupa-Chups The Best Of P120x6,1.0
00008,CC060112,CH CH XXL Strawberry 25Px29g,1.0
00008,CH010124,Bonbon Chamallows Pink & White 70g HARIBO,15.0
00008,CH020424,Bonbon Chamallows Party 70g HARIBO,9.0
00008,DC010224,YAOURT BRASSE VANILLE,1.0
00008,FA030112,Mentos Fresh Action Stick Cherry Mint 10px24x12,1.0
00008,FR010116,Trio de Rochers Chocolat FERRERO,1.0
00008,FR010201,Coff. 16 Rochers Chocolat FERRERO,3.0
00008,FR010301,Coff. de 24 Rochers Chocolat FERRERO,1.0
00008,GB020130,Bonbon Gold-Bears 80gx30 - HARIBO,29.0
00008,HC020130,Bonbon Happy Cola 80gx30 HARIBO,2.0
00008,HC030124,Bonbon Happy Cherries 80g HARIBO,6.0
00008,HC030324,Bonbon Happy Cola Fizz 70g HARIBO,23.0
00008,HZ010612,HEINZ THOUSAND ISLAND DRESSING 400 ML,1.0
00008,KC010120,YAOURT AROME CITRON,1.0
00008,KC010130,YAOURT AROME FRUITS DES BOIS,1.0
00008,KC010210,YAOURT AROME NOIX DE COCO,1.0
00008,KC010240,BIFI NATURE 0%,1.6666666666666667
00008,KC010336,YAOURT AROME NATURE,1.0
00008,KC020130,Barre de Chocolat Biscuit noisette BUENO WHITE,1.25
00008,KH010128,Kinder Happy Hippo Cocoa T1x28x6,1.0
00008,KH020110,Kinder Happy Hippo Cocoa T5x10,1.0
00008,KS030116,Kinder Joy T1x16 Boy Collection 2,1.0
00008,KS030216,Kinder Joy T1x16 Girl Collection 2,1.0
00008,L003,FILTRE A HUILE MISFAT L003,1.0
00008,LG010120,Gaufrette Golden Chocolat 140 gr- Lingot (20 pcs),10.0
00008,LI040124,Gaufrette gout Noisette 70g - LINGOT (colisage 24),48.0
00008,LI050124,Gaufrette gout Fraise 70g - LINGOT (colisage 24),24.0
00008,MD010112,"Mentos Gum 3D Fresh Mint 8,5g P5x15",2.0
00008,MD020112,"Mentos Gum 3D S-A-R 8,5g P5x15",1.0
00008,MD030112,"Mentos Gum 3D Watermelon 8,5g P5x15",2.0
00008,MG010116,Mentos Gum Rolls Pure Fresh 1.75g P9x16,1.0
00008,MI010124,Bonbon Mix Fizz 70g HARIBO,13.0
00008,MR010108,"Mentos Rolls Menthe 39,2g P14x20",1.0
00008,MR020108,"Mentos Rolls Strawberry 39,2g P14x20",1.0
00008,MW010112,"Boite Mentos Gum White Sweet Mint 53,2g P38x6",1.0
00008,MW020112,"Boite Mentos Gum White Tutti Frutti 53,2g P38x6",1.0
00008,NP010301,Pate a Tartiner de 350 grs NUTELLA,7.0
00008,NP010306,Pôt Pâte à tartiner de 600g NUTELLA,6.0
00008,NP010407,Pôt Pâte à tartiner de 350g NUTELLA OCCASION,9.0
00008,NP010501,Nutella & Go 52g,17.666666666666668
00008,NP010604,Nutella B-Ready T1x36x4,1.0
00008,NP060716,Nutella B-Ready T6x16,4.666666666666667
00008,PF020106,Boite Mentos Gum PF Fresh Mint 56g P28x6,1.0
00008,PH020224,Bonbon Phantasia 80g HARIBO,8.0
00008,RA030124,Canette Float Mangue 240 ML - RANI,6.0
00008,RA050124,Canette Float Cocktail 240 ML - RANI,12.0
00008,RO010112,Bonbon Roulette 25g - HARIBO,1.3333333333333333
00008,SM010224,Bonbon Starmix 80g HARIBO,4.0
00008,SQ010124,Bonbon Squishy 80g HARIBO,6.0
00008,TB010112,Boite Bonbon Menthe T12x24 TIC TAC,1.0
00008,TB020112,Boite Bonbon Orange T12x24 TIC TAC,1.0
00008,TB050112,Boite Bonbon Strawberry mix T12x24 TIC TAC,1.0
00008,TB070148,Tic Tac Mix T48x8 ARBRE,1.0
00008,WO020124,Bonbon Worms 80g HARIBO,4.5
00008,WO030124,Bonbon Fizz Worms 70g HARIBO,28.0
00009,BB012020,CH CH Bigbabol Stick Tutti Frutti 5p x 20 x 20,1.0
00009,BE010112,Biskrem Extra 92g - ULKER,12.0
00009,BI030112,BISKREM DUO 85g - ULKER,12.0
00009,BI050124,Biskrem Cacao 60g - ULKER,48.0
00009,BI060124,Biskrem Cacao 110g - ULKER,24.0
00009,BI070124,BISKREM CACAO 85g - ULKER,24.0
00009,CC060106,Sachet Chupa-Chups The Best Of P120x6,1.0
00009,CH020424,Bonbon Chamallows Party 70g HARIBO,3.0
00009,DC010224,YAOURT BRASSE VANILLE,1.0
00009,FA010118,Mentos Fresh Action Cup Menthol 280g P100x18,1.0
00009,FA030112,Mentos Fresh Action Stick Cherry Mint 10px24x12,1.0
00009,HC020130,Bonbon Happy Cola 80gx30 HARIBO,4.0
00009,HC030324,Bonbon Happy Cola Fizz 70g HARIBO,6.0
00009,JA010106,Mini Mentos Jar Fruit Mix 1Kg P100x6,1.0
00009,KC010120,YAOURT AROME CITRON,1.0
00009,KC010130,YAOURT AROME FRUITS DES BOIS,1.0
00009,KC010240,BIFI NATURE 0%,1.0
00009,KC020130,Barre de Chocolat Biscuit noisette BUENO WHITE,1.0
00009,KD010114,Kinder Délice T10X14,2.0
00009,KH020110,Kinder Happy Hippo Cocoa T5x10,1.0
00009,KK010106,KAT KAT TAT Noisette 24g (24x6),1.0
00009,KK010112,KAT KAT TAT Chocolat 26g (24x12),1.0
00009,KS020116,Kinder Joy T1x16 Boy,1.0
00009,LI010124,Gaufrette gout Chocolat 70g - LINGOT(colisage 24),24.0
00009,LI040124,Gaufrette gout Noisette 70g - LINGOT (colisage 24),24.0
00009,LI050124,Gaufrette gout Fraise 70g - LINGOT (colisage 24),24.0
00009,MD020112,"Mentos Gum 3D S-A-R 8,5g P5x15",1.0
00009,MR030108,"Mentos Rolls Rainbow 39,2g P14x20",1.0
00009,NP010501,Nutella & Go 52g,24.0
00009,NP010604,Nutella B-Ready T1x36x4,1.0
00009,NP060716,Nutella B-Ready T6x16,1.0
00009,PH020224,Bonbon Phantasia 80g HARIBO,1.0
00009,RA040124,Canette Float Ananas 240 ML - RANI,6.0
00009,RA050124,Canette Float Cocktail 240 ML - RANI,6.0
00009,RO010112,Bonbon Roulette 25g - HARIBO,1.0
00009,SQ010124,Bonbon Squishy 80g HARIBO,3.0
00009,ST010208,Mix Sripe Assortiment 24x8x25g HARIBO,1.0
00009,TB020112,Boite Bonbon Orange T12x24 TIC TAC,1.0
00009,TE020124,Bonbon Teeth 80g HARIBO,3.0
00009,WO020124,Bonbon Worms 80g HARIBO,1.0
00009,WO030124,Bonbon Fizz Worms 70g HARIBO,6.0
00010,BB022020,CH CH Bigbabol Stick Strawberry 5p x 20 x 20,1.0
00010,BI050124,Biskrem Cacao 60g - ULKER,24.0
00010,BI070124,BISKREM CACAO 85g - ULKER,8.0
00010,BI080124,BISKREM DUO 85g - ULKER,24.0
00010,BL040136,Blister Mentos Gum White Tutti Frutti 17g P12x12,1.0
00010,CH020424,Bonbon Chamallows Party 70g HARIBO,2.0
00010,GB020130,Bonbon Gold-Bears 80gx30 - HARIBO,5.0
00010,KC010130,YAOURT AROME FRUITS DES BOIS,1.0
00010,KC010240,BIFI NATURE 0%,1.0
00010,KC010336,YAOURT AROME NATURE,1.0
00010,KH010128,Kinder Happy Hippo Cocoa T1x28x6,1.0
00010,KH020110,Kinder Happy Hippo Cocoa T5x10,1.0
00010,KS010116,Kinder Joy T1x16 Limited Edition,1.0
00010,KS020116,Kinder Joy T1x16 Boy,1.0
00010,KS020216,Kinder Joy T1x16 Girl,1.0
00010,KS030116,Kinder Joy T1x16 Boy Collection 2,1.0
00010,KS030216,Kinder Joy T1x16 Girl Collection 2,1.0
00010,LI010124,Gaufrette gout Chocolat 70g - LINGOT(colisage 24),24.0
00010,LT020124,Gaufrette enrobée choco 30G Cacahueté (24x4),1.0
00010,LT030124,Gaufrette enrobée choco 30G Triple saveur (24x4),1.0
00010,MI010124,Bonbon Mix Fizz 70g HARIBO,21.0
00010,MR030108,"Mentos Rolls Rainbow 39,2g P14x20",2.0
00010,MR050108,"Mentos Rolls Fruit 39,2g P14x20",1.0
00010,MR070108,Mentos Rolls Sour Mix 39.2g P14x20,1.0
00010,NP010604,Nutella B-Ready T1x36x4,1.0
00010,RO010112,Bonbon Roulette 25g - HARIBO,1.0
00010,TE020124,Bonbon Teeth 80g HARIBO,6.0
00011,BE010124,Bonbon Berries 80g HARIBO,24.0
00011,BI030124,Biskrem DUO 110g - ULKER,24.0
00011,BI060124,Biskrem Cacao 110g - ULKER,24.0
00011,BI080124,BISKREM DUO 85g - ULKER,60.0
00011,BL040136,Blister Mentos Gum White Tutti Frutti 17g P12x12,2.0
00011,CC050112,Sachet Chupa-Chups The Best Of P10x12,12.0
00011,CC060106,Sachet Chupa-Chups The Best Of P120x6,2.5
00011,CC060112,CH CH XXL Strawberry 25Px29g,1.5
00011,CC070106,CH CH Melody Strawberry 48x6,1.0
00011,CC080116,Chupa-Chups Surprise 16x6,6.0
00011,DC010224,YAOURT BRASSE VANILLE,60.5
00011,FF010112,Big Babol Filifolly Strawberry 11g x 12 Sachets,1.0
00011,FF020112,Big Babol Filifolly Fruit 11g x 12 Sachets,1.0
00011,FF030112,Big Babol Filifolly Watermelon 11g x 12 Sachets,1.0
00011,FR010116,Trio de Rochers Chocolat FERRERO,1.0
00011,FR010201,Coff. 16 Rochers Chocolat FERRERO,10.5
00011,FR010301,Coff. de 24 Rochers Chocolat FERRERO,2.6666666666666665
00011,FR010401,Coff. de 30 Rochers Chocolat FERRERO,12.0
00011,FR010501,Coffret de 24 Rochers Collection Chocolat FERRERO,3.25
00011,GB020130,Bonbon Gold-Bears 80gx30 - HARIBO,30.0
00011,HC020130,Bonbon Happy Cola 80gx30 HARIBO,21.333333333333332
00011,HC030124,Bonbon Happy Cherries 80g HARIBO,24.0
00011,HC030324,Bonbon Happy Cola Fizz 70g HARIBO,24.0
00011,HZ010112,HEINZ LIGHT MAYONNAISE 225 ML,1.0
00011,HZ010512,HEINZ CAESAR SALAD DRESSING 400 ML,1.0
00011,HZ010612,HEINZ THOUSAND ISLAND DRESSING 400 ML,1.0
00011,KC010120,YAOURT AROME CITRON,1.1666666666666667
00011,KC010130,YAOURT AROME FRUITS DES BOIS,1.4
00011,KC010210,YAOURT AROME NOIX DE COCO,1.0
00011,KC010240,BIFI NATURE 0%,1.0
00011,KC020130,Barre de Chocolat Biscuit noisette BUENO WHITE,1.0
00011,KD010114,Kinder Délice T10X14,2.0
00011,KH010128,Kinder Happy Hippo Cocoa T1x28x6,1.5
00011,KH020110,Kinder Happy Hippo Cocoa T5x10,1.0
00011,KS010116,Kinder Joy T1x16 Limited Edition,2.0
00011,KS020116,Kinder Joy T1x16 Boy,1.5
00011,KS020216,Kinder Joy T1x16 Girl,2.0
00011,KS030116,Kinder Joy T1x16 Boy Collection 2,1.0
00011,KS030216,Kinder Joy T1x16 Girl Collection 2,1.0
00011,MI010124,Bonbon Mix Fizz 70g HARIBO,3.0
00011,MW020112,"Boite Mentos Gum White Tutti Frutti 53,2g P38x6",1.0
00011,NP010301,Pate a Tartiner de 350 grs NUTELLA,15.0
00011,NP010501,Nutella & Go 52g,24.0
00011,NP010604,Nutella B-Ready T1x36x4,1.0
00011,NP01A301,Pate a Tartiner 350 g   10% NUTELLA,30.0
00011,NP060716,Nutella B-Ready T6x16,3.0
00011,PH020224,Bonbon Phantasia 80g HARIBO,24.0
00011,RO010112,Bonbon Roulette 25g - HARIBO,4.0
00011,SM010224,Bonbon Starmix 80g HARIBO,18.0
00011,ST010208,Mix Sripe Assortiment 24x8x25g HARIBO,1.0
00011,WO020124,Bonbon Worms 80g HARIBO,24.0
00011,WO030124,Bonbon Fizz Worms 70g HARIBO,24.0
00012,BE010124,Bonbon Berries 80g HARIBO,6.0
00012,CH010124,Bonbon Chamallows Pink & White 70g HARIBO,24.0
00012,GB020130,Bonbon Gold-Bears 80gx30 - HARIBO,20.0
00012,HC020130,Bonbon Happy Cola 80gx30 HARIBO,4.0
00012,KC010130,YAOURT AROME FRUITS DES BOIS,1.0
00012,KC010210,YAOURT AROME NOIX DE COCO,1.0
00012,MD020112,"Mentos Gum 3D S-A-R 8,5g P5x15",1.0
00012,MR010108,"Mentos Rolls Menthe 39,2g P14x20",1.0
00012,NP060716,Nutella B-Ready T6x16,2.0
00012,RO010112,Bonbon Roulette 25g - HARIBO,1.0
00013,0005,Compote pomme fraise,1.0
00013,12201968,"KIT KAT 4 Fingers 12x(24x41,5g)",1.0
00013,BI030124,Biskrem DUO 110g - ULKER,48.0
00013,BI050124,Biskrem Cacao 60g - ULKER,24.0
00013,BI060124,Biskrem Cacao 110g - ULKER,24.0
00013,BL030136,Blister Mentos Gum White Sweet Mint 17g P12x12,1.0
00013,CC060106,Sachet Chupa-Chups The Best Of P120x6,1.0
00013,CH010124,Bonbon Chamallows Pink & White 70g HARIBO,5.0
00013,HC020130,Bonbon Happy Cola 80gx30 HARIBO,16.0
00013,HC030324,Bonbon Happy Cola Fizz 70g HARIBO,18.0
00013,KC010130,YAOURT AROME FRUITS DES BOIS,1.0
00013,KC010210,YAOURT AROME NOIX DE COCO,1.0
00013,KS020216,Kinder Joy T1x16 Girl,1.0
00013,MR020108,"Mentos Rolls Strawberry 39,2g P14x20",1.0
00013,PH020224,Bonbon Phantasia 80g HARIBO,24.0
00013,SM010224,Bonbon Starmix 80g HARIBO,6.0
00013,ST010208,Mix Sripe Assortiment 24x8x25g HARIBO,1.0
00013,TE020124,Bonbon Teeth 80g HARIBO,24.0
00014,BE010112,Biskrem Extra 92g - ULKER,12.0
00014,KC010120,YAOURT AROME CITRON,2.0
00014,KC010130,YAOURT AROME FRUITS DES BOIS,1.0
00014,KC010210,YAOURT AROME NOIX DE COCO,2.0
00014,NP010501,Nutella & Go 52g,24.0
00014,NP010604,Nutella B-Ready T1x36x4,3.0
00014,TB010112,Boite Bonbon Menthe T12x24 TIC TAC,1.0
00014,WO030124,Bonbon Fizz Worms 70g HARIBO,24.0
00015,0005,Compote pomme fraise,1.0
00015,AL010124,VIT'UP 170GR COLA CITRON,1.0
00015,AL020112,BEURRE COND 100 gr,1.0
00015,BB022020,CH CH Bigbabol Stick Strawberry 5p x 20 x 20,1.0
00015,BE010112,Biskrem Extra 92g - ULKER,12.0
00015,BI020124,Biskrem DUO 60g - ULKER,24.0
00015,BI030124,Biskrem DUO 110g - ULKER,24.0
00015,BI050124,Biskrem Cacao 60g - ULKER,24.0
00015,BI060124,Biskrem Cacao 110g - ULKER,36.0
00015,BL030136,Blister Mentos Gum White Sweet Mint 17g P12x12,1.0
00015,BL040136,Blister Mentos Gum White Tutti Frutti 17g P12x12,1.0
00015,CC060106,Sachet Chupa-Chups The Best Of P120x6,1.0
00015,CC060108,Présentoir Chupa-Chups Half Wheels P60x1,2.0
00015,CC060112,CH CH XXL Strawberry 25Px29g,1.0
00015,CC080116,Chupa-Chups Surprise 16x6,1.0
00015,CH010124,Bonbon Chamallows Pink & White 70g HARIBO,3.0
00015,CH020424,Bonbon Chamallows Party 70g HARIBO,8.0
00015,DC010224,YAOURT BRASSE VANILLE,1.5
00015,FF010112,Big Babol Filifolly Strawberry 11g x 12 Sachets,1.0
00015,GB020130,Bonbon Gold-Bears 80gx30 - HARIBO,31.0
00015,HC020130,Bonbon Happy Cola 80gx30 HARIBO,22.666666666666668
00015,HC030124,Bonbon Happy Cherries 80g HARIBO,6.0
00015,HC030324,Bonbon Happy Cola Fizz 70g HARIBO,4.5
00015,KC010120,YAOURT AROME CITRON,1.2
00015,KC010130,YAOURT AROME FRUITS DES BOIS,1.5
00015,KC010210,YAOURT AROME NOIX DE COCO,1.0
00015,KC010240,BIFI NATURE 0%,1.0
00015,KC010336,YAOURT AROME NATURE,1.0
00015,KC020130,Barre de Chocolat Biscuit noisette BUENO WHITE,1.0
00015,KH010128,Kinder Happy Hippo Cocoa T1x28x6,1.5
00015,KH020110,Kinder Happy Hippo Cocoa T5x10,1.3333333333333333
00015,KK010106,KAT KAT TAT Noisette 24g (24x6),1.0
00015,KK010112,KAT KAT TAT Chocolat 26g (24x12),1.0
00015,KS020116,Kinder Joy T1x16 Boy,1.0
00015,KS020216,Kinder Joy T1x16 Girl,2.0
00015,KS030116,Kinder Joy T1x16 Boy Collection 2,1.2
00015,KS030216,Kinder Joy T1x16 Girl Collection 2,1.2
00015,MI010124,Bonbon Mix Fizz 70g HARIBO,24.0
00015,MR010108,"Mentos Rolls Menthe 39,2g P14x20",1.0
00015,MV020124,Mc Vities Digestive Dark Chocolate 200g x 24,3.0
00015,MW020112,"Boite Mentos Gum White Tutti Frutti 53,2g P38x6",1.0
00015,NP010301,Pate a Tartiner de 350 grs NUTELLA,15.0
00015,NP010406,Pôt Pâte à tartiner de 600g NUTELLA OCCASION,3.0
00015,NP010407,Pôt Pâte à tartiner de 350g NUTELLA OCCASION,8.0
00015,NP010501,Nutella & Go 52g,24.0
00015,NP01A301,Pate a Tartiner 350 g   10% NUTELLA,8.0
00015,PF020106,Boite Mentos Gum PF Fresh Mint 56g P28x6,1.0
00015,PF030106,Boite Mentos Gum PF Wintergreen 56g P28x6,1.0
00015,PH020224,Bonbon Phantasia 80g HARIBO,30.0
00015,RO010112,Bonbon Roulette 25g - HARIBO,1.0
00015,SM010224,Bonbon Starmix 80g HARIBO,30.0
00015,ST010208,Mix Sripe Assortiment 24x8x25g HARIBO,1.0
00015,TB010112,Boite Bonbon Menthe T12x24 TIC TAC,1.0
00015,TB050112,Boite Bonbon Strawberry mix T12x24 TIC TAC,1.0
00015,TB070148,Tic Tac Mix T48x8 ARBRE,1.0
00015,TE020124,Bonbon Teeth 80g HARIBO,24.0
00015,WO020124,Bonbon Worms 80g HARIBO,24.0
00015,WO030124,Bonbon Fizz Worms 70g HARIBO,36.0
00016,0005,Compote pomme fraise,1.0
00016,AL010124,VIT'UP 170GR COLA CITRON,1.0
00016,AL020112,BEURRE COND 100 gr,1.0
00016,BE010112,Biskrem Extra 92g - ULKER,72.0
00016,BE010124,Bonbon Berries 80g HARIBO,36.666666666666664
00016,BI020124,Biskrem DUO 60g - ULKER,48.0
00016,BI030124,Biskrem DUO 110g - ULKER,24.0
00016,BI050124,Biskrem Cacao 60g - ULKER,48.0
00016,BI060124,Biskrem Cacao 110g - ULKER,36.0
00016,BI070124,BISKREM CACAO 85g - ULKER,24.0
00016,BI080124,BISKREM DUO 85g - ULKER,40.0
00016,BL030136,Blister Mentos Gum White Sweet Mint 17g P12x12,1.0
00016,BL040136,Blister Mentos Gum White Tutti Frutti 17g P12x12,1.0
00016,CC060106,Sachet Chupa-Chups The Best Of P120x6,1.0
00016,CC060112,CH CH XXL Strawberry 25Px29g,1.0
00016,CC070106,CH CH Melody Strawberry 48x6,1.0
00016,CC080116,Chupa-Chups Surprise 16x6,1.0
00016,CH010124,Bonbon Chamallows Pink & White 70g HARIBO,14.0
00016,CH020424,Bonbon Chamallows Party 70g HARIBO,6.0
00016,DC010224,YAOURT BRASSE VANILLE,1.0
00016,FF010112,Big Babol Filifolly Strawberry 11g x 12 Sachets,1.0
00016,FF020112,Big Babol Filifolly Fruit 11g x 12 Sachets,1.0
00016,FF030112,Big Babol Filifolly Watermelon 11g x 12 Sachets,1.0
00016,FR010116,Trio de Rochers Chocolat FERRERO,1.0
00016,FR010120,Bonbon Fruit-tella Stick  Strawberry 10px20x12,2.0
00016,FR010201,Coff. 16 Rochers Chocolat FERRERO,2.8333333333333335
00016,FR010220,Bonbon Fruit-tella Stick Orange 10px20x12,1.0
00016,FR010301,Coff. de 24 Rochers Chocolat FERRERO,2.6
00016,FR010401,Coff. de 30 Rochers Chocolat FERRERO,3.0
00016,FR010501,Coffret de 24 Rochers Collection Chocolat FERRERO,4.0
00016,GB020130,Bonbon Gold-Bears 80gx30 - HARIBO,16.333333333333332
00016,HC020130,Bonbon Happy Cola 80gx30 HARIBO,12.0
00016,HC030124,Bonbon Happy Cherries 80g HARIBO,48.0
00016,JA010106,Mini Mentos Jar Fruit Mix 1Kg P100x6,1.0
00016,KC010120,YAOURT AROME CITRON,1.0
00016,KC010130,YAOURT AROME FRUITS DES BOIS,1.1111111111111112
00016,KC010210,YAOURT AROME NOIX DE COCO,1.0
00016,KC010240,BIFI NATURE 0%,1.0
00016,KC020130,Barre de Chocolat Biscuit noisette BUENO WHITE,1.5
00016,KD010114,Kinder Délice T10X14,1.0
00016,KH010128,Kinder Happy Hippo Cocoa T1x28x6,1.0
00016,KH020110,Kinder Happy Hippo Cocoa T5x10,1.0
00016,KS010116,Kinder Joy T1x16 Limited Edition,1.0
00016,KS020116,Kinder Joy T1x16 Boy,1.3333333333333333
00016,KS020216,Kinder Joy T1x16 Girl,1.3333333333333333
00016,KS030116,Kinder Joy T1x16 Boy Collection 2,1.5
00016,KS030216,Kinder Joy T1x16 Girl Collection 2,1.3333333333333333
00016,MD010112,"Mentos Gum 3D Fresh Mint 8,5g P5x15",1.0
00016,MD020112,"Mentos Gum 3D S-A-R 8,5g P5x15",1.0
00016,MD030112,"Mentos Gum 3D Watermelon 8,5g P5x15",1.0
00016,MR020108,"Mentos Rolls Strawberry 39,2g P14x20",1.0
00016,MW010112,"Boite Mentos Gum White Sweet Mint 53,2g P38x6",1.0
00016,MW020112,"Boite Mentos Gum White Tutti Frutti 53,2g P38x6",1.0
00016,NP010301,Pate a Tartiner de 350 grs NUTELLA,15.0
00016,NP010306,Pôt Pâte à tartiner de 600g NUTELLA,6.0
00016,NP010407,Pôt Pâte à tartiner de 350g NUTELLA OCCASION,15.0
00016,NP010501,Nutella & Go 52g,24.0
00016,NP010604,Nutella B-Ready T1x36x4,1.0
00016,NP01A301,Pate a Tartiner 350 g   10% NUTELLA,13.0
00016,NP060716,Nutella B-Ready T6x16,6.0
00016,PF010206,Boite Mentos Gum PF Fresh Mint 24g P12x10,1.0
00016,PF020106,Boite Mentos Gum PF Fresh Mint 56g P28x6,1.0
00016,PF030106,Boite Mentos Gum PF Wintergreen 56g P28x6,1.0
00016,PH020224,Bonbon Phantasia 80g HARIBO,6.666666666666667
00016,RO010112,Bonbon Roulette 25g - HARIBO,1.3333333333333333
00016,RR010116,Trio de Rochers Noix Coco RAFAELLO,1.0
00016,RR010201,Coff. 15 Rochers Noix Coco RAFAELLO,6.0
00016,SM010224,Bonbon Starmix 80g HARIBO,27.0
00016,ST010208,Mix Sripe Assortiment 24x8x25g HARIBO,1.0
00016,TB010112,Boite Bonbon Menthe T12x24 TIC TAC,1.0
00016,TB020112,Boite Bonbon Orange T12x24 TIC TAC,1.0
00016,TB030112,Boite Bonbon Spearmint T12x24 TIC TAC,1.0
00016,TB050112,Boite Bonbon Strawberry mix T12x24 TIC TAC,1.0
00016,TB070148,Tic Tac Mix T48x8 ARBRE,1.0
00016,WO020124,Bonbon Worms 80g HARIBO,24.0
00017,0005,Compote pomme fraise,1.0
00017,AL020112,BEURRE COND 100 gr,1.0
00017,BI030124,Biskrem DUO 110g - ULKER,24.0
00017,BI060124,Biskrem Cacao 110g - ULKER,48.0
00017,KS030116,Kinder Joy T1x16 Boy Collection 2,1.0
00017,KS030216,Kinder Joy T1x16 Girl Collection 2,1.0
00018,BE010112,Biskrem Extra 92g - ULKER,12.0
00018,FR010116,Trio de Rochers Chocolat FERRERO,1.0
00018,FR010120,Bonbon Fruit-tella Stick  Strawberry 10px20x12,1.0
00018,NP060716,Nutella B-Ready T6x16,2.0
00018,RR010201,Coff. 15 Rochers Noix Coco RAFAELLO,2.0
00018,TB050112,Boite Bonbon Strawberry mix T12x24 TIC TAC,2.0
00020,0005,Compote pomme fraise,1.0
00020,AL010124,VIT'UP 170GR COLA CITRON,1.0
00020,AL020112,BEURRE COND 100 gr,1.0
00020,BE010112,Biskrem Extra 92g - ULKER,16.0
00020,BE010124,Bonbon Berries 80g HARIBO,3.0
00020,BI020124,Biskrem DUO 60g - ULKER,32.0
00020,BI030124,Biskrem DUO 110g - ULKER,24.0
00020,BI050124,Biskrem Cacao 60g - ULKER,24.0
00020,BI060124,Biskrem Cacao 110g - ULKER,43.2
00020,BI070124,BISKREM CACAO 85g - ULKER,24.0
00020,BI080124,BISKREM DUO 85g - ULKER,24.0
00020,BL040136,Blister Mentos Gum White Tutti Frutti 17g P12x12,1.0
00020,CC060106,Sachet Chupa-Chups The Best Of P120x6,1.0
00020,CC060112,CH CH XXL Strawberry 25Px29g,1.0
00020,CC070106,CH CH Melody Strawberry 48x6,1.0
00020,CH010124,Bonbon Chamallows Pink & White 70g HARIBO,60.0
00020,CH020424,Bonbon Chamallows Party 70g HARIBO,1.0
00020,DC010224,YAOURT BRASSE VANILLE,1.0
00020,FA010118,Mentos Fresh Action Cup Menthol 280g P100x18,1.0
00020,FF010112,Big Babol Filifolly Strawberry 11g x 12 Sachets,1.0
00020,FF020112,Big Babol Filifolly Fruit 11g x 12 Sachets,1.0
00020,FR010120,Bonbon Fruit-tella Stick  Strawberry 10px20x12,1.0
00020,FR010201,Coff. 16 Rochers Chocolat FERRERO,5.0
00020,GB020130,Bonbon Gold-Bears 80gx30 - HARIBO,3.0
00020,HC030124,Bonbon Happy Cherries 80g HARIBO,12.0
00020,HC030324,Bonbon Happy Cola Fizz 70g HARIBO,4.0
00020,JB020116,STRIPE JELLY BEANS 35gx12x16,1.0
00020,KC010120,YAOURT AROME CITRON,1.0
00020,KC010130,YAOURT AROME FRUITS DES BOIS,1.0
00020,KC020130,Barre de Chocolat Biscuit noisette BUENO WHITE,1.0
00020,KD010114,Kinder Délice T10X14,1.3333333333333333
00020,KH020110,Kinder Happy Hippo Cocoa T5x10,1.0
00020,KK010106,KAT KAT TAT Noisette 24g (24x6),1.0
00020,KK010112,KAT KAT TAT Chocolat 26g (24x12),1.0
00020,KS020116,Kinder Joy T1x16 Boy,2.0
00020,KS020216,Kinder Joy T1x16 Girl,1.0
00020,LI040124,Gaufrette gout Noisette 70g - LINGOT (colisage 24),24.0
00020,MD020112,"Mentos Gum 3D S-A-R 8,5g P5x15",1.0
00020,MD030112,"Mentos Gum 3D Watermelon 8,5g P5x15",1.0
00020,MG010116,Mentos Gum Rolls Pure Fresh 1.75g P9x16,2.0
00020,MI010124,Bonbon Mix Fizz 70g HARIBO,4.0
00020,MW010112,"Boite Mentos Gum White Sweet Mint 53,2g P38x6",1.0
00020,MW020112,"Boite Mentos Gum White Tutti Frutti 53,2g P38x6",1.0
00020,NP010501,Nutella & Go 52g,5.0
00020,NP010604,Nutella B-Ready T1x36x4,1.0
00020,PF020106,Boite Mentos Gum PF Fresh Mint 56g P28x6,1.0
00020,PF030106,Boite Mentos Gum PF Wintergreen 56g P28x6,1.0
00020,RA030124,Canette Float Mangue 240 ML - RANI,3.0
00020,RR010116,Trio de Rochers Noix Coco RAFAELLO,1.0
00020,SM010224,Bonbon Starmix 80g HARIBO,5.0
00020,ST010208,Mix Sripe Assortiment 24x8x25g HARIBO,1.5
00020,TB030112,Boite Bonbon Spearmint T12x24 TIC TAC,1.0
00020,TB050112,Boite Bonbon Strawberry mix T12x24 TIC TAC,1.0
00020,WO020124,Bonbon Worms 80g HARIBO,24.0
00021,0005,Compote pomme fraise,1.0
00021,AL010124,VIT'UP 170GR COLA CITRON,1.0
00021,BB012020,CH CH Bigbabol Stick Tutti Frutti 5p x 20 x 20,1.3333333333333333
00021,BB022020,CH CH Bigbabol Stick Strawberry 5p x 20 x 20,1.0
00021,BE010112,Biskrem Extra 92g - ULKER,12.0
00021,BE010124,Bonbon Berries 80g HARIBO,3.0
00021,BI030112,BISKREM DUO 85g - ULKER,12.0
00021,BI030124,Biskrem DUO 110g - ULKER,48.0
00021,BI050124,Biskrem Cacao 60g - ULKER,24.0
00021,BI060124,Biskrem Cacao 110g - ULKER,48.0
00021,BI080124,BISKREM DUO 85g - ULKER,24.0
00021,BL030136,Blister Mentos Gum White Sweet Mint 17g P12x12,1.0
00021,BL040136,Blister Mentos Gum White Tutti Frutti 17g P12x12,1.0
00021,CC060106,Sachet Chupa-Chups The Best Of P120x6,1.0
00021,CC060112,CH CH XXL Strawberry 25Px29g,1.0
00021,CH010124,Bonbon Chamallows Pink & White 70g HARIBO,6.0
00021,CH020424,Bonbon Chamallows Party 70g HARIBO,14.666666666666666
00021,DC010224,YAOURT BRASSE VANILLE,1.0
00021,FF030112,Big Babol Filifolly Watermelon 11g x 12 Sachets,1.0
00021,FR010116,Trio de Rochers Chocolat FERRERO,1.0
00021,FR010220,Bonbon Fruit-tella Stick Orange 10px20x12,1.0
00021,HC030124,Bonbon Happy Cherries 80g HARIBO,4.0
00021,KC010120,YAOURT AROME CITRON,1.0
00021,KC010130,YAOURT AROME FRUITS DES BOIS,1.0
00021,KC020130,Barre de Chocolat Biscuit noisette BUENO WHITE,1.0
00021,KH010128,Kinder Happy Hippo Cocoa T1x28x6,1.0
00021,KH020110,Kinder Happy Hippo Cocoa T5x10,1.0
00021,KK010106,KAT KAT TAT Noisette 24g (24x6),1.0
00021,KK010112,KAT KAT TAT Chocolat 26g (24x12),1.0
00021,KS030116,Kinder Joy T1x16 Boy Collection 2,1.0
00021,LG010320,Gaufrette Golden Chocolat Blanc & Framboise 140g-L,20.0
00021,MF011212,MILLE-FEUILLE Fraise 24g ( 12X12 ),2.0
00021,MI010124,Bonbon Mix Fizz 70g HARIBO,3.0
00021,MR010108,"Mentos Rolls Menthe 39,2g P14x20",1.0
00021,MR020108,"Mentos Rolls Strawberry 39,2g P14x20",1.0
00021,MR040108,"Mentos Rolls Tutti Frutti 39,2 g P14x20",1.0
00021,MR050108,"Mentos Rolls Fruit 39,2g P14x20",1.0
00021,MW010112,"Boite Mentos Gum White Sweet Mint 53,2g P38x6",1.0
00021,RO010112,Bonbon Roulette 25g - HARIBO,1.0
00021,SM010224,Bonbon Starmix 80g HARIBO,2.0
00021,TB030112,Boite Bonbon Spearmint T12x24 TIC TAC,1.0
00021,TB050112,Boite Bonbon Strawberry mix T12x24 TIC TAC,1.0
00022,0005,Compote pomme fraise,1.25
00022,AL010124,VIT'UP 170GR COLA CITRON,1.0
00022,AL020112,BEURRE COND 100 gr,1.25
00022,BB022020,CH CH Bigbabol Stick Strawberry 5p x 20 x 20,1.0
00022,BE010112,Biskrem Extra 92g - ULKER,12.0
00022,BI010124,Biskrem DUO 40g - ULKER,32.0
00022,BI020124,Biskrem DUO 60g - ULKER,24.0
00022,BI030124,Biskrem DUO 110g - ULKER,48.0
00022,BI040124,Biskrem Cacao 40g - ULKER,24.0
00022,BI050124,Biskrem Cacao 60g - ULKER,26.181818181818183
00022,BI060124,Biskrem Cacao 110g - ULKER,48.0
00022,BI070124,BISKREM CACAO 85g - ULKER,24.0
00022,BL030136,Blister Mentos Gum White Sweet Mint 17g P12x12,1.0
00022,BL040136,Blister Mentos Gum White Tutti Frutti 17g P12x12,1.0
00022,CC060106,Sachet Chupa-Chups The Best Of P120x6,1.2857142857142858
00022,CC060108,Présentoir Chupa-Chups Half Wheels P60x1,1.0
00022,CC060112,CH CH XXL Strawberry 25Px29g,1.0
00022,CC070106,CH CH Melody Strawberry 48x6,1.0
00022,CH020424,Bonbon Chamallows Party 70g HARIBO,10.666666666666666
00022,DC010224,YAOURT BRASSE VANILLE,1.1428571428571428
00022,FA010118,Mentos Fresh Action Cup Menthol 280g P100x18,1.6
00022,FA020118,Mentos Fresh Action Cup Cherry Mint 280g P100x18,1.6666666666666667
00022,FF010112,Big Babol Filifolly Strawberry 11g x 12 Sachets,1.0
00022,FF030112,Big Babol Filifolly Watermelon 11g x 12 Sachets,1.0
00022,FR010116,Trio de Rochers Chocolat FERRERO,1.1428571428571428
00022,FR010120,Bonbon Fruit-tella Stick  Strawberry 10px20x12,1.0
00022,FR010201,Coff. 16 Rochers Chocolat FERRERO,4.5
00022,FR010220,Bonbon Fruit-tella Stick Orange 10px20x12,1.0
00022,FR010301,Coff. de 24 Rochers Chocolat FERRERO,4.0
00022,FR010918,Rochet T3x18 Occasion STAR,1.0
00022,GB010324,Bonbon Gold-Bears 30g HARIBO,24.0
00022,HC020224,Bonbon Happy Cola 30g HARIBO,24.0
00022,JA010106,Mini Mentos Jar Fruit Mix 1Kg P100x6,1.0
00022,KC010120,YAOURT AROME CITRON,1.125
00022,KC010130,YAOURT AROME FRUITS DES BOIS,1.3333333333333333
00022,KC010210,YAOURT AROME NOIX DE COCO,1.0
00022,KC010240,BIFI NATURE 0%,1.0
00022,KC010336,YAOURT AROME NATURE,1.0
00022,KC020130,Barre de Chocolat Biscuit noisette BUENO WHITE,1.0
00022,KD010114,Kinder Délice T10X14,6.0
00022,KH010128,Kinder Happy Hippo Cocoa T1x28x6,1.0
00022,KH020110,Kinder Happy Hippo Cocoa T5x10,1.5
00022,KK010106,KAT KAT TAT Noisette 24g (24x6),1.0
00022,KK010112,KAT KAT TAT Chocolat 26g (24x12),1.1428571428571428
00022,KS020116,Kinder Joy T1x16 Boy,1.0
00022,KS020216,Kinder Joy T1x16 Girl,1.0
00022,LG010220,Gaufrette Golden  Chocolat Blanc & Citron 140g - L,20.0
00022,LG010320,Gaufrette Golden Chocolat Blanc & Framboise 140g-L,20.0
00022,MD010112,"Mentos Gum 3D Fresh Mint 8,5g P5x15",1.0
00022,MD020112,"Mentos Gum 3D S-A-R 8,5g P5x15",1.0
00022,MD030112,"Mentos Gum 3D Watermelon 8,5g P5x15",1.0
00022,MF011212,MILLE-FEUILLE Fraise 24g ( 12X12 ),2.0
00022,MG010116,Mentos Gum Rolls Pure Fresh 1.75g P9x16,1.0
00022,MI010124,Bonbon Mix Fizz 70g HARIBO,5.0
00022,MV010108,Mc vities Dark Chocolate 42g (8x10),1.0
00022,MV020108,Mc vities Dark Chocolate 62g (8x10),1.0
00022,MV020124,Mc Vities Digestive Dark Chocolate 200g x 24,6.0
00022,MV020224,Mc Vities Digestive Milk Chocolate 200g x 24,8.0
00022,MW010112,"Boite Mentos Gum White Sweet Mint 53,2g P38x6",1.0
00022,MW020112,"Boite Mentos Gum White Tutti Frutti 53,2g P38x6",1.0
00022,NP010306,Pôt Pâte à tartiner de 600g NUTELLA,6.0
00022,NP010406,Pôt Pâte à tartiner de 600g NUTELLA OCCASION,5.333333333333333
00022,NP010407,Pôt Pâte à tartiner de 350g NUTELLA OCCASION,15.0
00022,NP010501,Nutella & Go 52g,24.0
00022,NP010604,Nutella B-Ready T1x36x4,1.0
00022,NP01A301,Pate a Tartiner 350 g   10% NUTELLA,10.5
00022,NP060716,Nutella B-Ready T6x16,16.0
00022,PF010206,Boite Mentos Gum PF Fresh Mint 24g P12x10,1.0
00022,PF020106,Boite Mentos Gum PF Fresh Mint 56g P28x6,1.0
00022,PF030106,Boite Mentos Gum PF Wintergreen 56g P28x6,1.0
00022,RA050124,Canette Float Cocktail 240 ML - RANI,5.0
00022,RO010112,Bonbon Roulette 25g - HARIBO,1.0
00022,RR010116,Trio de Rochers Noix Coco RAFAELLO,1.0
00022,ST010208,Mix Sripe Assortiment 24x8x25g HARIBO,1.0
00022,TB030112,Boite Bonbon Spearmint T12x24 TIC TAC,1.0
00022,TB050112,Boite Bonbon Strawberry mix T12x24 TIC TAC,1.0
00022,TB070148,Tic Tac Mix T48x8 ARBRE,1.0
00023,0005,Compote pomme fraise,1.0
00023,AL010124,VIT'UP 170GR COLA CITRON,3.0
00023,AL020112,BEURRE COND 100 gr,1.0
00023,BB022020,CH CH Bigbabol Stick Strawberry 5p x 20 x 20,1.0
00023,BE010112,Biskrem Extra 92g - ULKER,12.0
00023,BI030124,Biskrem DUO 110g - ULKER,36.0
00023,BI050124,Biskrem Cacao 60g - ULKER,48.0
00023,BI060124,Biskrem Cacao 110g - ULKER,36.0
00023,CC020112,Sachet Chupa-Chups Fresh Cola P10x12,4.0
00023,CC060106,Sachet Chupa-Chups The Best Of P120x6,1.0
00023,CC060108,Présentoir Chupa-Chups Half Wheels P60x1,1.0
00023,CC060112,CH CH XXL Strawberry 25Px29g,2.0
00023,CC070106,CH CH Melody Strawberry 48x6,2.0
00023,CC080116,Chupa-Chups Surprise 16x6,1.0
00023,DC010224,YAOURT BRASSE VANILLE,1.0
00023,FA010118,Mentos Fresh Action Cup Menthol 280g P100x18,2.0
00023,FA020118,Mentos Fresh Action Cup Cherry Mint 280g P100x18,1.3333333333333333
00023,GB010324,Bonbon Gold-Bears 30g HARIBO,12.0
00023,GB020130,Bonbon Gold-Bears 80gx30 - HARIBO,3.0
00023,HC020130,Bonbon Happy Cola 80gx30 HARIBO,12.0
00023,KC010120,YAOURT AROME CITRON,1.0
00023,KC010130,YAOURT AROME FRUITS DES BOIS,1.2
00023,KC010211,BIFI CITRON 0%,1.0
00023,KC020130,Barre de Chocolat Biscuit noisette BUENO WHITE,1.0
00023,KD010114,Kinder Délice T10X14,1.0
00023,KH010128,Kinder Happy Hippo Cocoa T1x28x6,1.5
00023,KS020116,Kinder Joy T1x16 Boy,1.0
00023,KS020216,Kinder Joy T1x16 Girl,1.0
00023,MI010124,Bonbon Mix Fizz 70g HARIBO,12.0
00023,MR030108,"Mentos Rolls Rainbow 39,2g P14x20",1.0
00023,MW020112,"Boite Mentos Gum White Tutti Frutti 53,2g P38x6",1.0
00023,RA030124,Canette Float Mangue 240 ML - RANI,6.0
00023,RA050124,Canette Float Cocktail 240 ML - RANI,3.0
00023,RO010112,Bonbon Roulette 25g - HARIBO,1.0
00023,SM010224,Bonbon Starmix 80g HARIBO,6.0
00023,ST010208,Mix Sripe Assortiment 24x8x25g HARIBO,1.0
00023,TB070148,Tic Tac Mix T48x8 ARBRE,1.0
00023,WO020124,Bonbon Worms 80g HARIBO,6.0
00024,AL010124,VIT'UP 170GR COLA CITRON,1.0
00024,AL020112,BEURRE COND 100 gr,1.0
00024,BE010112,Biskrem Extra 92g - ULKER,12.0
00024,BI020124,Biskrem DUO 60g - ULKER,36.0
00024,BI050124,Biskrem Cacao 60g - ULKER,24.0
00024,BI080124,BISKREM DUO 85g - ULKER,24.0
00024,CC060106,Sachet Chupa-Chups The Best Of P120x6,1.0
00024,CC060112,CH CH XXL Strawberry 25Px29g,1.0
00024,CC070106,CH CH Melody Strawberry 48x6,1.0
00024,CH010124,Bonbon Chamallows Pink & White 70g HARIBO,15.0
00024,FA010118,Mentos Fresh Action Cup Menthol 280g P100x18,1.0
00024,FA020118,Mentos Fresh Action Cup Cherry Mint 280g P100x18,1.0
00024,GB020130,Bonbon Gold-Bears 80gx30 - HARIBO,10.0
00024,HC020130,Bonbon Happy Cola 80gx30 HARIBO,18.0
00024,HC030124,Bonbon Happy Cherries 80g HARIBO,3.0
00024,KC010130,YAOURT AROME FRUITS DES BOIS,1.5
00024,KC010210,YAOURT AROME NOIX DE COCO,1.0
00024,KH020110,Kinder Happy Hippo Cocoa T5x10,1.0
00024,LG020424,Gaufrette Golden Chocolat Blanc & Kiwi 70g - LINGO,24.0
00024,MI010124,Bonbon Mix Fizz 70g HARIBO,24.0
00024,MR020108,"Mentos Rolls Strawberry 39,2g P14x20",1.0
00024,MR030108,"Mentos Rolls Rainbow 39,2g P14x20",1.0
00024,RO010112,Bonbon Roulette 25g - HARIBO,1.0
00024,SM010224,Bonbon Starmix 80g HARIBO,4.0
00024,ST010208,Mix Sripe Assortiment 24x8x25g HARIBO,2.0
00024,TE020124,Bonbon Teeth 80g HARIBO,24.0
00024,WO030124,Bonbon Fizz Worms 70g HARIBO,24.0
00025,AL020112,BEURRE COND 100 gr,1.0
00025,BI020124,Biskrem DUO 60g - ULKER,24.0
00025,BI030112,BISKREM DUO 85g - ULKER,12.0
00025,BI030124,Biskrem DUO 110g - ULKER,24.0
00025,BI050124,Biskrem Cacao 60g - ULKER,24.0
00025,BI060124,Biskrem Cacao 110g - ULKER,24.0
00025,BI070124,BISKREM CACAO 85g - ULKER,24.0
00025,BI080124,BISKREM DUO 85g - ULKER,24.0
00025,CC060106,Sachet Chupa-Chups The Best Of P120x6,1.0
00025,CH020424,Bonbon Chamallows Party 70g HARIBO,24.0
00025,FA010118,Mentos Fresh Action Cup Menthol 280g P100x18,2.0
00025,FR010120,Bonbon Fruit-tella Stick  Strawberry 10px20x12,1.0
00025,GB020130,Bonbon Gold-Bears 80gx30 - HARIBO,12.5
00025,HC020130,Bonbon Happy Cola 80gx30 HARIBO,18.0
00025,HC030324,Bonbon Happy Cola Fizz 70g HARIBO,5.0
00025,JA010106,Mini Mentos Jar Fruit Mix 1Kg P100x6,1.0
00025,KC010120,YAOURT AROME CITRON,1.0
00025,KC010130,YAOURT AROME FRUITS DES BOIS,1.0
00025,KD010114,Kinder Délice T10X14,1.0
00025,KK010106,KAT KAT TAT Noisette 24g (24x6),1.0
00025,KK010112,KAT KAT TAT Chocolat 26g (24x12),1.0
00025,MI010124,Bonbon Mix Fizz 70g HARIBO,3.0
00025,NP010604,Nutella B-Ready T1x36x4,1.0
00025,NP060716,Nutella B-Ready T6x16,2.0
00025,PH020224,Bonbon Phantasia 80g HARIBO,6.0
00025,RA020124,Canette Float Peche 240 ML - RANI,3.0
00025,RA050124,Canette Float Cocktail 240 ML - RANI,6.0
00025,RO010112,Bonbon Roulette 25g - HARIBO,1.0
00025,SM010224,Bonbon Starmix 80g HARIBO,3.0
00025,TB070148,Tic Tac Mix T48x8 ARBRE,1.0
00025,WO020124,Bonbon Worms 80g HARIBO,6.0
00026,BB012020,CH CH Bigbabol Stick Tutti Frutti 5p x 20 x 20,1.0
00026,BE010112,Biskrem Extra 92g - ULKER,12.0
00026,BI020124,Biskrem DUO 60g - ULKER,24.0
00026,BI030124,Biskrem DUO 110g - ULKER,24.0
00026,BI050124,Biskrem Cacao 60g - ULKER,24.0
00026,BI070124,BISKREM CACAO 85g - ULKER,24.0
00026,BL030136,Blister Mentos Gum White Sweet Mint 17g P12x12,1.0
00026,BL040136,Blister Mentos Gum White Tutti Frutti 17g P12x12,1.0
00026,CC020112,Sachet Chupa-Chups Fresh Cola P10x12,5.0
00026,CC060106,Sachet Chupa-Chups The Best Of P120x6,1.0
00026,CH010124,Bonbon Chamallows Pink & White 70g HARIBO,8.5
00026,DC010224,YAOURT BRASSE VANILLE,1.0
00026,FA020118,Mentos Fresh Action Cup Cherry Mint 280g P100x18,1.0
00026,FF020112,Big Babol Filifolly Fruit 11g x 12 Sachets,1.0
00026,FR010120,Bonbon Fruit-tella Stick  Strawberry 10px20x12,1.0
00026,FR010220,Bonbon Fruit-tella Stick Orange 10px20x12,1.0
00026,GB020130,Bonbon Gold-Bears 80gx30 - HARIBO,6.0
00026,HZ010212,HEINZ CHILI MAYONNAISE 225 ML,1.0
00026,KC010120,YAOURT AROME CITRON,1.0
00026,KC010130,YAOURT AROME FRUITS DES BOIS,1.0
00026,KC010210,YAOURT AROME NOIX DE COCO,1.0
00026,KC020130,Barre de Chocolat Biscuit noisette BUENO WHITE,1.0
00026,KH010128,Kinder Happy Hippo Cocoa T1x28x6,2.0
00026,KS010116,Kinder Joy T1x16 Limited Edition,1.0
00026,KS020116,Kinder Joy T1x16 Boy,1.0
00026,KS020216,Kinder Joy T1x16 Girl,1.0
00026,MF011212,MILLE-FEUILLE Fraise 24g ( 12X12 ),2.5
00026,MI010124,Bonbon Mix Fizz 70g HARIBO,24.0
00026,MV020224,Mc Vities Digestive Milk Chocolate 200g x 24,3.0
00026,MV020324,Mc Vities Digestive Original 250g x 24,1.0
00026,NP010604,Nutella B-Ready T1x36x4,1.0
00026,NP060716,Nutella B-Ready T6x16,2.0
00026,PH020224,Bonbon Phantasia 80g HARIBO,3.0
00026,RA030124,Canette Float Mangue 240 ML - RANI,3.0
00026,RO010112,Bonbon Roulette 25g - HARIBO,1.0
00026,SM010224,Bonbon Starmix 80g HARIBO,24.0
00026,TB030112,Boite Bonbon Spearmint T12x24 TIC TAC,1.0
00026,TB050112,Boite Bonbon Strawberry mix T12x24 TIC TAC,1.0
00026,TB070148,Tic Tac Mix T48x8 ARBRE,1.0
00027,0005,Compote pomme fraise,1.0
00027,AL020112,BEURRE COND 100 gr,1.0
00027,BB022020,CH CH Bigbabol Stick Strawberry 5p x 20 x 20,1.0
00027,BE010112,Biskrem Extra 92g - ULKER,12.0
00027,BI020124,Biskrem DUO 60g - ULKER,24.0
00027,BI030124,Biskrem DUO 110g - ULKER,36.0
00027,BI050124,Biskrem Cacao 60g - ULKER,24.0
00027,BI060124,Biskrem Cacao 110g - ULKER,38.4
00027,BI070124,BISKREM CACAO 85g - ULKER,24.0
00027,BL030136,Blister Mentos Gum White Sweet Mint 17g P12x12,1.0
00027,BL040136,Blister Mentos Gum White Tutti Frutti 17g P12x12,1.0
00027,CC060106,Sachet Chupa-Chups The Best Of P120x6,1.0
00027,CC060112,CH CH XXL Strawberry 25Px29g,1.0
00027,CC070106,CH CH Melody Strawberry 48x6,1.0
00027,CC080116,Chupa-Chups Surprise 16x6,1.0
00027,CH010124,Bonbon Chamallows Pink & White 70g HARIBO,6.0
00027,DC010224,YAOURT BRASSE VANILLE,1.0
00027,FF010112,Big Babol Filifolly Strawberry 11g x 12 Sachets,1.0
00027,FF020112,Big Babol Filifolly Fruit 11g x 12 Sachets,1.0
00027,FF030112,Big Babol Filifolly Watermelon 11g x 12 Sachets,1.0
00027,FR010201,Coff. 16 Rochers Chocolat FERRERO,7.5
00027,GB020130,Bonbon Gold-Bears 80gx30 - HARIBO,8.666666666666666
00027,HC020130,Bonbon Happy Cola 80gx30 HARIBO,5.5
00027,HC020224,Bonbon Happy Cola 30g HARIBO,24.0
00027,HC030124,Bonbon Happy Cherries 80g HARIBO,4.666666666666667
00027,HC030324,Bonbon Happy Cola Fizz 70g HARIBO,25.0
00027,JB020116,STRIPE JELLY BEANS 35gx12x16,2.0
00027,KC010120,YAOURT AROME CITRON,1.0
00027,KC010130,YAOURT AROME FRUITS DES BOIS,1.2
00027,KC010210,YAOURT AROME NOIX DE COCO,1.0
00027,KC010240,BIFI NATURE 0%,1.0
00027,KC010336,YAOURT AROME NATURE,1.0
00027,KC020130,Barre de Chocolat Biscuit noisette BUENO WHITE,1.0
00027,KD010114,Kinder Délice T10X14,1.0
00027,KH010128,Kinder Happy Hippo Cocoa T1x28x6,1.0
00027,KH020110,Kinder Happy Hippo Cocoa T5x10,1.0
00027,KK010106,KAT KAT TAT Noisette 24g (24x6),1.0
00027,KK010112,KAT KAT TAT Chocolat 26g (24x12),1.25
00027,KS020116,Kinder Joy T1x16 Boy,1.0
00027,KS020216,Kinder Joy T1x16 Girl,1.0
00027,KS030216,Kinder Joy T1x16 Girl Collection 2,1.0
00027,LI020140,GAUFRETTE Goût Caramel 30g -LINGOT (Colisage 40),40.0
00027,LT030124,Gaufrette enrobée choco 30G Triple saveur (24x4),1.0
00027,MG010116,Mentos Gum Rolls Pure Fresh 1.75g P9x16,1.0
00027,MI010124,Bonbon Mix Fizz 70g HARIBO,11.0
00027,MR010108,"Mentos Rolls Menthe 39,2g P14x20",2.0
00027,MR040108,"Mentos Rolls Tutti Frutti 39,2 g P14x20",2.0
00027,MR050108,"Mentos Rolls Fruit 39,2g P14x20",2.0
00027,MR070108,Mentos Rolls Sour Mix 39.2g P14x20,2.0
00027,MV020124,Mc Vities Digestive Dark Chocolate 200g x 24,1.0
00027,MV020224,Mc Vities Digestive Milk Chocolate 200g x 24,3.0
00027,MW010112,"Boite Mentos Gum White Sweet Mint 53,2g P38x6",2.0
00027,NP010501,Nutella & Go 52g,13.5
00027,NP010604,Nutella B-Ready T1x36x4,1.0
00027,NP060716,Nutella B-Ready T6x16,5.2
00027,PF010206,Boite Mentos Gum PF Fresh Mint 24g P12x10,1.0
00027,PH020224,Bonbon Phantasia 80g HARIBO,6.0
00027,RA030124,Canette Float Mangue 240 ML - RANI,6.0
00027,RA040124,Canette Float Ananas 240 ML - RANI,6.0
00027,RO010112,Bonbon Roulette 25g - HARIBO,1.1428571428571428
00027,RR010116,Trio de Rochers Noix Coco RAFAELLO,2.0
00027,ST010208,Mix Sripe Assortiment 24x8x25g HARIBO,1.0
00027,TE020124,Bonbon Teeth 80g HARIBO,2.0
00027,WO020124,Bonbon Worms 80g HARIBO,6.0
00027,WO030124,Bonbon Fizz Worms 70g HARIBO,24.0
00028,BI030112,BISKREM DUO 85g - ULKER,12.0
00028,BI080124,BISKREM DUO 85g - ULKER,24.0
00028,BL030136,Blister Mentos Gum White Sweet Mint 17g P12x12,1.0
00028,BL040136,Blister Mentos Gum White Tutti Frutti 17g P12x12,1.0
00028,GB020130,Bonbon Gold-Bears 80gx30 - HARIBO,6.0
00028,KC020130,Barre de Chocolat Biscuit noisette BUENO WHITE,1.0
00028,NP010604,Nutella B-Ready T1x36x4,1.0
00028,TB020112,Boite Bonbon Orange T12x24 TIC TAC,1.0
00028,TB070148,Tic Tac Mix T48x8 ARBRE,1.0
00030,0005,Compote pomme fraise,1.0
00030,AL020112,BEURRE COND 100 gr,1.0
00030,BE010112,Biskrem Extra 92g - ULKER,24.0
00030,BE010124,Bonbon Berries 80g HARIBO,24.0
00030,BI020124,Biskrem DUO 60g - ULKER,24.0
00030,BI030124,Biskrem DUO 110g - ULKER,24.0
00030,BI050124,Biskrem Cacao 60g - ULKER,24.0
00030,BI060124,Biskrem Cacao 110g - ULKER,36.0
00030,BI070124,BISKREM CACAO 85g - ULKER,24.0
00030,BL030136,Blister Mentos Gum White Sweet Mint 17g P12x12,1.0
00030,BL040136,Blister Mentos Gum White Tutti Frutti 17g P12x12,1.0
00030,CC060106,Sachet Chupa-Chups The Best Of P120x6,1.25
00030,CC060112,CH CH XXL Strawberry 25Px29g,1.0
00030,CC070124,Sachet Chupa Chups Mini 35Px24,2.0
00030,CC080116,Chupa-Chups Surprise 16x6,2.0
00030,CH020424,Bonbon Chamallows Party 70g HARIBO,6.0
00030,DC010224,YAOURT BRASSE VANILLE,1.0
00030,FR010116,Trio de Rochers Chocolat FERRERO,1.5
00030,FR010120,Bonbon Fruit-tella Stick  Strawberry 10px20x12,1.0
00030,FR010201,Coff. 16 Rochers Chocolat FERRERO,1.0
00030,GB020130,Bonbon Gold-Bears 80gx30 - HARIBO,6.0
00030,HZ010212,HEINZ CHILI MAYONNAISE 225 ML,2.5
00030,HZ010612,HEINZ THOUSAND ISLAND DRESSING 400 ML,4.0
00030,KC010120,YAOURT AROME CITRON,1.0
00030,KC010130,YAOURT AROME FRUITS DES BOIS,1.0
00030,KC010210,YAOURT AROME NOIX DE COCO,1.0
00030,KC010240,BIFI NATURE 0%,1.0
00030,KC010336,YAOURT AROME NATURE,1.0
00030,KC020130,Barre de Chocolat Biscuit noisette BUENO WHITE,1.0
00030,KD010114,Kinder Délice T10X14,5.333333333333333
00030,KH010128,Kinder Happy Hippo Cocoa T1x28x6,1.0
00030,KH020110,Kinder Happy Hippo Cocoa T5x10,1.0
00030,KK010106,KAT KAT TAT Noisette 24g (24x6),1.0
00030,KK010112,KAT KAT TAT Chocolat 26g (24x12),1.0
00030,KS020116,Kinder Joy T1x16 Boy,1.0
00030,KS020216,Kinder Joy T1x16 Girl,1.25
00030,MD020112,"Mentos Gum 3D S-A-R 8,5g P5x15",1.0
00030,MI010124,Bonbon Mix Fizz 70g HARIBO,13.5
00030,MR010108,"Mentos Rolls Menthe 39,2g P14x20",1.0
00030,MR020108,"Mentos Rolls Strawberry 39,2g P14x20",1.0
00030,MR030108,"Mentos Rolls Rainbow 39,2g P14x20",1.0
00030,MR040108,"Mentos Rolls Tutti Frutti 39,2 g P14x20",1.0
00030,MW010112,"Boite Mentos Gum White Sweet Mint 53,2g P38x6",1.0
00030,MW020112,"Boite Mentos Gum White Tutti Frutti 53,2g P38x6",1.0
00030,NP010301,Pate a Tartiner de 350 grs NUTELLA,6.0
00030,NP010306,Pôt Pâte à tartiner de 600g NUTELLA,3.0
00030,NP010407,Pôt Pâte à tartiner de 350g NUTELLA OCCASION,15.0
00030,NP010501,Nutella & Go 52g,21.6
00030,NP010604,Nutella B-Ready T1x36x4,1.0
00030,NP01A301,Pate a Tartiner 350 g   10% NUTELLA,15.0
00030,NP060716,Nutella B-Ready T6x16,5.0
00030,PF020106,Boite Mentos Gum PF Fresh Mint 56g P28x6,1.0
00030,PF030106,Boite Mentos Gum PF Wintergreen 56g P28x6,1.0
00030,RO010112,Bonbon Roulette 25g - HARIBO,1.6
00030,ST010208,Mix Sripe Assortiment 24x8x25g HARIBO,1.0
00030,TB070148,Tic Tac Mix T48x8 ARBRE,1.0
00031,BI070124,BISKREM CACAO 85g - ULKER,24.0
00031,BI080124,BISKREM DUO 85g - ULKER,24.0
00031,DC010224,YAOURT BRASSE VANILLE,1.0
00031,HC020130,Bonbon Happy Cola 80gx30 HARIBO,30.0
00031,HZ010212,HEINZ CHILI MAYONNAISE 225 ML,2.0
00031,KC010120,YAOURT AROME CITRON,1.0
00031,KC010210,YAOURT AROME NOIX DE COCO,1.0
00031,KC010240,BIFI NATURE 0%,1.0
00031,KC020130,Barre de Chocolat Biscuit noisette BUENO WHITE,1.0
00031,KD010114,Kinder Délice T10X14,1.0
00031,MI010124,Bonbon Mix Fizz 70g HARIBO,3.0
00031,MR020108,"Mentos Rolls Strawberry 39,2g P14x20",1.0
00031,MR030108,"Mentos Rolls Rainbow 39,2g P14x20",1.0
00031,MR040108,"Mentos Rolls Tutti Frutti 39,2 g P14x20",1.0
00031,NP010604,Nutella B-Ready T1x36x4,1.0
00031,RO010112,Bonbon Roulette 25g - HARIBO,1.0
00031,ST010208,Mix Sripe Assortiment 24x8x25g HARIBO,1.0
00032,0005,Compote pomme fraise,1.0
00032,BB012020,CH CH Bigbabol Stick Tutti Frutti 5p x 20 x 20,1.0
00032,BB022020,CH CH Bigbabol Stick Strawberry 5p x 20 x 20,1.0
00032,BE010112,Biskrem Extra 92g - ULKER,12.0
00032,BI030124,Biskrem DUO 110g - ULKER,24.0
00032,BI060124,Biskrem Cacao 110g - ULKER,36.0
00032,CC060106,Sachet Chupa-Chups The Best Of P120x6,1.0
00032,CC060108,Présentoir Chupa-Chups Half Wheels P60x1,2.0
00032,CC060112,CH CH XXL Strawberry 25Px29g,2.0
00032,CC070106,CH CH Melody Strawberry 48x6,1.5
00032,CC080116,Chupa-Chups Surprise 16x6,1.5
00032,CH020424,Bonbon Chamallows Party 70g HARIBO,6.0
00032,DC010224,YAOURT BRASSE VANILLE,1.0
00032,FA010118,Mentos Fresh Action Cup Menthol 280g P100x18,1.0
00032,FA030112,Mentos Fresh Action Stick Cherry Mint 10px24x12,1.0
00032,FF010112,Big Babol Filifolly Strawberry 11g x 12 Sachets,1.0
00032,FF020112,Big Babol Filifolly Fruit 11g x 12 Sachets,1.0
00032,FR010116,Trio de Rochers Chocolat FERRERO,1.0
00032,HC020130,Bonbon Happy Cola 80gx30 HARIBO,6.0
00032,HC030124,Bonbon Happy Cherries 80g HARIBO,12.0
00032,JA010106,Mini Mentos Jar Fruit Mix 1Kg P100x6,1.0
00032,KC010120,YAOURT AROME CITRON,1.0
00032,KC010130,YAOURT AROME FRUITS DES BOIS,1.25
00032,KC010210,YAOURT AROME NOIX DE COCO,1.0
00032,KC010240,BIFI NATURE 0%,1.0
00032,KC010336,YAOURT AROME NATURE,1.0
00032,KC020130,Barre de Chocolat Biscuit noisette BUENO WHITE,1.1666666666666667
00032,KD010114,Kinder Délice T10X14,3.0
00032,KD020114,Kinder Délice T1X10X14 (Pièce),3.0
00032,KH010128,Kinder Happy Hippo Cocoa T1x28x6,1.0
00032,KH020110,Kinder Happy Hippo Cocoa T5x10,1.0
00032,KK010106,KAT KAT TAT Noisette 24g (24x6),1.0
00032,KK010112,KAT KAT TAT Chocolat 26g (24x12),1.0
00032,KS020116,Kinder Joy T1x16 Boy,1.0
00032,KS020216,Kinder Joy T1x16 Girl,1.0
00032,KS030116,Kinder Joy T1x16 Boy Collection 2,1.0
00032,KS030216,Kinder Joy T1x16 Girl Collection 2,1.0
00032,MR010108,"Mentos Rolls Menthe 39,2g P14x20",1.0
00032,MR020108,"Mentos Rolls Strawberry 39,2g P14x20",1.0
00032,MR050108,"Mentos Rolls Fruit 39,2g P14x20",1.0
00032,MW010112,"Boite Mentos Gum White Sweet Mint 53,2g P38x6",1.0
00032,MW020112,"Boite Mentos Gum White Tutti Frutti 53,2g P38x6",1.0
00032,NP010301,Pate a Tartiner de 350 grs NUTELLA,11.0
00032,NP010306,Pôt Pâte à tartiner de 600g NUTELLA,6.0
00032,NP010501,Nutella & Go 52g,24.0
00032,NP010604,Nutella B-Ready T1x36x4,1.0
00032,NP01A301,Pate a Tartiner 350 g   10% NUTELLA,2.0
00032,NP060716,Nutella B-Ready T6x16,11.0
00032,PF010206,Boite Mentos Gum PF Fresh Mint 24g P12x10,1.0
00032,PF030106,Boite Mentos Gum PF Wintergreen 56g P28x6,1.0
00032,RA020124,Canette Float Peche 240 ML - RANI,18.0
00032,RA030124,Canette Float Mangue 240 ML - RANI,3.0
00032,RO010112,Bonbon Roulette 25g - HARIBO,1.0
00032,SM010224,Bonbon Starmix 80g HARIBO,12.0
00032,SQ010124,Bonbon Squishy 80g HARIBO,10.0
00032,ST010208,Mix Sripe Assortiment 24x8x25g HARIBO,1.0
00032,TB070148,Tic Tac Mix T48x8 ARBRE,1.0
00035,BI030124,Biskrem DUO 110g - ULKER,24.0
00035,BI060124,Biskrem Cacao 110g - ULKER,24.0
00035,KS020116,Kinder Joy T1x16 Boy,1.0
00036,BI060124,Biskrem Cacao 110g - ULKER,24.0
00037,AL010124,VIT'UP 170GR COLA CITRON,1.5
00037,AL020112,BEURRE COND 100 gr,1.0
00037,BB012020,CH CH Bigbabol Stick Tutti Frutti 5p x 20 x 20,1.0
00037,BB022020,CH CH Bigbabol Stick Strawberry 5p x 20 x 20,1.0
00037,BE010124,Bonbon Berries 80g HARIBO,8.6
00037,BI080124,BISKREM DUO 85g - ULKER,24.0
00037,BL030136,Blister Mentos Gum White Sweet Mint 17g P12x12,1.0
00037,BL040136,Blister Mentos Gum White Tutti Frutti 17g P12x12,1.0
00037,CC060106,Sachet Chupa-Chups The Best Of P120x6,1.0
00037,CC060112,CH CH XXL Strawberry 25Px29g,1.0
00037,CC070106,CH CH Melody Strawberry 48x6,1.0
00037,CH010124,Bonbon Chamallows Pink & White 70g HARIBO,7.0
00037,CH060124,Bonbon Chamallows Pink & White 25g x 24 HARIBO,1.0
00037,FA030112,Mentos Fresh Action Stick Cherry Mint 10px24x12,1.0
00037,FR010116,Trio de Rochers Chocolat FERRERO,1.0
00037,FR010220,Bonbon Fruit-tella Stick Orange 10px20x12,1.0
00037,FR010301,Coff. de 24 Rochers Chocolat FERRERO,3.0
00037,GB020130,Bonbon Gold-Bears 80gx30 - HARIBO,3.25
00037,HC020130,Bonbon Happy Cola 80gx30 HARIBO,5.5
00037,HC030124,Bonbon Happy Cherries 80g HARIBO,8.333333333333334
00037,HC030324,Bonbon Happy Cola Fizz 70g HARIBO,4.333333333333333
00037,JA010106,Mini Mentos Jar Fruit Mix 1Kg P100x6,1.0
00037,JB010148,Bonbon Jelly Beans 80g HARIBO,6.5
00037,KC010120,YAOURT AROME CITRON,1.0
00037,KC010130,YAOURT AROME FRUITS DES BOIS,1.0
00037,KC010210,YAOURT AROME NOIX DE COCO,1.0
00037,KC010240,BIFI NATURE 0%,1.0
00037,KC010336,YAOURT AROME NATURE,1.0
00037,KC020130,Barre de Chocolat Biscuit noisette BUENO WHITE,2.0
00037,KD010114,Kinder Délice T10X14,1.0
00037,KS030116,Kinder Joy T1x16 Boy Collection 2,1.0
00037,KS030216,Kinder Joy T1x16 Girl Collection 2,1.0
00037,MD010112,"Mentos Gum 3D Fresh Mint 8,5g P5x15",1.3333333333333333
00037,MD020112,"Mentos Gum 3D S-A-R 8,5g P5x15",1.0
00037,MD030112,"Mentos Gum 3D Watermelon 8,5g P5x15",1.0
00037,MI010124,Bonbon Mix Fizz 70g HARIBO,4.0
00037,MW010112,"Boite Mentos Gum White Sweet Mint 53,2g P38x6",1.0
00037,MW020112,"Boite Mentos Gum White Tutti Frutti 53,2g P38x6",1.0
00037,NP010301,Pate a Tartiner de 350 grs NUTELLA,3.6666666666666665
00037,NP010306,Pôt Pâte à tartiner de 600g NUTELLA,2.0
00037,NP010406,Pôt Pâte à tartiner de 600g NUTELLA OCCASION,2.0
00037,NP010501,Nutella & Go 52g,24.0
00037,NP010604,Nutella B-Ready T1x36x4,1.0
00037,NP060716,Nutella B-Ready T6x16,4.0
00037,PF010206,Boite Mentos Gum PF Fresh Mint 24g P12x10,1.0
00037,PF020106,Boite Mentos Gum PF Fresh Mint 56g P28x6,1.0
00037,PH020224,Bonbon Phantasia 80g HARIBO,7.75
00037,PV010124,Bonbon Primavera 80g HARIBO,7.0
00037,RA010124,Canette Float Orange 240 ML - RANI,24.0
00037,RA020124,Canette Float Peche 240 ML - RANI,24.0
00037,RA040124,Canette Float Ananas 240 ML - RANI,24.0
00037,RA060124,Canette Float Fraise-Banane 240 ML - RANI,24.0
00037,RR010116,Trio de Rochers Noix Coco RAFAELLO,1.5
00037,SM010224,Bonbon Starmix 80g HARIBO,5.2
00037,SQ010124,Bonbon Squishy 80g HARIBO,6.5
00037,ST010208,Mix Sripe Assortiment 24x8x25g HARIBO,1.0
00037,TE020124,Bonbon Teeth 80g HARIBO,5.0
00037,WO020124,Bonbon Worms 80g HARIBO,5.0
00037,WO030124,Bonbon Fizz Worms 70g HARIBO,5.0
00038,KK010112,KAT KAT TAT Chocolat 26g (24x12),1.5
00040,KD010114,Kinder Délice T10X14,5.0
00043,12201968,"KIT KAT 4 Fingers 12x(24x41,5g)",1.0
00043,AL010124,VIT'UP 170GR COLA CITRON,1.0
00043,AL020112,BEURRE COND 100 gr,1.0
00043,BB012020,CH CH Bigbabol Stick Tutti Frutti 5p x 20 x 20,1.0
00043,BE010112,Biskrem Extra 92g - ULKER,12.0
00043,BE010124,Bonbon Berries 80g HARIBO,4.0
00043,BI020124,Biskrem DUO 60g - ULKER,48.0
00043,BI050124,Biskrem Cacao 60g - ULKER,24.0
00043,BI070124,BISKREM CACAO 85g - ULKER,24.0
00043,BI080124,BISKREM DUO 85g - ULKER,24.0
00043,BL030136,Blister Mentos Gum White Sweet Mint 17g P12x12,1.0
00043,BL040136,Blister Mentos Gum White Tutti Frutti 17g P12x12,1.0
00043,CC060106,Sachet Chupa-Chups The Best Of P120x6,1.0
00043,CC060107,Présentoir Chupa-Chups Wheels P120x1,1.0
00043,CC060112,CH CH XXL Strawberry 25Px29g,1.5
00043,CC070106,CH CH Melody Strawberry 48x6,1.0
00043,CH010124,Bonbon Chamallows Pink & White 70g HARIBO,3.0
00043,CH020424,Bonbon Chamallows Party 70g HARIBO,24.0
00043,FA010118,Mentos Fresh Action Cup Menthol 280g P100x18,1.0
00043,FF010112,Big Babol Filifolly Strawberry 11g x 12 Sachets,1.0
00043,FF020112,Big Babol Filifolly Fruit 11g x 12 Sachets,1.0
00043,FF030112,Big Babol Filifolly Watermelon 11g x 12 Sachets,1.0
00043,KC010130,YAOURT AROME FRUITS DES BOIS,1.3333333333333333
00043,KC010210,YAOURT AROME NOIX DE COCO,1.0
00043,KC020130,Barre de Chocolat Biscuit noisette BUENO WHITE,1.0
00043,KH010128,Kinder Happy Hippo Cocoa T1x28x6,1.0
00043,LI010124,Gaufrette gout Chocolat 70g - LINGOT(colisage 24),36.0
00043,LI040124,Gaufrette gout Noisette 70g - LINGOT (colisage 24),24.0
00043,MD010112,"Mentos Gum 3D Fresh Mint 8,5g P5x15",1.0
00043,MD020112,"Mentos Gum 3D S-A-R 8,5g P5x15",1.0
00043,MD030112,"Mentos Gum 3D Watermelon 8,5g P5x15",1.0
00043,MG010116,Mentos Gum Rolls Pure Fresh 1.75g P9x16,1.0
00043,MI010124,Bonbon Mix Fizz 70g HARIBO,24.0
00043,MV020124,Mc Vities Digestive Dark Chocolate 200g x 24,3.0
00043,MV020224,Mc Vities Digestive Milk Chocolate 200g x 24,3.0
00043,MW020112,"Boite Mentos Gum White Tutti Frutti 53,2g P38x6",1.0
00043,NP060716,Nutella B-Ready T6x16,4.0
00043,RO010112,Bonbon Roulette 25g - HARIBO,1.0
00043,TB070148,Tic Tac Mix T48x8 ARBRE,1.0
00043,WO020124,Bonbon Worms 80g HARIBO,24.0
00044,AL020112,BEURRE COND 100 gr,1.0
00044,BE010124,Bonbon Berries 80g HARIBO,5.0
00044,BI020124,Biskrem DUO 60g - ULKER,24.0
00044,BI030124,Biskrem DUO 110g - ULKER,24.0
00044,BI060124,Biskrem Cacao 110g - ULKER,24.0
00044,BI080124,BISKREM DUO 85g - ULKER,24.0
00044,BL030136,Blister Mentos Gum White Sweet Mint 17g P12x12,1.0
00044,BL040136,Blister Mentos Gum White Tutti Frutti 17g P12x12,1.0
00044,CC060106,Sachet Chupa-Chups The Best Of P120x6,1.0
00044,CH020424,Bonbon Chamallows Party 70g HARIBO,16.0
00044,DC010224,YAOURT BRASSE VANILLE,1.0
00044,FR010116,Trio de Rochers Chocolat FERRERO,2.0
00044,FR010201,Coff. 16 Rochers Chocolat FERRERO,3.0
00044,FR010501,Coffret de 24 Rochers Collection Chocolat FERRERO,1.0
00044,HC030324,Bonbon Happy Cola Fizz 70g HARIBO,18.0
00044,JA010106,Mini Mentos Jar Fruit Mix 1Kg P100x6,1.0
00044,KC010120,YAOURT AROME CITRON,1.0
00044,KC010130,YAOURT AROME FRUITS DES BOIS,1.0
00044,KC010240,BIFI NATURE 0%,1.0
00044,KC010506,Kinder Creamy T1x24x6,1.0
00044,KC020130,Barre de Chocolat Biscuit noisette BUENO WHITE,2.0
00044,KK010106,KAT KAT TAT Noisette 24g (24x6),1.0
00044,KK010112,KAT KAT TAT Chocolat 26g (24x12),1.0
00044,KS020116,Kinder Joy T1x16 Boy,1.0
00044,KS030216,Kinder Joy T1x16 Girl Collection 2,1.0
00044,MD010112,"Mentos Gum 3D Fresh Mint 8,5g P5x15",1.0
00044,MD020112,"Mentos Gum 3D S-A-R 8,5g P5x15",1.0
00044,MD030112,"Mentos Gum 3D Watermelon 8,5g P5x15",1.0
00044,MF011212,MILLE-FEUILLE Fraise 24g ( 12X12 ),1.0
00044,MI010124,Bonbon Mix Fizz 70g HARIBO,4.5
00044,MW020112,"Boite Mentos Gum White Tutti Frutti 53,2g P38x6",1.0
00044,NP010301,Pate a Tartiner de 350 grs NUTELLA,2.0
00044,NP010501,Nutella & Go 52g,24.0
00044,NP010604,Nutella B-Ready T1x36x4,1.0
00044,NP060716,Nutella B-Ready T6x16,1.0
00044,PF030106,Boite Mentos Gum PF Wintergreen 56g P28x6,1.0
00044,RO010112,Bonbon Roulette 25g - HARIBO,1.0
00044,SM010224,Bonbon Starmix 80g HARIBO,3.0
00044,ST010208,Mix Sripe Assortiment 24x8x25g HARIBO,1.0
00044,TB020112,Boite Bonbon Orange T12x24 TIC TAC,1.0
00044,TB070148,Tic Tac Mix T48x8 ARBRE,1.0
00045,AL020112,BEURRE COND 100 gr,1.0
00045,BE010124,Bonbon Berries 80g HARIBO,4.0
00045,BI010124,Biskrem DUO 40g - ULKER,24.0
00045,BI020124,Biskrem DUO 60g - ULKER,24.0
00045,BI030124,Biskrem DUO 110g - ULKER,24.0
00045,BI050124,Biskrem Cacao 60g - ULKER,24.0
00045,BI060124,Biskrem Cacao 110g - ULKER,22.166666666666668
00045,BI070124,BISKREM CACAO 85g - ULKER,24.0
00045,BI080124,BISKREM DUO 85g - ULKER,24.0
00045,CC010112,Sachet Chupa-Chups Fruit P10x12,3.0
00045,CC060106,Sachet Chupa-Chups The Best Of P120x6,1.0
00045,CC060112,CH CH XXL Strawberry 25Px29g,1.0
00045,CH010124,Bonbon Chamallows Pink & White 70g HARIBO,6.0
00045,DC010224,YAOURT BRASSE VANILLE,1.0
00045,FA010118,Mentos Fresh Action Cup Menthol 280g P100x18,1.0
00045,FA020118,Mentos Fresh Action Cup Cherry Mint 280g P100x18,1.0
00045,FR010120,Bonbon Fruit-tella Stick  Strawberry 10px20x12,1.0
00045,FR010201,Coff. 16 Rochers Chocolat FERRERO,1.0
00045,FR010220,Bonbon Fruit-tella Stick Orange 10px20x12,1.0
00045,KC010120,YAOURT AROME CITRON,1.0
00045,KC010130,YAOURT AROME FRUITS DES BOIS,1.0
00045,KC010336,YAOURT AROME NATURE,1.0
00045,KC010506,Kinder Creamy T1x24x6,1.0
00045,KD010114,Kinder Délice T10X14,1.0
00045,KH010128,Kinder Happy Hippo Cocoa T1x28x6,1.0
00045,KK010106,KAT KAT TAT Noisette 24g (24x6),1.0
00045,KK010112,KAT KAT TAT Chocolat 26g (24x12),1.0
00045,KS020116,Kinder Joy T1x16 Boy,1.0
00045,KS030116,Kinder Joy T1x16 Boy Collection 2,1.0
00045,KS030216,Kinder Joy T1x16 Girl Collection 2,1.0
00045,LI010124,Gaufrette gout Chocolat 70g - LINGOT(colisage 24),72.0
00045,LI040124,Gaufrette gout Noisette 70g - LINGOT (colisage 24),48.0
00045,LI050124,Gaufrette gout Fraise 70g - LINGOT (colisage 24),24.0
00045,MD010112,"Mentos Gum 3D Fresh Mint 8,5g P5x15",1.0
00045,NP010501,Nutella & Go 52g,24.0
00045,NP010604,Nutella B-Ready T1x36x4,1.0
00045,NP060716,Nutella B-Ready T6x16,3.0
00045,RO010112,Bonbon Roulette 25g - HARIBO,1.0
00045,TB070148,Tic Tac Mix T48x8 ARBRE,1.0
00046,AL010124,VIT'UP 170GR COLA CITRON,1.0
00046,BI070124,BISKREM CACAO 85g - ULKER,24.0
00046,BL030136,Blister Mentos Gum White Sweet Mint 17g P12x12,1.0
00046,BL040136,Blister Mentos Gum White Tutti Frutti 17g P12x12,1.0
00046,CC060112,CH CH XXL Strawberry 25Px29g,1.0
00046,CC070106,CH CH Melody Strawberry 48x6,1.0
00046,CH020424,Bonbon Chamallows Party 70g HARIBO,9.0
00046,FA010118,Mentos Fresh Action Cup Menthol 280g P100x18,1.0
00046,FA020118,Mentos Fresh Action Cup Cherry Mint 280g P100x18,1.0
00046,FR010220,Bonbon Fruit-tella Stick Orange 10px20x12,1.0
00046,GB020130,Bonbon Gold-Bears 80gx30 - HARIBO,6.0
00046,KC010120,YAOURT AROME CITRON,1.0
00046,KC010130,YAOURT AROME FRUITS DES BOIS,1.0
00046,KC010336,YAOURT AROME NATURE,1.0
00046,KH010128,Kinder Happy Hippo Cocoa T1x28x6,1.0
00046,KK010112,KAT KAT TAT Chocolat 26g (24x12),3.0
00046,KS020116,Kinder Joy T1x16 Boy,1.0
00046,KS020216,Kinder Joy T1x16 Girl,1.0
00046,KS030116,Kinder Joy T1x16 Boy Collection 2,1.0
00046,LG010120,Gaufrette Golden Chocolat 140 gr- Lingot (20 pcs),20.0
00046,LI040124,Gaufrette gout Noisette 70g - LINGOT (colisage 24),24.0
00046,LI050124,Gaufrette gout Fraise 70g - LINGOT (colisage 24),24.0
00046,MD010112,"Mentos Gum 3D Fresh Mint 8,5g P5x15",1.0
00046,MD020112,"Mentos Gum 3D S-A-R 8,5g P5x15",1.0
00046,MD030112,"Mentos Gum 3D Watermelon 8,5g P5x15",1.0
00046,MF011212,MILLE-FEUILLE Fraise 24g ( 12X12 ),1.0
00046,MV020124,Mc Vities Digestive Dark Chocolate 200g x 24,3.0
00046,MV020224,Mc Vities Digestive Milk Chocolate 200g x 24,3.0
00046,NP010501,Nutella & Go 52g,1.0
00046,RA050124,Canette Float Cocktail 240 ML - RANI,6.0
00046,RO010112,Bonbon Roulette 25g - HARIBO,1.5
00046,SM010224,Bonbon Starmix 80g HARIBO,6.0
00046,TE020124,Bonbon Teeth 80g HARIBO,3.0
00046,WO020124,Bonbon Worms 80g HARIBO,3.0
00047,AL020112,BEURRE COND 100 gr,1.0
00047,BI060124,Biskrem Cacao 110g - ULKER,24.0
00047,BL030136,Blister Mentos Gum White Sweet Mint 17g P12x12,1.0
00047,BL040136,Blister Mentos Gum White Tutti Frutti 17g P12x12,1.0
00047,CC010112,Sachet Chupa-Chups Fruit P10x12,3.0
00047,CH010124,Bonbon Chamallows Pink & White 70g HARIBO,4.0
00047,CH020424,Bonbon Chamallows Party 70g HARIBO,6.0
00047,DC010224,YAOURT BRASSE VANILLE,1.0
00047,FA010118,Mentos Fresh Action Cup Menthol 280g P100x18,1.0
00047,FF020112,Big Babol Filifolly Fruit 11g x 12 Sachets,1.0
00047,FF030112,Big Babol Filifolly Watermelon 11g x 12 Sachets,1.0
00047,FR010120,Bonbon Fruit-tella Stick  Strawberry 10px20x12,1.0
00047,GB020130,Bonbon Gold-Bears 80gx30 - HARIBO,3.0
00047,HC030324,Bonbon Happy Cola Fizz 70g HARIBO,15.0
00047,JA010106,Mini Mentos Jar Fruit Mix 1Kg P100x6,1.0
00047,KC010120,YAOURT AROME CITRON,2.0
00047,KC010210,YAOURT AROME NOIX DE COCO,1.0
00047,KH010128,Kinder Happy Hippo Cocoa T1x28x6,1.0
00047,KK010112,KAT KAT TAT Chocolat 26g (24x12),1.5
00047,KS020216,Kinder Joy T1x16 Girl,1.0
00047,LG010120,Gaufrette Golden Chocolat 140 gr- Lingot (20 pcs),20.0
00047,LI010124,Gaufrette gout Chocolat 70g - LINGOT(colisage 24),48.0
00047,LI020124,Gaufrette gout Lait 70g - LINGOT (colisage 24),24.0
00047,LI030124,Gaufrette gout Caramel 70g - LINGOT (colisage 24),24.0
00047,MD020112,"Mentos Gum 3D S-A-R 8,5g P5x15",1.0
00047,MD030112,"Mentos Gum 3D Watermelon 8,5g P5x15",1.0
00047,MF011212,MILLE-FEUILLE Fraise 24g ( 12X12 ),1.0
00047,MW020112,"Boite Mentos Gum White Tutti Frutti 53,2g P38x6",1.0
00047,NP010501,Nutella & Go 52g,24.0
00047,WO020124,Bonbon Worms 80g HARIBO,24.0
00048,0005,Compote pomme fraise,1.0
00048,12201937,"KIT KAT 2 Fingers 16x(36x20,5g)",4.0
00048,AL020112,BEURRE COND 100 gr,1.0
00048,BE010112,Biskrem Extra 92g - ULKER,12.0
00048,BE010124,Bonbon Berries 80g HARIBO,24.0
00048,BI030124,Biskrem DUO 110g - ULKER,36.0
00048,BI060124,Biskrem Cacao 110g - ULKER,66.0
00048,BI080124,BISKREM DUO 85g - ULKER,24.0
00048,CC060106,Sachet Chupa-Chups The Best Of P120x6,1.0
00048,CC060112,CH CH XXL Strawberry 25Px29g,1.0
00048,CC080116,Chupa-Chups Surprise 16x6,1.0
00048,CH010124,Bonbon Chamallows Pink & White 70g HARIBO,5.0
00048,CH020424,Bonbon Chamallows Party 70g HARIBO,4.5
00048,FA030112,Mentos Fresh Action Stick Cherry Mint 10px24x12,1.0
00048,FR010116,Trio de Rochers Chocolat FERRERO,1.0
00048,FR010120,Bonbon Fruit-tella Stick  Strawberry 10px20x12,1.0
00048,FR010220,Bonbon Fruit-tella Stick Orange 10px20x12,1.0
00048,HC020130,Bonbon Happy Cola 80gx30 HARIBO,30.0
00048,HC030124,Bonbon Happy Cherries 80g HARIBO,24.0
00048,HC030324,Bonbon Happy Cola Fizz 70g HARIBO,24.0
00048,JA010106,Mini Mentos Jar Fruit Mix 1Kg P100x6,1.0
00048,KC010120,YAOURT AROME CITRON,1.0
00048,KC010130,YAOURT AROME FRUITS DES BOIS,1.0
00048,KC010210,YAOURT AROME NOIX DE COCO,1.0
00048,KC010336,YAOURT AROME NATURE,1.0
00048,KC020130,Barre de Chocolat Biscuit noisette BUENO WHITE,1.0
00048,KD010114,Kinder Délice T10X14,1.0
00048,KH020110,Kinder Happy Hippo Cocoa T5x10,1.0
00048,KK010106,KAT KAT TAT Noisette 24g (24x6),1.0
00048,KK010112,KAT KAT TAT Chocolat 26g (24x12),1.3333333333333333
00048,KS030116,Kinder Joy T1x16 Boy Collection 2,1.0
00048,KS030216,Kinder Joy T1x16 Girl Collection 2,1.0
00048,LG010120,Gaufrette Golden Chocolat 140 gr- Lingot (20 pcs),2.0
00048,LI020140,GAUFRETTE Goût Caramel 30g -LINGOT (Colisage 40),40.0
00048,MI010124,Bonbon Mix Fizz 70g HARIBO,14.0
00048,MV020124,Mc Vities Digestive Dark Chocolate 200g x 24,3.0
00048,MV020224,Mc Vities Digestive Milk Chocolate 200g x 24,3.0
00048,MW010112,"Boite Mentos Gum White Sweet Mint 53,2g P38x6",1.0
00048,MW020112,"Boite Mentos Gum White Tutti Frutti 53,2g P38x6",1.0
00048,NP010501,Nutella & Go 52g,24.0
00048,NP010604,Nutella B-Ready T1x36x4,1.0
00048,NP060716,Nutella B-Ready T6x16,1.0
00048,RA050124,Canette Float Cocktail 240 ML - RANI,6.0
00048,RR010116,Trio de Rochers Noix Coco RAFAELLO,1.0
00048,SM010224,Bonbon Starmix 80g HARIBO,13.5
00048,TB070148,Tic Tac Mix T48x8 ARBRE,2.0
00048,TE020124,Bonbon Teeth 80g HARIBO,3.0
00049,BI070124,BISKREM CACAO 85g - ULKER,24.0
00049,BI080124,BISKREM DUO 85g - ULKER,24.0
00049,BL030136,Blister Mentos Gum White Sweet Mint 17g P12x12,1.0
00049,CC070106,CH CH Melody Strawberry 48x6,1.0
00049,CH010124,Bonbon Chamallows Pink & White 70g HARIBO,3.0
00049,CH020424,Bonbon Chamallows Party 70g HARIBO,5.0
00049,DC010224,YAOURT BRASSE VANILLE,1.0
00049,HC020130,Bonbon Happy Cola 80gx30 HARIBO,30.0
00049,KC010120,YAOURT AROME CITRON,1.0
00049,KC010130,YAOURT AROME FRUITS DES BOIS,1.0
00049,KC010336,YAOURT AROME NATURE,1.0
00049,KC020130,Barre de Chocolat Biscuit noisette BUENO WHITE,1.0
00049,KD010114,Kinder Délice T10X14,1.0
00049,KS020116,Kinder Joy T1x16 Boy,1.0
00049,KS030116,Kinder Joy T1x16 Boy Collection 2,1.0
00049,KS030216,Kinder Joy T1x16 Girl Collection 2,1.0
00049,LI030124,Gaufrette gout Caramel 70g - LINGOT (colisage 24),24.0
00049,MI010124,Bonbon Mix Fizz 70g HARIBO,24.0
00049,MR010108,"Mentos Rolls Menthe 39,2g P14x20",1.0
00049,MR030108,"Mentos Rolls Rainbow 39,2g P14x20",1.0
00049,MR040108,"Mentos Rolls Tutti Frutti 39,2 g P14x20",1.0
00049,NP010501,Nutella & Go 52g,24.0
00049,NP010604,Nutella B-Ready T1x36x4,1.0
00049,PH020224,Bonbon Phantasia 80g HARIBO,1.0
00049,RA030124,Canette Float Mangue 240 ML - RANI,6.0
00049,RA040124,Canette Float Ananas 240 ML - RANI,6.0
00049,RO010112,Bonbon Roulette 25g - HARIBO,1.0
00049,RR010116,Trio de Rochers Noix Coco RAFAELLO,2.0
00049,WO030124,Bonbon Fizz Worms 70g HARIBO,3.0
00050,AL010124,VIT'UP 170GR COLA CITRON,1.0
00050,BB022020,CH CH Bigbabol Stick Strawberry 5p x 20 x 20,1.0
00050,BI020124,Biskrem DUO 60g - ULKER,24.0
00050,BI030124,Biskrem DUO 110g - ULKER,24.0
00050,BI060124,Biskrem Cacao 110g - ULKER,24.0
00050,BL030136,Blister Mentos Gum White Sweet Mint 17g P12x12,1.0
00050,BL040136,Blister Mentos Gum White Tutti Frutti 17g P12x12,1.0
00050,CC060106,Sachet Chupa-Chups The Best Of P120x6,1.5
00050,CH020424,Bonbon Chamallows Party 70g HARIBO,6.0
00050,HC020130,Bonbon Happy Cola 80gx30 HARIBO,3.0
00050,HC030324,Bonbon Happy Cola Fizz 70g HARIBO,24.0
00050,KC010130,YAOURT AROME FRUITS DES BOIS,1.0
00050,KC010210,YAOURT AROME NOIX DE COCO,1.0
00050,KC010240,BIFI NATURE 0%,1.0
00050,KS020116,Kinder Joy T1x16 Boy,1.5
00050,KS020216,Kinder Joy T1x16 Girl,1.0
00050,LG010120,Gaufrette Golden Chocolat 140 gr- Lingot (20 pcs),8.0
00050,MD020112,"Mentos Gum 3D S-A-R 8,5g P5x15",1.0
00050,MI010124,Bonbon Mix Fizz 70g HARIBO,10.0
00050,NP010604,Nutella B-Ready T1x36x4,1.0
00050,NP060716,Nutella B-Ready T6x16,1.0
00050,RO010112,Bonbon Roulette 25g - HARIBO,1.5
00051,CC060106,Sachet Chupa-Chups The Best Of P120x6,1.0
00051,HC020130,Bonbon Happy Cola 80gx30 HARIBO,5.0
00051,RO010112,Bonbon Roulette 25g - HARIBO,1.0
00051,TB070148,Tic Tac Mix T48x8 ARBRE,2.0
00052,0005,Compote pomme fraise,1.0
00052,AL010124,VIT'UP 170GR COLA CITRON,1.75
00052,AL020112,BEURRE COND 100 gr,1.2
00052,BE010124,Bonbon Berries 80g HARIBO,1.0
00052,BI030124,Biskrem DUO 110g - ULKER,96.0
00052,BI050124,Biskrem Cacao 60g - ULKER,36.0
00052,BI060124,Biskrem Cacao 110g - ULKER,96.0
00052,BI070124,BISKREM CACAO 85g - ULKER,24.0
00052,BI080124,BISKREM DUO 85g - ULKER,24.0
00052,BL040136,Blister Mentos Gum White Tutti Frutti 17g P12x12,1.0
00052,CC060106,Sachet Chupa-Chups The Best Of P120x6,4.0
00052,CC070106,CH CH Melody Strawberry 48x6,1.0
00052,CC080116,Chupa-Chups Surprise 16x6,1.0
00052,CH010124,Bonbon Chamallows Pink & White 70g HARIBO,12.6
00052,DC010224,YAOURT BRASSE VANILLE,1.0
00052,FA010118,Mentos Fresh Action Cup Menthol 280g P100x18,3.0
00052,FA020118,Mentos Fresh Action Cup Cherry Mint 280g P100x18,2.3333333333333335
00052,FA030112,Mentos Fresh Action Stick Cherry Mint 10px24x12,1.0
00052,FF010112,Big Babol Filifolly Strawberry 11g x 12 Sachets,1.0
00052,FF030112,Big Babol Filifolly Watermelon 11g x 12 Sachets,1.0
00052,FR010116,Trio de Rochers Chocolat FERRERO,1.1666666666666667
00052,FR010201,Coff. 16 Rochers Chocolat FERRERO,6.25
00052,HC020130,Bonbon Happy Cola 80gx30 HARIBO,28.0
00052,HC030124,Bonbon Happy Cherries 80g HARIBO,6.0
00052,HC030324,Bonbon Happy Cola Fizz 70g HARIBO,24.0
00052,HZ010312,HEINZ GARLIC MAYONNAISE 225 ML,3.0
00052,JA010106,Mini Mentos Jar Fruit Mix 1Kg P100x6,2.0
00052,KC010120,YAOURT AROME CITRON,1.625
00052,KC010130,YAOURT AROME FRUITS DES BOIS,2.6363636363636362
00052,KC010210,YAOURT AROME NOIX DE COCO,1.3333333333333333
00052,KC010336,YAOURT AROME NATURE,1.1428571428571428
00052,KC020130,Barre de Chocolat Biscuit noisette BUENO WHITE,1.7777777777777777
00052,KD010114,Kinder Délice T10X14,10.8
00052,KH010128,Kinder Happy Hippo Cocoa T1x28x6,1.0
00052,KH020110,Kinder Happy Hippo Cocoa T5x10,1.0
00052,KK010106,KAT KAT TAT Noisette 24g (24x6),1.5714285714285714
00052,KK010112,KAT KAT TAT Chocolat 26g (24x12),1.3333333333333333
00052,KS020116,Kinder Joy T1x16 Boy,1.5
00052,KS020216,Kinder Joy T1x16 Girl,1.6666666666666667
00052,KS030216,Kinder Joy T1x16 Girl Collection 2,1.0
00052,LT010124,Gaufrette enrobée choco 30G Riz Soufflé (24x4),4.0
00052,LT020124,Gaufrette enrobée choco 30G Cacahueté (24x4),4.0
00052,LT030124,Gaufrette enrobée choco 30G Triple saveur (24x4),4.0
00052,MD010112,"Mentos Gum 3D Fresh Mint 8,5g P5x15",1.0
00052,MG010116,Mentos Gum Rolls Pure Fresh 1.75g P9x16,2.0
00052,MI010124,Bonbon Mix Fizz 70g HARIBO,14.333333333333334
00052,MR010108,"Mentos Rolls Menthe 39,2g P14x20",1.0
00052,MR020108,"Mentos Rolls Strawberry 39,2g P14x20",1.0
00052,MR030108,"Mentos Rolls Rainbow 39,2g P14x20",1.0
00052,MR040108,"Mentos Rolls Tutti Frutti 39,2 g P14x20",1.0
00052,MR050108,"Mentos Rolls Fruit 39,2g P14x20",1.0
00052,MW010112,"Boite Mentos Gum White Sweet Mint 53,2g P38x6",1.5
00052,MW020112,"Boite Mentos Gum White Tutti Frutti 53,2g P38x6",1.0
00052,NP010301,Pate a Tartiner de 350 grs NUTELLA,9.0
00052,NP010501,Nutella & Go 52g,3.0
00052,NP010604,Nutella B-Ready T1x36x4,1.3333333333333333
00052,NP060716,Nutella B-Ready T6x16,4.5
00052,RA010124,Canette Float Orange 240 ML - RANI,12.0
00052,RA020124,Canette Float Peche 240 ML - RANI,12.0
00052,RA030124,Canette Float Mangue 240 ML - RANI,18.0
00052,RA040124,Canette Float Ananas 240 ML - RANI,24.0
00052,RA050124,Canette Float Cocktail 240 ML - RANI,30.0
00052,RA060124,Canette Float Fraise-Banane 240 ML - RANI,18.0
00052,RO010112,Bonbon Roulette 25g - HARIBO,3.0
00052,RR010201,Coff. 15 Rochers Noix Coco RAFAELLO,2.0
00052,SM010224,Bonbon Starmix 80g HARIBO,24.0
00052,SQ010124,Bonbon Squishy 80g HARIBO,2.0
00052,ST010208,Mix Sripe Assortiment 24x8x25g HARIBO,1.5
00052,TB010112,Boite Bonbon Menthe T12x24 TIC TAC,3.0
00052,TB020112,Boite Bonbon Orange T12x24 TIC TAC,2.0
00052,TB030112,Boite Bonbon Spearmint T12x24 TIC TAC,2.0
00052,TB050112,Boite Bonbon Strawberry mix T12x24 TIC TAC,2.0
00052,TB070148,Tic Tac Mix T48x8 ARBRE,1.3333333333333333
00052,TE020124,Bonbon Teeth 80g HARIBO,16.5
00052,WO020124,Bonbon Worms 80g HARIBO,21.333333333333332
00052,WO030124,Bonbon Fizz Worms 70g HARIBO,48.0
00053,BB012020,CH CH Bigbabol Stick Tutti Frutti 5p x 20 x 20,1.0
00053,BI030124,Biskrem DUO 110g - ULKER,24.0
00053,BI060124,Biskrem Cacao 110g - ULKER,24.0
00053,BI070124,BISKREM CACAO 85g - ULKER,24.0
00053,CC060106,Sachet Chupa-Chups The Best Of P120x6,1.0
00053,CC060112,CH CH XXL Strawberry 25Px29g,1.0
00053,CH020424,Bonbon Chamallows Party 70g HARIBO,2.0
00053,DC010224,YAOURT BRASSE VANILLE,1.0
00053,FA020118,Mentos Fresh Action Cup Cherry Mint 280g P100x18,1.0
00053,FR010220,Bonbon Fruit-tella Stick Orange 10px20x12,1.0
00053,GB020130,Bonbon Gold-Bears 80gx30 - HARIBO,3.0
00053,KC010120,YAOURT AROME CITRON,1.0
00053,KC010130,YAOURT AROME FRUITS DES BOIS,1.0
00053,KC010240,BIFI NATURE 0%,1.0
00053,KC010336,YAOURT AROME NATURE,1.0
00053,KD010114,Kinder Délice T10X14,9.0
00053,KH010128,Kinder Happy Hippo Cocoa T1x28x6,1.0
00053,KS020116,Kinder Joy T1x16 Boy,1.0
00053,KS020216,Kinder Joy T1x16 Girl,1.0
00053,MG010116,Mentos Gum Rolls Pure Fresh 1.75g P9x16,1.0
00053,MR010108,"Mentos Rolls Menthe 39,2g P14x20",1.0
00053,MR030108,"Mentos Rolls Rainbow 39,2g P14x20",1.0
00053,MR040108,"Mentos Rolls Tutti Frutti 39,2 g P14x20",1.0
00053,MW010112,"Boite Mentos Gum White Sweet Mint 53,2g P38x6",1.0
00053,MW020112,"Boite Mentos Gum White Tutti Frutti 53,2g P38x6",1.0
00053,NP060716,Nutella B-Ready T6x16,2.3333333333333335
00053,RO010112,Bonbon Roulette 25g - HARIBO,1.0
00053,WO030124,Bonbon Fizz Worms 70g HARIBO,24.0
00054,AL020112,BEURRE COND 100 gr,1.0
00054,BI030124,Biskrem DUO 110g - ULKER,24.0
00054,BI070124,BISKREM CACAO 85g - ULKER,24.0
00054,CC060106,Sachet Chupa-Chups The Best Of P120x6,1.0
00054,CC070106,CH CH Melody Strawberry 48x6,1.0
00054,CC080116,Chupa-Chups Surprise 16x6,1.0
00054,CH010124,Bonbon Chamallows Pink & White 70g HARIBO,12.0
00054,CH020424,Bonbon Chamallows Party 70g HARIBO,24.0
00054,DC010224,YAOURT BRASSE VANILLE,1.0
00054,FF010112,Big Babol Filifolly Strawberry 11g x 12 Sachets,1.0
00054,FR010116,Trio de Rochers Chocolat FERRERO,1.0
00054,KC010120,YAOURT AROME CITRON,1.0
00054,KC020130,Barre de Chocolat Biscuit noisette BUENO WHITE,1.0
00054,KD010114,Kinder Délice T10X14,2.0
00054,KS020216,Kinder Joy T1x16 Girl,1.0
00054,KS030116,Kinder Joy T1x16 Boy Collection 2,1.0
00054,KS030216,Kinder Joy T1x16 Girl Collection 2,1.0
00054,MI010124,Bonbon Mix Fizz 70g HARIBO,6.5
00054,MV010108,Mc vities Dark Chocolate 42g (8x10),1.0
00054,MV020124,Mc Vities Digestive Dark Chocolate 200g x 24,6.0
00054,NP010501,Nutella & Go 52g,4.0
00054,NP060716,Nutella B-Ready T6x16,4.0
00054,RO010112,Bonbon Roulette 25g - HARIBO,1.0
00054,ST010208,Mix Sripe Assortiment 24x8x25g HARIBO,1.0
00054,WO030124,Bonbon Fizz Worms 70g HARIBO,6.0
00055,BL030136,Blister Mentos Gum White Sweet Mint 17g P12x12,1.0
00055,CH010124,Bonbon Chamallows Pink & White 70g HARIBO,12.0
00055,DC010224,YAOURT BRASSE VANILLE,1.0
00055,FA010118,Mentos Fresh Action Cup Menthol 280g P100x18,1.0
00055,KH010128,Kinder Happy Hippo Cocoa T1x28x6,1.0
00056,AL010124,VIT'UP 170GR COLA CITRON,1.0
00056,BL030136,Blister Mentos Gum White Sweet Mint 17g P12x12,1.0
00056,BL040136,Blister Mentos Gum White Tutti Frutti 17g P12x12,1.0
00056,CC070124,Sachet Chupa Chups Mini 35Px24,1.0
00056,FA030112,Mentos Fresh Action Stick Cherry Mint 10px24x12,1.0
00057,0005,Compote pomme fraise,1.0
00057,AL010124,VIT'UP 170GR COLA CITRON,1.8
00057,BB022020,CH CH Bigbabol Stick Strawberry 5p x 20 x 20,1.0
00057,BE010124,Bonbon Berries 80g HARIBO,48.0
00057,BI010124,Biskrem DUO 40g - ULKER,36.0
00057,BI020124,Biskrem DUO 60g - ULKER,40.0
00057,BI030124,Biskrem DUO 110g - ULKER,28.0
00057,BI040124,Biskrem Cacao 40g - ULKER,24.0
00057,BI050124,Biskrem Cacao 60g - ULKER,36.0
00057,BI060124,Biskrem Cacao 110g - ULKER,37.714285714285715
00057,BL030136,Blister Mentos Gum White Sweet Mint 17g P12x12,1.0
00057,BL040136,Blister Mentos Gum White Tutti Frutti 17g P12x12,1.5
00057,CC060106,Sachet Chupa-Chups The Best Of P120x6,2.0
00057,CC060107,Présentoir Chupa-Chups Wheels P120x1,1.0
00057,CC060108,Présentoir Chupa-Chups Half Wheels P60x1,5.0
00057,CC060112,CH CH XXL Strawberry 25Px29g,1.25
00057,CC070106,CH CH Melody Strawberry 48x6,1.3333333333333333
00057,CC080116,Chupa-Chups Surprise 16x6,1.3333333333333333
00057,CH010124,Bonbon Chamallows Pink & White 70g HARIBO,26.0
00057,CH020424,Bonbon Chamallows Party 70g HARIBO,24.0
00057,DC010224,YAOURT BRASSE VANILLE,1.8
00057,FA020118,Mentos Fresh Action Cup Cherry Mint 280g P100x18,1.0
00057,FF010112,Big Babol Filifolly Strawberry 11g x 12 Sachets,1.0
00057,FF020112,Big Babol Filifolly Fruit 11g x 12 Sachets,1.0
00057,FF030112,Big Babol Filifolly Watermelon 11g x 12 Sachets,1.0
00057,FR010116,Trio de Rochers Chocolat FERRERO,1.0
00057,FR010120,Bonbon Fruit-tella Stick  Strawberry 10px20x12,1.0
00057,FR010201,Coff. 16 Rochers Chocolat FERRERO,7.5
00057,FR010401,Coff. de 30 Rochers Chocolat FERRERO,3.0
00057,GB020130,Bonbon Gold-Bears 80gx30 - HARIBO,17.8
00057,HC020130,Bonbon Happy Cola 80gx30 HARIBO,12.6
00057,HC030124,Bonbon Happy Cherries 80g HARIBO,29.0
00057,HC030324,Bonbon Happy Cola Fizz 70g HARIBO,24.0
00057,JA010106,Mini Mentos Jar Fruit Mix 1Kg P100x6,1.0
00057,KC010120,YAOURT AROME CITRON,1.375
00057,KC010130,YAOURT AROME FRUITS DES BOIS,2.0
00057,KC010210,YAOURT AROME NOIX DE COCO,1.125
00057,KC010240,BIFI NATURE 0%,1.2222222222222223
00057,KC010336,YAOURT AROME NATURE,1.2
00057,KC010506,Kinder Creamy T1x24x6,1.0
00057,KC020130,Barre de Chocolat Biscuit noisette BUENO WHITE,1.2
00057,KD010114,Kinder Délice T10X14,1.0
00057,KH010128,Kinder Happy Hippo Cocoa T1x28x6,1.0
00057,KH020110,Kinder Happy Hippo Cocoa T5x10,1.0
00057,KK010106,KAT KAT TAT Noisette 24g (24x6),1.0
00057,KK010112,KAT KAT TAT Chocolat 26g (24x12),1.0
00057,KS010116,Kinder Joy T1x16 Limited Edition,1.0
00057,KS020116,Kinder Joy T1x16 Boy,1.1428571428571428
00057,KS020216,Kinder Joy T1x16 Girl,1.125
00057,LG010120,Gaufrette Golden Chocolat 140 gr- Lingot (20 pcs),20.0
00057,LI010124,Gaufrette gout Chocolat 70g - LINGOT(colisage 24),24.0
00057,LI020124,Gaufrette gout Lait 70g - LINGOT (colisage 24),24.0
00057,LI030124,Gaufrette gout Caramel 70g - LINGOT (colisage 24),24.0
00057,LI040124,Gaufrette gout Noisette 70g - LINGOT (colisage 24),24.0
00057,LI050124,Gaufrette gout Fraise 70g - LINGOT (colisage 24),24.0
00057,LT010124,Gaufrette enrobée choco 30G Riz Soufflé (24x4),1.0
00057,LT020124,Gaufrette enrobée choco 30G Cacahueté (24x4),2.5
00057,LT030124,Gaufrette enrobée choco 30G Triple saveur (24x4),2.5
00057,MD010112,"Mentos Gum 3D Fresh Mint 8,5g P5x15",1.0
00057,MD020112,"Mentos Gum 3D S-A-R 8,5g P5x15",2.0
00057,MD030112,"Mentos Gum 3D Watermelon 8,5g P5x15",1.0
00057,MI010124,Bonbon Mix Fizz 70g HARIBO,12.0
00057,MR010108,"Mentos Rolls Menthe 39,2g P14x20",1.5
00057,MR020108,"Mentos Rolls Strawberry 39,2g P14x20",1.5
00057,MR030108,"Mentos Rolls Rainbow 39,2g P14x20",1.3333333333333333
00057,MR040108,"Mentos Rolls Tutti Frutti 39,2 g P14x20",1.0
00057,MR050108,"Mentos Rolls Fruit 39,2g P14x20",1.0
00057,MV010108,Mc vities Dark Chocolate 42g (8x10),4.0
00057,MV020124,Mc Vities Digestive Dark Chocolate 200g x 24,15.0
00057,MV020224,Mc Vities Digestive Milk Chocolate 200g x 24,16.0
00057,MW010112,"Boite Mentos Gum White Sweet Mint 53,2g P38x6",1.0
00057,MW020112,"Boite Mentos Gum White Tutti Frutti 53,2g P38x6",1.6666666666666667
00057,NP010301,Pate a Tartiner de 350 grs NUTELLA,15.0
00057,NP010306,Pôt Pâte à tartiner de 600g NUTELLA,9.0
00057,NP010406,Pôt Pâte à tartiner de 600g NUTELLA OCCASION,10.5
00057,NP010407,Pôt Pâte à tartiner de 350g NUTELLA OCCASION,15.0
00057,NP010501,Nutella & Go 52g,28.166666666666668
00057,NP010604,Nutella B-Ready T1x36x4,1.3333333333333333
00057,NP060716,Nutella B-Ready T6x16,11.5
00057,PF010106,"Boite Mentos Gum PF Limemint 57,8g P34x6",1.0
00057,PF010206,Boite Mentos Gum PF Fresh Mint 24g P12x10,1.0
00057,PF020106,Boite Mentos Gum PF Fresh Mint 56g P28x6,1.0
00057,PF030106,Boite Mentos Gum PF Wintergreen 56g P28x6,1.0
00057,PH020224,Bonbon Phantasia 80g HARIBO,42.0
00057,RO010112,Bonbon Roulette 25g - HARIBO,1.6666666666666667
00057,RR010116,Trio de Rochers Noix Coco RAFAELLO,1.0
00057,SM010224,Bonbon Starmix 80g HARIBO,31.25
00057,ST010208,Mix Sripe Assortiment 24x8x25g HARIBO,1.5
00057,TB010112,Boite Bonbon Menthe T12x24 TIC TAC,1.0
00057,TB030112,Boite Bonbon Spearmint T12x24 TIC TAC,1.6666666666666667
00057,TB050112,Boite Bonbon Strawberry mix T12x24 TIC TAC,2.3333333333333335
00057,TB070148,Tic Tac Mix T48x8 ARBRE,1.0
00057,TE020124,Bonbon Teeth 80g HARIBO,17.4
00057,WO020124,Bonbon Worms 80g HARIBO,32.0
00057,WO030124,Bonbon Fizz Worms 70g HARIBO,24.0
00058,0005,Compote pomme fraise,1.0
00058,BB022020,CH CH Bigbabol Stick Strawberry 5p x 20 x 20,1.0
00058,BI020124,Biskrem DUO 60g - ULKER,24.0
00058,BI030124,Biskrem DUO 110g - ULKER,36.0
00058,BI050124,Biskrem Cacao 60g - ULKER,24.0
00058,BI060124,Biskrem Cacao 110g - ULKER,24.0
00058,BI070124,BISKREM CACAO 85g - ULKER,24.0
00058,BL040136,Blister Mentos Gum White Tutti Frutti 17g P12x12,1.0
00058,CC060106,Sachet Chupa-Chups The Best Of P120x6,2.0
00058,CC060112,CH CH XXL Strawberry 25Px29g,1.0
00058,CC080116,Chupa-Chups Surprise 16x6,1.0
00058,CH010124,Bonbon Chamallows Pink & White 70g HARIBO,24.0
00058,FA010118,Mentos Fresh Action Cup Menthol 280g P100x18,2.0
00058,FF020112,Big Babol Filifolly Fruit 11g x 12 Sachets,1.0
00058,FR010116,Trio de Rochers Chocolat FERRERO,2.0
00058,GB020130,Bonbon Gold-Bears 80gx30 - HARIBO,14.0
00058,HC020130,Bonbon Happy Cola 80gx30 HARIBO,40.0
00058,KC010120,YAOURT AROME CITRON,1.0
00058,KC010130,YAOURT AROME FRUITS DES BOIS,1.0
00058,KC010240,BIFI NATURE 0%,1.0
00058,KC010336,YAOURT AROME NATURE,1.0
00058,KC010506,Kinder Creamy T1x24x6,1.0
00058,KH010128,Kinder Happy Hippo Cocoa T1x28x6,1.0
00058,KH020110,Kinder Happy Hippo Cocoa T5x10,1.0
00058,KK010106,KAT KAT TAT Noisette 24g (24x6),1.0
00058,KS020116,Kinder Joy T1x16 Boy,1.0
00058,KS020216,Kinder Joy T1x16 Girl,1.0
00058,LG020124,Gaufrette Golden  Chocolat Blanc & Citron 70g,6.0
00058,MI010124,Bonbon Mix Fizz 70g HARIBO,13.5
00058,MR010108,"Mentos Rolls Menthe 39,2g P14x20",1.0
00058,MR020108,"Mentos Rolls Strawberry 39,2g P14x20",1.0
00058,MR030108,"Mentos Rolls Rainbow 39,2g P14x20",1.0
00058,NP010407,Pôt Pâte à tartiner de 350g NUTELLA OCCASION,15.0
00058,NP010501,Nutella & Go 52g,25.0
00058,NP010604,Nutella B-Ready T1x36x4,1.0
00058,NP060716,Nutella B-Ready T6x16,1.0
00058,PH020224,Bonbon Phantasia 80g HARIBO,18.0
00058,RO010112,Bonbon Roulette 25g - HARIBO,2.0
00058,RR010116,Trio de Rochers Noix Coco RAFAELLO,1.0
00058,SM010224,Bonbon Starmix 80g HARIBO,6.0
00058,ST010208,Mix Sripe Assortiment 24x8x25g HARIBO,1.0
00058,TB020112,Boite Bonbon Orange T12x24 TIC TAC,1.0
00058,TB070148,Tic Tac Mix T48x8 ARBRE,1.0
00058,WO020124,Bonbon Worms 80g HARIBO,24.0
00059,BB012020,CH CH Bigbabol Stick Tutti Frutti 5p x 20 x 20,1.0
00059,BI010124,Biskrem DUO 40g - ULKER,48.0
00059,BI040124,Biskrem Cacao 40g - ULKER,48.0
00059,CC080116,Chupa-Chups Surprise 16x6,1.0
00059,CH020424,Bonbon Chamallows Party 70g HARIBO,6.0
00059,FA020118,Mentos Fresh Action Cup Cherry Mint 280g P100x18,1.0
00059,FA030112,Mentos Fresh Action Stick Cherry Mint 10px24x12,1.0
00059,FF030112,Big Babol Filifolly Watermelon 11g x 12 Sachets,2.0
00059,GB020130,Bonbon Gold-Bears 80gx30 - HARIBO,2.0
00059,HC020130,Bonbon Happy Cola 80gx30 HARIBO,4.0
00059,HC030124,Bonbon Happy Cherries 80g HARIBO,7.0
00059,KC010107,Kinder Mix Advent Calendar T237X7,1.0
00059,KC010130,YAOURT AROME FRUITS DES BOIS,1.25
00059,KD010114,Kinder Délice T10X14,1.0
00059,KH020110,Kinder Happy Hippo Cocoa T5x10,1.0
00059,MR070108,Mentos Rolls Sour Mix 39.2g P14x20,1.0
00059,MW010112,"Boite Mentos Gum White Sweet Mint 53,2g P38x6",1.0
00059,MW020112,"Boite Mentos Gum White Tutti Frutti 53,2g P38x6",1.0
00059,NP010501,Nutella & Go 52g,24.0
00059,NP010604,Nutella B-Ready T1x36x4,1.0
00059,PH020224,Bonbon Phantasia 80g HARIBO,1.0
00059,TB020112,Boite Bonbon Orange T12x24 TIC TAC,1.0
00059,TB070148,Tic Tac Mix T48x8 ARBRE,1.0
00059,TE020124,Bonbon Teeth 80g HARIBO,6.0
00060,0005,Compote pomme fraise,1.0
00060,AL020112,BEURRE COND 100 gr,1.0
00060,BB012020,CH CH Bigbabol Stick Tutti Frutti 5p x 20 x 20,1.0
00060,BB022020,CH CH Bigbabol Stick Strawberry 5p x 20 x 20,1.0
00060,BE010112,Biskrem Extra 92g - ULKER,12.0
00060,BE010124,Bonbon Berries 80g HARIBO,24.0
00060,BI030124,Biskrem DUO 110g - ULKER,24.0
00060,BI060124,Biskrem Cacao 110g - ULKER,48.0
00060,BI070124,BISKREM CACAO 85g - ULKER,24.0
00060,BL030136,Blister Mentos Gum White Sweet Mint 17g P12x12,1.0
00060,BL040136,Blister Mentos Gum White Tutti Frutti 17g P12x12,1.0
00060,CC060106,Sachet Chupa-Chups The Best Of P120x6,1.3333333333333333
00060,CC060112,CH CH XXL Strawberry 25Px29g,1.3333333333333333
00060,CC070106,CH CH Melody Strawberry 48x6,2.0
00060,CC080116,Chupa-Chups Surprise 16x6,1.0
00060,CH020424,Bonbon Chamallows Party 70g HARIBO,6.0
00060,DC010224,YAOURT BRASSE VANILLE,1.0
00060,FA010118,Mentos Fresh Action Cup Menthol 280g P100x18,1.0
00060,FA020118,Mentos Fresh Action Cup Cherry Mint 280g P100x18,1.0
00060,HC020130,Bonbon Happy Cola 80gx30 HARIBO,14.0
00060,HC030124,Bonbon Happy Cherries 80g HARIBO,24.0
00060,HC030324,Bonbon Happy Cola Fizz 70g HARIBO,16.0
00060,KC010120,YAOURT AROME CITRON,1.0
00060,KC010130,YAOURT AROME FRUITS DES BOIS,1.0
00060,KC010210,YAOURT AROME NOIX DE COCO,1.0
00060,KC010240,BIFI NATURE 0%,1.0
00060,KC010336,YAOURT AROME NATURE,1.0
00060,KH010128,Kinder Happy Hippo Cocoa T1x28x6,1.0
00060,KH020110,Kinder Happy Hippo Cocoa T5x10,1.0
00060,KS010116,Kinder Joy T1x16 Limited Edition,1.0
00060,KS020116,Kinder Joy T1x16 Boy,1.0
00060,KS020216,Kinder Joy T1x16 Girl,1.0
00060,LG010120,Gaufrette Golden Chocolat 140 gr- Lingot (20 pcs),10.0
00060,LT010124,Gaufrette enrobée choco 30G Riz Soufflé (24x4),4.0
00060,MG010116,Mentos Gum Rolls Pure Fresh 1.75g P9x16,1.0
00060,MR010108,"Mentos Rolls Menthe 39,2g P14x20",1.0
00060,MW010112,"Boite Mentos Gum White Sweet Mint 53,2g P38x6",1.0
00060,NP010501,Nutella & Go 52g,24.0
00060,NP010604,Nutella B-Ready T1x36x4,1.0
00060,NP060716,Nutella B-Ready T6x16,6.0
00060,PH020224,Bonbon Phantasia 80g HARIBO,24.0
00060,RO010112,Bonbon Roulette 25g - HARIBO,1.0
00060,RR010116,Trio de Rochers Noix Coco RAFAELLO,1.0
00060,SM010224,Bonbon Starmix 80g HARIBO,48.0
00060,ST010208,Mix Sripe Assortiment 24x8x25g HARIBO,1.0
00060,TB050112,Boite Bonbon Strawberry mix T12x24 TIC TAC,1.0
00060,TB070148,Tic Tac Mix T48x8 ARBRE,1.0
00060,TE020124,Bonbon Teeth 80g HARIBO,48.0
00060,WO020124,Bonbon Worms 80g HARIBO,24.0
00060,WO030124,Bonbon Fizz Worms 70g HARIBO,24.0
00061,AL010124,VIT'UP 170GR COLA CITRON,1.0
00061,BB012020,CH CH Bigbabol Stick Tutti Frutti 5p x 20 x 20,1.0
00061,BB022020,CH CH Bigbabol Stick Strawberry 5p x 20 x 20,1.0
00061,BE010112,Biskrem Extra 92g - ULKER,12.0
00061,BI050124,Biskrem Cacao 60g - ULKER,24.0
00061,BL030136,Blister Mentos Gum White Sweet Mint 17g P12x12,1.0
00061,BL040136,Blister Mentos Gum White Tutti Frutti 17g P12x12,1.0
00061,CC060106,Sachet Chupa-Chups The Best Of P120x6,1.0
00061,CC060112,CH CH XXL Strawberry 25Px29g,1.0
00061,CC070106,CH CH Melody Strawberry 48x6,1.0
00061,CC080116,Chupa-Chups Surprise 16x6,1.0
00061,CH010124,Bonbon Chamallows Pink & White 70g HARIBO,43.0
00061,DC010224,YAOURT BRASSE VANILLE,1.0
00061,FF010112,Big Babol Filifolly Strawberry 11g x 12 Sachets,1.0
00061,FF020112,Big Babol Filifolly Fruit 11g x 12 Sachets,1.0
00061,GB020130,Bonbon Gold-Bears 80gx30 - HARIBO,30.0
00061,HC020130,Bonbon Happy Cola 80gx30 HARIBO,6.0
00061,KC010120,YAOURT AROME CITRON,1.0
00061,KC010130,YAOURT AROME FRUITS DES BOIS,1.0
00061,KC010336,YAOURT AROME NATURE,1.0
00061,KH010128,Kinder Happy Hippo Cocoa T1x28x6,1.0
00061,KH020110,Kinder Happy Hippo Cocoa T5x10,1.0
00061,KS020116,Kinder Joy T1x16 Boy,2.0
00061,KS020216,Kinder Joy T1x16 Girl,1.0
00061,KS030116,Kinder Joy T1x16 Boy Collection 2,1.0
00061,LI040124,Gaufrette gout Noisette 70g - LINGOT (colisage 24),72.0
00061,LI050124,Gaufrette gout Fraise 70g - LINGOT (colisage 24),48.0
00061,MR010108,"Mentos Rolls Menthe 39,2g P14x20",1.0
00061,MW010112,"Boite Mentos Gum White Sweet Mint 53,2g P38x6",1.0
00061,MW020112,"Boite Mentos Gum White Tutti Frutti 53,2g P38x6",1.0
00061,NP010501,Nutella & Go 52g,13.0
00061,NP010604,Nutella B-Ready T1x36x4,1.0
00061,RO010112,Bonbon Roulette 25g - HARIBO,1.0
00061,RR010116,Trio de Rochers Noix Coco RAFAELLO,1.0
00061,TB020112,Boite Bonbon Orange T12x24 TIC TAC,1.0
00061,TB050112,Boite Bonbon Strawberry mix T12x24 TIC TAC,1.0
00062,RR010116,Trio de Rochers Noix Coco RAFAELLO,1.0
00063,LT030124,Gaufrette enrobée choco 30G Triple saveur (24x4),1.0
00063,TB070148,Tic Tac Mix T48x8 ARBRE,1.0
00065,0005,Compote pomme fraise,2.0
00065,AL010124,VIT'UP 170GR COLA CITRON,1.6666666666666667
00065,AL020112,BEURRE COND 100 gr,2.0
00065,BE010112,Biskrem Extra 92g - ULKER,12.0
00065,BE010124,Bonbon Berries 80g HARIBO,20.0
00065,BI010124,Biskrem DUO 40g - ULKER,24.0
00065,BI030124,Biskrem DUO 110g - ULKER,40.0
00065,BI040124,Biskrem Cacao 40g - ULKER,24.0
00065,BI060124,Biskrem Cacao 110g - ULKER,48.0
00065,BI070124,BISKREM CACAO 85g - ULKER,24.0
00065,BI080124,BISKREM DUO 85g - ULKER,24.0
00065,BL030136,Blister Mentos Gum White Sweet Mint 17g P12x12,1.0
00065,CC060106,Sachet Chupa-Chups The Best Of P120x6,1.0
00065,CC060112,CH CH XXL Strawberry 25Px29g,1.0
00065,CC070124,Sachet Chupa Chups Mini 35Px24,4.0
00065,CH010124,Bonbon Chamallows Pink & White 70g HARIBO,12.0
00065,DC010224,YAOURT BRASSE VANILLE,2.0
00065,FA030112,Mentos Fresh Action Stick Cherry Mint 10px24x12,1.0
00065,FF010112,Big Babol Filifolly Strawberry 11g x 12 Sachets,1.0
00065,FF020112,Big Babol Filifolly Fruit 11g x 12 Sachets,1.0
00065,FF030112,Big Babol Filifolly Watermelon 11g x 12 Sachets,1.0
00065,FR010116,Trio de Rochers Chocolat FERRERO,2.0
00065,FR010201,Coff. 16 Rochers Chocolat FERRERO,15.0
00065,FR010501,Coffret de 24 Rochers Collection Chocolat FERRERO,4.0
00065,GB020130,Bonbon Gold-Bears 80gx30 - HARIBO,19.0
00065,HC020130,Bonbon Happy Cola 80gx30 HARIBO,10.333333333333334
00065,HC030124,Bonbon Happy Cherries 80g HARIBO,8.0
00065,HC030324,Bonbon Happy Cola Fizz 70g HARIBO,17.0
00065,HZ010124,TOMATO KETCHUP 200 G - HEINZ,3.0
00065,HZ010224,BARBECUE SAUCE 200 G - HEINZ,3.0
00065,KC010120,YAOURT AROME CITRON,1.0
00065,KC010130,YAOURT AROME FRUITS DES BOIS,1.3333333333333333
00065,KC010210,YAOURT AROME NOIX DE COCO,1.0
00065,KC010240,BIFI NATURE 0%,1.0
00065,KC010336,YAOURT AROME NATURE,1.0
00065,KC020130,Barre de Chocolat Biscuit noisette BUENO WHITE,1.25
00065,KD010114,Kinder Délice T10X14,6.5
00065,KD020114,Kinder Délice T1X10X14 (Pièce),14.0
00065,KH020110,Kinder Happy Hippo Cocoa T5x10,1.0
00065,KS020116,Kinder Joy T1x16 Boy,1.0
00065,KS020216,Kinder Joy T1x16 Girl,1.0
00065,KS030116,Kinder Joy T1x16 Boy Collection 2,1.75
00065,KS030216,Kinder Joy T1x16 Girl Collection 2,2.0
00065,MD010112,"Mentos Gum 3D Fresh Mint 8,5g P5x15",1.0
00065,MD020112,"Mentos Gum 3D S-A-R 8,5g P5x15",1.0
00065,MD030112,"Mentos Gum 3D Watermelon 8,5g P5x15",1.0
00065,MI010124,Bonbon Mix Fizz 70g HARIBO,8.0
00065,NP010301,Pate a Tartiner de 350 grs NUTELLA,5.5
00065,NP010306,Pôt Pâte à tartiner de 600g NUTELLA,6.0
00065,NP010501,Nutella & Go 52g,21.0
00065,NP010604,Nutella B-Ready T1x36x4,1.3333333333333333
00065,PH020224,Bonbon Phantasia 80g HARIBO,24.333333333333332
00065,PV010124,Bonbon Primavera 80g HARIBO,12.0
00065,RO010112,Bonbon Roulette 25g - HARIBO,1.4
00065,RR010116,Trio de Rochers Noix Coco RAFAELLO,1.25
00065,RR010201,Coff. 15 Rochers Noix Coco RAFAELLO,2.5
00065,SM010224,Bonbon Starmix 80g HARIBO,10.0
00065,SQ010124,Bonbon Squishy 80g HARIBO,11.0
00065,TB010112,Boite Bonbon Menthe T12x24 TIC TAC,1.0
00065,TB020112,Boite Bonbon Orange T12x24 TIC TAC,1.0
00065,TB030112,Boite Bonbon Spearmint T12x24 TIC TAC,1.0
00065,TB070148,Tic Tac Mix T48x8 ARBRE,1.0
00065,TE020124,Bonbon Teeth 80g HARIBO,48.0
00065,WO020124,Bonbon Worms 80g HARIBO,24.0
00065,WO030124,Bonbon Fizz Worms 70g HARIBO,6.0
00066,CC060106,Sachet Chupa-Chups The Best Of P120x6,1.0
00066,CC060112,CH CH XXL Strawberry 25Px29g,1.0
00066,GB020130,Bonbon Gold-Bears 80gx30 - HARIBO,18.0
00066,HC020130,Bonbon Happy Cola 80gx30 HARIBO,4.0
00067,BE010112,Biskrem Extra 92g - ULKER,12.0
00067,KC010130,YAOURT AROME FRUITS DES BOIS,4.0
00067,KS030116,Kinder Joy T1x16 Boy Collection 2,1.0
00067,KS030216,Kinder Joy T1x16 Girl Collection 2,1.0
00067,NP010301,Pate a Tartiner de 350 grs NUTELLA,3.0
00067,PV010124,Bonbon Primavera 80g HARIBO,4.0
00067,WO030124,Bonbon Fizz Worms 70g HARIBO,6.0
00068,DC010224,YAOURT BRASSE VANILLE,1.0
00069,SM010224,Bonbon Starmix 80g HARIBO,6.0
00070,BI080124,BISKREM DUO 85g - ULKER,24.0
00070,CH010124,Bonbon Chamallows Pink & White 70g HARIBO,8.0
00079,DC010224,YAOURT BRASSE VANILLE,1.3333333333333333
00079,KC010130,YAOURT AROME FRUITS DES BOIS,1.0
00079,KC010240,BIFI NATURE 0%,1.0
00079,KC010336,YAOURT AROME NATURE,1.0
00079,KS010116,Kinder Joy T1x16 Limited Edition,1.0
00079,MR030108,"Mentos Rolls Rainbow 39,2g P14x20",2.0
00081,BI050124,Biskrem Cacao 60g - ULKER,24.0
00081,BL030136,Blister Mentos Gum White Sweet Mint 17g P12x12,1.0
00081,CH020424,Bonbon Chamallows Party 70g HARIBO,6.0
00081,DC010224,YAOURT BRASSE VANILLE,1.0
00081,FA020118,Mentos Fresh Action Cup Cherry Mint 280g P100x18,1.0
00081,FA030112,Mentos Fresh Action Stick Cherry Mint 10px24x12,1.0
00081,FR010120,Bonbon Fruit-tella Stick  Strawberry 10px20x12,1.0
00081,KC010120,YAOURT AROME CITRON,1.0
00081,KS020216,Kinder Joy T1x16 Girl,1.0
00081,KS030216,Kinder Joy T1x16 Girl Collection 2,1.0
00081,MD020112,"Mentos Gum 3D S-A-R 8,5g P5x15",1.0
00081,MD030112,"Mentos Gum 3D Watermelon 8,5g P5x15",1.0
00081,NP010604,Nutella B-Ready T1x36x4,1.0
00081,RO010112,Bonbon Roulette 25g - HARIBO,1.0
00081,SM010224,Bonbon Starmix 80g HARIBO,3.0
00082,BL030136,Blister Mentos Gum White Sweet Mint 17g P12x12,1.0
00082,FA030112,Mentos Fresh Action Stick Cherry Mint 10px24x12,1.0
00082,FF020112,Big Babol Filifolly Fruit 11g x 12 Sachets,1.0
00082,HC030124,Bonbon Happy Cherries 80g HARIBO,12.0
00082,HC030324,Bonbon Happy Cola Fizz 70g HARIBO,4.0
00082,KD010114,Kinder Délice T10X14,1.0
00082,KH010128,Kinder Happy Hippo Cocoa T1x28x6,1.0
00082,RA050124,Canette Float Cocktail 240 ML - RANI,6.0
00082,RR010116,Trio de Rochers Noix Coco RAFAELLO,1.0
00083,BB022020,CH CH Bigbabol Stick Strawberry 5p x 20 x 20,1.0
00083,BI050124,Biskrem Cacao 60g - ULKER,24.0
00083,BL030136,Blister Mentos Gum White Sweet Mint 17g P12x12,1.0
00083,BL040136,Blister Mentos Gum White Tutti Frutti 17g P12x12,1.0
00083,CC060106,Sachet Chupa-Chups The Best Of P120x6,1.0
00083,FA020118,Mentos Fresh Action Cup Cherry Mint 280g P100x18,1.0
00083,HC020130,Bonbon Happy Cola 80gx30 HARIBO,6.0
00083,KC010130,YAOURT AROME FRUITS DES BOIS,1.0
00083,KC010240,BIFI NATURE 0%,1.0
00083,KH010128,Kinder Happy Hippo Cocoa T1x28x6,1.0
00083,KS020216,Kinder Joy T1x16 Girl,1.0
00083,MR050108,"Mentos Rolls Fruit 39,2g P14x20",1.0
00083,NP060716,Nutella B-Ready T6x16,2.0
00083,RO010112,Bonbon Roulette 25g - HARIBO,1.0
00083,ST010208,Mix Sripe Assortiment 24x8x25g HARIBO,1.0
00083,TB050112,Boite Bonbon Strawberry mix T12x24 TIC TAC,1.0
00084,0005,Compote pomme fraise,1.0
00084,BB022020,CH CH Bigbabol Stick Strawberry 5p x 20 x 20,1.0
00084,BI030124,Biskrem DUO 110g - ULKER,24.0
00084,BI060124,Biskrem Cacao 110g - ULKER,36.0
00084,BI070124,BISKREM CACAO 85g - ULKER,24.0
00084,BL040136,Blister Mentos Gum White Tutti Frutti 17g P12x12,1.0
00084,CC060106,Sachet Chupa-Chups The Best Of P120x6,1.0
00084,CC060112,CH CH XXL Strawberry 25Px29g,1.0
00084,CH020424,Bonbon Chamallows Party 70g HARIBO,6.0
00084,GB020130,Bonbon Gold-Bears 80gx30 - HARIBO,6.0
00084,HC020130,Bonbon Happy Cola 80gx30 HARIBO,6.0
00084,HC030124,Bonbon Happy Cherries 80g HARIBO,6.0
00084,KS020116,Kinder Joy T1x16 Boy,1.0
00084,KS030216,Kinder Joy T1x16 Girl Collection 2,1.0
00084,NP010501,Nutella & Go 52g,3.0
00084,NP010604,Nutella B-Ready T1x36x4,1.0
00084,RA020124,Canette Float Peche 240 ML - RANI,3.0
00084,TB070148,Tic Tac Mix T48x8 ARBRE,1.0
00085,AL010124,VIT'UP 170GR COLA CITRON,1.0
00085,AL020112,BEURRE COND 100 gr,1.0
00085,BB012020,CH CH Bigbabol Stick Tutti Frutti 5p x 20 x 20,1.0
00085,BI020124,Biskrem DUO 60g - ULKER,24.0
00085,BI030124,Biskrem DUO 110g - ULKER,24.0
00085,BI040124,Biskrem Cacao 40g - ULKER,24.0
00085,BI050124,Biskrem Cacao 60g - ULKER,24.0
00085,BI060124,Biskrem Cacao 110g - ULKER,24.0
00085,BL030136,Blister Mentos Gum White Sweet Mint 17g P12x12,1.0
00085,BL040136,Blister Mentos Gum White Tutti Frutti 17g P12x12,1.0
00085,CC060106,Sachet Chupa-Chups The Best Of P120x6,1.0
00085,CC060112,CH CH XXL Strawberry 25Px29g,1.0
00085,CC070124,Sachet Chupa Chups Mini 35Px24,1.0
00085,CH010124,Bonbon Chamallows Pink & White 70g HARIBO,6.0
00085,CH020424,Bonbon Chamallows Party 70g HARIBO,6.0
00085,FA020118,Mentos Fresh Action Cup Cherry Mint 280g P100x18,1.0
00085,FF020112,Big Babol Filifolly Fruit 11g x 12 Sachets,1.0
00085,FF030112,Big Babol Filifolly Watermelon 11g x 12 Sachets,1.0
00085,KC010130,YAOURT AROME FRUITS DES BOIS,1.0
00085,KD010114,Kinder Délice T10X14,1.0
00085,KH010128,Kinder Happy Hippo Cocoa T1x28x6,1.0
00085,KS020116,Kinder Joy T1x16 Boy,1.0
00085,KS020216,Kinder Joy T1x16 Girl,1.0
00085,KS030116,Kinder Joy T1x16 Boy Collection 2,1.0
00085,LG020124,Gaufrette Golden  Chocolat Blanc & Citron 70g,24.0
00085,LI010124,Gaufrette gout Chocolat 70g - LINGOT(colisage 24),24.0
00085,LT010124,Gaufrette enrobée choco 30G Riz Soufflé (24x4),1.0
00085,MD010112,"Mentos Gum 3D Fresh Mint 8,5g P5x15",1.0
00085,MD020112,"Mentos Gum 3D S-A-R 8,5g P5x15",1.0
00085,MD030112,"Mentos Gum 3D Watermelon 8,5g P5x15",1.0
00085,MF011212,MILLE-FEUILLE Fraise 24g ( 12X12 ),2.0
00085,MR040108,"Mentos Rolls Tutti Frutti 39,2 g P14x20",1.0
00085,MW010112,"Boite Mentos Gum White Sweet Mint 53,2g P38x6",1.0
00085,MW020112,"Boite Mentos Gum White Tutti Frutti 53,2g P38x6",1.0
00085,NP010604,Nutella B-Ready T1x36x4,1.0
00085,PH020224,Bonbon Phantasia 80g HARIBO,6.0
00085,RO010112,Bonbon Roulette 25g - HARIBO,1.0
00085,TB070148,Tic Tac Mix T48x8 ARBRE,1.0
00086,BB012020,CH CH Bigbabol Stick Tutti Frutti 5p x 20 x 20,1.0
00086,BE010112,Biskrem Extra 92g - ULKER,12.0
00086,BE010124,Bonbon Berries 80g HARIBO,6.0
00086,BI030124,Biskrem DUO 110g - ULKER,24.0
00086,BI060124,Biskrem Cacao 110g - ULKER,24.0
00086,BL030136,Blister Mentos Gum White Sweet Mint 17g P12x12,1.0
00086,CC060106,Sachet Chupa-Chups The Best Of P120x6,1.0
00086,CC060112,CH CH XXL Strawberry 25Px29g,1.0
00086,CH010124,Bonbon Chamallows Pink & White 70g HARIBO,24.0
00086,CH020424,Bonbon Chamallows Party 70g HARIBO,4.5
00086,FR010116,Trio de Rochers Chocolat FERRERO,1.0
00086,HC020130,Bonbon Happy Cola 80gx30 HARIBO,5.0
00086,HZ010612,HEINZ THOUSAND ISLAND DRESSING 400 ML,1.0
00086,KC010130,YAOURT AROME FRUITS DES BOIS,1.0
00086,KC010336,YAOURT AROME NATURE,1.0
00086,LI010124,Gaufrette gout Chocolat 70g - LINGOT(colisage 24),24.0
00086,MD020112,"Mentos Gum 3D S-A-R 8,5g P5x15",1.0
00086,MF011212,MILLE-FEUILLE Fraise 24g ( 12X12 ),1.0
00086,MI010124,Bonbon Mix Fizz 70g HARIBO,5.0
00086,MV020124,Mc Vities Digestive Dark Chocolate 200g x 24,2.0
00086,MV020224,Mc Vities Digestive Milk Chocolate 200g x 24,2.0
00086,MW020112,"Boite Mentos Gum White Tutti Frutti 53,2g P38x6",1.0
00086,NP010604,Nutella B-Ready T1x36x4,1.0
00086,RR010116,Trio de Rochers Noix Coco RAFAELLO,1.0
00087,BE010112,Biskrem Extra 92g - ULKER,12.0
00087,BI020124,Biskrem DUO 60g - ULKER,24.0
00087,BI050124,Biskrem Cacao 60g - ULKER,24.0
00087,BL030136,Blister Mentos Gum White Sweet Mint 17g P12x12,1.0
00087,CC060112,CH CH XXL Strawberry 25Px29g,1.0
00087,FF020112,Big Babol Filifolly Fruit 11g x 12 Sachets,1.0
00087,HC020130,Bonbon Happy Cola 80gx30 HARIBO,6.0
00087,KC010120,YAOURT AROME CITRON,1.0
00087,KC010210,YAOURT AROME NOIX DE COCO,1.0
00087,KC010240,BIFI NATURE 0%,1.0
00087,KC020130,Barre de Chocolat Biscuit noisette BUENO WHITE,1.0
00087,KH010128,Kinder Happy Hippo Cocoa T1x28x6,1.0
00087,KS010116,Kinder Joy T1x16 Limited Edition,1.0
00087,KS020116,Kinder Joy T1x16 Boy,1.0
00087,KS020216,Kinder Joy T1x16 Girl,1.0
00087,MD020112,"Mentos Gum 3D S-A-R 8,5g P5x15",1.0
00087,MR070108,Mentos Rolls Sour Mix 39.2g P14x20,1.0
00087,NP010501,Nutella & Go 52g,48.0
00087,NP010604,Nutella B-Ready T1x36x4,1.0
00087,RO010112,Bonbon Roulette 25g - HARIBO,1.25
00087,SQ010124,Bonbon Squishy 80g HARIBO,6.0
00087,ST010208,Mix Sripe Assortiment 24x8x25g HARIBO,1.0
00087,TB070148,Tic Tac Mix T48x8 ARBRE,1.0
00087,WO020124,Bonbon Worms 80g HARIBO,24.0
00088,BE010112,Biskrem Extra 92g - ULKER,12.0
00088,BL030136,Blister Mentos Gum White Sweet Mint 17g P12x12,1.0
00088,BL040136,Blister Mentos Gum White Tutti Frutti 17g P12x12,1.0
00088,CC060106,Sachet Chupa-Chups The Best Of P120x6,1.0
00088,CH010124,Bonbon Chamallows Pink & White 70g HARIBO,4.5
00088,CH020424,Bonbon Chamallows Party 70g HARIBO,5.333333333333333
00088,GB030130,Bonbon Gold-Bears 80g+25%Gratuit x30 - HARIBO,13.0
00088,HC030324,Bonbon Happy Cola Fizz 70g HARIBO,6.0
00088,KC010120,YAOURT AROME CITRON,1.0
00088,KD010114,Kinder Délice T10X14,1.0
00088,KH010128,Kinder Happy Hippo Cocoa T1x28x6,1.0
00088,KH020110,Kinder Happy Hippo Cocoa T5x10,1.0
00088,KK010112,KAT KAT TAT Chocolat 26g (24x12),2.0
00088,KS010116,Kinder Joy T1x16 Limited Edition,2.0
00088,KS020116,Kinder Joy T1x16 Boy,1.0
00088,KS020216,Kinder Joy T1x16 Girl,1.0
00088,KS030116,Kinder Joy T1x16 Boy Collection 2,1.0
00088,KS030216,Kinder Joy T1x16 Girl Collection 2,1.0
00088,MD010112,"Mentos Gum 3D Fresh Mint 8,5g P5x15",1.0
00088,MD030112,"Mentos Gum 3D Watermelon 8,5g P5x15",1.0
00088,MW020112,"Boite Mentos Gum White Tutti Frutti 53,2g P38x6",1.0
00088,NP060716,Nutella B-Ready T6x16,2.0
00088,RA060124,Canette Float Fraise-Banane 240 ML - RANI,12.0
00088,RO010112,Bonbon Roulette 25g - HARIBO,1.0
00088,RR010116,Trio de Rochers Noix Coco RAFAELLO,1.0
00088,SQ010124,Bonbon Squishy 80g HARIBO,6.0
00089,KH020110,Kinder Happy Hippo Cocoa T5x10,1.0
00090,AL010124,VIT'UP 170GR COLA CITRON,1.0
00090,AL020112,BEURRE COND 100 gr,1.0
00090,BB012020,CH CH Bigbabol Stick Tutti Frutti 5p x 20 x 20,1.0
00090,BB022020,CH CH Bigbabol Stick Strawberry 5p x 20 x 20,1.0
00090,BE010112,Biskrem Extra 92g - ULKER,12.0
00090,BI020124,Biskrem DUO 60g - ULKER,24.0
00090,BI030124,Biskrem DUO 110g - ULKER,24.0
00090,BI050124,Biskrem Cacao 60g - ULKER,24.0
00090,BI060124,Biskrem Cacao 110g - ULKER,24.0
00090,BI080124,BISKREM DUO 85g - ULKER,24.0
00090,CC060106,Sachet Chupa-Chups The Best Of P120x6,1.0
00090,CC060112,CH CH XXL Strawberry 25Px29g,1.0
00090,CH010124,Bonbon Chamallows Pink & White 70g HARIBO,6.0
00090,CH060124,Bonbon Chamallows Pink & White 25g x 24 HARIBO,1.0
00090,DC010224,YAOURT BRASSE VANILLE,1.0
00090,FA020118,Mentos Fresh Action Cup Cherry Mint 280g P100x18,1.0
00090,FF010112,Big Babol Filifolly Strawberry 11g x 12 Sachets,1.0
00090,FF020112,Big Babol Filifolly Fruit 11g x 12 Sachets,1.0
00090,FR010120,Bonbon Fruit-tella Stick  Strawberry 10px20x12,1.0
00090,FR010220,Bonbon Fruit-tella Stick Orange 10px20x12,1.0
00090,HC030324,Bonbon Happy Cola Fizz 70g HARIBO,12.0
00090,KC010120,YAOURT AROME CITRON,2.0
00090,KC010240,BIFI NATURE 0%,1.0
00090,KD010114,Kinder Délice T10X14,1.0
00090,KH010128,Kinder Happy Hippo Cocoa T1x28x6,1.0
00090,KK010106,KAT KAT TAT Noisette 24g (24x6),1.0
00090,KK010112,KAT KAT TAT Chocolat 26g (24x12),1.0
00090,KS020116,Kinder Joy T1x16 Boy,1.0
00090,KS020216,Kinder Joy T1x16 Girl,1.0
00090,LI030124,Gaufrette gout Caramel 70g - LINGOT (colisage 24),24.0
00090,MD010112,"Mentos Gum 3D Fresh Mint 8,5g P5x15",1.0
00090,MD020112,"Mentos Gum 3D S-A-R 8,5g P5x15",1.0
00090,MD030112,"Mentos Gum 3D Watermelon 8,5g P5x15",1.0
00090,MF011212,MILLE-FEUILLE Fraise 24g ( 12X12 ),1.5
00090,MR070108,Mentos Rolls Sour Mix 39.2g P14x20,1.0
00090,RA020124,Canette Float Peche 240 ML - RANI,6.0
00090,RO010112,Bonbon Roulette 25g - HARIBO,1.0
00090,ST010208,Mix Sripe Assortiment 24x8x25g HARIBO,1.0
00090,TB010112,Boite Bonbon Menthe T12x24 TIC TAC,1.0
00091,AL010124,VIT'UP 170GR COLA CITRON,1.0
00091,AL020112,BEURRE COND 100 gr,1.0
00091,BB012020,CH CH Bigbabol Stick Tutti Frutti 5p x 20 x 20,1.0
00091,BB022020,CH CH Bigbabol Stick Strawberry 5p x 20 x 20,1.0
00091,BE010112,Biskrem Extra 92g - ULKER,12.0
00091,BI010124,Biskrem DUO 40g - ULKER,24.0
00091,BI020124,Biskrem DUO 60g - ULKER,48.0
00091,BI030112,BISKREM DUO 85g - ULKER,12.0
00091,BI030124,Biskrem DUO 110g - ULKER,24.0
00091,BI050124,Biskrem Cacao 60g - ULKER,28.8
00091,BI060124,Biskrem Cacao 110g - ULKER,48.0
00091,BI070124,BISKREM CACAO 85g - ULKER,32.0
00091,BI080124,BISKREM DUO 85g - ULKER,24.0
00091,BL030136,Blister Mentos Gum White Sweet Mint 17g P12x12,1.0
00091,BL040136,Blister Mentos Gum White Tutti Frutti 17g P12x12,1.0
00091,CC060106,Sachet Chupa-Chups The Best Of P120x6,1.0
00091,CC060112,CH CH XXL Strawberry 25Px29g,1.0
00091,CH010124,Bonbon Chamallows Pink & White 70g HARIBO,6.0
00091,CH020424,Bonbon Chamallows Party 70g HARIBO,6.0
00091,DC010224,YAOURT BRASSE VANILLE,1.0
00091,FA020118,Mentos Fresh Action Cup Cherry Mint 280g P100x18,1.0
00091,FA030112,Mentos Fresh Action Stick Cherry Mint 10px24x12,1.0
00091,FF010112,Big Babol Filifolly Strawberry 11g x 12 Sachets,1.0
00091,FF020112,Big Babol Filifolly Fruit 11g x 12 Sachets,1.0
00091,FF030112,Big Babol Filifolly Watermelon 11g x 12 Sachets,1.0
00091,FR010201,Coff. 16 Rochers Chocolat FERRERO,1.0
00091,FR010603,Coffret de 28 Rochers Cône Chocolat FERRERO,1.0
00091,GB010324,Bonbon Gold-Bears 30g HARIBO,24.0
00091,GB020130,Bonbon Gold-Bears 80gx30 - HARIBO,3.0
00091,HC020130,Bonbon Happy Cola 80gx30 HARIBO,6.0
00091,HC020224,Bonbon Happy Cola 30g HARIBO,24.0
00091,HC030324,Bonbon Happy Cola Fizz 70g HARIBO,18.0
00091,HZ010412,HEINZ RANCH DRESSING 400 ML,2.0
00091,JA010106,Mini Mentos Jar Fruit Mix 1Kg P100x6,1.0
00091,KC010120,YAOURT AROME CITRON,1.0
00091,KC010130,YAOURT AROME FRUITS DES BOIS,1.0
00091,KC010210,YAOURT AROME NOIX DE COCO,1.0
00091,KC020130,Barre de Chocolat Biscuit noisette BUENO WHITE,1.0
00091,KD010114,Kinder Délice T10X14,1.0
00091,KH010128,Kinder Happy Hippo Cocoa T1x28x6,1.0
00091,KK010112,KAT KAT TAT Chocolat 26g (24x12),1.0
00091,KS020116,Kinder Joy T1x16 Boy,1.0
00091,KS020216,Kinder Joy T1x16 Girl,1.0
00091,KS030116,Kinder Joy T1x16 Boy Collection 2,1.0
00091,KS030216,Kinder Joy T1x16 Girl Collection 2,1.0
00091,LI010140,Gaufrette Goût Chocolat 30g - LINGOT (Colisage 40),40.0
00091,MG010116,Mentos Gum Rolls Pure Fresh 1.75g P9x16,1.0
00091,MI010124,Bonbon Mix Fizz 70g HARIBO,6.5
00091,MR010108,"Mentos Rolls Menthe 39,2g P14x20",1.0
00091,MR020108,"Mentos Rolls Strawberry 39,2g P14x20",1.0
00091,MR040108,"Mentos Rolls Tutti Frutti 39,2 g P14x20",1.0
00091,MW010112,"Boite Mentos Gum White Sweet Mint 53,2g P38x6",1.0
00091,MW020112,"Boite Mentos Gum White Tutti Frutti 53,2g P38x6",1.0
00091,NP010501,Nutella & Go 52g,16.2
00091,NP010604,Nutella B-Ready T1x36x4,1.0
00091,NP060716,Nutella B-Ready T6x16,2.0
00091,RA010124,Canette Float Orange 240 ML - RANI,6.0
00091,RA060124,Canette Float Fraise-Banane 240 ML - RANI,6.0
00091,RO010112,Bonbon Roulette 25g - HARIBO,1.0
00091,SM010224,Bonbon Starmix 80g HARIBO,5.0
00091,ST010208,Mix Sripe Assortiment 24x8x25g HARIBO,1.0
00091,TB050112,Boite Bonbon Strawberry mix T12x24 TIC TAC,1.0
00091,TE020124,Bonbon Teeth 80g HARIBO,3.0
00091,WO020124,Bonbon Worms 80g HARIBO,3.0
00091,WO030124,Bonbon Fizz Worms 70g HARIBO,7.0
00092,WO030124,Bonbon Fizz Worms 70g HARIBO,18.0
00094,BI020124,Biskrem DUO 60g - ULKER,24.0
00094,CC060106,Sachet Chupa-Chups The Best Of P120x6,1.0
00094,CH020424,Bonbon Chamallows Party 70g HARIBO,10.0
00094,MR010108,"Mentos Rolls Menthe 39,2g P14x20",1.0
00094,MR030108,"Mentos Rolls Rainbow 39,2g P14x20",1.0
00094,MR040108,"Mentos Rolls Tutti Frutti 39,2 g P14x20",1.0
00094,PH020224,Bonbon Phantasia 80g HARIBO,36.0
00095,CC060112,CH CH XXL Strawberry 25Px29g,2.0
00095,CC070106,CH CH Melody Strawberry 48x6,1.0
00095,CC080116,Chupa-Chups Surprise 16x6,2.0
00095,CH010124,Bonbon Chamallows Pink & White 70g HARIBO,1.0
00095,KC010120,YAOURT AROME CITRON,3.5
00095,KC010130,YAOURT AROME FRUITS DES BOIS,4.5
00095,KC010210,YAOURT AROME NOIX DE COCO,1.5
00095,KC010240,BIFI NATURE 0%,6.0
00095,KK010112,KAT KAT TAT Chocolat 26g (24x12),1.5
00095,KS020116,Kinder Joy T1x16 Boy,2.0
00095,KS020216,Kinder Joy T1x16 Girl,2.0
00095,MW010112,"Boite Mentos Gum White Sweet Mint 53,2g P38x6",1.0
00095,NP010301,Pate a Tartiner de 350 grs NUTELLA,15.0
00095,NP010501,Nutella & Go 52g,48.0
00095,NP060716,Nutella B-Ready T6x16,11.0
00095,RO010112,Bonbon Roulette 25g - HARIBO,1.0
00096,KH020110,Kinder Happy Hippo Cocoa T5x10,1.0
00099,12201968,"KIT KAT 4 Fingers 12x(24x41,5g)",1.0
00099,AL010124,VIT'UP 170GR COLA CITRON,1.0
00099,AL020112,BEURRE COND 100 gr,1.0
00099,BB022020,CH CH Bigbabol Stick Strawberry 5p x 20 x 20,1.0
00099,BE010124,Bonbon Berries 80g HARIBO,20.2
00099,BI030124,Biskrem DUO 110g - ULKER,24.0
00099,BI080124,BISKREM DUO 85g - ULKER,24.0
00099,BL030136,Blister Mentos Gum White Sweet Mint 17g P12x12,1.0
00099,BL040136,Blister Mentos Gum White Tutti Frutti 17g P12x12,1.0
00099,CC060106,Sachet Chupa-Chups The Best Of P120x6,1.0
00099,CC070106,CH CH Melody Strawberry 48x6,1.0
00099,CH010124,Bonbon Chamallows Pink & White 70g HARIBO,29.25
00099,CH020424,Bonbon Chamallows Party 70g HARIBO,11.666666666666666
00099,DC010224,YAOURT BRASSE VANILLE,1.0
00099,FA010118,Mentos Fresh Action Cup Menthol 280g P100x18,1.0
00099,FA020118,Mentos Fresh Action Cup Cherry Mint 280g P100x18,1.0
00099,FR010116,Trio de Rochers Chocolat FERRERO,1.0
00099,FR010201,Coff. 16 Rochers Chocolat FERRERO,5.0
00099,GB020130,Bonbon Gold-Bears 80gx30 - HARIBO,23.666666666666668
00099,HC020130,Bonbon Happy Cola 80gx30 HARIBO,13.0
00099,HC030124,Bonbon Happy Cherries 80g HARIBO,22.5
00099,HC030324,Bonbon Happy Cola Fizz 70g HARIBO,20.363636363636363
00099,KC010120,YAOURT AROME CITRON,1.125
00099,KC010130,YAOURT AROME FRUITS DES BOIS,1.0
00099,KC010210,YAOURT AROME NOIX DE COCO,1.1
00099,KC010240,BIFI NATURE 0%,1.0
00099,KC020130,Barre de Chocolat Biscuit noisette BUENO WHITE,1.4
00099,KD010114,Kinder Délice T10X14,2.0
00099,KD020114,Kinder Délice T1X10X14 (Pièce),3.0
00099,KH010128,Kinder Happy Hippo Cocoa T1x28x6,1.0
00099,KH020110,Kinder Happy Hippo Cocoa T5x10,1.0
00099,KS020116,Kinder Joy T1x16 Boy,1.0
00099,KS020216,Kinder Joy T1x16 Girl,1.0
00099,KS030116,Kinder Joy T1x16 Boy Collection 2,1.0
00099,KS030216,Kinder Joy T1x16 Girl Collection 2,1.0
00099,MG010116,Mentos Gum Rolls Pure Fresh 1.75g P9x16,1.0
00099,MI010124,Bonbon Mix Fizz 70g HARIBO,21.142857142857142
00099,MR020108,"Mentos Rolls Strawberry 39,2g P14x20",1.5
00099,MR040108,"Mentos Rolls Tutti Frutti 39,2 g P14x20",1.0
00099,NP010501,Nutella & Go 52g,25.0
00099,NP010604,Nutella B-Ready T1x36x4,1.5
00099,NP060716,Nutella B-Ready T6x16,5.8
00099,PH020224,Bonbon Phantasia 80g HARIBO,16.0
00099,RO010112,Bonbon Roulette 25g - HARIBO,1.6
00099,SM010224,Bonbon Starmix 80g HARIBO,12.666666666666666
00099,SQ010124,Bonbon Squishy 80g HARIBO,4.0
00099,ST010208,Mix Sripe Assortiment 24x8x25g HARIBO,1.0
00099,TB020112,Boite Bonbon Orange T12x24 TIC TAC,1.0
00099,TB050112,Boite Bonbon Strawberry mix T12x24 TIC TAC,1.0
00099,TB070148,Tic Tac Mix T48x8 ARBRE,1.2
00099,TE020124,Bonbon Teeth 80g HARIBO,20.75
00099,WO020124,Bonbon Worms 80g HARIBO,14.5
00099,WO030124,Bonbon Fizz Worms 70g HARIBO,25.1
00101,FA030112,Mentos Fresh Action Stick Cherry Mint 10px24x12,1.0
00101,MD020112,"Mentos Gum 3D S-A-R 8,5g P5x15",1.0
00102,CC060106,Sachet Chupa-Chups The Best Of P120x6,1.0
00102,FA010118,Mentos Fresh Action Cup Menthol 280g P100x18,2.0
00102,FA020118,Mentos Fresh Action Cup Cherry Mint 280g P100x18,2.0
00102,NP010501,Nutella & Go 52g,24.0
00104,0005,Compote pomme fraise,1.0
00104,AL010124,VIT'UP 170GR COLA CITRON,1.0
00104,BE010112,Biskrem Extra 92g - ULKER,12.0
00104,BI060124,Biskrem Cacao 110g - ULKER,72.0
00104,BI080124,BISKREM DUO 85g - ULKER,24.0
00104,BL030136,Blister Mentos Gum White Sweet Mint 17g P12x12,1.0
00104,CC060106,Sachet Chupa-Chups The Best Of P120x6,1.0
00104,DC010224,YAOURT BRASSE VANILLE,1.0
00104,FA030112,Mentos Fresh Action Stick Cherry Mint 10px24x12,1.0
00104,FF010112,Big Babol Filifolly Strawberry 11g x 12 Sachets,1.0
00104,FF020112,Big Babol Filifolly Fruit 11g x 12 Sachets,1.0
00104,FF030112,Big Babol Filifolly Watermelon 11g x 12 Sachets,1.0
00104,HC030324,Bonbon Happy Cola Fizz 70g HARIBO,4.0
00104,KC010120,YAOURT AROME CITRON,1.0
00104,KC010130,YAOURT AROME FRUITS DES BOIS,1.0
00104,KC010240,BIFI NATURE 0%,1.0
00104,KC020130,Barre de Chocolat Biscuit noisette BUENO WHITE,1.0
00104,KK010106,KAT KAT TAT Noisette 24g (24x6),1.0
00104,KK010112,KAT KAT TAT Chocolat 26g (24x12),1.0
00104,KS020216,Kinder Joy T1x16 Girl,1.0
00104,KS030216,Kinder Joy T1x16 Girl Collection 2,1.0
00104,LG010120,Gaufrette Golden Chocolat 140 gr- Lingot (20 pcs),20.0
00104,LG010320,Gaufrette Golden Chocolat Blanc & Framboise 140g-L,20.0
00104,LG020124,Gaufrette Golden  Chocolat Blanc & Citron 70g,6.0
00104,LG020224,Gaufrette Golden Chocolat Blanc & Framboise 70g -L,6.0
00104,MD010112,"Mentos Gum 3D Fresh Mint 8,5g P5x15",2.0
00104,MD020112,"Mentos Gum 3D S-A-R 8,5g P5x15",1.0
00104,MD030112,"Mentos Gum 3D Watermelon 8,5g P5x15",3.0
00104,MR020108,"Mentos Rolls Strawberry 39,2g P14x20",1.0
00104,MR070108,Mentos Rolls Sour Mix 39.2g P14x20,1.0
00104,MW020112,"Boite Mentos Gum White Tutti Frutti 53,2g P38x6",1.0
00104,RO010112,Bonbon Roulette 25g - HARIBO,1.0
00104,ST010208,Mix Sripe Assortiment 24x8x25g HARIBO,1.0
00104,TB050112,Boite Bonbon Strawberry mix T12x24 TIC TAC,1.0
00104,TB070148,Tic Tac Mix T48x8 ARBRE,1.0
00105,CC060106,Sachet Chupa-Chups The Best Of P120x6,1.0
00106,BB012020,CH CH Bigbabol Stick Tutti Frutti 5p x 20 x 20,2.0
00106,CC060106,Sachet Chupa-Chups The Best Of P120x6,1.0
00106,FR010301,Coff. de 24 Rochers Chocolat FERRERO,1.0
00106,JA010106,Mini Mentos Jar Fruit Mix 1Kg P100x6,1.0
00106,KC020130,Barre de Chocolat Biscuit noisette BUENO WHITE,1.0
00106,KD010114,Kinder Délice T10X14,2.0
00106,KH020110,Kinder Happy Hippo Cocoa T5x10,1.0
00106,MR010108,"Mentos Rolls Menthe 39,2g P14x20",1.0
00106,MR020108,"Mentos Rolls Strawberry 39,2g P14x20",1.0
00106,SQ010124,Bonbon Squishy 80g HARIBO,8.0
00108,AL020112,BEURRE COND 100 gr,1.0
00108,BI050124,Biskrem Cacao 60g - ULKER,24.0
00108,BI080124,BISKREM DUO 85g - ULKER,24.0
00108,BL030136,Blister Mentos Gum White Sweet Mint 17g P12x12,1.0
00108,CH010124,Bonbon Chamallows Pink & White 70g HARIBO,3.0
00108,KC010120,YAOURT AROME CITRON,1.0
00108,KC010130,YAOURT AROME FRUITS DES BOIS,1.0
00108,KC010240,BIFI NATURE 0%,1.0
00108,KS020116,Kinder Joy T1x16 Boy,1.0
00108,KS020216,Kinder Joy T1x16 Girl,1.0
00108,KS030216,Kinder Joy T1x16 Girl Collection 2,1.0
00108,TE020124,Bonbon Teeth 80g HARIBO,3.0
00108,WO030124,Bonbon Fizz Worms 70g HARIBO,6.0
00112,AL010124,VIT'UP 170GR COLA CITRON,1.0
00112,CC060112,CH CH XXL Strawberry 25Px29g,1.0
00112,HC020130,Bonbon Happy Cola 80gx30 HARIBO,18.0
00112,JB020116,STRIPE JELLY BEANS 35gx12x16,1.0
00112,KC010120,YAOURT AROME CITRON,1.0
00112,KC010130,YAOURT AROME FRUITS DES BOIS,1.0
00112,KC010240,BIFI NATURE 0%,1.0
00112,MI010124,Bonbon Mix Fizz 70g HARIBO,48.0
00112,MW010112,"Boite Mentos Gum White Sweet Mint 53,2g P38x6",1.0
00112,MW020112,"Boite Mentos Gum White Tutti Frutti 53,2g P38x6",2.0
00112,SM010224,Bonbon Starmix 80g HARIBO,12.0
00112,TB050112,Boite Bonbon Strawberry mix T12x24 TIC TAC,2.0
00114,0005,Compote pomme fraise,1.0
00114,BI060124,Biskrem Cacao 110g - ULKER,72.0
00114,BI070124,BISKREM CACAO 85g - ULKER,24.0
00114,KC010130,YAOURT AROME FRUITS DES BOIS,1.0
00114,KK010106,KAT KAT TAT Noisette 24g (24x6),1.0
00114,KK010112,KAT KAT TAT Chocolat 26g (24x12),1.0
00114,LT030124,Gaufrette enrobée choco 30G Triple saveur (24x4),1.0
00114,RO010112,Bonbon Roulette 25g - HARIBO,1.0
00115,FR010220,Bonbon Fruit-tella Stick Orange 10px20x12,1.0
00115,KS020116,Kinder Joy T1x16 Boy,1.0
00116,MR010108,"Mentos Rolls Menthe 39,2g P14x20",1.0
00117,KH020110,Kinder Happy Hippo Cocoa T5x10,1.0
00120,BI060124,Biskrem Cacao 110g - ULKER,24.0
00121,NP010306,Pôt Pâte à tartiner de 600g NUTELLA,3.0
00123,0005,Compote pomme fraise,1.0
00123,AL020112,BEURRE COND 100 gr,1.0
00123,BE010124,Bonbon Berries 80g HARIBO,3.0
00123,BI020124,Biskrem DUO 60g - ULKER,24.0
00123,BI030124,Biskrem DUO 110g - ULKER,43.2
00123,BI060124,Biskrem Cacao 110g - ULKER,52.8
00123,BI080124,BISKREM DUO 85g - ULKER,32.0
00123,CC060106,Sachet Chupa-Chups The Best Of P120x6,1.0
00123,CC070106,CH CH Melody Strawberry 48x6,1.0
00123,CC080116,Chupa-Chups Surprise 16x6,1.0
00123,CH010124,Bonbon Chamallows Pink & White 70g HARIBO,36.0
00123,CH020424,Bonbon Chamallows Party 70g HARIBO,8.5
00123,DC010224,YAOURT BRASSE VANILLE,2.0
00123,FA010118,Mentos Fresh Action Cup Menthol 280g P100x18,1.0
00123,FF010112,Big Babol Filifolly Strawberry 11g x 12 Sachets,1.0
00123,FF020112,Big Babol Filifolly Fruit 11g x 12 Sachets,1.0
00123,FF030112,Big Babol Filifolly Watermelon 11g x 12 Sachets,1.0
00123,FR010116,Trio de Rochers Chocolat FERRERO,2.0
00123,JA010106,Mini Mentos Jar Fruit Mix 1Kg P100x6,1.0
00123,KC010130,YAOURT AROME FRUITS DES BOIS,1.0
00123,KC010240,BIFI NATURE 0%,2.0
00123,KC010336,YAOURT AROME NATURE,1.0
00123,KC020130,Barre de Chocolat Biscuit noisette BUENO WHITE,1.0
00123,KH010128,Kinder Happy Hippo Cocoa T1x28x6,1.0
00123,KK010106,KAT KAT TAT Noisette 24g (24x6),2.0
00123,KK010112,KAT KAT TAT Chocolat 26g (24x12),2.0
00123,KS020116,Kinder Joy T1x16 Boy,1.5
00123,KS020216,Kinder Joy T1x16 Girl,1.3333333333333333
00123,KS030216,Kinder Joy T1x16 Girl Collection 2,1.0
00123,LG010120,Gaufrette Golden Chocolat 140 gr- Lingot (20 pcs),33.333333333333336
00123,LI010124,Gaufrette gout Chocolat 70g - LINGOT(colisage 24),48.0
00123,LI020124,Gaufrette gout Lait 70g - LINGOT (colisage 24),24.0
00123,LI030124,Gaufrette gout Caramel 70g - LINGOT (colisage 24),24.0
00123,LI040124,Gaufrette gout Noisette 70g - LINGOT (colisage 24),24.0
00123,LI050124,Gaufrette gout Fraise 70g - LINGOT (colisage 24),24.0
00123,MD010112,"Mentos Gum 3D Fresh Mint 8,5g P5x15",1.0
00123,MD020112,"Mentos Gum 3D S-A-R 8,5g P5x15",1.0
00123,MD030112,"Mentos Gum 3D Watermelon 8,5g P5x15",1.0
00123,MF011212,MILLE-FEUILLE Fraise 24g ( 12X12 ),2.0
00123,MR010108,"Mentos Rolls Menthe 39,2g P14x20",1.0
00123,MR020108,"Mentos Rolls Strawberry 39,2g P14x20",1.0
00123,MW010112,"Boite Mentos Gum White Sweet Mint 53,2g P38x6",1.0
00123,MW020112,"Boite Mentos Gum White Tutti Frutti 53,2g P38x6",1.0
00123,NP010301,Pate a Tartiner de 350 grs NUTELLA,10.5
00123,RO010112,Bonbon Roulette 25g - HARIBO,1.0
00123,RR010116,Trio de Rochers Noix Coco RAFAELLO,1.0
00123,SM010224,Bonbon Starmix 80g HARIBO,6.0
00123,ST010208,Mix Sripe Assortiment 24x8x25g HARIBO,1.0
00123,TB070148,Tic Tac Mix T48x8 ARBRE,1.0
00123,TE020124,Bonbon Teeth 80g HARIBO,8.0
00124,BB012020,CH CH Bigbabol Stick Tutti Frutti 5p x 20 x 20,1.0
00124,BB022020,CH CH Bigbabol Stick Strawberry 5p x 20 x 20,1.0
00124,BE010112,Biskrem Extra 92g - ULKER,12.0
00124,BI020124,Biskrem DUO 60g - ULKER,48.0
00124,BI030124,Biskrem DUO 110g - ULKER,72.0
00124,BI050124,Biskrem Cacao 60g - ULKER,48.0
00124,BI060124,Biskrem Cacao 110g - ULKER,50.5
00124,BI070124,BISKREM CACAO 85g - ULKER,32.0
00124,BI080124,BISKREM DUO 85g - ULKER,24.0
00124,BL030136,Blister Mentos Gum White Sweet Mint 17g P12x12,1.0
00124,CC060106,Sachet Chupa-Chups The Best Of P120x6,1.0
00124,CH010124,Bonbon Chamallows Pink & White 70g HARIBO,18.5
00124,CH020424,Bonbon Chamallows Party 70g HARIBO,24.0
00124,DC010224,YAOURT BRASSE VANILLE,2.0
00124,FR010220,Bonbon Fruit-tella Stick Orange 10px20x12,1.0
00124,GB020130,Bonbon Gold-Bears 80gx30 - HARIBO,15.0
00124,HC020130,Bonbon Happy Cola 80gx30 HARIBO,6.0
00124,HC030124,Bonbon Happy Cherries 80g HARIBO,2.5
00124,KC010120,YAOURT AROME CITRON,1.0
00124,KC010130,YAOURT AROME FRUITS DES BOIS,1.0
00124,KC010210,YAOURT AROME NOIX DE COCO,1.0
00124,KC010240,BIFI NATURE 0%,1.0
00124,KC010336,YAOURT AROME NATURE,1.0
00124,KC020130,Barre de Chocolat Biscuit noisette BUENO WHITE,1.0
00124,KH010128,Kinder Happy Hippo Cocoa T1x28x6,1.0
00124,KS020216,Kinder Joy T1x16 Girl,1.0
00124,KS030116,Kinder Joy T1x16 Boy Collection 2,1.0
00124,LG020224,Gaufrette Golden Chocolat Blanc & Framboise 70g -L,12.0
00124,LI030124,Gaufrette gout Caramel 70g - LINGOT (colisage 24),24.0
00124,LI040124,Gaufrette gout Noisette 70g - LINGOT (colisage 24),24.0
00124,LI050124,Gaufrette gout Fraise 70g - LINGOT (colisage 24),24.0
00124,MD010112,"Mentos Gum 3D Fresh Mint 8,5g P5x15",1.0
00124,MR020108,"Mentos Rolls Strawberry 39,2g P14x20",1.0
00124,MR030108,"Mentos Rolls Rainbow 39,2g P14x20",1.0
00124,MR040108,"Mentos Rolls Tutti Frutti 39,2 g P14x20",1.0
00124,MW010112,"Boite Mentos Gum White Sweet Mint 53,2g P38x6",1.0
00124,MW020112,"Boite Mentos Gum White Tutti Frutti 53,2g P38x6",1.0
00124,NP010301,Pate a Tartiner de 350 grs NUTELLA,3.0
00124,NP060716,Nutella B-Ready T6x16,6.5
00124,PH020224,Bonbon Phantasia 80g HARIBO,12.0
00124,RO010112,Bonbon Roulette 25g - HARIBO,1.0
00124,SM010224,Bonbon Starmix 80g HARIBO,6.0
00124,ST010208,Mix Sripe Assortiment 24x8x25g HARIBO,1.0
00124,TE020124,Bonbon Teeth 80g HARIBO,13.0
00124,WO030124,Bonbon Fizz Worms 70g HARIBO,19.0
00125,PF020106,Boite Mentos Gum PF Fresh Mint 56g P28x6,1.0
00127,CC060106,Sachet Chupa-Chups The Best Of P120x6,1.0
00127,FR010116,Trio de Rochers Chocolat FERRERO,1.0
00127,GB020130,Bonbon Gold-Bears 80gx30 - HARIBO,30.0
00127,HC030124,Bonbon Happy Cherries 80g HARIBO,6.0
00127,KC010130,YAOURT AROME FRUITS DES BOIS,1.0
00127,KS020216,Kinder Joy T1x16 Girl,2.0
00127,LG020324,Gaufrette Golden Wafers goût Chocolat 70g - LINGOT,6.0
00127,LI010124,Gaufrette gout Chocolat 70g - LINGOT(colisage 24),24.0
00127,MD010112,"Mentos Gum 3D Fresh Mint 8,5g P5x15",1.0
00127,MV020124,Mc Vities Digestive Dark Chocolate 200g x 24,4.0
00127,NP010306,Pôt Pâte à tartiner de 600g NUTELLA,6.0
00127,NP010604,Nutella B-Ready T1x36x4,1.0
00127,RO010112,Bonbon Roulette 25g - HARIBO,1.0
00127,SM010224,Bonbon Starmix 80g HARIBO,10.0
00128,0005,Compote pomme fraise,1.0
00128,12201937,"KIT KAT 2 Fingers 16x(36x20,5g)",1.0
00128,AL010124,VIT'UP 170GR COLA CITRON,1.0
00128,AL020112,BEURRE COND 100 gr,1.0
00128,BB012020,CH CH Bigbabol Stick Tutti Frutti 5p x 20 x 20,1.0
00128,BB022020,CH CH Bigbabol Stick Strawberry 5p x 20 x 20,1.0
00128,BI030124,Biskrem DUO 110g - ULKER,24.0
00128,BI050124,Biskrem Cacao 60g - ULKER,24.0
00128,BI060124,Biskrem Cacao 110g - ULKER,48.0
00128,BI070124,BISKREM CACAO 85g - ULKER,24.0
00128,BL030136,Blister Mentos Gum White Sweet Mint 17g P12x12,1.0
00128,CC030112,Sachet Chupa-Chups Milky P10x12,6.0
00128,CC060106,Sachet Chupa-Chups The Best Of P120x6,1.0
00128,CC060112,CH CH XXL Strawberry 25Px29g,1.0
00128,CC070106,CH CH Melody Strawberry 48x6,1.0
00128,CC080116,Chupa-Chups Surprise 16x6,4.0
00128,CH010124,Bonbon Chamallows Pink & White 70g HARIBO,12.0
00128,CH020424,Bonbon Chamallows Party 70g HARIBO,12.0
00128,FA020118,Mentos Fresh Action Cup Cherry Mint 280g P100x18,1.0
00128,FR010120,Bonbon Fruit-tella Stick  Strawberry 10px20x12,1.0
00128,FR010201,Coff. 16 Rochers Chocolat FERRERO,1.0
00128,GB020130,Bonbon Gold-Bears 80gx30 - HARIBO,7.5
00128,HC020130,Bonbon Happy Cola 80gx30 HARIBO,6.0
00128,HC020224,Bonbon Happy Cola 30g HARIBO,24.0
00128,HC030324,Bonbon Happy Cola Fizz 70g HARIBO,5.0
00128,HZ010124,TOMATO KETCHUP 200 G - HEINZ,2.0
00128,HZ010212,HEINZ CHILI MAYONNAISE 225 ML,1.0
00128,HZ010224,BARBECUE SAUCE 200 G - HEINZ,2.0
00128,HZ010312,HEINZ GARLIC MAYONNAISE 225 ML,1.0
00128,KC010120,YAOURT AROME CITRON,1.0
00128,KC010130,YAOURT AROME FRUITS DES BOIS,1.0
00128,KC010336,YAOURT AROME NATURE,1.0
00128,KC020130,Barre de Chocolat Biscuit noisette BUENO WHITE,1.0
00128,KD010114,Kinder Délice T10X14,1.0
00128,KH010128,Kinder Happy Hippo Cocoa T1x28x6,1.0
00128,KH020110,Kinder Happy Hippo Cocoa T5x10,1.0
00128,KK010106,KAT KAT TAT Noisette 24g (24x6),1.0
00128,MD020112,"Mentos Gum 3D S-A-R 8,5g P5x15",1.0
00128,MF011212,MILLE-FEUILLE Fraise 24g ( 12X12 ),1.0
00128,MI010124,Bonbon Mix Fizz 70g HARIBO,6.0
00128,MR020108,"Mentos Rolls Strawberry 39,2g P14x20",1.0
00128,MR040108,"Mentos Rolls Tutti Frutti 39,2 g P14x20",1.0
00128,MV010108,Mc vities Dark Chocolate 42g (8x10),2.0
00128,MW020112,"Boite Mentos Gum White Tutti Frutti 53,2g P38x6",1.0
00128,NP010501,Nutella & Go 52g,12.0
00128,NP010604,Nutella B-Ready T1x36x4,1.0
00128,NP060716,Nutella B-Ready T6x16,2.3333333333333335
00128,PF030106,Boite Mentos Gum PF Wintergreen 56g P28x6,1.0
00128,PH020224,Bonbon Phantasia 80g HARIBO,24.0
00128,RA060124,Canette Float Fraise-Banane 240 ML - RANI,6.0
00128,RO010112,Bonbon Roulette 25g - HARIBO,1.0
00128,SQ010124,Bonbon Squishy 80g HARIBO,6.0
00128,ST010208,Mix Sripe Assortiment 24x8x25g HARIBO,1.0
00128,TB070148,Tic Tac Mix T48x8 ARBRE,1.0
00128,TE020124,Bonbon Teeth 80g HARIBO,3.0
00129,12201968,"KIT KAT 4 Fingers 12x(24x41,5g)",1.0
00129,DC010224,YAOURT BRASSE VANILLE,1.0
00129,KC010130,YAOURT AROME FRUITS DES BOIS,1.0
00129,NP060716,Nutella B-Ready T6x16,3.0
00129,PH020224,Bonbon Phantasia 80g HARIBO,3.0
00129,RR010116,Trio de Rochers Noix Coco RAFAELLO,1.0
00130,BI030124,Biskrem DUO 110g - ULKER,72.0
00130,BI060124,Biskrem Cacao 110g - ULKER,72.0
00130,BL040136,Blister Mentos Gum White Tutti Frutti 17g P12x12,2.0
00130,FR010116,Trio de Rochers Chocolat FERRERO,8.666666666666666
00130,FR010201,Coff. 16 Rochers Chocolat FERRERO,40.0
00130,FR010301,Coff. de 24 Rochers Chocolat FERRERO,10.0
00130,FR010401,Coff. de 30 Rochers Chocolat FERRERO,12.0
00130,FR010501,Coffret de 24 Rochers Collection Chocolat FERRERO,10.0
00130,KC010120,YAOURT AROME CITRON,2.0
00130,KC010130,YAOURT AROME FRUITS DES BOIS,2.0
00130,KC010210,YAOURT AROME NOIX DE COCO,2.0
00130,KC020130,Barre de Chocolat Biscuit noisette BUENO WHITE,8.5
00130,KD010114,Kinder Délice T10X14,28.0
00130,MW010112,"Boite Mentos Gum White Sweet Mint 53,2g P38x6",3.0
00130,NP010301,Pate a Tartiner de 350 grs NUTELLA,30.0
00130,RR010116,Trio de Rochers Noix Coco RAFAELLO,2.0
00130,RR010201,Coff. 15 Rochers Noix Coco RAFAELLO,6.0
00131,CH010124,Bonbon Chamallows Pink & White 70g HARIBO,6.0
00132,KC010120,YAOURT AROME CITRON,1.0
00136,CC060106,Sachet Chupa-Chups The Best Of P120x6,1.5
00152,0000,DOLCE DUO 70 GR,11.166666666666666
00152,0005,Compote pomme fraise,2.25
00152,12189866,منتوج رقم واحد,20.0
00152,9878,qsdsq,10.0
00152,AL010124,VIT'UP 170GR COLA CITRON,3.2222222222222223
00152,AL020112,BEURRE COND 100 gr,1.6
00152,BAAR01,Bague Argent,1.0
00152,BE010124,Bonbon Berries 80g HARIBO,11.0
00152,BE030106,Bonbon Berries 1 kg HARIBO,2.0
00152,BI020124,Biskrem DUO 60g - ULKER,17.666666666666668
00152,BI030124,Biskrem DUO 110g - ULKER,24.0
00152,BI050124,Biskrem Cacao 60g - ULKER,48.0
00152,BI060124,Biskrem Cacao 110g - ULKER,37.333333333333336
00152,BI070124,BISKREM CACAO 85g - ULKER,32.2
00152,BL030136,Blister Mentos Gum White Sweet Mint 17g P12x12,1.0
00152,BR010124,LBEN 430 GR,12.764705882352942
00152,BR01012tte,LBEN 430 GR Modifie,6.151515151515151
00152,BR020124,RAIEB 450 GR,28.040816326530614
00152,BR030124,VIT'UP VANILLE 160GR,31.666666666666668
00152,BR040124,VIT'UP FRAISE 260GR,46.888888888888886
00152,BR050124,VIT'UP Framboise 260GR,95.45454545454545
00152,CC060106,Sachet Chupa-Chups The Best Of P120x6,1.0
00152,CC070106,CH CH Melody Strawberry 48x6,1.0
00152,CH010124,Bonbon Chamallows Pink & White 70g HARIBO,9.0
00152,CR020124,Bonbon Croco 80g HARIBO,4.0
00152,DC010224,YAOURT BRASSE VANILLE,22.4
00152,DR020124,Bonbon Droppys 80g HARIBO,12.0
00152,FA010118,Mentos Fresh Action Cup Menthol 280g P100x18,1.5
00152,FA020118,Mentos Fresh Action Cup Cherry Mint 280g P100x18,1.0
00152,JA010106,Mini Mentos Jar Fruit Mix 1Kg P100x6,1.0
00152,KC010110,YAOURT AROME BANANE,3.142857142857143
00152,KC010120,YAOURT AROME CITRON,7.142857142857143
00152,KC010121,YAOURT AROME FRAISE,3.5
00152,KS020116,Kinder Joy T1x16 Boy,1.0
00152,KS020216,Kinder Joy T1x16 Girl,1.0
00152,L134,Filtre à huile L134,20.0
00152,LG020324,Gaufrette Golden Wafers goût Chocolat 70g - LINGOT,24.0
00152,LI010124,Gaufrette gout Chocolat 70g - LINGOT(colisage 24),48.0
00152,LI020124,Gaufrette gout Lait 70g - LINGOT (colisage 24),48.0
00152,LT010124,Gaufrette enrobée choco 30G Riz Soufflé (24x4),1.0
00152,LT020124,Gaufrette enrobée choco 30G Cacahueté (24x4),1.0
00152,MR030108,"Mentos Rolls Rainbow 39,2g P14x20",1.0
00152,NP010301,Pate a Tartiner de 350 grs NUTELLA,3.5
00152,NP010401,Pate a  tartiner de 750g NUTELLA,3.0
00152,NP010501,Nutella & Go 52g,24.0
00152,NP010604,Nutella B-Ready T1x36x4,1.0
00152,p132,ميني كيك20,10.0
00152,RA010124,Canette Float Orange 240 ML - RANI,24.0
00152,RO010112,Bonbon Roulette 25g - HARIBO,1.0
00152,sqd,qsdsq,10.0
00152,TB010112,Boite Bonbon Menthe T12x24 TIC TAC,1.0
00152,test-prod-002aaaa,test-prod,3.0
00152,zaeaze,zaezaeazeaze,4.0
00153,0000,DOLCE DUO 70 GR,20.0
00153,0005,Compote pomme fraise,5.5
00153,AL010124,VIT'UP 170GR COLA CITRON,8.0
00153,AL020112,BEURRE COND 100 gr,2.0
00153,BI060124,Biskrem Cacao 110g - ULKER,24.0
00153,BI070124,BISKREM CACAO 85g - ULKER,24.0
00153,BI080124,BISKREM DUO 85g - ULKER,24.0
00153,BR010124,LBEN 430 GR,40.529411764705884
00153,BR020124,RAIEB 450 GR,11.1
00153,BR030124,VIT'UP VANILLE 160GR,28.714285714285715
00153,BR040124,VIT'UP FRAISE 260GR,68.33333333333333
00153,BR050124,VIT'UP Framboise 260GR,6.333333333333333
00153,CH020424,Bonbon Chamallows Party 70g HARIBO,2.0
00153,DC010224,YAOURT BRASSE VANILLE,3.0
00153,HC030324,Bonbon Happy Cola Fizz 70g HARIBO,4.0
00153,KC010120,YAOURT AROME CITRON,1.0
00153,KC010121,YAOURT AROME FRAISE,1.0
00153,KC020130,Barre de Chocolat Biscuit noisette BUENO WHITE,2.0
00153,KC040420,Pack de Chocolat au lait KINDER Maxi (T5+1)x20x4,4.0
00153,KD010114,Kinder Délice T10X14,1.6666666666666667
00153,KS010124,Oeuf Surprise Chocolat KINDER T1x72,1.0
00153,M10,زيت الباشا,5.0
00154,0005,Compote pomme fraise,1.0
00154,AL010124,VIT'UP 170GR COLA CITRON,3.5555555555555554
00154,AL020112,BEURRE COND 100 gr,4.666666666666667
00154,BE010124,Bonbon Berries 80g HARIBO,24.0
00154,BI020124,Biskrem DUO 60g - ULKER,24.0
00154,BI030112,BISKREM DUO 85g - ULKER,18.0
00154,BI030124,Biskrem DUO 110g - ULKER,24.0
00154,BI050124,Biskrem Cacao 60g - ULKER,24.0
00154,BI060124,Biskrem Cacao 110g - ULKER,33.6
00154,BI070124,BISKREM CACAO 85g - ULKER,24.0
00154,BI080124,BISKREM DUO 85g - ULKER,24.0
00154,BL030136,Blister Mentos Gum White Sweet Mint 17g P12x12,1.0
00154,BL040136,Blister Mentos Gum White Tutti Frutti 17g P12x12,1.0
00154,BR010124,LBEN 430 GR,45.0
00154,BR01012tte,LBEN 430 GR Modifie,12.384615384615385
00154,BR020124,RAIEB 450 GR,20.181818181818183
00154,BR030124,VIT'UP VANILLE 160GR,37.22222222222222
00154,BR040124,VIT'UP FRAISE 260GR,7.333333333333333
00154,BR050124,VIT'UP Framboise 260GR,24.0
00154,CC060106,Sachet Chupa-Chups The Best Of P120x6,1.0
00154,CH010124,Bonbon Chamallows Pink & White 70g HARIBO,14.6
00154,CH010224,Bonbon Chamallows Hearts 150g HARIBO,48.0
00154,DC010224,YAOURT BRASSE VANILLE,12.0
00154,FA010118,Mentos Fresh Action Cup Menthol 280g P100x18,1.0
00154,FA020118,Mentos Fresh Action Cup Cherry Mint 280g P100x18,1.25
00154,FF010112,Big Babol Filifolly Strawberry 11g x 12 Sachets,1.0
00154,FF020112,Big Babol Filifolly Fruit 11g x 12 Sachets,1.0
00154,JA010106,Mini Mentos Jar Fruit Mix 1Kg P100x6,1.0
00154,KC010110,YAOURT AROME BANANE,8.0
00154,KC010120,YAOURT AROME CITRON,1.0
00154,KC010130,YAOURT AROME FRUITS DES BOIS,1.0
00154,KC010240,BIFI NATURE 0%,1.0
00154,KC020130,Barre de Chocolat Biscuit noisette BUENO WHITE,1.0
00154,KD010114,Kinder Délice T10X14,1.0
00154,KK010112,KAT KAT TAT Chocolat 26g (24x12),1.0
00154,KS020116,Kinder Joy T1x16 Boy,1.0
00154,KS020216,Kinder Joy T1x16 Girl,1.0
00154,KS030116,Kinder Joy T1x16 Boy Collection 2,1.0
00154,LG020224,Gaufrette Golden Chocolat Blanc & Framboise 70g -L,24.0
00154,LG020324,Gaufrette Golden Wafers goût Chocolat 70g - LINGOT,24.0
00154,LI010124,Gaufrette gout Chocolat 70g - LINGOT(colisage 24),24.0
00154,LI010140,Gaufrette Goût Chocolat 30g - LINGOT (Colisage 40),40.0
00154,LI040124,Gaufrette gout Noisette 70g - LINGOT (colisage 24),24.0
00154,LT030124,Gaufrette enrobée choco 30G Triple saveur (24x4),1.0
00154,MD010112,"Mentos Gum 3D Fresh Mint 8,5g P5x15",1.0
00154,MD020112,"Mentos Gum 3D S-A-R 8,5g P5x15",1.0
00154,MD030112,"Mentos Gum 3D Watermelon 8,5g P5x15",1.0
00154,MG010116,Mentos Gum Rolls Pure Fresh 1.75g P9x16,1.0
00154,MR010108,"Mentos Rolls Menthe 39,2g P14x20",1.0
00154,MW010112,"Boite Mentos Gum White Sweet Mint 53,2g P38x6",1.0
00154,MW020112,"Boite Mentos Gum White Tutti Frutti 53,2g P38x6",1.0
00154,NP010301,Pate a Tartiner de 350 grs NUTELLA,1.0
00154,NP010604,Nutella B-Ready T1x36x4,1.0
00154,NP060716,Nutella B-Ready T6x16,4.0
00154,p132,ميني كيك20,10.0
00154,RO010112,Bonbon Roulette 25g - HARIBO,1.0666666666666667
00154,TB020112,Boite Bonbon Orange T12x24 TIC TAC,1.0
00154,test-prod-002aaaa,test-prod,4.0
00155,0000,DOLCE DUO 70 GR,10.0
00155,0005,Compote pomme fraise,1.0
00155,AL020112,BEURRE COND 100 gr,1.0
00155,BB012020,CH CH Bigbabol Stick Tutti Frutti 5p x 20 x 20,1.0
00155,BB022020,CH CH Bigbabol Stick Strawberry 5p x 20 x 20,1.0
00155,BI020124,Biskrem DUO 60g - ULKER,24.0
00155,BI030124,Biskrem DUO 110g - ULKER,48.0
00155,BI050124,Biskrem Cacao 60g - ULKER,24.0
00155,BI060124,Biskrem Cacao 110g - ULKER,30.0
00155,BI070124,BISKREM CACAO 85g - ULKER,24.0
00155,BI080124,BISKREM DUO 85g - ULKER,24.0
00155,BR010124,LBEN 430 GR,11.333333333333334
00155,BR030124,VIT'UP VANILLE 160GR,96.0
00155,BR040124,VIT'UP FRAISE 260GR,24.0
00155,CC060106,Sachet Chupa-Chups The Best Of P120x6,1.0
00155,CH010224,Bonbon Chamallows Hearts 150g HARIBO,120.0
00155,DC010224,YAOURT BRASSE VANILLE,7.5
00155,FA010118,Mentos Fresh Action Cup Menthol 280g P100x18,1.0
00155,FA020118,Mentos Fresh Action Cup Cherry Mint 280g P100x18,1.0
00155,FA030112,Mentos Fresh Action Stick Cherry Mint 10px24x12,1.0
00155,KC010110,YAOURT AROME BANANE,4.0
00155,KC010120,YAOURT AROME CITRON,2.0
00155,KC010130,YAOURT AROME FRUITS DES BOIS,1.0
00155,KC010240,BIFI NATURE 0%,1.0
00155,KD010114,Kinder Délice T10X14,1.0
00155,KK010112,KAT KAT TAT Chocolat 26g (24x12),1.0
00155,LG020324,Gaufrette Golden Wafers goût Chocolat 70g - LINGOT,24.0
00155,LI010124,Gaufrette gout Chocolat 70g - LINGOT(colisage 24),24.0
00155,LI010140,Gaufrette Goût Chocolat 30g - LINGOT (Colisage 40),40.0
00155,LI040124,Gaufrette gout Noisette 70g - LINGOT (colisage 24),24.0
00155,LT010124,Gaufrette enrobée choco 30G Riz Soufflé (24x4),1.0
00155,LT020124,Gaufrette enrobée choco 30G Cacahueté (24x4),1.0
00155,LT030124,Gaufrette enrobée choco 30G Triple saveur (24x4),1.0
00155,NP010501,Nutella & Go 52g,12.0
00155,RO010112,Bonbon Roulette 25g - HARIBO,1.0
00155,TB020112,Boite Bonbon Orange T12x24 TIC TAC,1.0
00155,TB070148,Tic Tac Mix T48x8 ARBRE,1.0
00155,WO030124,Bonbon Fizz Worms 70g HARIBO,6.0
00156,0000,DOLCE DUO 70 GR,-0.6666666666666666
00156,0005,Compote pomme fraise,2.8
00156,AL020112,BEURRE COND 100 gr,3.1666666666666665
00156,BI020124,Biskrem DUO 60g - ULKER,24.0
00156,BI030112,BISKREM DUO 85g - ULKER,18.0
00156,BI030124,Biskrem DUO 110g - ULKER,24.0
00156,BI050124,Biskrem Cacao 60g - ULKER,24.0
00156,BI060124,Biskrem Cacao 110g - ULKER,24.0
00156,BI070124,BISKREM CACAO 85g - ULKER,24.0
00156,BI080124,BISKREM DUO 85g - ULKER,24.0
00156,BR010124,LBEN 430 GR,297.71764705882356
00156,BR020124,RAIEB 450 GR,16.23076923076923
00156,BR030124,VIT'UP VANILLE 160GR,3.2857142857142856
00156,BR040124,VIT'UP FRAISE 260GR,8.725000000000001
00156,BR050124,VIT'UP Framboise 260GR,30.0
00156,CH010124,Bonbon Chamallows Pink & White 70g HARIBO,3.0
00156,CH010224,Bonbon Chamallows Hearts 150g HARIBO,2.5
00156,CH010324,Bonbon Chamallows Smurfs 125g HARIBO,3.0
00156,DC010224,YAOURT BRASSE VANILLE,4.0
00156,FA010118,Mentos Fresh Action Cup Menthol 280g P100x18,1.0
00156,FA020118,Mentos Fresh Action Cup Cherry Mint 280g P100x18,1.0
00156,FF010112,Big Babol Filifolly Strawberry 11g x 12 Sachets,1.0
00156,FF020112,Big Babol Filifolly Fruit 11g x 12 Sachets,1.0
00156,FF030112,Big Babol Filifolly Watermelon 11g x 12 Sachets,1.0
00156,HC030324,Bonbon Happy Cola Fizz 70g HARIBO,2.0
00156,JA010106,Mini Mentos Jar Fruit Mix 1Kg P100x6,1.0
00156,KC010120,YAOURT AROME CITRON,1.0
00156,KC010130,YAOURT AROME FRUITS DES BOIS,1.0
00156,KC010210,YAOURT AROME NOIX DE COCO,326.2
00156,KC010240,BIFI NATURE 0%,1.0
00156,KC020130,Barre de Chocolat Biscuit noisette BUENO WHITE,1.0
00156,KS030116,Kinder Joy T1x16 Boy Collection 2,1.0
00156,L134,Filtre à huile L134,48.0
00156,LG020324,Gaufrette Golden Wafers goût Chocolat 70g - LINGOT,24.0
00156,LI010124,Gaufrette gout Chocolat 70g - LINGOT(colisage 24),24.0
00156,LI020124,Gaufrette gout Lait 70g - LINGOT (colisage 24),24.0
00156,LT030124,Gaufrette enrobée choco 30G Triple saveur (24x4),1.0
00156,M10,زيت الباشا,11.0
00156,MI010124,Bonbon Mix Fizz 70g HARIBO,2.5
00156,MR030108,"Mentos Rolls Rainbow 39,2g P14x20",1.0
00156,NP010301,Pate a Tartiner de 350 grs NUTELLA,3.0
00156,p1,السلام عليكم ورحمة الله وبركات,2.0
00156,p132,ميني كيك20,2.0
00156,RO010112,Bonbon Roulette 25g - HARIBO,1.0
00156,RR010116,Trio de Rochers Noix Coco RAFAELLO,1.0
00156,TB010112,Boite Bonbon Menthe T12x24 TIC TAC,1.0
00156,TB020112,Boite Bonbon Orange T12x24 TIC TAC,1.0
00156,zaeaze,zaezaeazeaze,17.5
00157,0000,DOLCE DUO 70 GR,10.0
00157,0005,Compote pomme fraise,2.0
00157,AL010124,VIT'UP 170GR COLA CITRON,1.5
00157,AL020112,BEURRE COND 100 gr,1.0
00157,BAAR01,Bague Argent,2.0
00157,BE010112,Biskrem Extra 92g - ULKER,5.0
00157,BE010124,Bonbon Berries 80g HARIBO,4.0
00157,BI050124,Biskrem Cacao 60g - ULKER,17.333333333333332
00157,BI070124,BISKREM CACAO 85g - ULKER,19.5
00157,BI080124,BISKREM DUO 85g - ULKER,13.0
00157,BR010124,LBEN 430 GR,3.2
00157,BR01012tte,LBEN 430 GR Modifie,2.6666666666666665
00157,BR020124,RAIEB 450 GR,9.25
00157,BR030124,VIT'UP VANILLE 160GR,5.5
00157,BR040124,VIT'UP FRAISE 260GR,2.0
00157,FR010116,Trio de Rochers Chocolat FERRERO,1.0
00157,KC010110,YAOURT AROME BANANE,10.0
00157,KC010210,YAOURT AROME NOIX DE COCO,24.0
00157,L134,Filtre à huile L134,12.5
00157,LI010124,Gaufrette gout Chocolat 70g - LINGOT(colisage 24),13.0
00157,M10,زيت الباشا,7.0
00157,RO010112,Bonbon Roulette 25g - HARIBO,1.0
00157,TB020112,Boite Bonbon Orange T12x24 TIC TAC,1.0
00158,0000,DOLCE DUO 70 GR,35.107142857142854
00158,110101,معطر ياغورت,7.0
00158,9878,qsdsq,8.0
00158,AL020112,BEURRE COND 100 gr,2.111111111111111
00158,BAAR01,Bague Argent,35.4
00158,BAOR01,Bague Or et pierres,44.0
00158,BR010124,LBEN 430 GR,7.357142857142857
00158,BR01012tte,LBEN 430 GR Modifie,7.538461538461538
00158,BR020124,RAIEB 450 GR,16.761904761904763
00158,BR030124,VIT'UP VANILLE 160GR,16.844444444444445
00158,BR040124,VIT'UP FRAISE 260GR,23.0625
00158,BR050124,VIT'UP Framboise 260GR,8.428571428571429
00158,BRAAR10,"Bracelet, anneaux striés",20.0
00158,CH010224,Bonbon Chamallows Hearts 150g HARIBO,120.0
00158,CH010324,Bonbon Chamallows Smurfs 125g HARIBO,46.0
00158,DC010224,YAOURT BRASSE VANILLE,18.75
00158,KC010110,YAOURT AROME BANANE,7.666666666666667
00158,KC010120,YAOURT AROME CITRON,11.0
00158,KC010121,YAOURT AROME FRAISE,16.0
00158,p1,السلام عليكم ورحمة الله وبركات,1.0
00158,p132,ميني كيك20,24.0
00158,PE020124,Bonbon Peaches 80g HARIBO,2.0
00158,PH020224,Bonbon Phantasia 80g HARIBO,3.0
00158,ST010208,Mix Sripe Assortiment 24x8x25g HARIBO,3.0
00159,12189866,منتوج رقم واحد,30.0
00159,BI060124,Biskrem Cacao 110g - ULKER,24.0
00159,BR010124,LBEN 430 GR,1.0
00159,BR01012tte,LBEN 430 GR Modifie,1.0
00159,BR020124,RAIEB 450 GR,1.5
00159,BR030124,VIT'UP VANILLE 160GR,161.0
00160,0005,Compote pomme fraise,1.0
00160,AL010124,VIT'UP 170GR COLA CITRON,3.0
00160,AL020112,BEURRE COND 100 gr,1.0
00160,BAAR01,Bague Argent,36.0
00160,BB012020,CH CH Bigbabol Stick Tutti Frutti 5p x 20 x 20,1.3333333333333333
00160,BB022020,CH CH Bigbabol Stick Strawberry 5p x 20 x 20,1.5
00160,BI020124,Biskrem DUO 60g - ULKER,32.0
00160,BI030124,Biskrem DUO 110g - ULKER,66.0
00160,BI050124,Biskrem Cacao 60g - ULKER,74.18181818181819
00160,BI060124,Biskrem Cacao 110g - ULKER,48.0
00160,BI070124,BISKREM CACAO 85g - ULKER,144.0
00160,BI080124,BISKREM DUO 85g - ULKER,96.0
00160,BL030136,Blister Mentos Gum White Sweet Mint 17g P12x12,1.0
00160,BL040136,Blister Mentos Gum White Tutti Frutti 17g P12x12,1.0
00160,BR010124,LBEN 430 GR,14.0
00160,BR01012tte,LBEN 430 GR Modifie,2.0
00160,BR020124,RAIEB 450 GR,110.0
00160,BR050124,VIT'UP Framboise 260GR,50.0
00160,CC060106,Sachet Chupa-Chups The Best Of P120x6,1.4285714285714286
00160,CC070106,CH CH Melody Strawberry 48x6,1.0
00160,CH010124,Bonbon Chamallows Pink & White 70g HARIBO,12.0
00160,DC010224,YAOURT BRASSE VANILLE,1.0
00160,FA010118,Mentos Fresh Action Cup Menthol 280g P100x18,1.25
00160,FA020118,Mentos Fresh Action Cup Cherry Mint 280g P100x18,2.0
00160,FR010116,Trio de Rochers Chocolat FERRERO,1.4
00160,FR010120,Bonbon Fruit-tella Stick  Strawberry 10px20x12,1.0
00160,FR010201,Coff. 16 Rochers Chocolat FERRERO,15.0
00160,FR010220,Bonbon Fruit-tella Stick Orange 10px20x12,1.0
00160,JA010106,Mini Mentos Jar Fruit Mix 1Kg P100x6,1.0
00160,KC010120,YAOURT AROME CITRON,1.3571428571428572
00160,KC010130,YAOURT AROME FRUITS DES BOIS,1.4375
00160,KC010240,BIFI NATURE 0%,1.6666666666666667
00160,KC020130,Barre de Chocolat Biscuit noisette BUENO WHITE,1.2
00160,KD010114,Kinder Délice T10X14,2.5
00160,KK010112,KAT KAT TAT Chocolat 26g (24x12),2.0
00160,KS020116,Kinder Joy T1x16 Boy,1.0
00160,KS020216,Kinder Joy T1x16 Girl,1.0
00160,LT030124,Gaufrette enrobée choco 30G Triple saveur (24x4),1.5
00160,MD010112,"Mentos Gum 3D Fresh Mint 8,5g P5x15",2.0
00160,MR020108,"Mentos Rolls Strawberry 39,2g P14x20",1.0
00160,NP010306,Pôt Pâte à tartiner de 600g NUTELLA,9.0
00160,NP010406,Pôt Pâte à tartiner de 600g NUTELLA OCCASION,12.0
00160,NP010604,Nutella B-Ready T1x36x4,1.0
00160,NP01A301,Pate a Tartiner 350 g   10% NUTELLA,6.0
00160,RA020124,Canette Float Peche 240 ML - RANI,24.0
00160,RA030124,Canette Float Mangue 240 ML - RANI,24.0
00160,RO010112,Bonbon Roulette 25g - HARIBO,3.0
00160,SM010224,Bonbon Starmix 80g HARIBO,10.0
00160,TB010112,Boite Bonbon Menthe T12x24 TIC TAC,1.4
00160,TB020112,Boite Bonbon Orange T12x24 TIC TAC,7.0
00160,TB050112,Boite Bonbon Strawberry mix T12x24 TIC TAC,1.0
00161,AL010124,VIT'UP 170GR COLA CITRON,1.0
00161,AL020112,BEURRE COND 100 gr,1.0
00161,BI020124,Biskrem DUO 60g - ULKER,24.0
00161,BI030124,Biskrem DUO 110g - ULKER,24.0
00161,BI060124,Biskrem Cacao 110g - ULKER,24.0
00161,BI070124,BISKREM CACAO 85g - ULKER,24.0
00161,BI080124,BISKREM DUO 85g - ULKER,24.0
00161,BL030136,Blister Mentos Gum White Sweet Mint 17g P12x12,1.0
00161,BR010124,LBEN 430 GR,1.5
00161,BR01012tte,LBEN 430 GR Modifie,5.0
00161,BR020124,RAIEB 450 GR,-2.0
00161,JA010106,Mini Mentos Jar Fruit Mix 1Kg P100x6,1.0
00161,KC010120,YAOURT AROME CITRON,1.0
00161,KC010130,YAOURT AROME FRUITS DES BOIS,1.0
00161,KC010240,BIFI NATURE 0%,1.5
00161,KC020130,Barre de Chocolat Biscuit noisette BUENO WHITE,1.0
00161,KD010114,Kinder Délice T10X14,1.0
00161,KK010112,KAT KAT TAT Chocolat 26g (24x12),1.0
00161,KS020216,Kinder Joy T1x16 Girl,1.0
00161,KS030116,Kinder Joy T1x16 Boy Collection 2,1.0
00161,MI010124,Bonbon Mix Fizz 70g HARIBO,1.0
00161,MR030108,"Mentos Rolls Rainbow 39,2g P14x20",1.0
00161,MR040108,"Mentos Rolls Tutti Frutti 39,2 g P14x20",1.0
00161,NP010301,Pate a Tartiner de 350 grs NUTELLA,3.75
00161,NP010501,Nutella & Go 52g,24.0
00161,NP010604,Nutella B-Ready T1x36x4,1.0
00161,p1,السلام عليكم ورحمة الله وبركات,6.0
00161,p132,ميني كيك20,12.0
00161,RA040124,Canette Float Ananas 240 ML - RANI,36.0
00161,RO010112,Bonbon Roulette 25g - HARIBO,1.0
00161,SQ010124,Bonbon Squishy 80g HARIBO,12.0
00161,TB010112,Boite Bonbon Menthe T12x24 TIC TAC,1.0
00161,TB020112,Boite Bonbon Orange T12x24 TIC TAC,1.0
00162,0005,Compote pomme fraise,1.0
00162,AL010124,VIT'UP 170GR COLA CITRON,1.0
00162,AL020112,BEURRE COND 100 gr,1.0
00162,BI030112,BISKREM DUO 85g - ULKER,16.0
00162,BI030124,Biskrem DUO 110g - ULKER,48.0
00162,BI050124,Biskrem Cacao 60g - ULKER,24.0
00162,BI060124,Biskrem Cacao 110g - ULKER,24.0
00162,BI070124,BISKREM CACAO 85g - ULKER,24.0
00162,BI080124,BISKREM DUO 85g - ULKER,24.0
00162,CC060106,Sachet Chupa-Chups The Best Of P120x6,1.0
00162,FA020118,Mentos Fresh Action Cup Cherry Mint 280g P100x18,1.0
00162,FR010120,Bonbon Fruit-tella Stick  Strawberry 10px20x12,1.0
00162,JA010106,Mini Mentos Jar Fruit Mix 1Kg P100x6,1.0
00162,KC020130,Barre de Chocolat Biscuit noisette BUENO WHITE,1.0
00162,KK010112,KAT KAT TAT Chocolat 26g (24x12),1.0
00162,LT020124,Gaufrette enrobée choco 30G Cacahueté (24x4),1.0
00162,LT030124,Gaufrette enrobée choco 30G Triple saveur (24x4),2.0
00162,NP010301,Pate a Tartiner de 350 grs NUTELLA,2.0
00162,RA060124,Canette Float Fraise-Banane 240 ML - RANI,24.0
00162,RO010112,Bonbon Roulette 25g - HARIBO,1.0
00163,AL020112,BEURRE COND 100 gr,1.0
00163,BI030124,Biskrem DUO 110g - ULKER,24.0
00163,BI050124,Biskrem Cacao 60g - ULKER,24.0
00163,BI060124,Biskrem Cacao 110g - ULKER,24.0
00163,CC060106,Sachet Chupa-Chups The Best Of P120x6,1.0
00163,FA020118,Mentos Fresh Action Cup Cherry Mint 280g P100x18,1.0
00163,KD010114,Kinder Délice T10X14,1.0
00163,LG020224,Gaufrette Golden Chocolat Blanc & Framboise 70g -L,24.0
00163,LG020324,Gaufrette Golden Wafers goût Chocolat 70g - LINGOT,24.0
00163,LI010124,Gaufrette gout Chocolat 70g - LINGOT(colisage 24),24.0
00163,LI040124,Gaufrette gout Noisette 70g - LINGOT (colisage 24),24.0
00163,LT010124,Gaufrette enrobée choco 30G Riz Soufflé (24x4),1.0
00163,LT020124,Gaufrette enrobée choco 30G Cacahueté (24x4),1.0
00163,NP010604,Nutella B-Ready T1x36x4,1.0
00163,RA060124,Canette Float Fraise-Banane 240 ML - RANI,24.0
00164,BI020124,Biskrem DUO 60g - ULKER,24.0
00164,BI030112,BISKREM DUO 85g - ULKER,12.0
00164,BI080124,BISKREM DUO 85g - ULKER,24.0
00164,CC060106,Sachet Chupa-Chups The Best Of P120x6,11.0
00164,KC010130,YAOURT AROME FRUITS DES BOIS,1.0
00164,KS030116,Kinder Joy T1x16 Boy Collection 2,1.0
00164,RO010112,Bonbon Roulette 25g - HARIBO,2.0
00165,BI030112,BISKREM DUO 85g - ULKER,12.0
00165,BI050124,Biskrem Cacao 60g - ULKER,24.0
00165,BI060124,Biskrem Cacao 110g - ULKER,24.0
00165,BI070124,BISKREM CACAO 85g - ULKER,24.0
00165,BI080124,BISKREM DUO 85g - ULKER,24.0
00165,BR010124,LBEN 430 GR,2.5
00165,BR01012tte,LBEN 430 GR Modifie,5.0
00165,BR020124,RAIEB 450 GR,-5.0
00165,BR030124,VIT'UP VANILLE 160GR,5.0
00165,CH010124,Bonbon Chamallows Pink & White 70g HARIBO,24.0
00165,FA010118,Mentos Fresh Action Cup Menthol 280g P100x18,1.0
00165,FA020118,Mentos Fresh Action Cup Cherry Mint 280g P100x18,1.0
00165,KD010114,Kinder Délice T10X14,1.0
00165,KK010112,KAT KAT TAT Chocolat 26g (24x12),1.0
00165,LI010124,Gaufrette gout Chocolat 70g - LINGOT(colisage 24),24.0
00165,LI010140,Gaufrette Goût Chocolat 30g - LINGOT (Colisage 40),40.0
00165,LT010124,Gaufrette enrobée choco 30G Riz Soufflé (24x4),1.0
00165,LT020124,Gaufrette enrobée choco 30G Cacahueté (24x4),1.0
00165,LT030124,Gaufrette enrobée choco 30G Triple saveur (24x4),1.0
00165,NP010301,Pate a Tartiner de 350 grs NUTELLA,3.0
00166,110101,معطر ياغورت,13.0
00166,BI070124,BISKREM CACAO 85g - ULKER,34.0
00166,BR010124,LBEN 430 GR,6.0
00166,BR01012tte,LBEN 430 GR Modifie,6.0
00166,BR020124,RAIEB 450 GR,1.3333333333333333
00166,BR030124,VIT'UP VANILLE 160GR,2.5
00166,BR040124,VIT'UP FRAISE 260GR,122.0
00166,BR050124,VIT'UP Framboise 260GR,5.0
00166,DC010224,YAOURT BRASSE VANILLE,6.0
00167,0005,Compote pomme fraise,3.0
00167,AL010124,VIT'UP 170GR COLA CITRON,1.4444444444444444
00167,AL020112,BEURRE COND 100 gr,1.0
00167,BB012020,CH CH Bigbabol Stick Tutti Frutti 5p x 20 x 20,1.0
00167,BB022020,CH CH Bigbabol Stick Strawberry 5p x 20 x 20,1.6666666666666667
00167,BE010124,Bonbon Berries 80g HARIBO,10.0
00167,BI020124,Biskrem DUO 60g - ULKER,24.0
00167,BI030112,BISKREM DUO 85g - ULKER,18.0
00167,BI030124,Biskrem DUO 110g - ULKER,48.0
00167,BI050124,Biskrem Cacao 60g - ULKER,48.0
00167,BI060124,Biskrem Cacao 110g - ULKER,56.0
00167,BI070124,BISKREM CACAO 85g - ULKER,24.0
00167,BI080124,BISKREM DUO 85g - ULKER,24.0
00167,BL030136,Blister Mentos Gum White Sweet Mint 17g P12x12,1.0
00167,BL040136,Blister Mentos Gum White Tutti Frutti 17g P12x12,1.0
00167,CC060106,Sachet Chupa-Chups The Best Of P120x6,1.0
00167,CC060112,CH CH XXL Strawberry 25Px29g,1.0
00167,CC070106,CH CH Melody Strawberry 48x6,1.0
00167,CH010124,Bonbon Chamallows Pink & White 70g HARIBO,48.0
00167,CH020424,Bonbon Chamallows Party 70g HARIBO,72.0
00167,FA010118,Mentos Fresh Action Cup Menthol 280g P100x18,1.0
00167,FA020118,Mentos Fresh Action Cup Cherry Mint 280g P100x18,1.3333333333333333
00167,FA030112,Mentos Fresh Action Stick Cherry Mint 10px24x12,1.0
00167,FF020112,Big Babol Filifolly Fruit 11g x 12 Sachets,1.5
00167,FF030112,Big Babol Filifolly Watermelon 11g x 12 Sachets,1.0
00167,FR010116,Trio de Rochers Chocolat FERRERO,1.25
00167,FR010120,Bonbon Fruit-tella Stick  Strawberry 10px20x12,1.0
00167,FR010201,Coff. 16 Rochers Chocolat FERRERO,5.0
00167,FR010220,Bonbon Fruit-tella Stick Orange 10px20x12,1.0
00167,HC030124,Bonbon Happy Cherries 80g HARIBO,12.0
00167,HC030324,Bonbon Happy Cola Fizz 70g HARIBO,11.5
00167,JA010106,Mini Mentos Jar Fruit Mix 1Kg P100x6,1.0
00167,KC010120,YAOURT AROME CITRON,1.0
00167,KC010130,YAOURT AROME FRUITS DES BOIS,1.0
00167,KC010240,BIFI NATURE 0%,1.0
00167,KC010336,YAOURT AROME NATURE,1.3333333333333333
00167,KC010506,Kinder Creamy T1x24x6,1.0
00167,KC020130,Barre de Chocolat Biscuit noisette BUENO WHITE,1.3333333333333333
00167,KD010114,Kinder Délice T10X14,4.6
00167,KH010128,Kinder Happy Hippo Cocoa T1x28x6,1.5
00167,KH020110,Kinder Happy Hippo Cocoa T5x10,1.0
00167,KS020116,Kinder Joy T1x16 Boy,1.1428571428571428
00167,KS020216,Kinder Joy T1x16 Girl,1.2
00167,LG020324,Gaufrette Golden Wafers goût Chocolat 70g - LINGOT,24.0
00167,LI010124,Gaufrette gout Chocolat 70g - LINGOT(colisage 24),48.0
00167,LT010124,Gaufrette enrobée choco 30G Riz Soufflé (24x4),1.3333333333333333
00167,LT020124,Gaufrette enrobée choco 30G Cacahueté (24x4),1.0
00167,LT030124,Gaufrette enrobée choco 30G Triple saveur (24x4),1.0
00167,MD010112,"Mentos Gum 3D Fresh Mint 8,5g P5x15",1.0
00167,MD020112,"Mentos Gum 3D S-A-R 8,5g P5x15",1.0
00167,MD030112,"Mentos Gum 3D Watermelon 8,5g P5x15",1.0
00167,MG010116,Mentos Gum Rolls Pure Fresh 1.75g P9x16,1.0
00167,MI010124,Bonbon Mix Fizz 70g HARIBO,11.333333333333334
00167,MR030108,"Mentos Rolls Rainbow 39,2g P14x20",1.0
00167,MW010112,"Boite Mentos Gum White Sweet Mint 53,2g P38x6",1.0
00167,MW020112,"Boite Mentos Gum White Tutti Frutti 53,2g P38x6",1.0
00167,NP010301,Pate a Tartiner de 350 grs NUTELLA,5.333333333333333
00167,NP010604,Nutella B-Ready T1x36x4,1.0
00167,NP060716,Nutella B-Ready T6x16,8.333333333333334
00167,PH020224,Bonbon Phantasia 80g HARIBO,4.0
00167,RA020124,Canette Float Peche 240 ML - RANI,24.0
00167,RA040124,Canette Float Ananas 240 ML - RANI,24.0
00167,RA060124,Canette Float Fraise-Banane 240 ML - RANI,24.0
00167,RO010112,Bonbon Roulette 25g - HARIBO,2.0
00167,RR010116,Trio de Rochers Noix Coco RAFAELLO,1.0
00167,TB010112,Boite Bonbon Menthe T12x24 TIC TAC,1.0
00167,TB020112,Boite Bonbon Orange T12x24 TIC TAC,1.0
00167,WO020124,Bonbon Worms 80g HARIBO,4.0
00167,WO030124,Bonbon Fizz Worms 70g HARIBO,4.0
00168,AL020112,BEURRE COND 100 gr,1.0
00168,BI030124,Biskrem DUO 110g - ULKER,24.0
00168,BI050124,Biskrem Cacao 60g - ULKER,24.0
00168,BI060124,Biskrem Cacao 110g - ULKER,24.0
00168,BL030136,Blister Mentos Gum White Sweet Mint 17g P12x12,1.0
00168,CC060106,Sachet Chupa-Chups The Best Of P120x6,1.0
00168,CC060112,CH CH XXL Strawberry 25Px29g,2.0
00168,CC070106,CH CH Melody Strawberry 48x6,1.0
00168,FA010118,Mentos Fresh Action Cup Menthol 280g P100x18,1.0
00168,KC010130,YAOURT AROME FRUITS DES BOIS,1.0
00168,MD010112,"Mentos Gum 3D Fresh Mint 8,5g P5x15",1.0
00168,MD030112,"Mentos Gum 3D Watermelon 8,5g P5x15",1.0
00168,MG010116,Mentos Gum Rolls Pure Fresh 1.75g P9x16,1.0
00168,NP060716,Nutella B-Ready T6x16,3.0
00168,RA020124,Canette Float Peche 240 ML - RANI,24.0
00168,RO010112,Bonbon Roulette 25g - HARIBO,1.0
00168,TB010112,Boite Bonbon Menthe T12x24 TIC TAC,1.0
00168,TB020112,Boite Bonbon Orange T12x24 TIC TAC,1.0
00169,AL010124,VIT'UP 170GR COLA CITRON,1.0
00169,AL020112,BEURRE COND 100 gr,1.0
00169,BB012020,CH CH Bigbabol Stick Tutti Frutti 5p x 20 x 20,1.0
00169,BI050124,Biskrem Cacao 60g - ULKER,24.0
00169,BI060124,Biskrem Cacao 110g - ULKER,24.0
00169,BI070124,BISKREM CACAO 85g - ULKER,24.0
00169,BI080124,BISKREM DUO 85g - ULKER,24.0
00169,BL030136,Blister Mentos Gum White Sweet Mint 17g P12x12,1.0
00169,BL040136,Blister Mentos Gum White Tutti Frutti 17g P12x12,1.0
00169,CC060106,Sachet Chupa-Chups The Best Of P120x6,1.0
00169,CC060112,CH CH XXL Strawberry 25Px29g,1.0
00169,CC070106,CH CH Melody Strawberry 48x6,1.0
00169,CH010124,Bonbon Chamallows Pink & White 70g HARIBO,17.0
00169,FA010118,Mentos Fresh Action Cup Menthol 280g P100x18,1.0
00169,FR010220,Bonbon Fruit-tella Stick Orange 10px20x12,1.0
00169,FR010401,Coff. de 30 Rochers Chocolat FERRERO,1.0
00169,KC010120,YAOURT AROME CITRON,1.0
00169,KC010130,YAOURT AROME FRUITS DES BOIS,1.0
00169,KC010210,YAOURT AROME NOIX DE COCO,1.0
00169,KC010240,BIFI NATURE 0%,1.5
00169,KC010336,YAOURT AROME NATURE,1.0
00169,KC020130,Barre de Chocolat Biscuit noisette BUENO WHITE,1.0
00169,KK010112,KAT KAT TAT Chocolat 26g (24x12),1.0
00169,KS020116,Kinder Joy T1x16 Boy,1.0
00169,KS020216,Kinder Joy T1x16 Girl,1.0
00169,KS030116,Kinder Joy T1x16 Boy Collection 2,1.0
00169,KS030216,Kinder Joy T1x16 Girl Collection 2,1.0
00169,MD010112,"Mentos Gum 3D Fresh Mint 8,5g P5x15",1.0
00169,MD020112,"Mentos Gum 3D S-A-R 8,5g P5x15",1.0
00169,MD030112,"Mentos Gum 3D Watermelon 8,5g P5x15",1.0
00169,RO010112,Bonbon Roulette 25g - HARIBO,1.0
00169,TB010112,Boite Bonbon Menthe T12x24 TIC TAC,1.0
00169,TB020112,Boite Bonbon Orange T12x24 TIC TAC,1.0
00169,TB030112,Boite Bonbon Spearmint T12x24 TIC TAC,1.0
00170,AL010124,VIT'UP 170GR COLA CITRON,1.0
00170,BB012020,CH CH Bigbabol Stick Tutti Frutti 5p x 20 x 20,1.0
00170,BB022020,CH CH Bigbabol Stick Strawberry 5p x 20 x 20,1.0
00170,BI050124,Biskrem Cacao 60g - ULKER,24.0
00170,BI060124,Biskrem Cacao 110g - ULKER,48.0
00170,BI080124,BISKREM DUO 85g - ULKER,24.0
00170,BL030136,Blister Mentos Gum White Sweet Mint 17g P12x12,1.3333333333333333
00170,BL040136,Blister Mentos Gum White Tutti Frutti 17g P12x12,1.0
00170,CC060106,Sachet Chupa-Chups The Best Of P120x6,1.25
00170,CC060112,CH CH XXL Strawberry 25Px29g,1.0
00170,FA030112,Mentos Fresh Action Stick Cherry Mint 10px24x12,1.0
00170,KC010130,YAOURT AROME FRUITS DES BOIS,2.0
00170,KD010114,Kinder Délice T10X14,1.0
00170,KH010128,Kinder Happy Hippo Cocoa T1x28x6,1.0
00170,KK010112,KAT KAT TAT Chocolat 26g (24x12),1.5
00170,LI010140,Gaufrette Goût Chocolat 30g - LINGOT (Colisage 40),40.0
00170,MD010112,"Mentos Gum 3D Fresh Mint 8,5g P5x15",1.0
00170,MD020112,"Mentos Gum 3D S-A-R 8,5g P5x15",1.0
00170,MD030112,"Mentos Gum 3D Watermelon 8,5g P5x15",1.0
00170,MW010112,"Boite Mentos Gum White Sweet Mint 53,2g P38x6",1.0
00170,MW020112,"Boite Mentos Gum White Tutti Frutti 53,2g P38x6",1.5
00170,RO010112,Bonbon Roulette 25g - HARIBO,1.0
00171,BB012020,CH CH Bigbabol Stick Tutti Frutti 5p x 20 x 20,3.0
00171,BB022020,CH CH Bigbabol Stick Strawberry 5p x 20 x 20,2.0
00171,BI080124,BISKREM DUO 85g - ULKER,48.0
00171,KC010130,YAOURT AROME FRUITS DES BOIS,3.3333333333333335
00171,NP010501,Nutella & Go 52g,24.0
00171,RA030124,Canette Float Mangue 240 ML - RANI,24.0
00172,AL010124,VIT'UP 170GR COLA CITRON,1.0
00172,AL020112,BEURRE COND 100 gr,1.0
00172,CH020424,Bonbon Chamallows Party 70g HARIBO,24.0
00172,CH060124,Bonbon Chamallows Pink & White 25g x 24 HARIBO,1.0
00172,GB020130,Bonbon Gold-Bears 80gx30 - HARIBO,12.0
00172,HC020224,Bonbon Happy Cola 30g HARIBO,24.0
00172,HC030324,Bonbon Happy Cola Fizz 70g HARIBO,12.0
00172,JB010148,Bonbon Jelly Beans 80g HARIBO,12.0
00172,JB020116,STRIPE JELLY BEANS 35gx12x16,1.0
00172,KC010130,YAOURT AROME FRUITS DES BOIS,1.0
00172,KC010240,BIFI NATURE 0%,1.0
00172,KS020116,Kinder Joy T1x16 Boy,1.0
00172,LG010120,Gaufrette Golden Chocolat 140 gr- Lingot (20 pcs),20.0
00172,LT010124,Gaufrette enrobée choco 30G Riz Soufflé (24x4),1.0
00172,LT020124,Gaufrette enrobée choco 30G Cacahueté (24x4),1.0
00172,LT030124,Gaufrette enrobée choco 30G Triple saveur (24x4),1.0
00172,MD010112,"Mentos Gum 3D Fresh Mint 8,5g P5x15",1.0
00172,RO010112,Bonbon Roulette 25g - HARIBO,1.0
00172,RR010116,Trio de Rochers Noix Coco RAFAELLO,1.0
00172,SM010224,Bonbon Starmix 80g HARIBO,12.0
00172,SQ010124,Bonbon Squishy 80g HARIBO,10.0
00172,TE020124,Bonbon Teeth 80g HARIBO,3.5
00172,WO020124,Bonbon Worms 80g HARIBO,5.0
00172,WO030124,Bonbon Fizz Worms 70g HARIBO,1.0
00173,KS020116,Kinder Joy T1x16 Boy,1.0
00173,KS020216,Kinder Joy T1x16 Girl,1.0
00173,NP010604,Nutella B-Ready T1x36x4,1.0
00174,0005,Compote pomme fraise,1.0
00174,AL010124,VIT'UP 170GR COLA CITRON,1.0
00174,AL020112,BEURRE COND 100 gr,1.3333333333333333
00174,BE010112,Biskrem Extra 92g - ULKER,20.0
00174,BE010124,Bonbon Berries 80g HARIBO,3.6666666666666665
00174,BI030112,BISKREM DUO 85g - ULKER,24.0
00174,BI030124,Biskrem DUO 110g - ULKER,40.0
00174,BI060124,Biskrem Cacao 110g - ULKER,24.0
00174,BI070124,BISKREM CACAO 85g - ULKER,24.0
00174,BI080124,BISKREM DUO 85g - ULKER,24.0
00174,CC060106,Sachet Chupa-Chups The Best Of P120x6,3.4
00174,CC070106,CH CH Melody Strawberry 48x6,1.0
00174,CH010124,Bonbon Chamallows Pink & White 70g HARIBO,5.25
00174,CH020424,Bonbon Chamallows Party 70g HARIBO,4.571428571428571
00174,DC010224,YAOURT BRASSE VANILLE,2.0
00174,FA010118,Mentos Fresh Action Cup Menthol 280g P100x18,2.0
00174,FA020118,Mentos Fresh Action Cup Cherry Mint 280g P100x18,1.0
00174,FR010116,Trio de Rochers Chocolat FERRERO,1.0
00174,FR010120,Bonbon Fruit-tella Stick  Strawberry 10px20x12,1.0
00174,FR010201,Coff. 16 Rochers Chocolat FERRERO,5.0
00174,FR010301,Coff. de 24 Rochers Chocolat FERRERO,2.0
00174,FR010401,Coff. de 30 Rochers Chocolat FERRERO,6.0
00174,FR010501,Coffret de 24 Rochers Collection Chocolat FERRERO,2.0
00174,FR010603,Coffret de 28 Rochers Cône Chocolat FERRERO,1.0
00174,GB010324,Bonbon Gold-Bears 30g HARIBO,24.0
00174,GB020130,Bonbon Gold-Bears 80gx30 - HARIBO,2.75
00174,HC020130,Bonbon Happy Cola 80gx30 HARIBO,2.6666666666666665
00174,HC030124,Bonbon Happy Cherries 80g HARIBO,4.0
00174,HC030324,Bonbon Happy Cola Fizz 70g HARIBO,3.25
00174,HZ010112,HEINZ LIGHT MAYONNAISE 225 ML,3.0
00174,HZ010124,TOMATO KETCHUP 200 G - HEINZ,2.0
00174,HZ010212,HEINZ CHILI MAYONNAISE 225 ML,3.0
00174,HZ010312,HEINZ GARLIC MAYONNAISE 225 ML,3.0
00174,JA010106,Mini Mentos Jar Fruit Mix 1Kg P100x6,1.0
00174,KC010120,YAOURT AROME CITRON,1.0
00174,KC010130,YAOURT AROME FRUITS DES BOIS,1.2
00174,KC010240,BIFI NATURE 0%,1.0
00174,KC020130,Barre de Chocolat Biscuit noisette BUENO WHITE,1.3333333333333333
00174,KD010114,Kinder Délice T10X14,9.5
00174,KD020114,Kinder Délice T1X10X14 (Pièce),2.0
00174,KH010128,Kinder Happy Hippo Cocoa T1x28x6,1.0
00174,KH020110,Kinder Happy Hippo Cocoa T5x10,1.0
00174,KS020116,Kinder Joy T1x16 Boy,1.0
00174,KS020216,Kinder Joy T1x16 Girl,1.0
00174,KS030116,Kinder Joy T1x16 Boy Collection 2,1.0
00174,KS030216,Kinder Joy T1x16 Girl Collection 2,1.0
00174,MI010124,Bonbon Mix Fizz 70g HARIBO,3.3333333333333335
00174,NP010301,Pate a Tartiner de 350 grs NUTELLA,6.0
00174,NP010407,Pôt Pâte à tartiner de 350g NUTELLA OCCASION,5.0
00174,NP010604,Nutella B-Ready T1x36x4,1.0
00174,NP01A301,Pate a Tartiner 350 g   10% NUTELLA,15.0
00174,PH020224,Bonbon Phantasia 80g HARIBO,3.6666666666666665
00174,RA040124,Canette Float Ananas 240 ML - RANI,12.0
00174,RO010112,Bonbon Roulette 25g - HARIBO,1.0
00174,RR010201,Coff. 15 Rochers Noix Coco RAFAELLO,2.0
00174,SM010224,Bonbon Starmix 80g HARIBO,3.6666666666666665
00174,SQ010124,Bonbon Squishy 80g HARIBO,3.0
00174,ST010208,Mix Sripe Assortiment 24x8x25g HARIBO,1.0
00174,TB070148,Tic Tac Mix T48x8 ARBRE,1.0
00174,TE020124,Bonbon Teeth 80g HARIBO,3.25
00174,WO020124,Bonbon Worms 80g HARIBO,5.0
00174,WO030124,Bonbon Fizz Worms 70g HARIBO,4.5
00175,FR010116,Trio de Rochers Chocolat FERRERO,2.0
00175,FR010201,Coff. 16 Rochers Chocolat FERRERO,1.0
00175,RO010112,Bonbon Roulette 25g - HARIBO,1.0
00176,AL010124,VIT'UP 170GR COLA CITRON,1.0
00176,AL020112,BEURRE COND 100 gr,1.0
00176,BB022020,CH CH Bigbabol Stick Strawberry 5p x 20 x 20,1.0
00176,BL030136,Blister Mentos Gum White Sweet Mint 17g P12x12,1.0
00176,BL040136,Blister Mentos Gum White Tutti Frutti 17g P12x12,1.0
00176,CC060106,Sachet Chupa-Chups The Best Of P120x6,1.0
00176,CC060112,CH CH XXL Strawberry 25Px29g,1.0
00176,CH020424,Bonbon Chamallows Party 70g HARIBO,4.0
00176,FA030112,Mentos Fresh Action Stick Cherry Mint 10px24x12,1.0
00176,JA010106,Mini Mentos Jar Fruit Mix 1Kg P100x6,1.0
00176,KH010128,Kinder Happy Hippo Cocoa T1x28x6,1.0
00176,KK010106,KAT KAT TAT Noisette 24g (24x6),1.0
00176,LG010420,Gaufrette Golden Chocolat Blanc & Kiwi 140g - LING,20.0
00176,MD010112,"Mentos Gum 3D Fresh Mint 8,5g P5x15",1.0
00176,MR020108,"Mentos Rolls Strawberry 39,2g P14x20",1.0
00176,MR030108,"Mentos Rolls Rainbow 39,2g P14x20",1.0
00176,MR050108,"Mentos Rolls Fruit 39,2g P14x20",1.0
00176,MW010112,"Boite Mentos Gum White Sweet Mint 53,2g P38x6",1.0
00176,MW020112,"Boite Mentos Gum White Tutti Frutti 53,2g P38x6",1.0
00176,RO010112,Bonbon Roulette 25g - HARIBO,1.0
00176,TB070148,Tic Tac Mix T48x8 ARBRE,1.0
00177,BB022020,CH CH Bigbabol Stick Strawberry 5p x 20 x 20,1.0
00177,BI050124,Biskrem Cacao 60g - ULKER,24.0
00177,BI070124,BISKREM CACAO 85g - ULKER,24.0
00177,BI080124,BISKREM DUO 85g - ULKER,24.0
00177,BL030136,Blister Mentos Gum White Sweet Mint 17g P12x12,1.0
00177,BL040136,Blister Mentos Gum White Tutti Frutti 17g P12x12,1.0
00177,BR020124,RAIEB 450 GR,120.0
00177,BR040124,VIT'UP FRAISE 260GR,48.0
00177,KC010130,YAOURT AROME FRUITS DES BOIS,1.0
00177,KC020130,Barre de Chocolat Biscuit noisette BUENO WHITE,1.0
00177,KD010114,Kinder Délice T10X14,1.0
00177,KS020216,Kinder Joy T1x16 Girl,1.0
00177,MD010112,"Mentos Gum 3D Fresh Mint 8,5g P5x15",1.0
00177,MD020112,"Mentos Gum 3D S-A-R 8,5g P5x15",1.0
00177,MD030112,"Mentos Gum 3D Watermelon 8,5g P5x15",1.0
00177,RO010112,Bonbon Roulette 25g - HARIBO,1.0
00178,BE010124,Bonbon Berries 80g HARIBO,5.0
00178,BI030124,Biskrem DUO 110g - ULKER,24.0
00178,CC060106,Sachet Chupa-Chups The Best Of P120x6,1.0
00178,CH010124,Bonbon Chamallows Pink & White 70g HARIBO,5.0
00178,CH020424,Bonbon Chamallows Party 70g HARIBO,5.0
00178,KC010120,YAOURT AROME CITRON,1.0
00178,KC010130,YAOURT AROME FRUITS DES BOIS,1.0
00178,SQ010124,Bonbon Squishy 80g HARIBO,2.0
00180,11469848,Grain d'Or Cacao 12x300g,12.0
00180,CR020124,Bonbon Croco 80g HARIBO,20.0
00180,DR020124,Bonbon Droppys 80g HARIBO,12.0
00181,0005,Compote pomme fraise,1.0
00181,AL010124,VIT'UP 170GR COLA CITRON,1.0
00181,AL020112,BEURRE COND 100 gr,1.0
00181,BB012020,CH CH Bigbabol Stick Tutti Frutti 5p x 20 x 20,1.25
00181,BB022020,CH CH Bigbabol Stick Strawberry 5p x 20 x 20,1.0
00181,BE010112,Biskrem Extra 92g - ULKER,12.0
00181,BI020124,Biskrem DUO 60g - ULKER,24.0
00181,BI030112,BISKREM DUO 85g - ULKER,18.0
00181,BI030124,Biskrem DUO 110g - ULKER,37.333333333333336
00181,BI050124,Biskrem Cacao 60g - ULKER,25.714285714285715
00181,BI060124,Biskrem Cacao 110g - ULKER,37.714285714285715
00181,BI070124,BISKREM CACAO 85g - ULKER,27.428571428571427
00181,BI080124,BISKREM DUO 85g - ULKER,24.0
00181,BL030136,Blister Mentos Gum White Sweet Mint 17g P12x12,1.0
00181,BL040136,Blister Mentos Gum White Tutti Frutti 17g P12x12,1.0
00181,CC070106,CH CH Melody Strawberry 48x6,1.0
00181,DC010224,YAOURT BRASSE VANILLE,1.0
00181,FA010118,Mentos Fresh Action Cup Menthol 280g P100x18,1.1666666666666667
00181,FA020118,Mentos Fresh Action Cup Cherry Mint 280g P100x18,1.0
00181,FA030112,Mentos Fresh Action Stick Cherry Mint 10px24x12,1.0
00181,FF010112,Big Babol Filifolly Strawberry 11g x 12 Sachets,1.0
00181,FF020112,Big Babol Filifolly Fruit 11g x 12 Sachets,1.0
00181,FR010116,Trio de Rochers Chocolat FERRERO,1.0
00181,GB020130,Bonbon Gold-Bears 80gx30 - HARIBO,1.0
00181,HC030124,Bonbon Happy Cherries 80g HARIBO,1.0
00181,JA010106,Mini Mentos Jar Fruit Mix 1Kg P100x6,1.0
00181,KC010120,YAOURT AROME CITRON,1.0
00181,KC010130,YAOURT AROME FRUITS DES BOIS,1.0416666666666667
00181,KC010240,BIFI NATURE 0%,2.6666666666666665
00181,KC010336,YAOURT AROME NATURE,1.5
00181,KC020130,Barre de Chocolat Biscuit noisette BUENO WHITE,1.0
00181,KD010114,Kinder Délice T10X14,2.2
00181,KH010128,Kinder Happy Hippo Cocoa T1x28x6,1.0
00181,KH020110,Kinder Happy Hippo Cocoa T5x10,1.0
00181,KK010112,KAT KAT TAT Chocolat 26g (24x12),1.1666666666666667
00181,KS010116,Kinder Joy T1x16 Limited Edition,1.0
00181,KS020116,Kinder Joy T1x16 Boy,1.0
00181,KS020216,Kinder Joy T1x16 Girl,1.0
00181,KS030116,Kinder Joy T1x16 Boy Collection 2,1.0
00181,LG020224,Gaufrette Golden Chocolat Blanc & Framboise 70g -L,24.0
00181,MD010112,"Mentos Gum 3D Fresh Mint 8,5g P5x15",1.0
00181,MD020112,"Mentos Gum 3D S-A-R 8,5g P5x15",1.0
00181,MG010116,Mentos Gum Rolls Pure Fresh 1.75g P9x16,1.0
00181,MI010124,Bonbon Mix Fizz 70g HARIBO,1.0
00181,MR010108,"Mentos Rolls Menthe 39,2g P14x20",1.0
00181,MR030108,"Mentos Rolls Rainbow 39,2g P14x20",1.0
00181,MV020224,Mc Vities Digestive Milk Chocolate 200g x 24,4.0
00181,MW010112,"Boite Mentos Gum White Sweet Mint 53,2g P38x6",1.0
00181,NP010301,Pate a Tartiner de 350 grs NUTELLA,3.5
00181,NP010407,Pôt Pâte à tartiner de 350g NUTELLA OCCASION,2.75
00181,NP010501,Nutella & Go 52g,24.0
00181,NP010604,Nutella B-Ready T1x36x4,1.0869565217391304
00181,NP060716,Nutella B-Ready T6x16,3.5
00181,RA030124,Canette Float Mangue 240 ML - RANI,24.0
00181,RA040124,Canette Float Ananas 240 ML - RANI,24.0
00181,RA060124,Canette Float Fraise-Banane 240 ML - RANI,24.0
00181,RO010112,Bonbon Roulette 25g - HARIBO,1.0
00181,SM010224,Bonbon Starmix 80g HARIBO,1.0
00181,TB010112,Boite Bonbon Menthe T12x24 TIC TAC,1.0
00181,TB020112,Boite Bonbon Orange T12x24 TIC TAC,1.0
00181,TB070148,Tic Tac Mix T48x8 ARBRE,1.0
00184,0005,Compote pomme fraise,1.0
00184,AL010124,VIT'UP 170GR COLA CITRON,1.0
00184,BI020124,Biskrem DUO 60g - ULKER,48.0
00184,BI030112,BISKREM DUO 85g - ULKER,12.0
00184,BI030124,Biskrem DUO 110g - ULKER,32.0
00184,BI050124,Biskrem Cacao 60g - ULKER,24.0
00184,BI060124,Biskrem Cacao 110g - ULKER,24.0
00184,BI070124,BISKREM CACAO 85g - ULKER,32.0
00184,BI080124,BISKREM DUO 85g - ULKER,36.0
00184,CH010124,Bonbon Chamallows Pink & White 70g HARIBO,12.0
00184,FA010118,Mentos Fresh Action Cup Menthol 280g P100x18,1.0
00184,FR010120,Bonbon Fruit-tella Stick  Strawberry 10px20x12,1.0
00184,HC030324,Bonbon Happy Cola Fizz 70g HARIBO,3.0
00184,JA010106,Mini Mentos Jar Fruit Mix 1Kg P100x6,1.0
00184,KC010120,YAOURT AROME CITRON,1.0
00184,KC010130,YAOURT AROME FRUITS DES BOIS,1.0
00184,KK010112,KAT KAT TAT Chocolat 26g (24x12),2.0
00184,LG020224,Gaufrette Golden Chocolat Blanc & Framboise 70g -L,24.0
00184,LI010140,Gaufrette Goût Chocolat 30g - LINGOT (Colisage 40),40.0
00184,LT030124,Gaufrette enrobée choco 30G Triple saveur (24x4),1.3333333333333333
00184,NP010604,Nutella B-Ready T1x36x4,1.0
00184,RO010112,Bonbon Roulette 25g - HARIBO,1.0
00184,TB010112,Boite Bonbon Menthe T12x24 TIC TAC,1.0
00184,TB020112,Boite Bonbon Orange T12x24 TIC TAC,1.0
00184,TB070148,Tic Tac Mix T48x8 ARBRE,1.0
00185,BI030124,Biskrem DUO 110g - ULKER,24.0
00188,0005,Compote pomme fraise,1.0
00188,AL020112,BEURRE COND 100 gr,1.0
00188,BB012020,CH CH Bigbabol Stick Tutti Frutti 5p x 20 x 20,1.0
00188,BB022020,CH CH Bigbabol Stick Strawberry 5p x 20 x 20,1.0
00188,BI030124,Biskrem DUO 110g - ULKER,30.0
00188,BI050124,Biskrem Cacao 60g - ULKER,36.0
00188,BI060124,Biskrem Cacao 110g - ULKER,38.4
00188,BI070124,BISKREM CACAO 85g - ULKER,48.0
00188,BI080124,BISKREM DUO 85g - ULKER,24.0
00188,CC070106,CH CH Melody Strawberry 48x6,1.0
00188,FA030112,Mentos Fresh Action Stick Cherry Mint 10px24x12,1.0
00188,KC010130,YAOURT AROME FRUITS DES BOIS,1.0
00188,NP010604,Nutella B-Ready T1x36x4,1.0
00189,0005,Compote pomme fraise,1.0
00189,AL020112,BEURRE COND 100 gr,1.0
00189,BE010112,Biskrem Extra 92g - ULKER,12.0
00189,BI020124,Biskrem DUO 60g - ULKER,24.0
00189,BI030112,BISKREM DUO 85g - ULKER,24.0
00189,BI030124,Biskrem DUO 110g - ULKER,52.8
00189,BI050124,Biskrem Cacao 60g - ULKER,34.666666666666664
00189,BI060124,Biskrem Cacao 110g - ULKER,37.714285714285715
00189,BI070124,BISKREM CACAO 85g - ULKER,36.0
00189,BI080124,BISKREM DUO 85g - ULKER,28.8
00189,BL030136,Blister Mentos Gum White Sweet Mint 17g P12x12,1.0
00189,CC070106,CH CH Melody Strawberry 48x6,1.0
00189,CH010124,Bonbon Chamallows Pink & White 70g HARIBO,8.0
00189,FA010118,Mentos Fresh Action Cup Menthol 280g P100x18,1.0
00189,FR010116,Trio de Rochers Chocolat FERRERO,1.0
00189,JA010106,Mini Mentos Jar Fruit Mix 1Kg P100x6,1.0
00189,KC010120,YAOURT AROME CITRON,1.0
00189,KC010130,YAOURT AROME FRUITS DES BOIS,1.0
00189,KC010240,BIFI NATURE 0%,1.0
00189,KC010336,YAOURT AROME NATURE,1.0
00189,KC020130,Barre de Chocolat Biscuit noisette BUENO WHITE,1.0
00189,KS020116,Kinder Joy T1x16 Boy,1.0
00189,LG020124,Gaufrette Golden  Chocolat Blanc & Citron 70g,24.0
00189,LG020324,Gaufrette Golden Wafers goût Chocolat 70g - LINGOT,24.0
00189,LT010124,Gaufrette enrobée choco 30G Riz Soufflé (24x4),1.0
00189,LT020124,Gaufrette enrobée choco 30G Cacahueté (24x4),1.5
00189,LT030124,Gaufrette enrobée choco 30G Triple saveur (24x4),1.0
00189,NP010301,Pate a Tartiner de 350 grs NUTELLA,5.333333333333333
00189,NP010407,Pôt Pâte à tartiner de 350g NUTELLA OCCASION,6.0
00189,NP010604,Nutella B-Ready T1x36x4,1.0
00189,RO010112,Bonbon Roulette 25g - HARIBO,1.0
00189,TB020112,Boite Bonbon Orange T12x24 TIC TAC,1.0
00189,TB070148,Tic Tac Mix T48x8 ARBRE,1.0
00190,0005,Compote pomme fraise,1.0
00190,AL020112,BEURRE COND 100 gr,1.0
00190,BI030112,BISKREM DUO 85g - ULKER,12.0
00190,BI030124,Biskrem DUO 110g - ULKER,48.0
00190,BI050124,Biskrem Cacao 60g - ULKER,24.0
00190,BI060124,Biskrem Cacao 110g - ULKER,24.0
00190,BI080124,BISKREM DUO 85g - ULKER,24.0
00190,BL040136,Blister Mentos Gum White Tutti Frutti 17g P12x12,1.0
00190,CC060106,Sachet Chupa-Chups The Best Of P120x6,1.0
00190,CC060112,CH CH XXL Strawberry 25Px29g,1.0
00190,CC070106,CH CH Melody Strawberry 48x6,1.0
00190,CH010124,Bonbon Chamallows Pink & White 70g HARIBO,5.0
00190,FA020118,Mentos Fresh Action Cup Cherry Mint 280g P100x18,1.0
00190,FA030112,Mentos Fresh Action Stick Cherry Mint 10px24x12,1.0
00190,FF010112,Big Babol Filifolly Strawberry 11g x 12 Sachets,1.0
00190,FF020112,Big Babol Filifolly Fruit 11g x 12 Sachets,1.0
00190,FR010116,Trio de Rochers Chocolat FERRERO,1.0
00190,GB020130,Bonbon Gold-Bears 80gx30 - HARIBO,2.0
00190,HC030124,Bonbon Happy Cherries 80g HARIBO,2.0
00190,HZ010312,HEINZ GARLIC MAYONNAISE 225 ML,1.0
00190,JA010106,Mini Mentos Jar Fruit Mix 1Kg P100x6,1.0
00190,KC010120,YAOURT AROME CITRON,1.0
00190,KC010130,YAOURT AROME FRUITS DES BOIS,1.0
00190,KC010210,YAOURT AROME NOIX DE COCO,1.0
00190,KC010240,BIFI NATURE 0%,1.0
00190,KC010336,YAOURT AROME NATURE,1.0
00190,KC020130,Barre de Chocolat Biscuit noisette BUENO WHITE,1.0
00190,KD010114,Kinder Délice T10X14,1.5
00190,KH010128,Kinder Happy Hippo Cocoa T1x28x6,1.0
00190,KS020116,Kinder Joy T1x16 Boy,1.0
00190,LG020324,Gaufrette Golden Wafers goût Chocolat 70g - LINGOT,24.0
00190,MD010112,"Mentos Gum 3D Fresh Mint 8,5g P5x15",1.0
00190,MD020112,"Mentos Gum 3D S-A-R 8,5g P5x15",1.0
00190,MI010124,Bonbon Mix Fizz 70g HARIBO,2.0
00190,MR030108,"Mentos Rolls Rainbow 39,2g P14x20",1.0
00190,NP010301,Pate a Tartiner de 350 grs NUTELLA,4.0
00190,NP010604,Nutella B-Ready T1x36x4,1.0
00190,RA020124,Canette Float Peche 240 ML - RANI,48.0
00190,RA040124,Canette Float Ananas 240 ML - RANI,48.0
00190,RO010112,Bonbon Roulette 25g - HARIBO,1.0
00190,RR010116,Trio de Rochers Noix Coco RAFAELLO,1.0
00190,RR010201,Coff. 15 Rochers Noix Coco RAFAELLO,6.0
00190,SM010224,Bonbon Starmix 80g HARIBO,2.0
00190,TB020112,Boite Bonbon Orange T12x24 TIC TAC,1.0
00190,TB070148,Tic Tac Mix T48x8 ARBRE,1.0
00190,WO030124,Bonbon Fizz Worms 70g HARIBO,3.0
00191,0005,Compote pomme fraise,1.0
00191,AL010124,VIT'UP 170GR COLA CITRON,1.0
00191,AL020112,BEURRE COND 100 gr,1.0
00191,BB012020,CH CH Bigbabol Stick Tutti Frutti 5p x 20 x 20,1.5
00191,BI020124,Biskrem DUO 60g - ULKER,24.0
00191,BI030112,BISKREM DUO 85g - ULKER,24.0
00191,BI030124,Biskrem DUO 110g - ULKER,33.6
00191,BI050124,Biskrem Cacao 60g - ULKER,30.0
00191,BI060124,Biskrem Cacao 110g - ULKER,24.0
00191,BI070124,BISKREM CACAO 85g - ULKER,28.0
00191,BI080124,BISKREM DUO 85g - ULKER,24.0
00191,CC060106,Sachet Chupa-Chups The Best Of P120x6,1.25
00191,CC060112,CH CH XXL Strawberry 25Px29g,1.0
00191,CC070106,CH CH Melody Strawberry 48x6,1.0
00191,CC080116,Chupa-Chups Surprise 16x6,1.0
00191,CH010124,Bonbon Chamallows Pink & White 70g HARIBO,21.0
00191,FA010118,Mentos Fresh Action Cup Menthol 280g P100x18,1.0
00191,FA020118,Mentos Fresh Action Cup Cherry Mint 280g P100x18,1.0
00191,FF010112,Big Babol Filifolly Strawberry 11g x 12 Sachets,1.0
00191,FF020112,Big Babol Filifolly Fruit 11g x 12 Sachets,1.0
00191,FF030112,Big Babol Filifolly Watermelon 11g x 12 Sachets,1.0
00191,FR010116,Trio de Rochers Chocolat FERRERO,1.0
00191,HZ010124,TOMATO KETCHUP 200 G - HEINZ,6.0
00191,JA010106,Mini Mentos Jar Fruit Mix 1Kg P100x6,1.0
00191,KC010120,YAOURT AROME CITRON,1.0
00191,KC010130,YAOURT AROME FRUITS DES BOIS,1.0
00191,KC010240,BIFI NATURE 0%,1.0
00191,KC010336,YAOURT AROME NATURE,1.0
00191,KC020130,Barre de Chocolat Biscuit noisette BUENO WHITE,1.0
00191,KD010114,Kinder Délice T10X14,2.0
00191,KK010112,KAT KAT TAT Chocolat 26g (24x12),1.0
00191,KS020116,Kinder Joy T1x16 Boy,1.0
00191,KS020216,Kinder Joy T1x16 Girl,1.0
00191,KS030116,Kinder Joy T1x16 Boy Collection 2,1.0
00191,KS030216,Kinder Joy T1x16 Girl Collection 2,1.0
00191,LI050140,Gaufrette Goût Lait 30g - LINGOT (Colisage 40),40.0
00191,LT030124,Gaufrette enrobée choco 30G Triple saveur (24x4),2.0
00191,MR020108,"Mentos Rolls Strawberry 39,2g P14x20",1.0
00191,NP010301,Pate a Tartiner de 350 grs NUTELLA,3.3333333333333335
00191,NP010501,Nutella & Go 52g,24.0
00191,NP010604,Nutella B-Ready T1x36x4,1.0
00191,RO010112,Bonbon Roulette 25g - HARIBO,1.5
00191,TB010112,Boite Bonbon Menthe T12x24 TIC TAC,1.0
00191,TB020112,Boite Bonbon Orange T12x24 TIC TAC,1.0
00191,TB030112,Boite Bonbon Spearmint T12x24 TIC TAC,1.0
00191,TB070148,Tic Tac Mix T48x8 ARBRE,1.0
00192,AL020112,BEURRE COND 100 gr,1.0
00192,BB022020,CH CH Bigbabol Stick Strawberry 5p x 20 x 20,1.0
00192,BI030112,BISKREM DUO 85g - ULKER,12.0
00192,BI030124,Biskrem DUO 110g - ULKER,24.0
00192,BI050124,Biskrem Cacao 60g - ULKER,24.0
00192,BI060124,Biskrem Cacao 110g - ULKER,24.0
00192,BI070124,BISKREM CACAO 85g - ULKER,24.0
00192,BI080124,BISKREM DUO 85g - ULKER,24.0
00192,BR010124,LBEN 430 GR,12.0
00192,CC060112,CH CH XXL Strawberry 25Px29g,1.0
00192,CC070106,CH CH Melody Strawberry 48x6,1.0
00192,CH010124,Bonbon Chamallows Pink & White 70g HARIBO,12.0
00192,FA010118,Mentos Fresh Action Cup Menthol 280g P100x18,1.0
00192,JA010106,Mini Mentos Jar Fruit Mix 1Kg P100x6,1.0
00192,KC010130,YAOURT AROME FRUITS DES BOIS,1.0
00192,KC010240,BIFI NATURE 0%,1.0
00192,LI010124,Gaufrette gout Chocolat 70g - LINGOT(colisage 24),24.0
00192,LT020124,Gaufrette enrobée choco 30G Cacahueté (24x4),2.0
00192,RA060124,Canette Float Fraise-Banane 240 ML - RANI,24.0
00192,RO010112,Bonbon Roulette 25g - HARIBO,1.0
00194,AL020112,BEURRE COND 100 gr,1.0
00194,BI030112,BISKREM DUO 85g - ULKER,12.0
00194,BI030124,Biskrem DUO 110g - ULKER,24.0
00194,BI050124,Biskrem Cacao 60g - ULKER,24.0
00194,BI060124,Biskrem Cacao 110g - ULKER,24.0
00194,BI070124,BISKREM CACAO 85g - ULKER,24.0
00194,BI080124,BISKREM DUO 85g - ULKER,24.0
00194,BL040136,Blister Mentos Gum White Tutti Frutti 17g P12x12,1.0
00194,CC060106,Sachet Chupa-Chups The Best Of P120x6,1.0
00194,CC060112,CH CH XXL Strawberry 25Px29g,1.0
00194,CH010124,Bonbon Chamallows Pink & White 70g HARIBO,24.0
00194,FA010118,Mentos Fresh Action Cup Menthol 280g P100x18,1.0
00194,FA020118,Mentos Fresh Action Cup Cherry Mint 280g P100x18,1.0
00194,KC010120,YAOURT AROME CITRON,1.0
00194,KC010240,BIFI NATURE 0%,1.0
00194,KD010114,Kinder Délice T10X14,5.0
00194,LG020324,Gaufrette Golden Wafers goût Chocolat 70g - LINGOT,24.0
00194,LI010124,Gaufrette gout Chocolat 70g - LINGOT(colisage 24),32.0
00194,LI010140,Gaufrette Goût Chocolat 30g - LINGOT (Colisage 40),40.0
00194,LT030124,Gaufrette enrobée choco 30G Triple saveur (24x4),2.0
00194,RA040124,Canette Float Ananas 240 ML - RANI,24.0
00194,RO010112,Bonbon Roulette 25g - HARIBO,1.0
00194,TB070148,Tic Tac Mix T48x8 ARBRE,1.0
00195,0005,Compote pomme fraise,1.0
00195,AL010124,VIT'UP 170GR COLA CITRON,1.0
00195,AL020112,BEURRE COND 100 gr,1.0
00195,BI020124,Biskrem DUO 60g - ULKER,24.0
00195,BI030112,BISKREM DUO 85g - ULKER,18.0
00195,BI030124,Biskrem DUO 110g - ULKER,28.8
00195,BI050124,Biskrem Cacao 60g - ULKER,24.0
00195,BI060124,Biskrem Cacao 110g - ULKER,24.0
00195,BI070124,BISKREM CACAO 85g - ULKER,48.0
00195,BI080124,BISKREM DUO 85g - ULKER,24.0
00195,BL030136,Blister Mentos Gum White Sweet Mint 17g P12x12,2.0
00195,CH010124,Bonbon Chamallows Pink & White 70g HARIBO,6.0
00195,FA010118,Mentos Fresh Action Cup Menthol 280g P100x18,1.0
00195,FA020118,Mentos Fresh Action Cup Cherry Mint 280g P100x18,1.0
00195,HC030324,Bonbon Happy Cola Fizz 70g HARIBO,12.0
00195,KC010130,YAOURT AROME FRUITS DES BOIS,1.0
00195,KK010112,KAT KAT TAT Chocolat 26g (24x12),1.0
00195,LG020324,Gaufrette Golden Wafers goût Chocolat 70g - LINGOT,24.0
00195,LI010140,Gaufrette Goût Chocolat 30g - LINGOT (Colisage 40),40.0
00195,TB020112,Boite Bonbon Orange T12x24 TIC TAC,1.0
00196,BI030112,BISKREM DUO 85g - ULKER,12.0
00196,BI030124,Biskrem DUO 110g - ULKER,24.0
00196,BI050124,Biskrem Cacao 60g - ULKER,24.0
00196,BI060124,Biskrem Cacao 110g - ULKER,24.0
00196,CC070106,CH CH Melody Strawberry 48x6,1.0
00196,CH010124,Bonbon Chamallows Pink & White 70g HARIBO,12.0
00196,FA010118,Mentos Fresh Action Cup Menthol 280g P100x18,1.5
00196,FA020118,Mentos Fresh Action Cup Cherry Mint 280g P100x18,1.0
00196,KD010114,Kinder Délice T10X14,2.0
00196,LI020124,Gaufrette gout Lait 70g - LINGOT (colisage 24),24.0
00196,LT020124,Gaufrette enrobée choco 30G Cacahueté (24x4),1.0
00196,LT030124,Gaufrette enrobée choco 30G Triple saveur (24x4),1.0
00196,NP010407,Pôt Pâte à tartiner de 350g NUTELLA OCCASION,6.0
00197,BI030112,BISKREM DUO 85g - ULKER,12.0
00197,BI050124,Biskrem Cacao 60g - ULKER,24.0
00197,BI060124,Biskrem Cacao 110g - ULKER,24.0
00197,FA010118,Mentos Fresh Action Cup Menthol 280g P100x18,1.0
00197,KC010120,YAOURT AROME CITRON,1.0
00197,KK010112,KAT KAT TAT Chocolat 26g (24x12),1.0
00197,TB010112,Boite Bonbon Menthe T12x24 TIC TAC,1.0
00198,0005,Compote pomme fraise,1.0
00198,BI030124,Biskrem DUO 110g - ULKER,29.0
00198,BI050124,Biskrem Cacao 60g - ULKER,44.0
00198,BI060124,Biskrem Cacao 110g - ULKER,43.2
00198,CC060106,Sachet Chupa-Chups The Best Of P120x6,1.0
00198,CC080116,Chupa-Chups Surprise 16x6,1.0
00198,CH010124,Bonbon Chamallows Pink & White 70g HARIBO,25.666666666666668
00198,DC010224,YAOURT BRASSE VANILLE,1.0
00198,FA010118,Mentos Fresh Action Cup Menthol 280g P100x18,1.6666666666666667
00198,FF010112,Big Babol Filifolly Strawberry 11g x 12 Sachets,1.2
00198,FF020112,Big Babol Filifolly Fruit 11g x 12 Sachets,1.0
00198,FF030112,Big Babol Filifolly Watermelon 11g x 12 Sachets,1.0
00198,FR010116,Trio de Rochers Chocolat FERRERO,1.0
00198,FR010201,Coff. 16 Rochers Chocolat FERRERO,5.0
00198,GB020130,Bonbon Gold-Bears 80gx30 - HARIBO,6.0
00198,HC020130,Bonbon Happy Cola 80gx30 HARIBO,6.0
00198,HC030324,Bonbon Happy Cola Fizz 70g HARIBO,10.333333333333334
00198,JA010106,Mini Mentos Jar Fruit Mix 1Kg P100x6,1.0
00198,KC010120,YAOURT AROME CITRON,1.1428571428571428
00198,KC010130,YAOURT AROME FRUITS DES BOIS,1.6363636363636365
00198,KC010240,BIFI NATURE 0%,1.0
00198,KC010336,YAOURT AROME NATURE,2.0
00198,KC020130,Barre de Chocolat Biscuit noisette BUENO WHITE,1.3333333333333333
00198,KH010128,Kinder Happy Hippo Cocoa T1x28x6,1.6666666666666667
00198,KH020110,Kinder Happy Hippo Cocoa T5x10,1.0
00198,KK010112,KAT KAT TAT Chocolat 26g (24x12),1.0
00198,KS020116,Kinder Joy T1x16 Boy,1.25
00198,KS020216,Kinder Joy T1x16 Girl,1.3333333333333333
00198,MG010116,Mentos Gum Rolls Pure Fresh 1.75g P9x16,1.5
00198,MI010124,Bonbon Mix Fizz 70g HARIBO,13.2
00198,MR010108,"Mentos Rolls Menthe 39,2g P14x20",1.0
00198,MR030108,"Mentos Rolls Rainbow 39,2g P14x20",1.0
00198,MW010112,"Boite Mentos Gum White Sweet Mint 53,2g P38x6",1.0
00198,MW020112,"Boite Mentos Gum White Tutti Frutti 53,2g P38x6",1.0
00198,NP010301,Pate a Tartiner de 350 grs NUTELLA,6.5
00198,NP010407,Pôt Pâte à tartiner de 350g NUTELLA OCCASION,4.666666666666667
00198,NP010604,Nutella B-Ready T1x36x4,1.5
00198,NP060716,Nutella B-Ready T6x16,8.8
00198,RA040124,Canette Float Ananas 240 ML - RANI,48.0
00198,RO010112,Bonbon Roulette 25g - HARIBO,1.5
00198,SM010224,Bonbon Starmix 80g HARIBO,6.0
00198,TB010112,Boite Bonbon Menthe T12x24 TIC TAC,1.0
00198,TB020112,Boite Bonbon Orange T12x24 TIC TAC,1.3333333333333333
00198,TB030112,Boite Bonbon Spearmint T12x24 TIC TAC,1.0
00198,TB070148,Tic Tac Mix T48x8 ARBRE,1.0
00198,WO030124,Bonbon Fizz Worms 70g HARIBO,12.0
00199,BI020124,Biskrem DUO 60g - ULKER,24.0
00199,BI030112,BISKREM DUO 85g - ULKER,12.0
00199,BI030124,Biskrem DUO 110g - ULKER,48.0
00199,BI050124,Biskrem Cacao 60g - ULKER,48.0
00199,BI060124,Biskrem Cacao 110g - ULKER,48.0
00199,BI070124,BISKREM CACAO 85g - ULKER,23.5
00199,BI080124,BISKREM DUO 85g - ULKER,24.0
00199,CC060106,Sachet Chupa-Chups The Best Of P120x6,1.5
00199,CH010124,Bonbon Chamallows Pink & White 70g HARIBO,36.0
00199,KC010120,YAOURT AROME CITRON,1.0
00199,KC010130,YAOURT AROME FRUITS DES BOIS,1.0
00199,KC010240,BIFI NATURE 0%,2.0
00199,MD030112,"Mentos Gum 3D Watermelon 8,5g P5x15",1.0
00199,TB010112,Boite Bonbon Menthe T12x24 TIC TAC,2.0
00200,AL010124,VIT'UP 170GR COLA CITRON,1.0
00200,BB012020,CH CH Bigbabol Stick Tutti Frutti 5p x 20 x 20,4.0
00200,BE010124,Bonbon Berries 80g HARIBO,8.0
00200,BI050124,Biskrem Cacao 60g - ULKER,36.0
00200,BI060124,Biskrem Cacao 110g - ULKER,36.0
00200,BI080124,BISKREM DUO 85g - ULKER,36.0
00200,BL030136,Blister Mentos Gum White Sweet Mint 17g P12x12,1.5
00200,BL040136,Blister Mentos Gum White Tutti Frutti 17g P12x12,1.0
00200,CC060106,Sachet Chupa-Chups The Best Of P120x6,1.4
00200,CC060112,CH CH XXL Strawberry 25Px29g,1.5
00200,CC070106,CH CH Melody Strawberry 48x6,1.6666666666666667
00200,CC080116,Chupa-Chups Surprise 16x6,1.0
00200,CH020424,Bonbon Chamallows Party 70g HARIBO,17.0
00200,FF010112,Big Babol Filifolly Strawberry 11g x 12 Sachets,1.0
00200,FF020112,Big Babol Filifolly Fruit 11g x 12 Sachets,1.0
00200,FF030112,Big Babol Filifolly Watermelon 11g x 12 Sachets,2.0
00200,FR010116,Trio de Rochers Chocolat FERRERO,1.0
00200,HC030324,Bonbon Happy Cola Fizz 70g HARIBO,5.0
00200,KC010120,YAOURT AROME CITRON,1.0
00200,KC010130,YAOURT AROME FRUITS DES BOIS,1.0
00200,KC010240,BIFI NATURE 0%,2.0
00200,KC020130,Barre de Chocolat Biscuit noisette BUENO WHITE,1.0
00200,KS020116,Kinder Joy T1x16 Boy,1.0
00200,KS020216,Kinder Joy T1x16 Girl,1.0
00200,KS030116,Kinder Joy T1x16 Boy Collection 2,1.0
00200,KS030216,Kinder Joy T1x16 Girl Collection 2,1.0
00200,MD010112,"Mentos Gum 3D Fresh Mint 8,5g P5x15",1.5
00200,MD020112,"Mentos Gum 3D S-A-R 8,5g P5x15",1.0
00200,MI010124,Bonbon Mix Fizz 70g HARIBO,4.0
00200,NP010407,Pôt Pâte à tartiner de 350g NUTELLA OCCASION,7.0
00200,RA060124,Canette Float Fraise-Banane 240 ML - RANI,24.0
00200,RO010112,Bonbon Roulette 25g - HARIBO,1.3333333333333333
00200,RR010116,Trio de Rochers Noix Coco RAFAELLO,1.0
00200,TB010112,Boite Bonbon Menthe T12x24 TIC TAC,1.0
00200,TB020112,Boite Bonbon Orange T12x24 TIC TAC,1.25
00201,BE010112,Biskrem Extra 92g - ULKER,12.0
00201,BI020124,Biskrem DUO 60g - ULKER,24.0
00201,BI030124,Biskrem DUO 110g - ULKER,24.0
00201,BI050124,Biskrem Cacao 60g - ULKER,24.0
00201,BI060124,Biskrem Cacao 110g - ULKER,24.0
00201,BI070124,BISKREM CACAO 85g - ULKER,24.0
00201,BL030136,Blister Mentos Gum White Sweet Mint 17g P12x12,1.0
00201,CC060106,Sachet Chupa-Chups The Best Of P120x6,1.0
00201,CC070106,CH CH Melody Strawberry 48x6,1.0
00201,FA010118,Mentos Fresh Action Cup Menthol 280g P100x18,1.5
00201,KC010130,YAOURT AROME FRUITS DES BOIS,1.0
00201,KC020130,Barre de Chocolat Biscuit noisette BUENO WHITE,1.0
00201,KS030116,Kinder Joy T1x16 Boy Collection 2,1.0
00201,KS030216,Kinder Joy T1x16 Girl Collection 2,1.0
00201,LT030124,Gaufrette enrobée choco 30G Triple saveur (24x4),1.0
00201,MD010112,"Mentos Gum 3D Fresh Mint 8,5g P5x15",1.0
00201,NP010604,Nutella B-Ready T1x36x4,1.0
00201,NP060716,Nutella B-Ready T6x16,6.0
00201,RA020124,Canette Float Peche 240 ML - RANI,24.0
00201,TB020112,Boite Bonbon Orange T12x24 TIC TAC,1.0
00201,TB070148,Tic Tac Mix T48x8 ARBRE,1.0
00202,BI030112,BISKREM DUO 85g - ULKER,12.0
00202,CH020424,Bonbon Chamallows Party 70g HARIBO,12.0
00202,FA010118,Mentos Fresh Action Cup Menthol 280g P100x18,1.0
00202,FA020118,Mentos Fresh Action Cup Cherry Mint 280g P100x18,1.0
00202,JA010106,Mini Mentos Jar Fruit Mix 1Kg P100x6,1.0
00202,MD010112,"Mentos Gum 3D Fresh Mint 8,5g P5x15",1.0
00202,MD030112,"Mentos Gum 3D Watermelon 8,5g P5x15",1.0
00202,MR050108,"Mentos Rolls Fruit 39,2g P14x20",1.0
00202,NP010604,Nutella B-Ready T1x36x4,1.0
00202,RO010112,Bonbon Roulette 25g - HARIBO,1.0
00203,0005,Compote pomme fraise,1.0
00203,AL010124,VIT'UP 170GR COLA CITRON,1.0
00203,AL020112,BEURRE COND 100 gr,1.0
00203,BB012020,CH CH Bigbabol Stick Tutti Frutti 5p x 20 x 20,1.0
00203,BB022020,CH CH Bigbabol Stick Strawberry 5p x 20 x 20,1.0
00203,BI030124,Biskrem DUO 110g - ULKER,48.0
00203,BI050124,Biskrem Cacao 60g - ULKER,24.0
00203,BI060124,Biskrem Cacao 110g - ULKER,32.0
00203,BI070124,BISKREM CACAO 85g - ULKER,24.0
00203,BI080124,BISKREM DUO 85g - ULKER,24.0
00203,BL030136,Blister Mentos Gum White Sweet Mint 17g P12x12,1.0
00203,BL040136,Blister Mentos Gum White Tutti Frutti 17g P12x12,1.0
00203,CC060106,Sachet Chupa-Chups The Best Of P120x6,1.0
00203,CC060108,Présentoir Chupa-Chups Half Wheels P60x1,1.0
00203,CC070106,CH CH Melody Strawberry 48x6,1.0
00203,CH010124,Bonbon Chamallows Pink & White 70g HARIBO,21.0
00203,FA010118,Mentos Fresh Action Cup Menthol 280g P100x18,1.0
00203,FA020118,Mentos Fresh Action Cup Cherry Mint 280g P100x18,1.5
00203,FA030112,Mentos Fresh Action Stick Cherry Mint 10px24x12,1.0
00203,JA010106,Mini Mentos Jar Fruit Mix 1Kg P100x6,1.0
00203,KC010120,YAOURT AROME CITRON,1.0
00203,KC010130,YAOURT AROME FRUITS DES BOIS,1.0
00203,KC010240,BIFI NATURE 0%,1.0
00203,KK010112,KAT KAT TAT Chocolat 26g (24x12),1.0
00203,LI010124,Gaufrette gout Chocolat 70g - LINGOT(colisage 24),24.0
00203,LI020124,Gaufrette gout Lait 70g - LINGOT (colisage 24),24.0
00203,LT030124,Gaufrette enrobée choco 30G Triple saveur (24x4),2.6666666666666665
00203,MR020108,"Mentos Rolls Strawberry 39,2g P14x20",2.0
00203,MV020124,Mc Vities Digestive Dark Chocolate 200g x 24,3.0
00203,MW010112,"Boite Mentos Gum White Sweet Mint 53,2g P38x6",1.0
00203,MW020112,"Boite Mentos Gum White Tutti Frutti 53,2g P38x6",1.0
00203,NP010301,Pate a Tartiner de 350 grs NUTELLA,4.0
00203,RA010124,Canette Float Orange 240 ML - RANI,48.0
00203,RO010112,Bonbon Roulette 25g - HARIBO,1.0833333333333333
00203,TB010112,Boite Bonbon Menthe T12x24 TIC TAC,1.0
00203,TB020112,Boite Bonbon Orange T12x24 TIC TAC,1.3333333333333333
00203,TB070148,Tic Tac Mix T48x8 ARBRE,1.0
00204,AL020112,BEURRE COND 100 gr,1.0
00204,BI020124,Biskrem DUO 60g - ULKER,24.0
00204,BI030124,Biskrem DUO 110g - ULKER,24.0
00204,BI060124,Biskrem Cacao 110g - ULKER,28.8
00204,BI070124,BISKREM CACAO 85g - ULKER,30.0
00204,BI080124,BISKREM DUO 85g - ULKER,36.0
00204,BL030136,Blister Mentos Gum White Sweet Mint 17g P12x12,1.0
00204,BL040136,Blister Mentos Gum White Tutti Frutti 17g P12x12,1.0
00204,CC070106,CH CH Melody Strawberry 48x6,1.0
00204,KC010120,YAOURT AROME CITRON,1.0
00204,KC010130,YAOURT AROME FRUITS DES BOIS,1.0
00204,KC010240,BIFI NATURE 0%,1.0
00204,KC020130,Barre de Chocolat Biscuit noisette BUENO WHITE,1.0
00204,KD010114,Kinder Délice T10X14,1.0
00204,KS020116,Kinder Joy T1x16 Boy,1.0
00204,MR010108,"Mentos Rolls Menthe 39,2g P14x20",1.0
00204,NP010604,Nutella B-Ready T1x36x4,1.0
00204,RO010112,Bonbon Roulette 25g - HARIBO,1.0
00204,TB070148,Tic Tac Mix T48x8 ARBRE,1.0
00205,AL020112,BEURRE COND 100 gr,1.0
00205,BB012020,CH CH Bigbabol Stick Tutti Frutti 5p x 20 x 20,1.0
00205,BB022020,CH CH Bigbabol Stick Strawberry 5p x 20 x 20,1.0
00205,BI030112,BISKREM DUO 85g - ULKER,12.0
00205,BI050124,Biskrem Cacao 60g - ULKER,24.0
00205,BI070124,BISKREM CACAO 85g - ULKER,24.0
00205,BI080124,BISKREM DUO 85g - ULKER,24.0
00205,BL040136,Blister Mentos Gum White Tutti Frutti 17g P12x12,1.0
00205,CC060106,Sachet Chupa-Chups The Best Of P120x6,1.0
00205,FA020118,Mentos Fresh Action Cup Cherry Mint 280g P100x18,1.0
00205,JA010106,Mini Mentos Jar Fruit Mix 1Kg P100x6,1.0
00205,KC010130,YAOURT AROME FRUITS DES BOIS,1.0
00205,KC010336,YAOURT AROME NATURE,1.0
00205,KC020130,Barre de Chocolat Biscuit noisette BUENO WHITE,1.0
00205,KD010114,Kinder Délice T10X14,2.125
00205,LG020324,Gaufrette Golden Wafers goût Chocolat 70g - LINGOT,24.0
00205,MR010108,"Mentos Rolls Menthe 39,2g P14x20",1.0
00205,MR020108,"Mentos Rolls Strawberry 39,2g P14x20",1.0
00205,MW010112,"Boite Mentos Gum White Sweet Mint 53,2g P38x6",1.5
00205,MW020112,"Boite Mentos Gum White Tutti Frutti 53,2g P38x6",2.0
00205,NP010604,Nutella B-Ready T1x36x4,1.0
00205,RA040124,Canette Float Ananas 240 ML - RANI,24.0
00205,RO010112,Bonbon Roulette 25g - HARIBO,1.0
00205,RR010116,Trio de Rochers Noix Coco RAFAELLO,1.0
00205,TB010112,Boite Bonbon Menthe T12x24 TIC TAC,1.0
00205,TB020112,Boite Bonbon Orange T12x24 TIC TAC,1.0
00207,AL020112,BEURRE COND 100 gr,1.0
00207,BI020124,Biskrem DUO 60g - ULKER,24.0
00207,BI030124,Biskrem DUO 110g - ULKER,24.0
00207,BI050124,Biskrem Cacao 60g - ULKER,24.0
00207,BI060124,Biskrem Cacao 110g - ULKER,24.0
00207,BI080124,BISKREM DUO 85g - ULKER,24.0
00207,KC010120,YAOURT AROME CITRON,1.0
00207,KC010130,YAOURT AROME FRUITS DES BOIS,1.2
00207,MR050108,"Mentos Rolls Fruit 39,2g P14x20",1.0
00207,NP010301,Pate a Tartiner de 350 grs NUTELLA,5.0
00207,TB070148,Tic Tac Mix T48x8 ARBRE,1.0
00208,BE010124,Bonbon Berries 80g HARIBO,2.0
00208,BI030112,BISKREM DUO 85g - ULKER,12.0
00208,BI050124,Biskrem Cacao 60g - ULKER,36.0
00208,BI060124,Biskrem Cacao 110g - ULKER,24.0
00208,BI070124,BISKREM CACAO 85g - ULKER,24.0
00208,BI080124,BISKREM DUO 85g - ULKER,56.0
00208,BL030136,Blister Mentos Gum White Sweet Mint 17g P12x12,2.0
00208,BL040136,Blister Mentos Gum White Tutti Frutti 17g P12x12,1.3333333333333333
00208,CH010124,Bonbon Chamallows Pink & White 70g HARIBO,15.0
00208,FA020118,Mentos Fresh Action Cup Cherry Mint 280g P100x18,1.5
00208,FR010116,Trio de Rochers Chocolat FERRERO,1.0
00208,HC030324,Bonbon Happy Cola Fizz 70g HARIBO,2.0
00208,JA010106,Mini Mentos Jar Fruit Mix 1Kg P100x6,1.0
00208,KC010120,YAOURT AROME CITRON,1.0
00208,KC010130,YAOURT AROME FRUITS DES BOIS,1.0
00208,KC020130,Barre de Chocolat Biscuit noisette BUENO WHITE,1.0
00208,KS030116,Kinder Joy T1x16 Boy Collection 2,1.0
00208,KS030216,Kinder Joy T1x16 Girl Collection 2,1.0
00208,MD010112,"Mentos Gum 3D Fresh Mint 8,5g P5x15",1.0
00208,MD020112,"Mentos Gum 3D S-A-R 8,5g P5x15",1.0
00208,MD030112,"Mentos Gum 3D Watermelon 8,5g P5x15",1.0
00208,MI010124,Bonbon Mix Fizz 70g HARIBO,2.0
00208,MR040108,"Mentos Rolls Tutti Frutti 39,2 g P14x20",1.0
00208,MR050108,"Mentos Rolls Fruit 39,2g P14x20",1.0
00208,MW010112,"Boite Mentos Gum White Sweet Mint 53,2g P38x6",1.0
00208,MW020112,"Boite Mentos Gum White Tutti Frutti 53,2g P38x6",1.0
00208,NP010301,Pate a Tartiner de 350 grs NUTELLA,5.5
00208,NP010306,Pôt Pâte à tartiner de 600g NUTELLA,1.0
00208,RA060124,Canette Float Fraise-Banane 240 ML - RANI,24.0
00208,RO010112,Bonbon Roulette 25g - HARIBO,1.0
00208,TB010112,Boite Bonbon Menthe T12x24 TIC TAC,1.0
00208,TB020112,Boite Bonbon Orange T12x24 TIC TAC,1.0
00208,WO030124,Bonbon Fizz Worms 70g HARIBO,2.0
00209,BI030112,BISKREM DUO 85g - ULKER,12.0
00209,BI030124,Biskrem DUO 110g - ULKER,24.0
00209,BI050124,Biskrem Cacao 60g - ULKER,24.0
00209,BI060124,Biskrem Cacao 110g - ULKER,24.0
00209,BI070124,BISKREM CACAO 85g - ULKER,24.0
00209,BL030136,Blister Mentos Gum White Sweet Mint 17g P12x12,1.0
00209,BL040136,Blister Mentos Gum White Tutti Frutti 17g P12x12,1.0
00209,CC060108,Présentoir Chupa-Chups Half Wheels P60x1,1.0
00209,JA010106,Mini Mentos Jar Fruit Mix 1Kg P100x6,1.0
00209,KC010130,YAOURT AROME FRUITS DES BOIS,1.0
00209,KD010114,Kinder Délice T10X14,2.0
00209,KS020216,Kinder Joy T1x16 Girl,1.0
00209,LG020224,Gaufrette Golden Chocolat Blanc & Framboise 70g -L,24.0
00209,LG020324,Gaufrette Golden Wafers goût Chocolat 70g - LINGOT,24.0
00209,LI040124,Gaufrette gout Noisette 70g - LINGOT (colisage 24),24.0
00209,RA020124,Canette Float Peche 240 ML - RANI,24.0
00209,RA040124,Canette Float Ananas 240 ML - RANI,24.0
00209,TB070148,Tic Tac Mix T48x8 ARBRE,1.0
00213,AL020112,BEURRE COND 100 gr,1.0
00213,BI020124,Biskrem DUO 60g - ULKER,24.0
00213,BI050124,Biskrem Cacao 60g - ULKER,24.0
00213,BI070124,BISKREM CACAO 85g - ULKER,24.0
00213,KC010130,YAOURT AROME FRUITS DES BOIS,1.0
00213,KC010240,BIFI NATURE 0%,1.5
00213,LT030124,Gaufrette enrobée choco 30G Triple saveur (24x4),1.0
00214,0005,Compote pomme fraise,1.0
00214,AL010124,VIT'UP 170GR COLA CITRON,1.0
00214,AL020112,BEURRE COND 100 gr,1.0
00214,BB012020,CH CH Bigbabol Stick Tutti Frutti 5p x 20 x 20,1.0
00214,BB022020,CH CH Bigbabol Stick Strawberry 5p x 20 x 20,1.0
00214,BE010112,Biskrem Extra 92g - ULKER,12.0
00214,BI020124,Biskrem DUO 60g - ULKER,33.6
00214,BI030112,BISKREM DUO 85g - ULKER,36.0
00214,BI030124,Biskrem DUO 110g - ULKER,36.0
00214,BI050124,Biskrem Cacao 60g - ULKER,32.57142857142857
00214,BI060124,Biskrem Cacao 110g - ULKER,33.6
00214,BI070124,BISKREM CACAO 85g - ULKER,33.125
00214,BI080124,BISKREM DUO 85g - ULKER,24.0
00214,BL030136,Blister Mentos Gum White Sweet Mint 17g P12x12,1.0
00214,BL040136,Blister Mentos Gum White Tutti Frutti 17g P12x12,1.0
00214,CC060106,Sachet Chupa-Chups The Best Of P120x6,1.0
00214,CC060112,CH CH XXL Strawberry 25Px29g,1.0
00214,CC070106,CH CH Melody Strawberry 48x6,1.0
00214,CH010124,Bonbon Chamallows Pink & White 70g HARIBO,10.0
00214,FA010118,Mentos Fresh Action Cup Menthol 280g P100x18,1.0
00214,FA020118,Mentos Fresh Action Cup Cherry Mint 280g P100x18,1.0
00214,FR010116,Trio de Rochers Chocolat FERRERO,1.0
00214,FR010220,Bonbon Fruit-tella Stick Orange 10px20x12,1.0
00214,JA010106,Mini Mentos Jar Fruit Mix 1Kg P100x6,1.0
00214,KC010120,YAOURT AROME CITRON,1.0
00214,KC010130,YAOURT AROME FRUITS DES BOIS,1.0
00214,KC010240,BIFI NATURE 0%,1.0
00214,KC010336,YAOURT AROME NATURE,1.0
00214,KD010114,Kinder Délice T10X14,1.5
00214,KS020116,Kinder Joy T1x16 Boy,1.0
00214,KS020216,Kinder Joy T1x16 Girl,1.0
00214,KS030116,Kinder Joy T1x16 Boy Collection 2,1.0
00214,KS030216,Kinder Joy T1x16 Girl Collection 2,1.0
00214,LI010124,Gaufrette gout Chocolat 70g - LINGOT(colisage 24),24.0
00214,MD010112,"Mentos Gum 3D Fresh Mint 8,5g P5x15",1.0
00214,MG010116,Mentos Gum Rolls Pure Fresh 1.75g P9x16,1.0
00214,NP010301,Pate a Tartiner de 350 grs NUTELLA,6.0
00214,NP010604,Nutella B-Ready T1x36x4,1.0
00214,RA030124,Canette Float Mangue 240 ML - RANI,24.0
00214,RA060124,Canette Float Fraise-Banane 240 ML - RANI,24.0
00214,RO010112,Bonbon Roulette 25g - HARIBO,1.0
00214,TB010112,Boite Bonbon Menthe T12x24 TIC TAC,1.0
00214,TB020112,Boite Bonbon Orange T12x24 TIC TAC,1.0
00214,TB070148,Tic Tac Mix T48x8 ARBRE,1.0
00215,0005,Compote pomme fraise,2.3333333333333335
00215,BI020124,Biskrem DUO 60g - ULKER,24.0
00215,BI030124,Biskrem DUO 110g - ULKER,90.0
00215,BI050124,Biskrem Cacao 60g - ULKER,60.0
00215,BI060124,Biskrem Cacao 110g - ULKER,89.14285714285714
00215,FR010116,Trio de Rochers Chocolat FERRERO,1.0
00215,JA010106,Mini Mentos Jar Fruit Mix 1Kg P100x6,1.0
00215,KC010120,YAOURT AROME CITRON,1.0
00215,KC010130,YAOURT AROME FRUITS DES BOIS,1.0
00215,LT010124,Gaufrette enrobée choco 30G Riz Soufflé (24x4),1.2
00215,LT020124,Gaufrette enrobée choco 30G Cacahueté (24x4),1.0
00215,LT030124,Gaufrette enrobée choco 30G Triple saveur (24x4),1.5
00215,MR070108,Mentos Rolls Sour Mix 39.2g P14x20,1.0
00215,NP010301,Pate a Tartiner de 350 grs NUTELLA,6.5
00215,NP010306,Pôt Pâte à tartiner de 600g NUTELLA,6.0
00215,RA010124,Canette Float Orange 240 ML - RANI,24.0
00215,RA020124,Canette Float Peche 240 ML - RANI,24.0
00215,RA030124,Canette Float Mangue 240 ML - RANI,24.0
00215,RA040124,Canette Float Ananas 240 ML - RANI,24.0
00215,RA060124,Canette Float Fraise-Banane 240 ML - RANI,24.0
00215,TB010112,Boite Bonbon Menthe T12x24 TIC TAC,1.0
00216,0005,Compote pomme fraise,1.0
00216,AL020112,BEURRE COND 100 gr,1.0
00216,BI030124,Biskrem DUO 110g - ULKER,72.0
00216,FA010118,Mentos Fresh Action Cup Menthol 280g P100x18,1.0
00217,AL010124,VIT'UP 170GR COLA CITRON,1.0
00217,BB012020,CH CH Bigbabol Stick Tutti Frutti 5p x 20 x 20,1.0
00217,BB022020,CH CH Bigbabol Stick Strawberry 5p x 20 x 20,1.0
00217,BE010112,Biskrem Extra 92g - ULKER,24.0
00217,BI020124,Biskrem DUO 60g - ULKER,32.0
00217,BI030112,BISKREM DUO 85g - ULKER,12.0
00217,BI030124,Biskrem DUO 110g - ULKER,28.8
00217,BI050124,Biskrem Cacao 60g - ULKER,36.0
00217,BI060124,Biskrem Cacao 110g - ULKER,24.0
00217,BI070124,BISKREM CACAO 85g - ULKER,24.0
00217,BI080124,BISKREM DUO 85g - ULKER,42.0
00217,BL030136,Blister Mentos Gum White Sweet Mint 17g P12x12,1.6666666666666667
00217,BL040136,Blister Mentos Gum White Tutti Frutti 17g P12x12,1.6666666666666667
00217,CC060106,Sachet Chupa-Chups The Best Of P120x6,1.0
00217,CC060112,CH CH XXL Strawberry 25Px29g,1.0
00217,CH010124,Bonbon Chamallows Pink & White 70g HARIBO,9.0
00217,FA010118,Mentos Fresh Action Cup Menthol 280g P100x18,1.0
00217,FA020118,Mentos Fresh Action Cup Cherry Mint 280g P100x18,1.0
00217,FR010116,Trio de Rochers Chocolat FERRERO,1.0
00217,FR010120,Bonbon Fruit-tella Stick  Strawberry 10px20x12,1.0
00217,HZ010212,HEINZ CHILI MAYONNAISE 225 ML,1.0
00217,KC010120,YAOURT AROME CITRON,1.0
00217,KC010130,YAOURT AROME FRUITS DES BOIS,1.0
00217,KC010336,YAOURT AROME NATURE,1.0
00217,KD010114,Kinder Délice T10X14,1.0
00217,KS020116,Kinder Joy T1x16 Boy,1.0
00217,KS020216,Kinder Joy T1x16 Girl,1.0
00217,MD010112,"Mentos Gum 3D Fresh Mint 8,5g P5x15",1.0
00217,MG010116,Mentos Gum Rolls Pure Fresh 1.75g P9x16,1.0
00217,MI010124,Bonbon Mix Fizz 70g HARIBO,12.0
00217,MR010108,"Mentos Rolls Menthe 39,2g P14x20",1.0
00217,MR020108,"Mentos Rolls Strawberry 39,2g P14x20",1.0
00217,NP010301,Pate a Tartiner de 350 grs NUTELLA,4.333333333333333
00217,NP010407,Pôt Pâte à tartiner de 350g NUTELLA OCCASION,5.0
00217,NP010604,Nutella B-Ready T1x36x4,1.0
00217,RO010112,Bonbon Roulette 25g - HARIBO,1.0
00217,TB010112,Boite Bonbon Menthe T12x24 TIC TAC,1.0
00217,TB020112,Boite Bonbon Orange T12x24 TIC TAC,1.0
00217,TB050112,Boite Bonbon Strawberry mix T12x24 TIC TAC,1.0
00219,BI030124,Biskrem DUO 110g - ULKER,24.0
00219,BI060124,Biskrem Cacao 110g - ULKER,24.0
00219,BI070124,BISKREM CACAO 85g - ULKER,24.0
00219,BL030136,Blister Mentos Gum White Sweet Mint 17g P12x12,1.0
00219,CC060112,CH CH XXL Strawberry 25Px29g,1.0
00219,CH010124,Bonbon Chamallows Pink & White 70g HARIBO,12.0
00219,CH020424,Bonbon Chamallows Party 70g HARIBO,12.0
00219,FF020112,Big Babol Filifolly Fruit 11g x 12 Sachets,1.0
00219,KC010120,YAOURT AROME CITRON,1.0
00219,KC010130,YAOURT AROME FRUITS DES BOIS,1.0
00219,KC020130,Barre de Chocolat Biscuit noisette BUENO WHITE,1.0
00219,KD010114,Kinder Délice T10X14,2.0
00219,KS020116,Kinder Joy T1x16 Boy,1.0
00219,LT010124,Gaufrette enrobée choco 30G Riz Soufflé (24x4),1.0
00219,LT020124,Gaufrette enrobée choco 30G Cacahueté (24x4),1.0
00219,LT030124,Gaufrette enrobée choco 30G Triple saveur (24x4),1.0
00219,NP010301,Pate a Tartiner de 350 grs NUTELLA,6.0
00219,RA030124,Canette Float Mangue 240 ML - RANI,24.0
00219,TB010112,Boite Bonbon Menthe T12x24 TIC TAC,1.0
00219,TB020112,Boite Bonbon Orange T12x24 TIC TAC,1.0
00219,TB070148,Tic Tac Mix T48x8 ARBRE,1.0
00220,BI050124,Biskrem Cacao 60g - ULKER,24.0
00221,AL010124,VIT'UP 170GR COLA CITRON,1.0
00221,BI060124,Biskrem Cacao 110g - ULKER,28.8
00221,CH010124,Bonbon Chamallows Pink & White 70g HARIBO,12.0
00221,FA010118,Mentos Fresh Action Cup Menthol 280g P100x18,1.0
00221,FA020118,Mentos Fresh Action Cup Cherry Mint 280g P100x18,1.0
00221,KS020116,Kinder Joy T1x16 Boy,1.0
00221,TB010112,Boite Bonbon Menthe T12x24 TIC TAC,1.0
00221,TB020112,Boite Bonbon Orange T12x24 TIC TAC,1.0
00223,BI050124,Biskrem Cacao 60g - ULKER,24.0
00223,BI060124,Biskrem Cacao 110g - ULKER,24.0
00223,BL030136,Blister Mentos Gum White Sweet Mint 17g P12x12,1.0
00223,MG010116,Mentos Gum Rolls Pure Fresh 1.75g P9x16,2.0
00223,TB010112,Boite Bonbon Menthe T12x24 TIC TAC,1.0
00225,BI050124,Biskrem Cacao 60g - ULKER,24.0
00225,BI060124,Biskrem Cacao 110g - ULKER,24.0
00225,CH010124,Bonbon Chamallows Pink & White 70g HARIBO,12.0
00225,KC010120,YAOURT AROME CITRON,1.0
00225,KC010130,YAOURT AROME FRUITS DES BOIS,1.0
00225,LT030124,Gaufrette enrobée choco 30G Triple saveur (24x4),1.0
00225,MG010116,Mentos Gum Rolls Pure Fresh 1.75g P9x16,2.0
00225,MW020112,"Boite Mentos Gum White Tutti Frutti 53,2g P38x6",2.0
00225,RA060124,Canette Float Fraise-Banane 240 ML - RANI,24.0
00225,RO010112,Bonbon Roulette 25g - HARIBO,1.0
00226,LI020124,Gaufrette gout Lait 70g - LINGOT (colisage 24),24.0
00226,RA030124,Canette Float Mangue 240 ML - RANI,24.0
00227,AL010124,VIT'UP 170GR COLA CITRON,1.0
00227,AL020112,BEURRE COND 100 gr,1.0
00227,BB012020,CH CH Bigbabol Stick Tutti Frutti 5p x 20 x 20,1.0
00227,BB022020,CH CH Bigbabol Stick Strawberry 5p x 20 x 20,1.0
00227,BE010112,Biskrem Extra 92g - ULKER,12.0
00227,BI030124,Biskrem DUO 110g - ULKER,48.0
00227,BI050124,Biskrem Cacao 60g - ULKER,48.0
00227,BI060124,Biskrem Cacao 110g - ULKER,48.0
00227,BL030136,Blister Mentos Gum White Sweet Mint 17g P12x12,1.0
00227,BL040136,Blister Mentos Gum White Tutti Frutti 17g P12x12,1.0
00227,CC060106,Sachet Chupa-Chups The Best Of P120x6,1.5
00227,CC070106,CH CH Melody Strawberry 48x6,1.0
00227,CC070124,Sachet Chupa Chups Mini 35Px24,3.0
00227,FA030112,Mentos Fresh Action Stick Cherry Mint 10px24x12,1.0
00227,JA010106,Mini Mentos Jar Fruit Mix 1Kg P100x6,1.0
00227,KC010130,YAOURT AROME FRUITS DES BOIS,1.0
00227,KC020130,Barre de Chocolat Biscuit noisette BUENO WHITE,1.0
00227,KS020116,Kinder Joy T1x16 Boy,1.0
00227,KS020216,Kinder Joy T1x16 Girl,1.0
00227,LI010124,Gaufrette gout Chocolat 70g - LINGOT(colisage 24),24.0
00227,MG010116,Mentos Gum Rolls Pure Fresh 1.75g P9x16,1.0
00227,MR010108,"Mentos Rolls Menthe 39,2g P14x20",1.0
00227,MR030108,"Mentos Rolls Rainbow 39,2g P14x20",1.0
00227,RO010112,Bonbon Roulette 25g - HARIBO,2.25
00227,TB010112,Boite Bonbon Menthe T12x24 TIC TAC,1.0
00228,AL010124,VIT'UP 170GR COLA CITRON,1.0
00228,AL020112,BEURRE COND 100 gr,1.0
00228,BB022020,CH CH Bigbabol Stick Strawberry 5p x 20 x 20,1.0
00228,BI020124,Biskrem DUO 60g - ULKER,24.0
00228,BI030124,Biskrem DUO 110g - ULKER,27.0
00228,BI050124,Biskrem Cacao 60g - ULKER,26.4
00228,BI060124,Biskrem Cacao 110g - ULKER,26.181818181818183
00228,BI070124,BISKREM CACAO 85g - ULKER,30.0
00228,BI080124,BISKREM DUO 85g - ULKER,24.0
00228,BL030136,Blister Mentos Gum White Sweet Mint 17g P12x12,1.0
00228,CC060112,CH CH XXL Strawberry 25Px29g,1.0
00228,CC070106,CH CH Melody Strawberry 48x6,1.0
00228,FA010118,Mentos Fresh Action Cup Menthol 280g P100x18,1.0
00228,FR010116,Trio de Rochers Chocolat FERRERO,1.0
00228,KC010120,YAOURT AROME CITRON,1.0
00228,KC010130,YAOURT AROME FRUITS DES BOIS,1.0
00228,KC010240,BIFI NATURE 0%,1.0
00228,KS010116,Kinder Joy T1x16 Limited Edition,1.0
00228,KS030116,Kinder Joy T1x16 Boy Collection 2,1.0
00228,LT020124,Gaufrette enrobée choco 30G Cacahueté (24x4),1.0
00228,MR040108,"Mentos Rolls Tutti Frutti 39,2 g P14x20",1.0
00228,NP010604,Nutella B-Ready T1x36x4,1.0
00228,RO010112,Bonbon Roulette 25g - HARIBO,1.0
00228,TB010112,Boite Bonbon Menthe T12x24 TIC TAC,1.0
00229,AL020112,BEURRE COND 100 gr,1.0
00229,BE010124,Bonbon Berries 80g HARIBO,24.0
00229,BI050124,Biskrem Cacao 60g - ULKER,24.0
00229,BI060124,Biskrem Cacao 110g - ULKER,27.428571428571427
00229,BI070124,BISKREM CACAO 85g - ULKER,24.0
00229,BI080124,BISKREM DUO 85g - ULKER,24.0
00229,BL030136,Blister Mentos Gum White Sweet Mint 17g P12x12,1.0
00229,BL040136,Blister Mentos Gum White Tutti Frutti 17g P12x12,1.0
00229,CC060106,Sachet Chupa-Chups The Best Of P120x6,1.0
00229,CC060108,Présentoir Chupa-Chups Half Wheels P60x1,1.0
00229,CC070106,CH CH Melody Strawberry 48x6,1.0
00229,CC070124,Sachet Chupa Chups Mini 35Px24,1.0
00229,CH010124,Bonbon Chamallows Pink & White 70g HARIBO,15.0
00229,CH020424,Bonbon Chamallows Party 70g HARIBO,24.0
00229,FF010112,Big Babol Filifolly Strawberry 11g x 12 Sachets,1.0
00229,FF020112,Big Babol Filifolly Fruit 11g x 12 Sachets,1.0
00229,FF030112,Big Babol Filifolly Watermelon 11g x 12 Sachets,1.0
00229,GB020130,Bonbon Gold-Bears 80gx30 - HARIBO,5.5
00229,HC020130,Bonbon Happy Cola 80gx30 HARIBO,5.0
00229,HC030124,Bonbon Happy Cherries 80g HARIBO,6.0
00229,JA010106,Mini Mentos Jar Fruit Mix 1Kg P100x6,1.0
00229,KC010120,YAOURT AROME CITRON,1.0
00229,KC010130,YAOURT AROME FRUITS DES BOIS,1.0
00229,KC010336,YAOURT AROME NATURE,1.0
00229,KD010114,Kinder Délice T10X14,2.0
00229,KK010112,KAT KAT TAT Chocolat 26g (24x12),1.0
00229,KS020116,Kinder Joy T1x16 Boy,1.0
00229,KS020216,Kinder Joy T1x16 Girl,1.0
00229,KS030216,Kinder Joy T1x16 Girl Collection 2,2.0
00229,MI010124,Bonbon Mix Fizz 70g HARIBO,8.0
00229,MW010112,"Boite Mentos Gum White Sweet Mint 53,2g P38x6",1.0
00229,MW020112,"Boite Mentos Gum White Tutti Frutti 53,2g P38x6",1.0
00229,NP010301,Pate a Tartiner de 350 grs NUTELLA,4.0
00229,NP010604,Nutella B-Ready T1x36x4,1.0
00229,NP060716,Nutella B-Ready T6x16,6.0
00229,RA030124,Canette Float Mangue 240 ML - RANI,24.0
00229,RO010112,Bonbon Roulette 25g - HARIBO,1.0
00229,SM010224,Bonbon Starmix 80g HARIBO,3.0
00229,TS010224,Bonbon Twin Snakes  67g HARIBO,5.0
00230,KH020110,Kinder Happy Hippo Cocoa T5x10,1.0
00230,LG020124,Gaufrette Golden  Chocolat Blanc & Citron 70g,24.0
00230,LT010124,Gaufrette enrobée choco 30G Riz Soufflé (24x4),2.0
00230,ML010160,"Gaufrette Mini Lingot  16,5g - LINGOT (colisage 60",60.0
00231,BB012020,CH CH Bigbabol Stick Tutti Frutti 5p x 20 x 20,1.5
00231,BB022020,CH CH Bigbabol Stick Strawberry 5p x 20 x 20,1.0
00231,BE010124,Bonbon Berries 80g HARIBO,5.0
00231,BI020124,Biskrem DUO 60g - ULKER,24.0
00231,BI030112,BISKREM DUO 85g - ULKER,24.0
00231,BI030124,Biskrem DUO 110g - ULKER,40.0
00231,BI050124,Biskrem Cacao 60g - ULKER,24.0
00231,BI060124,Biskrem Cacao 110g - ULKER,24.0
00231,BI070124,BISKREM CACAO 85g - ULKER,24.0
00231,BI080124,BISKREM DUO 85g - ULKER,24.0
00231,BL030136,Blister Mentos Gum White Sweet Mint 17g P12x12,1.0
00231,BL040136,Blister Mentos Gum White Tutti Frutti 17g P12x12,1.0
00231,CC060106,Sachet Chupa-Chups The Best Of P120x6,1.0
00231,CC070124,Sachet Chupa Chups Mini 35Px24,3.0
00231,CH010124,Bonbon Chamallows Pink & White 70g HARIBO,14.166666666666666
00231,CH020424,Bonbon Chamallows Party 70g HARIBO,24.0
00231,FA020118,Mentos Fresh Action Cup Cherry Mint 280g P100x18,1.0
00231,FR010120,Bonbon Fruit-tella Stick  Strawberry 10px20x12,1.0
00231,FR010220,Bonbon Fruit-tella Stick Orange 10px20x12,1.0
00231,GB020130,Bonbon Gold-Bears 80gx30 - HARIBO,1.0
00231,HC020124,Bonbon Happy Cola 80g HARIBO,3.0
00231,HC030124,Bonbon Happy Cherries 80g HARIBO,3.0
00231,HC030324,Bonbon Happy Cola Fizz 70g HARIBO,9.75
00231,KC010120,YAOURT AROME CITRON,1.0
00231,KC010130,YAOURT AROME FRUITS DES BOIS,1.0
00231,KC010240,BIFI NATURE 0%,1.0
00231,KC010336,YAOURT AROME NATURE,1.0
00231,KD010114,Kinder Délice T10X14,9.5
00231,KS020116,Kinder Joy T1x16 Boy,1.0
00231,KS020216,Kinder Joy T1x16 Girl,1.0
00231,KS030116,Kinder Joy T1x16 Boy Collection 2,1.0
00231,KS030216,Kinder Joy T1x16 Girl Collection 2,1.0
00231,LI030140,Gaufrette Goût Noisette 30g - LINGOT (Colisage 40),40.0
00231,LI050140,Gaufrette Goût Lait 30g - LINGOT (Colisage 40),40.0
00231,MI010124,Bonbon Mix Fizz 70g HARIBO,7.0
00231,MR010108,"Mentos Rolls Menthe 39,2g P14x20",1.0
00231,MR020108,"Mentos Rolls Strawberry 39,2g P14x20",1.0
00231,MR030108,"Mentos Rolls Rainbow 39,2g P14x20",1.0
00231,MR040108,"Mentos Rolls Tutti Frutti 39,2 g P14x20",1.0
00231,MW010112,"Boite Mentos Gum White Sweet Mint 53,2g P38x6",1.0
00231,NP010301,Pate a Tartiner de 350 grs NUTELLA,4.0
00231,NP010604,Nutella B-Ready T1x36x4,1.0
00231,PV010124,Bonbon Primavera 80g HARIBO,9.0
00231,RA020124,Canette Float Peche 240 ML - RANI,24.0
00231,RA030124,Canette Float Mangue 240 ML - RANI,24.0
00231,RO010112,Bonbon Roulette 25g - HARIBO,1.5
00231,SM010224,Bonbon Starmix 80g HARIBO,10.0
00231,TB010112,Boite Bonbon Menthe T12x24 TIC TAC,1.0
00231,TB020112,Boite Bonbon Orange T12x24 TIC TAC,1.0
00231,WO030124,Bonbon Fizz Worms 70g HARIBO,8.333333333333334
00232,CH010124,Bonbon Chamallows Pink & White 70g HARIBO,12.0
00232,KC010120,YAOURT AROME CITRON,1.0
00232,KC010130,YAOURT AROME FRUITS DES BOIS,1.0
00232,KC010240,BIFI NATURE 0%,1.0
00232,KC010336,YAOURT AROME NATURE,1.0
00232,KS020216,Kinder Joy T1x16 Girl,1.0
00232,KS030116,Kinder Joy T1x16 Boy Collection 2,1.0
00232,KS030216,Kinder Joy T1x16 Girl Collection 2,1.0
00232,LG020324,Gaufrette Golden Wafers goût Chocolat 70g - LINGOT,24.0
00232,LI010140,Gaufrette Goût Chocolat 30g - LINGOT (Colisage 40),40.0
00232,NP010301,Pate a Tartiner de 350 grs NUTELLA,7.615384615384615
00232,NP010306,Pôt Pâte à tartiner de 600g NUTELLA,6.0
00232,NP010407,Pôt Pâte à tartiner de 350g NUTELLA OCCASION,6.0
00232,NP010604,Nutella B-Ready T1x36x4,1.0
00232,NP01A301,Pate a Tartiner 350 g   10% NUTELLA,15.0
00232,PH020224,Bonbon Phantasia 80g HARIBO,9.0
00232,RA020124,Canette Float Peche 240 ML - RANI,24.0
00232,RO010112,Bonbon Roulette 25g - HARIBO,1.0
00232,WO020124,Bonbon Worms 80g HARIBO,1.0
00233,AL010124,VIT'UP 170GR COLA CITRON,3.142857142857143
00233,AL020112,BEURRE COND 100 gr,1.0
00233,BB012020,CH CH Bigbabol Stick Tutti Frutti 5p x 20 x 20,1.3333333333333333
00233,BB022020,CH CH Bigbabol Stick Strawberry 5p x 20 x 20,1.4285714285714286
00233,BE010124,Bonbon Berries 80g HARIBO,5.5
00233,BI030112,BISKREM DUO 85g - ULKER,24.0
00233,BI030124,Biskrem DUO 110g - ULKER,40.0
00233,BI050124,Biskrem Cacao 60g - ULKER,24.0
00233,BI060124,Biskrem Cacao 110g - ULKER,28.0
00233,BI070124,BISKREM CACAO 85g - ULKER,28.0
00233,BI080124,BISKREM DUO 85g - ULKER,24.0
00233,BL030136,Blister Mentos Gum White Sweet Mint 17g P12x12,1.7
00233,BL040136,Blister Mentos Gum White Tutti Frutti 17g P12x12,1.5
00233,CC060106,Sachet Chupa-Chups The Best Of P120x6,2.6
00233,CC060107,Présentoir Chupa-Chups Wheels P120x1,2.0
00233,CC060108,Présentoir Chupa-Chups Half Wheels P60x1,1.0
00233,CC060112,CH CH XXL Strawberry 25Px29g,1.0
00233,CC070106,CH CH Melody Strawberry 48x6,1.0
00233,CC070124,Sachet Chupa Chups Mini 35Px24,4.5
00233,CH010124,Bonbon Chamallows Pink & White 70g HARIBO,12.11111111111111
00233,CH020424,Bonbon Chamallows Party 70g HARIBO,24.0
00233,DC010224,YAOURT BRASSE VANILLE,1.0
00233,FA010118,Mentos Fresh Action Cup Menthol 280g P100x18,1.0
00233,FA020118,Mentos Fresh Action Cup Cherry Mint 280g P100x18,1.0
00233,FA030112,Mentos Fresh Action Stick Cherry Mint 10px24x12,1.0
00233,FF010112,Big Babol Filifolly Strawberry 11g x 12 Sachets,1.0
00233,FF030112,Big Babol Filifolly Watermelon 11g x 12 Sachets,1.0
00233,FR010116,Trio de Rochers Chocolat FERRERO,1.0
00233,GB020130,Bonbon Gold-Bears 80gx30 - HARIBO,5.0
00233,HC020124,Bonbon Happy Cola 80g HARIBO,5.0
00233,HC030124,Bonbon Happy Cherries 80g HARIBO,5.0
00233,HC030324,Bonbon Happy Cola Fizz 70g HARIBO,7.833333333333333
00233,HZ010712,TOMATO KETCHUP 300 G - HEINZ,2.0
00233,JA010106,Mini Mentos Jar Fruit Mix 1Kg P100x6,1.0
00233,KC010120,YAOURT AROME CITRON,1.0
00233,KC010130,YAOURT AROME FRUITS DES BOIS,1.2173913043478262
00233,KC010240,BIFI NATURE 0%,1.2
00233,KC010336,YAOURT AROME NATURE,1.0
00233,KC010618,Kinder Creamy T1X8X18,2.0
00233,KC020130,Barre de Chocolat Biscuit noisette BUENO WHITE,1.2
00233,KD010114,Kinder Délice T10X14,3.5714285714285716
00233,KH010128,Kinder Happy Hippo Cocoa T1x28x6,1.5
00233,KH020110,Kinder Happy Hippo Cocoa T5x10,2.0
00233,KK010112,KAT KAT TAT Chocolat 26g (24x12),1.0
00233,KS010116,Kinder Joy T1x16 Limited Edition,1.5
00233,KS020116,Kinder Joy T1x16 Boy,1.0
00233,LG020224,Gaufrette Golden Chocolat Blanc & Framboise 70g -L,24.0
00233,LG020324,Gaufrette Golden Wafers goût Chocolat 70g - LINGOT,24.0
00233,MG010116,Mentos Gum Rolls Pure Fresh 1.75g P9x16,1.5
00233,MI010124,Bonbon Mix Fizz 70g HARIBO,7.5
00233,MR010108,"Mentos Rolls Menthe 39,2g P14x20",1.0
00233,MR030108,"Mentos Rolls Rainbow 39,2g P14x20",1.0
00233,MR050108,"Mentos Rolls Fruit 39,2g P14x20",1.0
00233,NP010301,Pate a Tartiner de 350 grs NUTELLA,3.5
00233,NP010604,Nutella B-Ready T1x36x4,1.2352941176470589
00233,RO010112,Bonbon Roulette 25g - HARIBO,1.0
00233,SM010224,Bonbon Starmix 80g HARIBO,10.0
00233,TB010112,Boite Bonbon Menthe T12x24 TIC TAC,1.0909090909090908
00233,TB020112,Boite Bonbon Orange T12x24 TIC TAC,1.0
00233,TB030112,Boite Bonbon Spearmint T12x24 TIC TAC,1.0
00233,TB050112,Boite Bonbon Strawberry mix T12x24 TIC TAC,1.0
00233,TB070148,Tic Tac Mix T48x8 ARBRE,1.6666666666666667
00233,WO020124,Bonbon Worms 80g HARIBO,8.0
00233,WO030124,Bonbon Fizz Worms 70g HARIBO,7.75
00234,AL010124,VIT'UP 170GR COLA CITRON,1.0
00234,AL020112,BEURRE COND 100 gr,1.0
00234,BE010124,Bonbon Berries 80g HARIBO,24.0
00234,BI020124,Biskrem DUO 60g - ULKER,24.0
00234,BI030124,Biskrem DUO 110g - ULKER,24.0
00234,BI050124,Biskrem Cacao 60g - ULKER,24.0
00234,BI060124,Biskrem Cacao 110g - ULKER,24.0
00234,BI070124,BISKREM CACAO 85g - ULKER,24.0
00234,BI080124,BISKREM DUO 85g - ULKER,24.0
00234,BL030136,Blister Mentos Gum White Sweet Mint 17g P12x12,1.5714285714285714
00234,BL040136,Blister Mentos Gum White Tutti Frutti 17g P12x12,1.4285714285714286
00234,CC060106,Sachet Chupa-Chups The Best Of P120x6,1.0
00234,CC060107,Présentoir Chupa-Chups Wheels P120x1,2.0
00234,CC060112,CH CH XXL Strawberry 25Px29g,1.0
00234,CC070106,CH CH Melody Strawberry 48x6,1.0
00234,CC080116,Chupa-Chups Surprise 16x6,1.0
00234,FA010118,Mentos Fresh Action Cup Menthol 280g P100x18,1.0
00234,FA020118,Mentos Fresh Action Cup Cherry Mint 280g P100x18,1.0
00234,FF010112,Big Babol Filifolly Strawberry 11g x 12 Sachets,1.0
00234,FF020112,Big Babol Filifolly Fruit 11g x 12 Sachets,1.0
00234,FF030112,Big Babol Filifolly Watermelon 11g x 12 Sachets,1.0
00234,FR010120,Bonbon Fruit-tella Stick  Strawberry 10px20x12,1.0
00234,GB020130,Bonbon Gold-Bears 80gx30 - HARIBO,30.0
00234,HC020130,Bonbon Happy Cola 80gx30 HARIBO,30.0
00234,HC030324,Bonbon Happy Cola Fizz 70g HARIBO,12.0
00234,JA010106,Mini Mentos Jar Fruit Mix 1Kg P100x6,1.0
00234,KC010120,YAOURT AROME CITRON,1.0
00234,KC010130,YAOURT AROME FRUITS DES BOIS,1.2142857142857142
00234,KC010210,YAOURT AROME NOIX DE COCO,1.0
00234,KC010240,BIFI NATURE 0%,1.0
00234,KC010336,YAOURT AROME NATURE,1.3333333333333333
00234,KC020130,Barre de Chocolat Biscuit noisette BUENO WHITE,1.25
00234,KD010114,Kinder Délice T10X14,1.25
00234,KS020116,Kinder Joy T1x16 Boy,1.2
00234,KS020216,Kinder Joy T1x16 Girl,1.0
00234,KS030116,Kinder Joy T1x16 Boy Collection 2,1.0
00234,KS030216,Kinder Joy T1x16 Girl Collection 2,1.0
00234,LG020224,Gaufrette Golden Chocolat Blanc & Framboise 70g -L,24.0
00234,LG020324,Gaufrette Golden Wafers goût Chocolat 70g - LINGOT,24.0
00234,LI010140,Gaufrette Goût Chocolat 30g - LINGOT (Colisage 40),40.0
00234,LT020124,Gaufrette enrobée choco 30G Cacahueté (24x4),1.0
00234,LT030124,Gaufrette enrobée choco 30G Triple saveur (24x4),1.0
00234,MD010112,"Mentos Gum 3D Fresh Mint 8,5g P5x15",2.0
00234,MD020112,"Mentos Gum 3D S-A-R 8,5g P5x15",1.25
00234,MD030112,"Mentos Gum 3D Watermelon 8,5g P5x15",1.0
00234,MG010116,Mentos Gum Rolls Pure Fresh 1.75g P9x16,1.0
00234,MI010124,Bonbon Mix Fizz 70g HARIBO,24.0
00234,MR010108,"Mentos Rolls Menthe 39,2g P14x20",1.5
00234,MR020108,"Mentos Rolls Strawberry 39,2g P14x20",1.0
00234,MR040108,"Mentos Rolls Tutti Frutti 39,2 g P14x20",1.0
00234,MR050108,"Mentos Rolls Fruit 39,2g P14x20",1.0
00234,MW010112,"Boite Mentos Gum White Sweet Mint 53,2g P38x6",2.0
00234,NP010301,Pate a Tartiner de 350 grs NUTELLA,14.0
00234,NP010407,Pôt Pâte à tartiner de 350g NUTELLA OCCASION,10.0
00234,NP060716,Nutella B-Ready T6x16,16.0
00234,RO010112,Bonbon Roulette 25g - HARIBO,1.2727272727272727
00234,SM010224,Bonbon Starmix 80g HARIBO,24.0
00234,TB020112,Boite Bonbon Orange T12x24 TIC TAC,1.5
00235,BE010124,Bonbon Berries 80g HARIBO,2.0
00235,CH060124,Bonbon Chamallows Pink & White 25g x 24 HARIBO,1.0
00235,JA010106,Mini Mentos Jar Fruit Mix 1Kg P100x6,1.0
00235,KC010120,YAOURT AROME CITRON,1.0
00235,MI010124,Bonbon Mix Fizz 70g HARIBO,2.0
00235,MR010108,"Mentos Rolls Menthe 39,2g P14x20",1.0
00235,MR020108,"Mentos Rolls Strawberry 39,2g P14x20",1.0
00235,PH020224,Bonbon Phantasia 80g HARIBO,2.0
00235,WO020124,Bonbon Worms 80g HARIBO,2.0
00235,WO030124,Bonbon Fizz Worms 70g HARIBO,2.0
00236,AL010124,VIT'UP 170GR COLA CITRON,1.0
00236,AL020112,BEURRE COND 100 gr,1.0
00236,BI030124,Biskrem DUO 110g - ULKER,24.0
00236,BI050124,Biskrem Cacao 60g - ULKER,24.0
00236,BI060124,Biskrem Cacao 110g - ULKER,24.0
00236,BI080124,BISKREM DUO 85g - ULKER,24.0
00236,CC060106,Sachet Chupa-Chups The Best Of P120x6,1.0
00236,CH010124,Bonbon Chamallows Pink & White 70g HARIBO,12.0
00236,CH020424,Bonbon Chamallows Party 70g HARIBO,3.0
00236,FA010118,Mentos Fresh Action Cup Menthol 280g P100x18,1.0
00236,FA020118,Mentos Fresh Action Cup Cherry Mint 280g P100x18,1.3333333333333333
00236,FA030112,Mentos Fresh Action Stick Cherry Mint 10px24x12,1.0
00236,FF010112,Big Babol Filifolly Strawberry 11g x 12 Sachets,1.0
00236,GB020130,Bonbon Gold-Bears 80gx30 - HARIBO,3.0
00236,HC020130,Bonbon Happy Cola 80gx30 HARIBO,3.0
00236,JA010106,Mini Mentos Jar Fruit Mix 1Kg P100x6,1.0
00236,KC010120,YAOURT AROME CITRON,1.0
00236,KC010130,YAOURT AROME FRUITS DES BOIS,1.0
00236,KC010240,BIFI NATURE 0%,1.0
00236,KD010114,Kinder Délice T10X14,1.0
00236,KK010112,KAT KAT TAT Chocolat 26g (24x12),1.0
00236,NP010604,Nutella B-Ready T1x36x4,1.0
00236,RO010112,Bonbon Roulette 25g - HARIBO,1.0
00236,SM010224,Bonbon Starmix 80g HARIBO,3.0
00236,TB010112,Boite Bonbon Menthe T12x24 TIC TAC,1.0
00236,TB070148,Tic Tac Mix T48x8 ARBRE,1.0
00236,TS010224,Bonbon Twin Snakes  67g HARIBO,3.0
00237,BB012020,CH CH Bigbabol Stick Tutti Frutti 5p x 20 x 20,1.0
00237,BB022020,CH CH Bigbabol Stick Strawberry 5p x 20 x 20,1.0
00237,BI030124,Biskrem DUO 110g - ULKER,33.6
00237,BI050124,Biskrem Cacao 60g - ULKER,24.0
00237,BI060124,Biskrem Cacao 110g - ULKER,33.6
00237,BL030136,Blister Mentos Gum White Sweet Mint 17g P12x12,1.0
00237,BL040136,Blister Mentos Gum White Tutti Frutti 17g P12x12,1.0
00237,CC060106,Sachet Chupa-Chups The Best Of P120x6,1.0
00237,CH010124,Bonbon Chamallows Pink & White 70g HARIBO,15.0
00237,CH020424,Bonbon Chamallows Party 70g HARIBO,12.0
00237,FA010118,Mentos Fresh Action Cup Menthol 280g P100x18,1.0
00237,FA020118,Mentos Fresh Action Cup Cherry Mint 280g P100x18,1.0
00237,FF010112,Big Babol Filifolly Strawberry 11g x 12 Sachets,1.0
00237,GB020130,Bonbon Gold-Bears 80gx30 - HARIBO,5.0
00237,HC030324,Bonbon Happy Cola Fizz 70g HARIBO,5.0
00237,JA010106,Mini Mentos Jar Fruit Mix 1Kg P100x6,1.0
00237,KC010120,YAOURT AROME CITRON,1.0
00237,KC010130,YAOURT AROME FRUITS DES BOIS,1.0
00237,KD010114,Kinder Délice T10X14,2.0
00237,KS010116,Kinder Joy T1x16 Limited Edition,1.0
00237,KS020116,Kinder Joy T1x16 Boy,1.0
00237,KS020216,Kinder Joy T1x16 Girl,1.0
00237,MD010112,"Mentos Gum 3D Fresh Mint 8,5g P5x15",1.0
00237,MI010124,Bonbon Mix Fizz 70g HARIBO,5.0
00237,MR010108,"Mentos Rolls Menthe 39,2g P14x20",1.0
00237,MR020108,"Mentos Rolls Strawberry 39,2g P14x20",1.0
00237,MR030108,"Mentos Rolls Rainbow 39,2g P14x20",1.0
00237,MR040108,"Mentos Rolls Tutti Frutti 39,2 g P14x20",1.0
00237,MR050108,"Mentos Rolls Fruit 39,2g P14x20",1.0
00237,MR070108,Mentos Rolls Sour Mix 39.2g P14x20,1.0
00237,MW010112,"Boite Mentos Gum White Sweet Mint 53,2g P38x6",1.0
00237,MW020112,"Boite Mentos Gum White Tutti Frutti 53,2g P38x6",1.0
00237,NP010406,Pôt Pâte à tartiner de 600g NUTELLA OCCASION,6.0
00237,NP010407,Pôt Pâte à tartiner de 350g NUTELLA OCCASION,6.5
00237,NP010604,Nutella B-Ready T1x36x4,1.0
00237,NP060716,Nutella B-Ready T6x16,1.0
00237,RO010112,Bonbon Roulette 25g - HARIBO,1.0
00237,TB010112,Boite Bonbon Menthe T12x24 TIC TAC,1.0
00237,TB020112,Boite Bonbon Orange T12x24 TIC TAC,2.0
00237,TS010224,Bonbon Twin Snakes  67g HARIBO,5.0
00238,KC010240,BIFI NATURE 0%,1.0
00238,KC010336,YAOURT AROME NATURE,1.0
00238,KS030116,Kinder Joy T1x16 Boy Collection 2,1.0
00238,KS030216,Kinder Joy T1x16 Girl Collection 2,1.0
00239,AL010124,VIT'UP 170GR COLA CITRON,2.0
00239,BI030124,Biskrem DUO 110g - ULKER,24.0
00239,BI050124,Biskrem Cacao 60g - ULKER,24.0
00239,BI060124,Biskrem Cacao 110g - ULKER,24.0
00239,CC060106,Sachet Chupa-Chups The Best Of P120x6,1.0
00239,FA010118,Mentos Fresh Action Cup Menthol 280g P100x18,1.0
00239,FF010112,Big Babol Filifolly Strawberry 11g x 12 Sachets,1.0
00239,FF020112,Big Babol Filifolly Fruit 11g x 12 Sachets,1.0
00239,GB020130,Bonbon Gold-Bears 80gx30 - HARIBO,4.0
00239,HC020124,Bonbon Happy Cola 80g HARIBO,12.0
00239,HC030124,Bonbon Happy Cherries 80g HARIBO,2.0
00239,JA010106,Mini Mentos Jar Fruit Mix 1Kg P100x6,1.0
00239,KC010120,YAOURT AROME CITRON,1.0
00239,KC010130,YAOURT AROME FRUITS DES BOIS,1.0
00239,MI010124,Bonbon Mix Fizz 70g HARIBO,12.0
00239,NP010301,Pate a Tartiner de 350 grs NUTELLA,5.0
00239,RA060124,Canette Float Fraise-Banane 240 ML - RANI,24.0
00239,RO010112,Bonbon Roulette 25g - HARIBO,1.3333333333333333
00239,SM010224,Bonbon Starmix 80g HARIBO,2.0
00239,TS010224,Bonbon Twin Snakes  67g HARIBO,1.0
00240,CH010124,Bonbon Chamallows Pink & White 70g HARIBO,7.0
00240,FR010116,Trio de Rochers Chocolat FERRERO,1.0
00240,KD010114,Kinder Délice T10X14,1.0
00241,AL020112,BEURRE COND 100 gr,1.0
00241,BI060124,Biskrem Cacao 110g - ULKER,24.0
00241,CC060112,CH CH XXL Strawberry 25Px29g,1.0
00241,CC070106,CH CH Melody Strawberry 48x6,1.0
00241,FA010118,Mentos Fresh Action Cup Menthol 280g P100x18,1.0
00241,FF020112,Big Babol Filifolly Fruit 11g x 12 Sachets,1.0
00241,KC010120,YAOURT AROME CITRON,1.0
00241,KC010130,YAOURT AROME FRUITS DES BOIS,1.0
00241,KC010240,BIFI NATURE 0%,1.0
00241,KK010112,KAT KAT TAT Chocolat 26g (24x12),1.0
00241,KS020116,Kinder Joy T1x16 Boy,1.0
00241,KS020216,Kinder Joy T1x16 Girl,1.0
00241,NP010604,Nutella B-Ready T1x36x4,1.0
00241,NP060716,Nutella B-Ready T6x16,5.0
00242,AL020112,BEURRE COND 100 gr,1.0
00242,BE010124,Bonbon Berries 80g HARIBO,4.0
00242,BI070124,BISKREM CACAO 85g - ULKER,24.0
00242,CC060112,CH CH XXL Strawberry 25Px29g,1.0
00242,CH010124,Bonbon Chamallows Pink & White 70g HARIBO,17.5
00242,CH020424,Bonbon Chamallows Party 70g HARIBO,8.333333333333334
00242,CH060124,Bonbon Chamallows Pink & White 25g x 24 HARIBO,1.0
00242,FR010301,Coff. de 24 Rochers Chocolat FERRERO,3.0
00242,GB020130,Bonbon Gold-Bears 80gx30 - HARIBO,4.0
00242,HC020130,Bonbon Happy Cola 80gx30 HARIBO,3.3333333333333335
00242,HC030124,Bonbon Happy Cherries 80g HARIBO,2.0
00242,JB010148,Bonbon Jelly Beans 80g HARIBO,1.0
00242,KS030116,Kinder Joy T1x16 Boy Collection 2,1.0
00242,LI010124,Gaufrette gout Chocolat 70g - LINGOT(colisage 24),24.0
00242,LI020124,Gaufrette gout Lait 70g - LINGOT (colisage 24),12.0
00242,LI030124,Gaufrette gout Caramel 70g - LINGOT (colisage 24),12.0
00242,MI010124,Bonbon Mix Fizz 70g HARIBO,2.6666666666666665
00242,NP010604,Nutella B-Ready T1x36x4,1.0
00242,PH020224,Bonbon Phantasia 80g HARIBO,4.5
00242,SM010224,Bonbon Starmix 80g HARIBO,2.0
00242,SQ010124,Bonbon Squishy 80g HARIBO,4.0
00242,ST010208,Mix Sripe Assortiment 24x8x25g HARIBO,1.0
00242,TE020124,Bonbon Teeth 80g HARIBO,3.5
00242,WO020124,Bonbon Worms 80g HARIBO,4.0
00242,WO030124,Bonbon Fizz Worms 70g HARIBO,5.0
00243,AL020112,BEURRE COND 100 gr,5.0
00243,KK010106,KAT KAT TAT Noisette 24g (24x6),1.0
00243,KK010112,KAT KAT TAT Chocolat 26g (24x12),1.0
00243,LG010120,Gaufrette Golden Chocolat 140 gr- Lingot (20 pcs),20.0
00243,MG010116,Mentos Gum Rolls Pure Fresh 1.75g P9x16,1.0
00244,CH060124,Bonbon Chamallows Pink & White 25g x 24 HARIBO,1.0
00245,BB012020,CH CH Bigbabol Stick Tutti Frutti 5p x 20 x 20,1.0
00245,FR010201,Coff. 16 Rochers Chocolat FERRERO,1.0
00245,HC030324,Bonbon Happy Cola Fizz 70g HARIBO,2.0
00245,MI010124,Bonbon Mix Fizz 70g HARIBO,2.0
00245,SM010224,Bonbon Starmix 80g HARIBO,2.0
00246,AL020112,BEURRE COND 100 gr,2.0
00246,BB012020,CH CH Bigbabol Stick Tutti Frutti 5p x 20 x 20,1.0
00246,BB022020,CH CH Bigbabol Stick Strawberry 5p x 20 x 20,1.0
00246,BE010112,Biskrem Extra 92g - ULKER,12.0
00246,BE010124,Bonbon Berries 80g HARIBO,6.25
00246,BI020124,Biskrem DUO 60g - ULKER,24.0
00246,BI030112,BISKREM DUO 85g - ULKER,24.0
00246,BI030124,Biskrem DUO 110g - ULKER,24.0
00246,BI050124,Biskrem Cacao 60g - ULKER,40.0
00246,BI060124,Biskrem Cacao 110g - ULKER,24.0
00246,BI070124,BISKREM CACAO 85g - ULKER,24.0
00246,BL040136,Blister Mentos Gum White Tutti Frutti 17g P12x12,1.0
00246,CC060106,Sachet Chupa-Chups The Best Of P120x6,1.5
00246,CC060112,CH CH XXL Strawberry 25Px29g,1.0
00246,CH010124,Bonbon Chamallows Pink & White 70g HARIBO,14.125
00246,CH020424,Bonbon Chamallows Party 70g HARIBO,20.0
00246,CH060124,Bonbon Chamallows Pink & White 25g x 24 HARIBO,1.0
00246,DC010224,YAOURT BRASSE VANILLE,1.0
00246,FF020112,Big Babol Filifolly Fruit 11g x 12 Sachets,1.0
00246,FF030112,Big Babol Filifolly Watermelon 11g x 12 Sachets,1.0
00246,FR010116,Trio de Rochers Chocolat FERRERO,1.0
00246,FR010120,Bonbon Fruit-tella Stick  Strawberry 10px20x12,1.0
00246,FR010301,Coff. de 24 Rochers Chocolat FERRERO,4.0
00246,GB010324,Bonbon Gold-Bears 30g HARIBO,24.0
00246,GB020130,Bonbon Gold-Bears 80gx30 - HARIBO,11.714285714285714
00246,GB030130,Bonbon Gold-Bears 80g+25%Gratuit x30 - HARIBO,5.0
00246,HC020130,Bonbon Happy Cola 80gx30 HARIBO,11.833333333333334
00246,HC030124,Bonbon Happy Cherries 80g HARIBO,11.4
00246,HC030324,Bonbon Happy Cola Fizz 70g HARIBO,11.75
00246,HZ010212,HEINZ CHILI MAYONNAISE 225 ML,3.0
00246,JB010148,Bonbon Jelly Beans 80g HARIBO,10.0
00246,JB020116,STRIPE JELLY BEANS 35gx12x16,2.0
00246,KC010120,YAOURT AROME CITRON,1.0
00246,KC010130,YAOURT AROME FRUITS DES BOIS,1.1666666666666667
00246,KC010240,BIFI NATURE 0%,1.0
00246,KC010336,YAOURT AROME NATURE,1.0
00246,KC020130,Barre de Chocolat Biscuit noisette BUENO WHITE,1.3333333333333333
00246,KD010114,Kinder Délice T10X14,13.428571428571429
00246,KH010128,Kinder Happy Hippo Cocoa T1x28x6,1.1666666666666667
00246,KH020110,Kinder Happy Hippo Cocoa T5x10,1.0
00246,KS020116,Kinder Joy T1x16 Boy,1.0
00246,KS020216,Kinder Joy T1x16 Girl,1.0
00246,KS030116,Kinder Joy T1x16 Boy Collection 2,1.0
00246,MG010116,Mentos Gum Rolls Pure Fresh 1.75g P9x16,1.0
00246,MI010124,Bonbon Mix Fizz 70g HARIBO,10.714285714285714
00246,MR010108,"Mentos Rolls Menthe 39,2g P14x20",1.0
00246,MR020108,"Mentos Rolls Strawberry 39,2g P14x20",1.0
00246,MR030108,"Mentos Rolls Rainbow 39,2g P14x20",1.0
00246,MR040108,"Mentos Rolls Tutti Frutti 39,2 g P14x20",1.0
00246,MR050108,"Mentos Rolls Fruit 39,2g P14x20",1.0
00246,NP010301,Pate a Tartiner de 350 grs NUTELLA,7.0
00246,NP010306,Pôt Pâte à tartiner de 600g NUTELLA,6.0
00246,NP010406,Pôt Pâte à tartiner de 600g NUTELLA OCCASION,2.0
00246,NP010501,Nutella & Go 52g,24.0
00246,NP010604,Nutella B-Ready T1x36x4,1.6
00246,PH020224,Bonbon Phantasia 80g HARIBO,9.2
00246,RO010112,Bonbon Roulette 25g - HARIBO,1.0
00246,RR010201,Coff. 15 Rochers Noix Coco RAFAELLO,4.0
00246,SM010224,Bonbon Starmix 80g HARIBO,6.0
00246,SQ010124,Bonbon Squishy 80g HARIBO,11.0
00246,ST010208,Mix Sripe Assortiment 24x8x25g HARIBO,1.0
00246,TB010112,Boite Bonbon Menthe T12x24 TIC TAC,2.0
00246,TB020112,Boite Bonbon Orange T12x24 TIC TAC,2.0
00246,TB030112,Boite Bonbon Spearmint T12x24 TIC TAC,2.0
00246,TB070148,Tic Tac Mix T48x8 ARBRE,1.0
00246,TE020124,Bonbon Teeth 80g HARIBO,5.0
00246,WO020124,Bonbon Worms 80g HARIBO,5.5
00246,WO030124,Bonbon Fizz Worms 70g HARIBO,5.0
00248,BI060124,Biskrem Cacao 110g - ULKER,24.0
00249,AL020112,BEURRE COND 100 gr,1.0
00249,BI030112,BISKREM DUO 85g - ULKER,12.0
00249,BI060124,Biskrem Cacao 110g - ULKER,48.0
00249,CH010124,Bonbon Chamallows Pink & White 70g HARIBO,12.0
00249,JA010106,Mini Mentos Jar Fruit Mix 1Kg P100x6,1.0
00249,KS020116,Kinder Joy T1x16 Boy,1.0
00249,LI010124,Gaufrette gout Chocolat 70g - LINGOT(colisage 24),24.0
00249,MD010112,"Mentos Gum 3D Fresh Mint 8,5g P5x15",1.0
00249,MD020112,"Mentos Gum 3D S-A-R 8,5g P5x15",1.0
00249,MD030112,"Mentos Gum 3D Watermelon 8,5g P5x15",1.0
00249,MW010112,"Boite Mentos Gum White Sweet Mint 53,2g P38x6",2.0
00252,AL020112,BEURRE COND 100 gr,1.0
00252,BI030112,BISKREM DUO 85g - ULKER,16.0
00252,BI030124,Biskrem DUO 110g - ULKER,24.0
00252,BI060124,Biskrem Cacao 110g - ULKER,48.0
00252,FR010116,Trio de Rochers Chocolat FERRERO,1.0
00252,KC010120,YAOURT AROME CITRON,1.5
00252,KC010130,YAOURT AROME FRUITS DES BOIS,1.0
00252,KC010336,YAOURT AROME NATURE,1.0
00252,KS020216,Kinder Joy T1x16 Girl,1.0
00253,AL010124,VIT'UP 170GR COLA CITRON,1.0
00253,BI030112,BISKREM DUO 85g - ULKER,12.0
00253,BI050124,Biskrem Cacao 60g - ULKER,24.0
00253,BI060124,Biskrem Cacao 110g - ULKER,24.0
00253,BI080124,BISKREM DUO 85g - ULKER,24.0
00253,CC060106,Sachet Chupa-Chups The Best Of P120x6,1.0
00253,CC060107,Présentoir Chupa-Chups Wheels P120x1,1.0
00253,FA010118,Mentos Fresh Action Cup Menthol 280g P100x18,1.0
00253,FA020118,Mentos Fresh Action Cup Cherry Mint 280g P100x18,1.0
00253,KD010114,Kinder Délice T10X14,1.0
00253,KK010112,KAT KAT TAT Chocolat 26g (24x12),1.0
00253,KS020116,Kinder Joy T1x16 Boy,1.0
00253,LT030124,Gaufrette enrobée choco 30G Triple saveur (24x4),1.5
00253,NP010301,Pate a Tartiner de 350 grs NUTELLA,2.0
00253,NP010407,Pôt Pâte à tartiner de 350g NUTELLA OCCASION,1.0
00253,NP010604,Nutella B-Ready T1x36x4,1.0
00253,RA030124,Canette Float Mangue 240 ML - RANI,24.0
00253,RO010112,Bonbon Roulette 25g - HARIBO,1.0
00253,TB010112,Boite Bonbon Menthe T12x24 TIC TAC,1.0
00253,TB020112,Boite Bonbon Orange T12x24 TIC TAC,1.0
00255,BI050124,Biskrem Cacao 60g - ULKER,24.0
00255,BI060124,Biskrem Cacao 110g - ULKER,24.0
00255,KD010114,Kinder Délice T10X14,1.0
00255,KK010112,KAT KAT TAT Chocolat 26g (24x12),1.0
00255,LT020124,Gaufrette enrobée choco 30G Cacahueté (24x4),1.5
00255,LT030124,Gaufrette enrobée choco 30G Triple saveur (24x4),1.5
00255,MR040108,"Mentos Rolls Tutti Frutti 39,2 g P14x20",1.0
00255,RA030124,Canette Float Mangue 240 ML - RANI,24.0
00255,RA060124,Canette Float Fraise-Banane 240 ML - RANI,24.0
00255,RO010112,Bonbon Roulette 25g - HARIBO,1.0
00255,TB020112,Boite Bonbon Orange T12x24 TIC TAC,1.0
00256,AL020112,BEURRE COND 100 gr,1.0
00256,BI030112,BISKREM DUO 85g - ULKER,144.0
00256,BI060124,Biskrem Cacao 110g - ULKER,24.0
00256,BI070124,BISKREM CACAO 85g - ULKER,24.0
00256,CC060106,Sachet Chupa-Chups The Best Of P120x6,1.0
00256,FA010118,Mentos Fresh Action Cup Menthol 280g P100x18,1.0
00256,FA020118,Mentos Fresh Action Cup Cherry Mint 280g P100x18,1.0
00256,FF010112,Big Babol Filifolly Strawberry 11g x 12 Sachets,1.0
00256,FR010116,Trio de Rochers Chocolat FERRERO,1.0
00256,JA010106,Mini Mentos Jar Fruit Mix 1Kg P100x6,1.0
00256,KC010336,YAOURT AROME NATURE,1.0
00256,KD010114,Kinder Délice T10X14,1.0
00256,KK010112,KAT KAT TAT Chocolat 26g (24x12),1.0
00256,LI010124,Gaufrette gout Chocolat 70g - LINGOT(colisage 24),48.0
00256,LT020124,Gaufrette enrobée choco 30G Cacahueté (24x4),2.0
00256,NP010604,Nutella B-Ready T1x36x4,1.0
00256,RA060124,Canette Float Fraise-Banane 240 ML - RANI,24.0
00256,RO010112,Bonbon Roulette 25g - HARIBO,1.0
00257,0005,Compote pomme fraise,1.0
00257,AL010124,VIT'UP 170GR COLA CITRON,1.0
00257,BI050124,Biskrem Cacao 60g - ULKER,24.0
00257,BI060124,Biskrem Cacao 110g - ULKER,32.0
00257,BI070124,BISKREM CACAO 85g - ULKER,24.0
00257,KC010120,YAOURT AROME CITRON,1.0
00257,KC010130,YAOURT AROME FRUITS DES BOIS,1.0
00257,KD010114,Kinder Délice T10X14,1.0
00257,KS020116,Kinder Joy T1x16 Boy,1.0
00257,LT010124,Gaufrette enrobée choco 30G Riz Soufflé (24x4),3.0
00257,LT020124,Gaufrette enrobée choco 30G Cacahueté (24x4),3.0
00257,LT030124,Gaufrette enrobée choco 30G Triple saveur (24x4),4.333333333333333
00257,NP010301,Pate a Tartiner de 350 grs NUTELLA,1.5
00257,NP010306,Pôt Pâte à tartiner de 600g NUTELLA,1.0
00257,NP010604,Nutella B-Ready T1x36x4,1.0
00257,RA030124,Canette Float Mangue 240 ML - RANI,24.0
00257,RA040124,Canette Float Ananas 240 ML - RANI,24.0
00257,RO010112,Bonbon Roulette 25g - HARIBO,1.0
00258,AL010124,VIT'UP 170GR COLA CITRON,1.0
00258,AL020112,BEURRE COND 100 gr,1.0
00258,BB012020,CH CH Bigbabol Stick Tutti Frutti 5p x 20 x 20,1.0
00258,BB022020,CH CH Bigbabol Stick Strawberry 5p x 20 x 20,1.0
00258,BI030112,BISKREM DUO 85g - ULKER,24.0
00258,BI030124,Biskrem DUO 110g - ULKER,24.0
00258,BI050124,Biskrem Cacao 60g - ULKER,24.0
00258,BI060124,Biskrem Cacao 110g - ULKER,24.0
00258,BI070124,BISKREM CACAO 85g - ULKER,24.0
00258,BI080124,BISKREM DUO 85g - ULKER,24.0
00258,CC060106,Sachet Chupa-Chups The Best Of P120x6,1.0
00258,CC070106,CH CH Melody Strawberry 48x6,1.0
00258,CH010124,Bonbon Chamallows Pink & White 70g HARIBO,6.0
00258,FF020112,Big Babol Filifolly Fruit 11g x 12 Sachets,1.0
00258,FR010116,Trio de Rochers Chocolat FERRERO,1.0
00258,KC010120,YAOURT AROME CITRON,1.0
00258,KC010130,YAOURT AROME FRUITS DES BOIS,1.0
00258,KC010240,BIFI NATURE 0%,1.0
00258,KC010336,YAOURT AROME NATURE,1.0
00258,KK010112,KAT KAT TAT Chocolat 26g (24x12),1.0
00258,LT020124,Gaufrette enrobée choco 30G Cacahueté (24x4),1.0
00258,LT030124,Gaufrette enrobée choco 30G Triple saveur (24x4),1.5
00258,NP010301,Pate a Tartiner de 350 grs NUTELLA,2.0
00258,NP010501,Nutella & Go 52g,12.0
00258,NP010604,Nutella B-Ready T1x36x4,1.0
00258,RA020124,Canette Float Peche 240 ML - RANI,24.0
00258,RA030124,Canette Float Mangue 240 ML - RANI,24.0
00258,RA040124,Canette Float Ananas 240 ML - RANI,48.0
00258,RA060124,Canette Float Fraise-Banane 240 ML - RANI,24.0
00258,RO010112,Bonbon Roulette 25g - HARIBO,1.0
00258,RR010116,Trio de Rochers Noix Coco RAFAELLO,1.0
00259,BI030124,Biskrem DUO 110g - ULKER,24.0
00259,BI050124,Biskrem Cacao 60g - ULKER,24.0
00259,BI060124,Biskrem Cacao 110g - ULKER,24.0
00259,BI070124,BISKREM CACAO 85g - ULKER,24.0
00259,BI080124,BISKREM DUO 85g - ULKER,24.0
00259,CH010124,Bonbon Chamallows Pink & White 70g HARIBO,12.0
00259,JA010106,Mini Mentos Jar Fruit Mix 1Kg P100x6,1.0
00259,KC010240,BIFI NATURE 0%,1.0
00259,KD010114,Kinder Délice T10X14,1.0
00259,KK010112,KAT KAT TAT Chocolat 26g (24x12),1.0
00259,LI010124,Gaufrette gout Chocolat 70g - LINGOT(colisage 24),24.0
00259,LT010124,Gaufrette enrobée choco 30G Riz Soufflé (24x4),1.0
00259,LT020124,Gaufrette enrobée choco 30G Cacahueté (24x4),1.0
00259,LT030124,Gaufrette enrobée choco 30G Triple saveur (24x4),1.0
00259,RO010112,Bonbon Roulette 25g - HARIBO,1.0
00259,TB070148,Tic Tac Mix T48x8 ARBRE,1.0
00260,AL020112,BEURRE COND 100 gr,1.0
00260,FA010118,Mentos Fresh Action Cup Menthol 280g P100x18,1.0
00260,FA020118,Mentos Fresh Action Cup Cherry Mint 280g P100x18,1.0
00260,KC010130,YAOURT AROME FRUITS DES BOIS,1.0
00260,RO010112,Bonbon Roulette 25g - HARIBO,1.0
00261,AL020112,BEURRE COND 100 gr,1.0
00261,BI030112,BISKREM DUO 85g - ULKER,12.0
00261,BI030124,Biskrem DUO 110g - ULKER,24.0
00261,BI060124,Biskrem Cacao 110g - ULKER,24.0
00261,BL030136,Blister Mentos Gum White Sweet Mint 17g P12x12,1.0
00261,BL040136,Blister Mentos Gum White Tutti Frutti 17g P12x12,1.0
00261,FA010118,Mentos Fresh Action Cup Menthol 280g P100x18,1.0
00261,FA020118,Mentos Fresh Action Cup Cherry Mint 280g P100x18,1.0
00261,FF010112,Big Babol Filifolly Strawberry 11g x 12 Sachets,1.0
00261,FF020112,Big Babol Filifolly Fruit 11g x 12 Sachets,1.0
00261,JA010106,Mini Mentos Jar Fruit Mix 1Kg P100x6,1.0
00261,KC010120,YAOURT AROME CITRON,1.0
00261,KC010130,YAOURT AROME FRUITS DES BOIS,1.0
00261,KD010114,Kinder Délice T10X14,1.0
00261,KK010112,KAT KAT TAT Chocolat 26g (24x12),1.2
00261,KS020216,Kinder Joy T1x16 Girl,1.0
00261,LI010124,Gaufrette gout Chocolat 70g - LINGOT(colisage 24),24.0
00261,LT020124,Gaufrette enrobée choco 30G Cacahueté (24x4),1.0
00261,LT030124,Gaufrette enrobée choco 30G Triple saveur (24x4),1.0
00261,MR010108,"Mentos Rolls Menthe 39,2g P14x20",1.0
00261,MR030108,"Mentos Rolls Rainbow 39,2g P14x20",1.0
00261,MR040108,"Mentos Rolls Tutti Frutti 39,2 g P14x20",1.0
00261,NP010306,Pôt Pâte à tartiner de 600g NUTELLA,1.0
00261,RA030124,Canette Float Mangue 240 ML - RANI,24.0
00262,BB012020,CH CH Bigbabol Stick Tutti Frutti 5p x 20 x 20,1.0
00262,ML010160,"Gaufrette Mini Lingot  16,5g - LINGOT (colisage 60",60.0
00262,NP060716,Nutella B-Ready T6x16,1.0
00264,CC060106,Sachet Chupa-Chups The Best Of P120x6,1.0
00264,CH060124,Bonbon Chamallows Pink & White 25g x 24 HARIBO,1.0
00264,LG020224,Gaufrette Golden Chocolat Blanc & Framboise 70g -L,24.0
00264,LI040140,Gaufrette Goût Fraise 30g - LINGOT (Colisage 40),40.0
00264,ML010160,"Gaufrette Mini Lingot  16,5g - LINGOT (colisage 60",60.0
00264,NP060716,Nutella B-Ready T6x16,1.0
00265,MG010116,Mentos Gum Rolls Pure Fresh 1.75g P9x16,1.0
00265,PH020224,Bonbon Phantasia 80g HARIBO,5.0
00266,BI050124,Biskrem Cacao 60g - ULKER,24.0
00266,KC010336,YAOURT AROME NATURE,1.0
00266,RA030124,Canette Float Mangue 240 ML - RANI,24.0
00267,AL020112,BEURRE COND 100 gr,1.0
00267,BI060124,Biskrem Cacao 110g - ULKER,24.0
00267,LT020124,Gaufrette enrobée choco 30G Cacahueté (24x4),1.0
00268,KD010114,Kinder Délice T10X14,1.0
00268,KS020216,Kinder Joy T1x16 Girl,1.0
00268,KS030116,Kinder Joy T1x16 Boy Collection 2,1.0
00269,BI030112,BISKREM DUO 85g - ULKER,48.0
00269,BI050124,Biskrem Cacao 60g - ULKER,24.0
00269,BI060124,Biskrem Cacao 110g - ULKER,24.0
00269,KK010112,KAT KAT TAT Chocolat 26g (24x12),1.0
00269,LI040124,Gaufrette gout Noisette 70g - LINGOT (colisage 24),24.0
00269,LT030124,Gaufrette enrobée choco 30G Triple saveur (24x4),1.0
00269,NP010301,Pate a Tartiner de 350 grs NUTELLA,2.0
00269,NP010306,Pôt Pâte à tartiner de 600g NUTELLA,1.0
00269,RA020124,Canette Float Peche 240 ML - RANI,24.0
00269,RO010112,Bonbon Roulette 25g - HARIBO,1.0
00286,BI020124,Biskrem DUO 60g - ULKER,24.0
00287,AL010124,VIT'UP 170GR COLA CITRON,1.0
00287,BI050124,Biskrem Cacao 60g - ULKER,24.0
00287,KC010210,YAOURT AROME NOIX DE COCO,1.0
00287,KC010240,BIFI NATURE 0%,1.0
00287,KS030116,Kinder Joy T1x16 Boy Collection 2,1.0
00288,BB012020,CH CH Bigbabol Stick Tutti Frutti 5p x 20 x 20,1.0
00288,KC010130,YAOURT AROME FRUITS DES BOIS,1.0
00288,KD010114,Kinder Délice T10X14,1.0
00288,LI030140,Gaufrette Goût Noisette 30g - LINGOT (Colisage 40),40.0
00288,LI040124,Gaufrette gout Noisette 70g - LINGOT (colisage 24),24.0
00288,NP010301,Pate a Tartiner de 350 grs NUTELLA,1.0
00289,AL020112,BEURRE COND 100 gr,1.0
00289,BB012020,CH CH Bigbabol Stick Tutti Frutti 5p x 20 x 20,2.5
00289,BB022020,CH CH Bigbabol Stick Strawberry 5p x 20 x 20,1.0
00289,BI020124,Biskrem DUO 60g - ULKER,24.0
00289,BI030124,Biskrem DUO 110g - ULKER,24.0
00289,BI050124,Biskrem Cacao 60g - ULKER,24.0
00289,BI060124,Biskrem Cacao 110g - ULKER,24.0
00289,BI070124,BISKREM CACAO 85g - ULKER,24.0
00289,BI080124,BISKREM DUO 85g - ULKER,24.0
00289,BL030136,Blister Mentos Gum White Sweet Mint 17g P12x12,1.0
00289,BL040136,Blister Mentos Gum White Tutti Frutti 17g P12x12,1.0
00289,CC010112,Sachet Chupa-Chups Fruit P10x12,1.0
00289,CC020112,Sachet Chupa-Chups Fresh Cola P10x12,1.0
00289,CC030112,Sachet Chupa-Chups Milky P10x12,1.0
00289,CC050112,Sachet Chupa-Chups The Best Of P10x12,1.0
00289,CC060106,Sachet Chupa-Chups The Best Of P120x6,1.0
00289,CC070106,CH CH Melody Strawberry 48x6,1.0
00289,FA010118,Mentos Fresh Action Cup Menthol 280g P100x18,1.0
00289,FA020118,Mentos Fresh Action Cup Cherry Mint 280g P100x18,1.0
00289,FA030112,Mentos Fresh Action Stick Cherry Mint 10px24x12,1.0
00289,FR010201,Coff. 16 Rochers Chocolat FERRERO,2.0
00289,KC010120,YAOURT AROME CITRON,1.0
00289,KC010130,YAOURT AROME FRUITS DES BOIS,1.0
00289,KC010336,YAOURT AROME NATURE,1.0
00289,KC020130,Barre de Chocolat Biscuit noisette BUENO WHITE,1.0
00289,KD010114,Kinder Délice T10X14,1.5
00289,LG020124,Gaufrette Golden  Chocolat Blanc & Citron 70g,24.0
00289,LT030124,Gaufrette enrobée choco 30G Triple saveur (24x4),2.0
00289,ML010160,"Gaufrette Mini Lingot  16,5g - LINGOT (colisage 60",60.0
00289,MR010108,"Mentos Rolls Menthe 39,2g P14x20",1.0
00289,MR030108,"Mentos Rolls Rainbow 39,2g P14x20",1.0
00289,MR040108,"Mentos Rolls Tutti Frutti 39,2 g P14x20",1.0
00289,MW010112,"Boite Mentos Gum White Sweet Mint 53,2g P38x6",1.0
00289,MW020112,"Boite Mentos Gum White Tutti Frutti 53,2g P38x6",1.0
00289,NP010301,Pate a Tartiner de 350 grs NUTELLA,3.0
00289,NP010604,Nutella B-Ready T1x36x4,1.0
00289,NP060716,Nutella B-Ready T6x16,2.0
00289,RO010112,Bonbon Roulette 25g - HARIBO,1.0
00289,TB010112,Boite Bonbon Menthe T12x24 TIC TAC,1.0
00289,TB020112,Boite Bonbon Orange T12x24 TIC TAC,1.0
00289,TB030112,Boite Bonbon Spearmint T12x24 TIC TAC,1.0
00289,TB070148,Tic Tac Mix T48x8 ARBRE,1.0
00292,LI010124,Gaufrette gout Chocolat 70g - LINGOT(colisage 24),24.0
00295,AL020112,BEURRE COND 100 gr,1.0
00295,BI020124,Biskrem DUO 60g - ULKER,24.0
00295,BI030124,Biskrem DUO 110g - ULKER,32.0
00295,BI050124,Biskrem Cacao 60g - ULKER,24.0
00295,BI060124,Biskrem Cacao 110g - ULKER,24.0
00295,BI070124,BISKREM CACAO 85g - ULKER,24.0
00295,CC070106,CH CH Melody Strawberry 48x6,1.0
00295,CH010124,Bonbon Chamallows Pink & White 70g HARIBO,4.0
00295,DC010224,YAOURT BRASSE VANILLE,1.0
00295,FA010118,Mentos Fresh Action Cup Menthol 280g P100x18,1.0
00295,FA020118,Mentos Fresh Action Cup Cherry Mint 280g P100x18,1.0
00295,FF010112,Big Babol Filifolly Strawberry 11g x 12 Sachets,1.0
00295,FF030112,Big Babol Filifolly Watermelon 11g x 12 Sachets,1.0
00295,JA010106,Mini Mentos Jar Fruit Mix 1Kg P100x6,1.0
00295,KC010120,YAOURT AROME CITRON,1.0
00295,KC010130,YAOURT AROME FRUITS DES BOIS,1.0
00295,KC010240,BIFI NATURE 0%,1.0
00295,KK010112,KAT KAT TAT Chocolat 26g (24x12),1.0
00295,LG020324,Gaufrette Golden Wafers goût Chocolat 70g - LINGOT,24.0
00295,LI020124,Gaufrette gout Lait 70g - LINGOT (colisage 24),24.0
00295,LT010124,Gaufrette enrobée choco 30G Riz Soufflé (24x4),1.0
00295,LT020124,Gaufrette enrobée choco 30G Cacahueté (24x4),1.0
00295,RA030124,Canette Float Mangue 240 ML - RANI,24.0
00295,RO010112,Bonbon Roulette 25g - HARIBO,1.0
00298,AL020112,BEURRE COND 100 gr,1.0
00299,KC010120,YAOURT AROME CITRON,1.0
00299,LT010124,Gaufrette enrobée choco 30G Riz Soufflé (24x4),1.0
00425,LG010220,Gaufrette Golden  Chocolat Blanc & Citron 140g - L,20.0
00425,LG010320,Gaufrette Golden Chocolat Blanc & Framboise 140g-L,20.0
00425,0005,Compote pomme fraise,1.0
00425,BI020124,Biskrem DUO 60g - ULKER,24.0
00425,BI030112,BISKREM DUO 85g - ULKER,12.0
00425,BI030124,Biskrem DUO 110g - ULKER,24.0
00425,BI050124,Biskrem Cacao 60g - ULKER,24.0
00425,BI060124,Biskrem Cacao 110g - ULKER,36.0
00425,BL040136,Blister Mentos Gum White Tutti Frutti 17g P12x12,1.0
00425,KC010120,YAOURT AROME CITRON,1.0
00425,KC010130,YAOURT AROME FRUITS DES BOIS,1.0
00425,KK010112,KAT KAT TAT Chocolat 26g (24x12),1.0
00425,LG020224,Gaufrette Golden Chocolat Blanc & Framboise 70g -L,24.0
00425,LT030124,Gaufrette enrobée choco 30G Triple saveur (24x4),1.0
00425,NP010604,Nutella B-Ready T1x36x4,1.0
00425,RA020124,Canette Float Peche 240 ML - RANI,24.0
00425,RA030124,Canette Float Mangue 240 ML - RANI,24.0
00425,RA040124,Canette Float Ananas 240 ML - RANI,24.0
00462,BI050124,Biskrem Cacao 60g - ULKER,24.0
00462,BI080124,BISKREM DUO 85g - ULKER,24.0
00462,BL030136,Blister Mentos Gum White Sweet Mint 17g P12x12,1.0
00462,BR020124,RAIEB 450 GR,228.0
00462,BR030124,VIT'UP VANILLE 160GR,48.0
00462,BR040124,VIT'UP FRAISE 260GR,15.0
00462,MR040108,"Mentos Rolls Tutti Frutti 39,2 g P14x20",1.0
00462,MW020112,"Boite Mentos Gum White Tutti Frutti 53,2g P38x6",1.0
00546,AL010124,VIT'UP 170GR COLA CITRON,1.0
00546,BB012020,CH CH Bigbabol Stick Tutti Frutti 5p x 20 x 20,1.0
00546,BB022020,CH CH Bigbabol Stick Strawberry 5p x 20 x 20,1.0
00546,BE010112,Biskrem Extra 92g - ULKER,12.0
00546,BE010124,Bonbon Berries 80g HARIBO,12.0
00546,BI010124,Biskrem DUO 40g - ULKER,24.0
00546,BI020124,Biskrem DUO 60g - ULKER,24.0
00546,BI030124,Biskrem DUO 110g - ULKER,24.0
00546,BI050124,Biskrem Cacao 60g - ULKER,24.0
00546,BL030136,Blister Mentos Gum White Sweet Mint 17g P12x12,1.0
00546,BL040136,Blister Mentos Gum White Tutti Frutti 17g P12x12,1.0
00546,CC060106,Sachet Chupa-Chups The Best Of P120x6,1.0
00546,CC060108,Présentoir Chupa-Chups Half Wheels P60x1,1.0
00546,CC060112,CH CH XXL Strawberry 25Px29g,1.0
00546,CC070106,CH CH Melody Strawberry 48x6,1.0
00546,CH010124,Bonbon Chamallows Pink & White 70g HARIBO,12.0
00546,CH020424,Bonbon Chamallows Party 70g HARIBO,8.5
00546,DC010224,YAOURT BRASSE VANILLE,1.0
00546,FA010118,Mentos Fresh Action Cup Menthol 280g P100x18,1.0
00546,FA020118,Mentos Fresh Action Cup Cherry Mint 280g P100x18,1.3333333333333333
00546,FF010112,Big Babol Filifolly Strawberry 11g x 12 Sachets,1.0
00546,FF020112,Big Babol Filifolly Fruit 11g x 12 Sachets,1.0
00546,FF030112,Big Babol Filifolly Watermelon 11g x 12 Sachets,1.0
00546,FR010220,Bonbon Fruit-tella Stick Orange 10px20x12,1.0
00546,JA010106,Mini Mentos Jar Fruit Mix 1Kg P100x6,1.0
00546,KC010120,YAOURT AROME CITRON,1.0
00546,KC010130,YAOURT AROME FRUITS DES BOIS,1.0
00546,KC010240,BIFI NATURE 0%,1.0
00546,KC010336,YAOURT AROME NATURE,1.0
00546,KC020130,Barre de Chocolat Biscuit noisette BUENO WHITE,1.0
00546,KD010114,Kinder Délice T10X14,2.0
00546,KH010128,Kinder Happy Hippo Cocoa T1x28x6,1.5
00546,KH020110,Kinder Happy Hippo Cocoa T5x10,1.0
00546,KK010106,KAT KAT TAT Noisette 24g (24x6),1.0
00546,KK010112,KAT KAT TAT Chocolat 26g (24x12),1.0
00546,KS020116,Kinder Joy T1x16 Boy,1.0
00546,KS020216,Kinder Joy T1x16 Girl,1.0
00546,KS030116,Kinder Joy T1x16 Boy Collection 2,1.0
00546,KS030216,Kinder Joy T1x16 Girl Collection 2,1.0
00546,MD010112,"Mentos Gum 3D Fresh Mint 8,5g P5x15",1.0
00546,MD020112,"Mentos Gum 3D S-A-R 8,5g P5x15",1.0
00546,MD030112,"Mentos Gum 3D Watermelon 8,5g P5x15",1.3333333333333333
00546,MR010108,"Mentos Rolls Menthe 39,2g P14x20",1.0
00546,MR020108,"Mentos Rolls Strawberry 39,2g P14x20",1.0
00546,MW010112,"Boite Mentos Gum White Sweet Mint 53,2g P38x6",1.0
00546,NP010604,Nutella B-Ready T1x36x4,1.0
00546,NP060716,Nutella B-Ready T6x16,2.0
00546,PF010206,Boite Mentos Gum PF Fresh Mint 24g P12x10,1.0
00546,PH020224,Bonbon Phantasia 80g HARIBO,24.0
00546,RO010112,Bonbon Roulette 25g - HARIBO,1.0
00546,RR010116,Trio de Rochers Noix Coco RAFAELLO,1.0
00546,SM010224,Bonbon Starmix 80g HARIBO,4.5
00546,TB010112,Boite Bonbon Menthe T12x24 TIC TAC,3.0
00546,TB070148,Tic Tac Mix T48x8 ARBRE,1.0
00546,TE020124,Bonbon Teeth 80g HARIBO,22.0
00546,WO020124,Bonbon Worms 80g HARIBO,1.0
00639,AL010124,VIT'UP 170GR COLA CITRON,1.0
00639,AL020112,BEURRE COND 100 gr,1.0
00639,BI070124,BISKREM CACAO 85g - ULKER,24.0
00639,BI080124,BISKREM DUO 85g - ULKER,24.0
00639,FA030112,Mentos Fresh Action Stick Cherry Mint 10px24x12,1.0
00639,FR010116,Trio de Rochers Chocolat FERRERO,1.0
00639,KC010120,YAOURT AROME CITRON,1.0
00639,KC010130,YAOURT AROME FRUITS DES BOIS,1.0
00639,KC010240,BIFI NATURE 0%,1.0
00639,LI010124,Gaufrette gout Chocolat 70g - LINGOT(colisage 24),48.0
00639,NP010301,Pate a Tartiner de 350 grs NUTELLA,4.0
00639,NP010604,Nutella B-Ready T1x36x4,1.0
00639,RO010112,Bonbon Roulette 25g - HARIBO,1.0
00639,RR010116,Trio de Rochers Noix Coco RAFAELLO,1.0
00639,TB010112,Boite Bonbon Menthe T12x24 TIC TAC,1.0
00677,0005,Compote pomme fraise,1.0
00677,AL010124,VIT'UP 170GR COLA CITRON,1.0
00677,AL020112,BEURRE COND 100 gr,1.0
00677,BB012020,CH CH Bigbabol Stick Tutti Frutti 5p x 20 x 20,1.0
00677,BB022020,CH CH Bigbabol Stick Strawberry 5p x 20 x 20,1.0
00677,BE010112,Biskrem Extra 92g - ULKER,24.0
00677,BE010124,Bonbon Berries 80g HARIBO,3.0
00677,BI020124,Biskrem DUO 60g - ULKER,39.0
00677,BI030112,BISKREM DUO 85g - ULKER,72.0
00677,BI030124,Biskrem DUO 110g - ULKER,36.0
00677,BI040124,Biskrem Cacao 40g - ULKER,24.0
00677,BI050124,Biskrem Cacao 60g - ULKER,38.76923076923077
00677,BI060124,Biskrem Cacao 110g - ULKER,46.0
00677,BI070124,BISKREM CACAO 85g - ULKER,48.0
00677,BI080124,BISKREM DUO 85g - ULKER,34.285714285714285
00677,BL030136,Blister Mentos Gum White Sweet Mint 17g P12x12,1.0
00677,BL040136,Blister Mentos Gum White Tutti Frutti 17g P12x12,1.0
00677,CC060106,Sachet Chupa-Chups The Best Of P120x6,1.0
00677,CC060112,CH CH XXL Strawberry 25Px29g,1.0
00677,CH010124,Bonbon Chamallows Pink & White 70g HARIBO,8.0
00677,CH020424,Bonbon Chamallows Party 70g HARIBO,13.5
00677,CH060124,Bonbon Chamallows Pink & White 25g x 24 HARIBO,1.0
00677,DC010224,YAOURT BRASSE VANILLE,1.0
00677,FF020112,Big Babol Filifolly Fruit 11g x 12 Sachets,1.0
00677,FR010116,Trio de Rochers Chocolat FERRERO,1.0
00677,FR010120,Bonbon Fruit-tella Stick  Strawberry 10px20x12,1.0
00677,FR010201,Coff. 16 Rochers Chocolat FERRERO,5.0
00677,FR010220,Bonbon Fruit-tella Stick Orange 10px20x12,1.0
00677,GB020130,Bonbon Gold-Bears 80gx30 - HARIBO,6.5
00677,GB030130,Bonbon Gold-Bears 80g+25%Gratuit x30 - HARIBO,2.0
00677,HC020130,Bonbon Happy Cola 80gx30 HARIBO,2.0
00677,HC030124,Bonbon Happy Cherries 80g HARIBO,2.5
00677,HC030324,Bonbon Happy Cola Fizz 70g HARIBO,2.0
00677,HZ010112,HEINZ LIGHT MAYONNAISE 225 ML,2.0
00677,HZ010212,HEINZ CHILI MAYONNAISE 225 ML,2.0
00677,HZ010312,HEINZ GARLIC MAYONNAISE 225 ML,2.0
00677,JB010148,Bonbon Jelly Beans 80g HARIBO,2.0
00677,JB020116,STRIPE JELLY BEANS 35gx12x16,1.0
00677,KC010120,YAOURT AROME CITRON,1.0
00677,KC010130,YAOURT AROME FRUITS DES BOIS,1.0
00677,KC010240,BIFI NATURE 0%,1.3333333333333333
00677,KC010336,YAOURT AROME NATURE,1.0
00677,KC020130,Barre de Chocolat Biscuit noisette BUENO WHITE,1.4285714285714286
00677,KD010114,Kinder Délice T10X14,6.666666666666667
00677,KH010128,Kinder Happy Hippo Cocoa T1x28x6,1.0
00677,KK010106,KAT KAT TAT Noisette 24g (24x6),1.0
00677,KK010112,KAT KAT TAT Chocolat 26g (24x12),1.2857142857142858
00677,KS020116,Kinder Joy T1x16 Boy,1.0
00677,KS020216,Kinder Joy T1x16 Girl,1.0
00677,KS030116,Kinder Joy T1x16 Boy Collection 2,1.0
00677,KS030216,Kinder Joy T1x16 Girl Collection 2,1.0
00677,LG010120,Gaufrette Golden Chocolat 140 gr- Lingot (20 pcs),20.0
00677,LG010220,Gaufrette Golden  Chocolat Blanc & Citron 140g - L,20.0
00677,LG020124,Gaufrette Golden  Chocolat Blanc & Citron 70g,24.0
00677,LG020224,Gaufrette Golden Chocolat Blanc & Framboise 70g -L,48.0
00677,LG020324,Gaufrette Golden Wafers goût Chocolat 70g - LINGOT,24.0
00677,LG020424,Gaufrette Golden Chocolat Blanc & Kiwi 70g - LINGO,24.0
00677,LI010140,Gaufrette Goût Chocolat 30g - LINGOT (Colisage 40),40.0
00677,LT010124,Gaufrette enrobée choco 30G Riz Soufflé (24x4),1.0
00677,LT020124,Gaufrette enrobée choco 30G Cacahueté (24x4),1.0
00677,LT030124,Gaufrette enrobée choco 30G Triple saveur (24x4),1.0
00677,MD010112,"Mentos Gum 3D Fresh Mint 8,5g P5x15",1.0
00677,MD020112,"Mentos Gum 3D S-A-R 8,5g P5x15",1.0
00677,MD030112,"Mentos Gum 3D Watermelon 8,5g P5x15",1.0
00677,MG010116,Mentos Gum Rolls Pure Fresh 1.75g P9x16,1.0
00677,MI010124,Bonbon Mix Fizz 70g HARIBO,2.0
00677,ML010160,"Gaufrette Mini Lingot  16,5g - LINGOT (colisage 60",100.0
00677,MR010108,"Mentos Rolls Menthe 39,2g P14x20",1.0
00677,MR040108,"Mentos Rolls Tutti Frutti 39,2 g P14x20",1.0
00677,MR050108,"Mentos Rolls Fruit 39,2g P14x20",1.0
00677,MV020108,Mc vities Dark Chocolate 62g (8x10),1.0
00677,MV020124,Mc Vities Digestive Dark Chocolate 200g x 24,3.0
00677,MV020224,Mc Vities Digestive Milk Chocolate 200g x 24,3.0
00677,MW020112,"Boite Mentos Gum White Tutti Frutti 53,2g P38x6",1.0
00677,NP010301,Pate a Tartiner de 350 grs NUTELLA,5.8
00677,NP010306,Pôt Pâte à tartiner de 600g NUTELLA,5.0
00677,NP010406,Pôt Pâte à tartiner de 600g NUTELLA OCCASION,2.0
00677,NP010501,Nutella & Go 52g,24.0
00677,NP010604,Nutella B-Ready T1x36x4,1.0
00677,NP01A301,Pate a Tartiner 350 g   10% NUTELLA,3.0
00677,NP060716,Nutella B-Ready T6x16,3.0
00677,PH020224,Bonbon Phantasia 80g HARIBO,2.3333333333333335
00677,RA010124,Canette Float Orange 240 ML - RANI,3.5
00677,RA020124,Canette Float Peche 240 ML - RANI,6.0
00677,RA040124,Canette Float Ananas 240 ML - RANI,6.0
00677,RA060124,Canette Float Fraise-Banane 240 ML - RANI,6.0
00677,RO010112,Bonbon Roulette 25g - HARIBO,1.3333333333333333
00677,SM010224,Bonbon Starmix 80g HARIBO,5.0
00677,SQ010124,Bonbon Squishy 80g HARIBO,2.0
00677,TB010112,Boite Bonbon Menthe T12x24 TIC TAC,1.5
00677,TB020112,Boite Bonbon Orange T12x24 TIC TAC,1.0
00677,TB070148,Tic Tac Mix T48x8 ARBRE,1.0
00677,TE020124,Bonbon Teeth 80g HARIBO,2.0
00677,WO020124,Bonbon Worms 80g HARIBO,2.0
00756,AL020112,BEURRE COND 100 gr,1.0
00756,BE010124,Bonbon Berries 80g HARIBO,48.0
00756,BL030136,Blister Mentos Gum White Sweet Mint 17g P12x12,2.0
00756,BL040136,Blister Mentos Gum White Tutti Frutti 17g P12x12,2.0
00756,CC060106,Sachet Chupa-Chups The Best Of P120x6,6.5
00756,CC060112,CH CH XXL Strawberry 25Px29g,6.0
00756,CH020424,Bonbon Chamallows Party 70g HARIBO,24.0
00756,DC010224,YAOURT BRASSE VANILLE,1.6666666666666667
00756,FF010112,Big Babol Filifolly Strawberry 11g x 12 Sachets,1.0
00756,FF020112,Big Babol Filifolly Fruit 11g x 12 Sachets,1.0
00756,FF030112,Big Babol Filifolly Watermelon 11g x 12 Sachets,1.0
00756,FR010116,Trio de Rochers Chocolat FERRERO,1.25
00756,FR010201,Coff. 16 Rochers Chocolat FERRERO,13.5
00756,FR010301,Coff. de 24 Rochers Chocolat FERRERO,6.0
00756,FR010501,Coffret de 24 Rochers Collection Chocolat FERRERO,3.5
00756,GB020130,Bonbon Gold-Bears 80gx30 - HARIBO,120.0
00756,HC020130,Bonbon Happy Cola 80gx30 HARIBO,150.0
00756,HC030124,Bonbon Happy Cherries 80g HARIBO,42.0
00756,JA010106,Mini Mentos Jar Fruit Mix 1Kg P100x6,1.0
00756,KC010120,YAOURT AROME CITRON,3.0
00756,KC010130,YAOURT AROME FRUITS DES BOIS,4.75
00756,KC010210,YAOURT AROME NOIX DE COCO,1.6666666666666667
00756,KC010240,BIFI NATURE 0%,1.25
00756,KC020130,Barre de Chocolat Biscuit noisette BUENO WHITE,5.25
00756,KD010114,Kinder Délice T10X14,14.0
00756,KH020110,Kinder Happy Hippo Cocoa T5x10,1.75
00756,KK010106,KAT KAT TAT Noisette 24g (24x6),2.0
00756,KK010112,KAT KAT TAT Chocolat 26g (24x12),2.0
00756,KS030116,Kinder Joy T1x16 Boy Collection 2,1.0
00756,KS030216,Kinder Joy T1x16 Girl Collection 2,1.0
00756,MD020112,"Mentos Gum 3D S-A-R 8,5g P5x15",3.0
00756,MD030112,"Mentos Gum 3D Watermelon 8,5g P5x15",2.0
00756,MR020108,"Mentos Rolls Strawberry 39,2g P14x20",1.0
00756,MR040108,"Mentos Rolls Tutti Frutti 39,2 g P14x20",1.0
00756,MW010112,"Boite Mentos Gum White Sweet Mint 53,2g P38x6",1.5
00756,MW020112,"Boite Mentos Gum White Tutti Frutti 53,2g P38x6",1.0
00756,NP010501,Nutella & Go 52g,48.0
00756,NP010604,Nutella B-Ready T1x36x4,2.3333333333333335
00756,NP01A301,Pate a Tartiner 350 g   10% NUTELLA,15.0
00756,NP060716,Nutella B-Ready T6x16,33.333333333333336
00756,PF010106,"Boite Mentos Gum PF Limemint 57,8g P34x6",2.0
00756,PF020106,Boite Mentos Gum PF Fresh Mint 56g P28x6,1.5
00756,PF030106,Boite Mentos Gum PF Wintergreen 56g P28x6,1.5
00756,PH020224,Bonbon Phantasia 80g HARIBO,12.0
00756,RR010116,Trio de Rochers Noix Coco RAFAELLO,1.5
00756,RR010201,Coff. 15 Rochers Noix Coco RAFAELLO,3.0
00773,KC010120,YAOURT AROME CITRON,1.0
00773,KC010130,YAOURT AROME FRUITS DES BOIS,1.0
00773,KC010240,BIFI NATURE 0%,1.0
00773,KC020130,Barre de Chocolat Biscuit noisette BUENO WHITE,1.0
00773,KK010106,KAT KAT TAT Noisette 24g (24x6),6.0
00773,KK010112,KAT KAT TAT Chocolat 26g (24x12),3.0
00773,KS030116,Kinder Joy T1x16 Boy Collection 2,1.0
00773,LG020224,Gaufrette Golden Chocolat Blanc & Framboise 70g -L,24.0
00795,BI050124,Biskrem Cacao 60g - ULKER,24.0
00795,BI070124,BISKREM CACAO 85g - ULKER,24.0
00795,BI080124,BISKREM DUO 85g - ULKER,24.0
00795,BL030136,Blister Mentos Gum White Sweet Mint 17g P12x12,1.0
00795,KC010240,BIFI NATURE 0%,1.0
00795,LT030124,Gaufrette enrobée choco 30G Triple saveur (24x4),1.0
00831,BI050124,Biskrem Cacao 60g - ULKER,24.0
00831,KC010130,YAOURT AROME FRUITS DES BOIS,1.0
00831,KC020130,Barre de Chocolat Biscuit noisette BUENO WHITE,1.0
00831,NP010301,Pate a Tartiner de 350 grs NUTELLA,2.0
00831,RO010112,Bonbon Roulette 25g - HARIBO,1.0
00833,BI020124,Biskrem DUO 60g - ULKER,24.0
00833,BI030112,BISKREM DUO 85g - ULKER,12.0
00833,BI030124,Biskrem DUO 110g - ULKER,84.0
00833,BI050124,Biskrem Cacao 60g - ULKER,24.0
00833,BI060124,Biskrem Cacao 110g - ULKER,24.0
00833,FA010118,Mentos Fresh Action Cup Menthol 280g P100x18,1.0
00833,FA020118,Mentos Fresh Action Cup Cherry Mint 280g P100x18,1.0
00833,FR010120,Bonbon Fruit-tella Stick  Strawberry 10px20x12,1.0
00833,FR010220,Bonbon Fruit-tella Stick Orange 10px20x12,1.0
00833,KC010120,YAOURT AROME CITRON,1.0
00833,KD010114,Kinder Délice T10X14,1.0
00833,LI010124,Gaufrette gout Chocolat 70g - LINGOT(colisage 24),24.0
00833,LT010124,Gaufrette enrobée choco 30G Riz Soufflé (24x4),1.0
00833,LT020124,Gaufrette enrobée choco 30G Cacahueté (24x4),1.0
00833,RO010112,Bonbon Roulette 25g - HARIBO,1.0
00834,AL020112,BEURRE COND 100 gr,1.0
00834,BI030112,BISKREM DUO 85g - ULKER,24.0
00834,BI050124,Biskrem Cacao 60g - ULKER,24.0
00834,BI060124,Biskrem Cacao 110g - ULKER,24.0
00834,CH010124,Bonbon Chamallows Pink & White 70g HARIBO,12.0
00834,FA010118,Mentos Fresh Action Cup Menthol 280g P100x18,1.0
00834,FR010116,Trio de Rochers Chocolat FERRERO,1.0
00834,KC020130,Barre de Chocolat Biscuit noisette BUENO WHITE,1.0
00834,KD010114,Kinder Délice T10X14,2.0
00834,KK010112,KAT KAT TAT Chocolat 26g (24x12),1.0
00834,KS020216,Kinder Joy T1x16 Girl,1.0
00834,LG020224,Gaufrette Golden Chocolat Blanc & Framboise 70g -L,24.0
00834,LI010124,Gaufrette gout Chocolat 70g - LINGOT(colisage 24),24.0
00834,LI020124,Gaufrette gout Lait 70g - LINGOT (colisage 24),24.0
00835,BI050124,Biskrem Cacao 60g - ULKER,28.0
00835,BI070124,BISKREM CACAO 85g - ULKER,36.0
00835,BI080124,BISKREM DUO 85g - ULKER,24.0
00835,CH010124,Bonbon Chamallows Pink & White 70g HARIBO,12.0
00835,CH020424,Bonbon Chamallows Party 70g HARIBO,6.0
00835,KC010130,YAOURT AROME FRUITS DES BOIS,1.0
00835,KC010210,YAOURT AROME NOIX DE COCO,1.0
00835,KD010114,Kinder Délice T10X14,2.0
00835,KS020116,Kinder Joy T1x16 Boy,1.0
00835,KS030116,Kinder Joy T1x16 Boy Collection 2,1.0
00835,KS030216,Kinder Joy T1x16 Girl Collection 2,1.0
00835,LI010124,Gaufrette gout Chocolat 70g - LINGOT(colisage 24),24.0
00835,LI040124,Gaufrette gout Noisette 70g - LINGOT (colisage 24),24.0
00835,LT010124,Gaufrette enrobée choco 30G Riz Soufflé (24x4),1.0
00835,LT020124,Gaufrette enrobée choco 30G Cacahueté (24x4),1.0
00835,LT030124,Gaufrette enrobée choco 30G Triple saveur (24x4),1.0
00835,MR010108,"Mentos Rolls Menthe 39,2g P14x20",1.0
00835,MR030108,"Mentos Rolls Rainbow 39,2g P14x20",1.0
00835,NP010301,Pate a Tartiner de 350 grs NUTELLA,1.5
00835,RA020124,Canette Float Peche 240 ML - RANI,24.0
00835,RA040124,Canette Float Ananas 240 ML - RANI,24.0
00835,TB010112,Boite Bonbon Menthe T12x24 TIC TAC,1.0
00835,TB020112,Boite Bonbon Orange T12x24 TIC TAC,1.0
00836,0005,Compote pomme fraise,1.0
00836,AL020112,BEURRE COND 100 gr,1.0
00836,BI020124,Biskrem DUO 60g - ULKER,24.0
00836,BI030112,BISKREM DUO 85g - ULKER,12.0
00836,BI030124,Biskrem DUO 110g - ULKER,32.0
00836,BI050124,Biskrem Cacao 60g - ULKER,24.0
00836,BI060124,Biskrem Cacao 110g - ULKER,24.0
00836,BI070124,BISKREM CACAO 85g - ULKER,24.0
00836,BI080124,BISKREM DUO 85g - ULKER,24.0
00836,CC060106,Sachet Chupa-Chups The Best Of P120x6,1.0
00836,CC070106,CH CH Melody Strawberry 48x6,1.0
00836,CH010124,Bonbon Chamallows Pink & White 70g HARIBO,12.0
00836,FA010118,Mentos Fresh Action Cup Menthol 280g P100x18,1.25
00836,FA020118,Mentos Fresh Action Cup Cherry Mint 280g P100x18,1.0
00836,FF010112,Big Babol Filifolly Strawberry 11g x 12 Sachets,1.0
00836,FF020112,Big Babol Filifolly Fruit 11g x 12 Sachets,1.0
00836,KC010130,YAOURT AROME FRUITS DES BOIS,1.0
00836,KC020130,Barre de Chocolat Biscuit noisette BUENO WHITE,1.0
00836,KD010114,Kinder Délice T10X14,1.0
00836,KK010112,KAT KAT TAT Chocolat 26g (24x12),1.0
00836,KS020116,Kinder Joy T1x16 Boy,1.0
00836,KS020216,Kinder Joy T1x16 Girl,1.0
00836,KS030116,Kinder Joy T1x16 Boy Collection 2,2.0
00836,KS030216,Kinder Joy T1x16 Girl Collection 2,1.0
00836,LG020324,Gaufrette Golden Wafers goût Chocolat 70g - LINGOT,24.0
00836,LI010124,Gaufrette gout Chocolat 70g - LINGOT(colisage 24),72.0
00836,LI010140,Gaufrette Goût Chocolat 30g - LINGOT (Colisage 40),40.0
00836,LT020124,Gaufrette enrobée choco 30G Cacahueté (24x4),1.0
00836,LT030124,Gaufrette enrobée choco 30G Triple saveur (24x4),1.3333333333333333
00836,NP010407,Pôt Pâte à tartiner de 350g NUTELLA OCCASION,5.0
00836,NP010501,Nutella & Go 52g,12.0
00836,NP010604,Nutella B-Ready T1x36x4,1.0
00836,RO010112,Bonbon Roulette 25g - HARIBO,1.0
00837,BI060124,Biskrem Cacao 110g - ULKER,24.0
00838,AL020112,BEURRE COND 100 gr,1.0
00838,BI030124,Biskrem DUO 110g - ULKER,24.0
00838,BI060124,Biskrem Cacao 110g - ULKER,24.0
00838,BI070124,BISKREM CACAO 85g - ULKER,24.0
00838,BI080124,BISKREM DUO 85g - ULKER,24.0
00838,CC060106,Sachet Chupa-Chups The Best Of P120x6,1.0
00838,CH010124,Bonbon Chamallows Pink & White 70g HARIBO,12.0
00838,KC010120,YAOURT AROME CITRON,1.0
00838,KC010130,YAOURT AROME FRUITS DES BOIS,1.0
00838,KC010240,BIFI NATURE 0%,1.0
00838,KK010112,KAT KAT TAT Chocolat 26g (24x12),1.0
00838,KS020216,Kinder Joy T1x16 Girl,1.0
00838,LG020324,Gaufrette Golden Wafers goût Chocolat 70g - LINGOT,24.0
00838,LI010124,Gaufrette gout Chocolat 70g - LINGOT(colisage 24),24.0
00838,LI020124,Gaufrette gout Lait 70g - LINGOT (colisage 24),48.0
00838,LI040124,Gaufrette gout Noisette 70g - LINGOT (colisage 24),24.0
00838,LT010124,Gaufrette enrobée choco 30G Riz Soufflé (24x4),1.0
00838,LT020124,Gaufrette enrobée choco 30G Cacahueté (24x4),1.0
00838,LT030124,Gaufrette enrobée choco 30G Triple saveur (24x4),1.0
00838,MD010112,"Mentos Gum 3D Fresh Mint 8,5g P5x15",1.0
00838,MD020112,"Mentos Gum 3D S-A-R 8,5g P5x15",1.0
00838,MD030112,"Mentos Gum 3D Watermelon 8,5g P5x15",1.0
00838,NP010301,Pate a Tartiner de 350 grs NUTELLA,2.0
00838,NP01A301,Pate a Tartiner 350 g   10% NUTELLA,2.0
00838,RA010124,Canette Float Orange 240 ML - RANI,24.0
00838,RA060124,Canette Float Fraise-Banane 240 ML - RANI,24.0
00838,RO010112,Bonbon Roulette 25g - HARIBO,1.0
00838,RR010116,Trio de Rochers Noix Coco RAFAELLO,1.0
00838,TB010112,Boite Bonbon Menthe T12x24 TIC TAC,1.0
00838,TB020112,Boite Bonbon Orange T12x24 TIC TAC,1.0
00838,TB070148,Tic Tac Mix T48x8 ARBRE,1.0
00838,WO030124,Bonbon Fizz Worms 70g HARIBO,6.0
00839,AL020112,BEURRE COND 100 gr,1.0
00839,BI020124,Biskrem DUO 60g - ULKER,24.0
00839,BI030112,BISKREM DUO 85g - ULKER,24.0
00839,BI030124,Biskrem DUO 110g - ULKER,24.0
00839,BI050124,Biskrem Cacao 60g - ULKER,24.0
00839,BI060124,Biskrem Cacao 110g - ULKER,24.0
00839,BI070124,BISKREM CACAO 85g - ULKER,24.0
00839,BI080124,BISKREM DUO 85g - ULKER,24.0
00839,CC060106,Sachet Chupa-Chups The Best Of P120x6,1.0
00839,CC060112,CH CH XXL Strawberry 25Px29g,1.0
00839,CH020424,Bonbon Chamallows Party 70g HARIBO,5.0
00839,FA010118,Mentos Fresh Action Cup Menthol 280g P100x18,1.0
00839,FA020118,Mentos Fresh Action Cup Cherry Mint 280g P100x18,1.0
00839,JA010106,Mini Mentos Jar Fruit Mix 1Kg P100x6,1.0
00839,KC010120,YAOURT AROME CITRON,1.0
00839,KC010130,YAOURT AROME FRUITS DES BOIS,1.0
00839,KC020130,Barre de Chocolat Biscuit noisette BUENO WHITE,1.0
00839,KD010114,Kinder Délice T10X14,2.0
00839,KK010112,KAT KAT TAT Chocolat 26g (24x12),1.2222222222222223
00839,KS020116,Kinder Joy T1x16 Boy,1.0
00839,LG020324,Gaufrette Golden Wafers goût Chocolat 70g - LINGOT,24.0
00839,LI010124,Gaufrette gout Chocolat 70g - LINGOT(colisage 24),24.0
00839,LT010124,Gaufrette enrobée choco 30G Riz Soufflé (24x4),1.0
00839,LT020124,Gaufrette enrobée choco 30G Cacahueté (24x4),1.0
00839,LT030124,Gaufrette enrobée choco 30G Triple saveur (24x4),1.0
00839,MD010112,"Mentos Gum 3D Fresh Mint 8,5g P5x15",1.0
00839,MD020112,"Mentos Gum 3D S-A-R 8,5g P5x15",1.0
00839,MD030112,"Mentos Gum 3D Watermelon 8,5g P5x15",1.0
00839,MG010116,Mentos Gum Rolls Pure Fresh 1.75g P9x16,1.0
00839,MR050108,"Mentos Rolls Fruit 39,2g P14x20",1.0
00839,NP010301,Pate a Tartiner de 350 grs NUTELLA,4.0
00839,NP010604,Nutella B-Ready T1x36x4,1.0
00839,RA020124,Canette Float Peche 240 ML - RANI,24.0
00839,RA030124,Canette Float Mangue 240 ML - RANI,24.0
00839,RA040124,Canette Float Ananas 240 ML - RANI,24.0
00839,RA060124,Canette Float Fraise-Banane 240 ML - RANI,24.0
00839,RO010112,Bonbon Roulette 25g - HARIBO,1.0
00839,TB010112,Boite Bonbon Menthe T12x24 TIC TAC,1.0
00839,TB070148,Tic Tac Mix T48x8 ARBRE,1.0
00840,0005,Compote pomme fraise,1.0
00840,AL010124,VIT'UP 170GR COLA CITRON,1.0
00840,AL020112,BEURRE COND 100 gr,1.0
00840,BI030124,Biskrem DUO 110g - ULKER,24.0
00840,BI050124,Biskrem Cacao 60g - ULKER,24.0
00840,BI060124,Biskrem Cacao 110g - ULKER,43.2
00840,CC070106,CH CH Melody Strawberry 48x6,1.0
00840,FA010118,Mentos Fresh Action Cup Menthol 280g P100x18,1.0
00840,FF010112,Big Babol Filifolly Strawberry 11g x 12 Sachets,1.0
00840,KC010120,YAOURT AROME CITRON,1.0
00840,KC010130,YAOURT AROME FRUITS DES BOIS,1.0
00840,KC020130,Barre de Chocolat Biscuit noisette BUENO WHITE,1.0
00840,KS030216,Kinder Joy T1x16 Girl Collection 2,1.0
00840,LT010124,Gaufrette enrobée choco 30G Riz Soufflé (24x4),1.0
00840,MD010112,"Mentos Gum 3D Fresh Mint 8,5g P5x15",1.0
00840,NP010306,Pôt Pâte à tartiner de 600g NUTELLA,2.0
00840,RA020124,Canette Float Peche 240 ML - RANI,24.0
00840,RA030124,Canette Float Mangue 240 ML - RANI,24.0
00840,RA040124,Canette Float Ananas 240 ML - RANI,24.0
00840,RA060124,Canette Float Fraise-Banane 240 ML - RANI,24.0
00840,TB010112,Boite Bonbon Menthe T12x24 TIC TAC,1.0
00840,TB020112,Boite Bonbon Orange T12x24 TIC TAC,1.0
00841,FR010116,Trio de Rochers Chocolat FERRERO,1.0
00841,KC010210,YAOURT AROME NOIX DE COCO,1.0
00841,ML010160,"Gaufrette Mini Lingot  16,5g - LINGOT (colisage 60",60.0
00843,AL010124,VIT'UP 170GR COLA CITRON,1.0
00843,BB012020,CH CH Bigbabol Stick Tutti Frutti 5p x 20 x 20,1.0
00843,BB022020,CH CH Bigbabol Stick Strawberry 5p x 20 x 20,1.0
00843,BI050124,Biskrem Cacao 60g - ULKER,72.0
00843,BI070124,BISKREM CACAO 85g - ULKER,24.0
00843,BI080124,BISKREM DUO 85g - ULKER,24.0
00843,CC060112,CH CH XXL Strawberry 25Px29g,2.0
00843,DC010224,YAOURT BRASSE VANILLE,2.0
00843,FA030112,Mentos Fresh Action Stick Cherry Mint 10px24x12,1.0
00843,KC010120,YAOURT AROME CITRON,1.0
00843,KC010210,YAOURT AROME NOIX DE COCO,1.0
00843,KC010240,BIFI NATURE 0%,3.0
00843,KC010336,YAOURT AROME NATURE,3.0
00843,NP010301,Pate a Tartiner de 350 grs NUTELLA,3.0
00843,TB010112,Boite Bonbon Menthe T12x24 TIC TAC,1.0
00843,TB020112,Boite Bonbon Orange T12x24 TIC TAC,1.0
00844,0005,Compote pomme fraise,1.75
00844,AL010124,VIT'UP 170GR COLA CITRON,2.0
00844,AL020112,BEURRE COND 100 gr,1.0
00844,BI030112,BISKREM DUO 85g - ULKER,12.0
00844,BI030124,Biskrem DUO 110g - ULKER,90.0
00844,BI050124,Biskrem Cacao 60g - ULKER,54.0
00844,BI060124,Biskrem Cacao 110g - ULKER,62.76923076923077
00844,BI080124,BISKREM DUO 85g - ULKER,120.0
00844,BL030136,Blister Mentos Gum White Sweet Mint 17g P12x12,2.0
00844,BL040136,Blister Mentos Gum White Tutti Frutti 17g P12x12,1.0
00844,FA010118,Mentos Fresh Action Cup Menthol 280g P100x18,2.4444444444444446
00844,FA020118,Mentos Fresh Action Cup Cherry Mint 280g P100x18,1.3333333333333333
00844,FF010112,Big Babol Filifolly Strawberry 11g x 12 Sachets,1.0
00844,FF020112,Big Babol Filifolly Fruit 11g x 12 Sachets,1.0
00844,FF030112,Big Babol Filifolly Watermelon 11g x 12 Sachets,1.0
00844,FR010116,Trio de Rochers Chocolat FERRERO,1.0
00844,JA010106,Mini Mentos Jar Fruit Mix 1Kg P100x6,1.0
00844,KC010120,YAOURT AROME CITRON,1.0
00844,KC010130,YAOURT AROME FRUITS DES BOIS,1.1666666666666667
00844,KK010112,KAT KAT TAT Chocolat 26g (24x12),1.8333333333333333
00844,LI010124,Gaufrette gout Chocolat 70g - LINGOT(colisage 24),96.0
00844,MR010108,"Mentos Rolls Menthe 39,2g P14x20",1.0
00844,MR030108,"Mentos Rolls Rainbow 39,2g P14x20",1.0
00844,NP010604,Nutella B-Ready T1x36x4,1.0
00844,RO010112,Bonbon Roulette 25g - HARIBO,1.0
00844,TB010112,Boite Bonbon Menthe T12x24 TIC TAC,1.6
00844,TB020112,Boite Bonbon Orange T12x24 TIC TAC,1.0
00844,TB070148,Tic Tac Mix T48x8 ARBRE,1.0
00849,0005,Compote pomme fraise,1.0
00849,AL010124,VIT'UP 170GR COLA CITRON,1.0
00849,AL020112,BEURRE COND 100 gr,1.0
00849,BE010112,Biskrem Extra 92g - ULKER,12.0
00849,BI020124,Biskrem DUO 60g - ULKER,24.0
00849,BI030124,Biskrem DUO 110g - ULKER,24.0
00849,BI050124,Biskrem Cacao 60g - ULKER,24.0
00849,BI060124,Biskrem Cacao 110g - ULKER,32.0
00849,BI070124,BISKREM CACAO 85g - ULKER,24.0
00849,BI080124,BISKREM DUO 85g - ULKER,24.0
00849,CH010124,Bonbon Chamallows Pink & White 70g HARIBO,24.0
00849,FA010118,Mentos Fresh Action Cup Menthol 280g P100x18,1.0
00849,FA020118,Mentos Fresh Action Cup Cherry Mint 280g P100x18,1.0
00849,KC010120,YAOURT AROME CITRON,1.0
00849,KC010130,YAOURT AROME FRUITS DES BOIS,1.25
00849,KC010240,BIFI NATURE 0%,1.0
00849,KC020130,Barre de Chocolat Biscuit noisette BUENO WHITE,1.5
00849,LI010124,Gaufrette gout Chocolat 70g - LINGOT(colisage 24),72.0
00849,LT030124,Gaufrette enrobée choco 30G Triple saveur (24x4),1.5
00849,NP010301,Pate a Tartiner de 350 grs NUTELLA,2.0
00850,BI050124,Biskrem Cacao 60g - ULKER,24.0
00850,BI070124,BISKREM CACAO 85g - ULKER,24.0
00850,BI080124,BISKREM DUO 85g - ULKER,24.0
00850,KC010130,YAOURT AROME FRUITS DES BOIS,1.0
00850,KC010240,BIFI NATURE 0%,1.0
00850,LT030124,Gaufrette enrobée choco 30G Triple saveur (24x4),1.0
00850,MW010112,"Boite Mentos Gum White Sweet Mint 53,2g P38x6",1.0
00853,AL020112,BEURRE COND 100 gr,1.0
00853,BI060124,Biskrem Cacao 110g - ULKER,24.0
00853,BL040136,Blister Mentos Gum White Tutti Frutti 17g P12x12,1.0
00853,CC060106,Sachet Chupa-Chups The Best Of P120x6,1.0
00853,CC070106,CH CH Melody Strawberry 48x6,1.0
00853,CH010124,Bonbon Chamallows Pink & White 70g HARIBO,20.0
00853,FF010112,Big Babol Filifolly Strawberry 11g x 12 Sachets,1.0
00853,FF020112,Big Babol Filifolly Fruit 11g x 12 Sachets,1.0
00853,JA010106,Mini Mentos Jar Fruit Mix 1Kg P100x6,1.0
00853,KC010130,YAOURT AROME FRUITS DES BOIS,1.0
00853,KC010240,BIFI NATURE 0%,2.0
00853,KS020116,Kinder Joy T1x16 Boy,1.0
00853,KS030216,Kinder Joy T1x16 Girl Collection 2,1.0
00853,MR010108,"Mentos Rolls Menthe 39,2g P14x20",1.0
00853,MR020108,"Mentos Rolls Strawberry 39,2g P14x20",2.0
00853,MR030108,"Mentos Rolls Rainbow 39,2g P14x20",1.0
00853,RA020124,Canette Float Peche 240 ML - RANI,24.0
00854,CC070106,CH CH Melody Strawberry 48x6,1.0
00854,KC010130,YAOURT AROME FRUITS DES BOIS,1.0
00855,BI050124,Biskrem Cacao 60g - ULKER,24.0
00855,KC010120,YAOURT AROME CITRON,1.0
00855,KC010130,YAOURT AROME FRUITS DES BOIS,1.0
00855,LT030124,Gaufrette enrobée choco 30G Triple saveur (24x4),1.0
00856,0005,Compote pomme fraise,1.0
00856,BI030124,Biskrem DUO 110g - ULKER,72.0
00856,BI060124,Biskrem Cacao 110g - ULKER,24.0
00856,BI070124,BISKREM CACAO 85g - ULKER,24.0
00856,BI080124,BISKREM DUO 85g - ULKER,24.0
00856,BL040136,Blister Mentos Gum White Tutti Frutti 17g P12x12,1.0
00856,CC060106,Sachet Chupa-Chups The Best Of P120x6,1.0
00856,JA010106,Mini Mentos Jar Fruit Mix 1Kg P100x6,1.0
00856,LT030124,Gaufrette enrobée choco 30G Triple saveur (24x4),1.5
00856,MR010108,"Mentos Rolls Menthe 39,2g P14x20",1.0
00856,NP010407,Pôt Pâte à tartiner de 350g NUTELLA OCCASION,6.0
00856,RO010112,Bonbon Roulette 25g - HARIBO,1.0
00856,TB070148,Tic Tac Mix T48x8 ARBRE,1.0
00857,AL020112,BEURRE COND 100 gr,1.0
00857,BB012020,CH CH Bigbabol Stick Tutti Frutti 5p x 20 x 20,1.0
00857,BI020124,Biskrem DUO 60g - ULKER,24.0
00857,BI050124,Biskrem Cacao 60g - ULKER,24.0
00857,BI060124,Biskrem Cacao 110g - ULKER,24.0
00857,BI070124,BISKREM CACAO 85g - ULKER,24.0
00857,BI080124,BISKREM DUO 85g - ULKER,24.0
00857,HC030324,Bonbon Happy Cola Fizz 70g HARIBO,12.0
00857,KC010120,YAOURT AROME CITRON,1.0
00857,KC010130,YAOURT AROME FRUITS DES BOIS,1.0
00857,KC010240,BIFI NATURE 0%,1.0
00857,KD010114,Kinder Délice T10X14,1.0
00857,KS010116,Kinder Joy T1x16 Limited Edition,1.0
00857,KS020116,Kinder Joy T1x16 Boy,1.0
00857,KS020216,Kinder Joy T1x16 Girl,1.0
00857,LT030124,Gaufrette enrobée choco 30G Triple saveur (24x4),1.0
00857,TB010112,Boite Bonbon Menthe T12x24 TIC TAC,1.0
00857,TB020112,Boite Bonbon Orange T12x24 TIC TAC,1.0
00857,TB070148,Tic Tac Mix T48x8 ARBRE,1.0
00859,BB022020,CH CH Bigbabol Stick Strawberry 5p x 20 x 20,1.0
00859,BI050124,Biskrem Cacao 60g - ULKER,24.0
00859,BI070124,BISKREM CACAO 85g - ULKER,24.0
00859,KC010120,YAOURT AROME CITRON,1.0
00859,KC010130,YAOURT AROME FRUITS DES BOIS,1.0
00859,KC010240,BIFI NATURE 0%,1.0
00859,KC010336,YAOURT AROME NATURE,1.0
00859,LT030124,Gaufrette enrobée choco 30G Triple saveur (24x4),1.5
00859,TB070148,Tic Tac Mix T48x8 ARBRE,1.0
00860,AL010124,VIT'UP 170GR COLA CITRON,1.0
00860,BB022020,CH CH Bigbabol Stick Strawberry 5p x 20 x 20,1.0
00860,BI030124,Biskrem DUO 110g - ULKER,24.0
00860,BI050124,Biskrem Cacao 60g - ULKER,24.0
00860,BI060124,Biskrem Cacao 110g - ULKER,24.0
00860,BI070124,BISKREM CACAO 85g - ULKER,24.0
00860,BI080124,BISKREM DUO 85g - ULKER,24.0
00860,CH010124,Bonbon Chamallows Pink & White 70g HARIBO,5.0
00860,KC010120,YAOURT AROME CITRON,1.0
00860,KC010130,YAOURT AROME FRUITS DES BOIS,1.0
00860,KC010240,BIFI NATURE 0%,1.0
00860,KS020116,Kinder Joy T1x16 Boy,1.0
00860,KS020216,Kinder Joy T1x16 Girl,1.0
00860,LT010124,Gaufrette enrobée choco 30G Riz Soufflé (24x4),1.0
00860,LT020124,Gaufrette enrobée choco 30G Cacahueté (24x4),1.0
00860,LT030124,Gaufrette enrobée choco 30G Triple saveur (24x4),1.0
00860,MR030108,"Mentos Rolls Rainbow 39,2g P14x20",1.0
00860,NP010301,Pate a Tartiner de 350 grs NUTELLA,2.0
00860,NP010604,Nutella B-Ready T1x36x4,1.0
00860,RO010112,Bonbon Roulette 25g - HARIBO,1.0
00860,RR010116,Trio de Rochers Noix Coco RAFAELLO,1.0
00862,AL020112,BEURRE COND 100 gr,1.0
00862,BB012020,CH CH Bigbabol Stick Tutti Frutti 5p x 20 x 20,1.0
00862,BB022020,CH CH Bigbabol Stick Strawberry 5p x 20 x 20,1.0
00862,BI020124,Biskrem DUO 60g - ULKER,24.0
00862,BI030112,BISKREM DUO 85g - ULKER,24.0
00862,BI030124,Biskrem DUO 110g - ULKER,24.0
00862,BI050124,Biskrem Cacao 60g - ULKER,32.0
00862,BI060124,Biskrem Cacao 110g - ULKER,26.0
00862,BI070124,BISKREM CACAO 85g - ULKER,24.0
00862,BI080124,BISKREM DUO 85g - ULKER,28.8
00862,CH010124,Bonbon Chamallows Pink & White 70g HARIBO,25.5
00862,CH020424,Bonbon Chamallows Party 70g HARIBO,24.0
00862,FA010118,Mentos Fresh Action Cup Menthol 280g P100x18,1.0
00862,FA020118,Mentos Fresh Action Cup Cherry Mint 280g P100x18,1.0
00862,FF010112,Big Babol Filifolly Strawberry 11g x 12 Sachets,1.0
00862,FF020112,Big Babol Filifolly Fruit 11g x 12 Sachets,1.0
00862,FR010116,Trio de Rochers Chocolat FERRERO,1.0
00862,JA010106,Mini Mentos Jar Fruit Mix 1Kg P100x6,1.0
00862,KC010120,YAOURT AROME CITRON,1.125
00862,KC010130,YAOURT AROME FRUITS DES BOIS,1.3
00862,KC010336,YAOURT AROME NATURE,1.0
00862,KC020130,Barre de Chocolat Biscuit noisette BUENO WHITE,1.0
00862,KD010114,Kinder Délice T10X14,2.5
00862,KK010112,KAT KAT TAT Chocolat 26g (24x12),1.1428571428571428
00862,KS010116,Kinder Joy T1x16 Limited Edition,1.0
00862,KS020116,Kinder Joy T1x16 Boy,1.0
00862,KS020216,Kinder Joy T1x16 Girl,1.0
00862,KS030116,Kinder Joy T1x16 Boy Collection 2,1.0
00862,KS030216,Kinder Joy T1x16 Girl Collection 2,1.0
00862,LG010120,Gaufrette Golden Chocolat 140 gr- Lingot (20 pcs),20.0
00862,LG020224,Gaufrette Golden Chocolat Blanc & Framboise 70g -L,24.0
00862,LG020324,Gaufrette Golden Wafers goût Chocolat 70g - LINGOT,24.0
00862,LI010124,Gaufrette gout Chocolat 70g - LINGOT(colisage 24),24.0
00862,LT020124,Gaufrette enrobée choco 30G Cacahueté (24x4),1.0
00862,LT030124,Gaufrette enrobée choco 30G Triple saveur (24x4),1.0
00862,MR010108,"Mentos Rolls Menthe 39,2g P14x20",1.0
00862,MR030108,"Mentos Rolls Rainbow 39,2g P14x20",1.0
00862,NP010301,Pate a Tartiner de 350 grs NUTELLA,2.5
00862,NP010604,Nutella B-Ready T1x36x4,1.0
00862,RA020124,Canette Float Peche 240 ML - RANI,24.0
00862,RA040124,Canette Float Ananas 240 ML - RANI,60.0
00862,RA060124,Canette Float Fraise-Banane 240 ML - RANI,24.0
00862,RO010112,Bonbon Roulette 25g - HARIBO,1.0
00862,RR010116,Trio de Rochers Noix Coco RAFAELLO,1.0
00862,TB010112,Boite Bonbon Menthe T12x24 TIC TAC,1.0
00862,TB020112,Boite Bonbon Orange T12x24 TIC TAC,1.0
00862,WO030124,Bonbon Fizz Worms 70g HARIBO,6.0
00863,FA020118,Mentos Fresh Action Cup Cherry Mint 280g P100x18,1.0
00867,BB022020,CH CH Bigbabol Stick Strawberry 5p x 20 x 20,1.0
00867,BI030124,Biskrem DUO 110g - ULKER,24.0
00867,BI060124,Biskrem Cacao 110g - ULKER,24.0
00867,BI070124,BISKREM CACAO 85g - ULKER,36.0
00867,BI080124,BISKREM DUO 85g - ULKER,24.0
00867,KC010120,YAOURT AROME CITRON,1.0
00867,KC010336,YAOURT AROME NATURE,1.0
00867,LI030140,Gaufrette Goût Noisette 30g - LINGOT (Colisage 40),40.0
00867,NP010301,Pate a Tartiner de 350 grs NUTELLA,9.25
00867,TB010112,Boite Bonbon Menthe T12x24 TIC TAC,2.0
00867,TB020112,Boite Bonbon Orange T12x24 TIC TAC,1.0
00867,WO030124,Bonbon Fizz Worms 70g HARIBO,6.0
00868,AL020112,BEURRE COND 100 gr,1.0
00868,BI030112,BISKREM DUO 85g - ULKER,12.0
00868,BI030124,Biskrem DUO 110g - ULKER,24.0
00868,BI050124,Biskrem Cacao 60g - ULKER,24.0
00868,BI060124,Biskrem Cacao 110g - ULKER,24.0
00868,BI070124,BISKREM CACAO 85g - ULKER,24.0
00868,BI080124,BISKREM DUO 85g - ULKER,24.0
00868,CH010124,Bonbon Chamallows Pink & White 70g HARIBO,12.0
00868,FA010118,Mentos Fresh Action Cup Menthol 280g P100x18,1.0
00868,FA020118,Mentos Fresh Action Cup Cherry Mint 280g P100x18,1.0
00868,FR010116,Trio de Rochers Chocolat FERRERO,1.0
00868,KC010120,YAOURT AROME CITRON,1.0
00868,KC010130,YAOURT AROME FRUITS DES BOIS,1.0
00868,KC010240,BIFI NATURE 0%,1.0
00868,KD010114,Kinder Délice T10X14,1.0
00868,TB010112,Boite Bonbon Menthe T12x24 TIC TAC,1.0
00869,0005,Compote pomme fraise,2.0
00869,BB022020,CH CH Bigbabol Stick Strawberry 5p x 20 x 20,1.0
00869,BI030112,BISKREM DUO 85g - ULKER,12.0
00869,BI030124,Biskrem DUO 110g - ULKER,84.0
00869,CC070106,CH CH Melody Strawberry 48x6,1.0
00869,FA010118,Mentos Fresh Action Cup Menthol 280g P100x18,1.5
00869,FA020118,Mentos Fresh Action Cup Cherry Mint 280g P100x18,1.0
00869,JA010106,Mini Mentos Jar Fruit Mix 1Kg P100x6,1.0
00869,KC010130,YAOURT AROME FRUITS DES BOIS,1.0
00869,KH010128,Kinder Happy Hippo Cocoa T1x28x6,1.0
00869,KK010112,KAT KAT TAT Chocolat 26g (24x12),2.0
00869,LG020224,Gaufrette Golden Chocolat Blanc & Framboise 70g -L,24.0
00869,RA060124,Canette Float Fraise-Banane 240 ML - RANI,24.0
00869,RO010112,Bonbon Roulette 25g - HARIBO,1.0
00870,0005,Compote pomme fraise,1.0
00870,BI030124,Biskrem DUO 110g - ULKER,40.0
00870,BI050124,Biskrem Cacao 60g - ULKER,36.0
00870,BI060124,Biskrem Cacao 110g - ULKER,56.0
00870,BI070124,BISKREM CACAO 85g - ULKER,24.0
00870,BL030136,Blister Mentos Gum White Sweet Mint 17g P12x12,1.0
00870,CH010124,Bonbon Chamallows Pink & White 70g HARIBO,12.0
00870,KC010130,YAOURT AROME FRUITS DES BOIS,1.0
00870,KD010114,Kinder Délice T10X14,2.0
00870,RO010112,Bonbon Roulette 25g - HARIBO,1.0
00871,BI060124,Biskrem Cacao 110g - ULKER,24.0
00871,CC070106,CH CH Melody Strawberry 48x6,1.0
00871,MI010124,Bonbon Mix Fizz 70g HARIBO,6.0
00871,NP060716,Nutella B-Ready T6x16,5.0
00873,0005,Compote pomme fraise,1.0
00873,AL010124,VIT'UP 170GR COLA CITRON,1.0
00873,BI030124,Biskrem DUO 110g - ULKER,56.0
00873,BI060124,Biskrem Cacao 110g - ULKER,40.0
00873,BI070124,BISKREM CACAO 85g - ULKER,24.0
00873,CC070106,CH CH Melody Strawberry 48x6,1.0
00873,CH010124,Bonbon Chamallows Pink & White 70g HARIBO,24.0
00873,FA020118,Mentos Fresh Action Cup Cherry Mint 280g P100x18,1.0
00873,JA010106,Mini Mentos Jar Fruit Mix 1Kg P100x6,1.0
00873,KC010130,YAOURT AROME FRUITS DES BOIS,1.0
00873,KC010210,YAOURT AROME NOIX DE COCO,1.0
00873,KS010116,Kinder Joy T1x16 Limited Edition,1.0
00873,KS020116,Kinder Joy T1x16 Boy,1.0
00873,KS020216,Kinder Joy T1x16 Girl,1.0
00873,MD020112,"Mentos Gum 3D S-A-R 8,5g P5x15",1.0
00873,NP010604,Nutella B-Ready T1x36x4,1.0
00873,RA020124,Canette Float Peche 240 ML - RANI,24.0
00873,RA030124,Canette Float Mangue 240 ML - RANI,24.0
00873,RA040124,Canette Float Ananas 240 ML - RANI,48.0
00873,RA060124,Canette Float Fraise-Banane 240 ML - RANI,24.0
00873,TB010112,Boite Bonbon Menthe T12x24 TIC TAC,1.0
00873,TB020112,Boite Bonbon Orange T12x24 TIC TAC,1.0
00873,TB030112,Boite Bonbon Spearmint T12x24 TIC TAC,1.0
00874,AL010124,VIT'UP 170GR COLA CITRON,2.0
00874,AL020112,BEURRE COND 100 gr,1.0
00874,BI030124,Biskrem DUO 110g - ULKER,24.0
00874,BI050124,Biskrem Cacao 60g - ULKER,51.42857142857143
00874,BI060124,Biskrem Cacao 110g - ULKER,42.666666666666664
00874,BI070124,BISKREM CACAO 85g - ULKER,24.0
00874,BI080124,BISKREM DUO 85g - ULKER,24.0
00874,BL030136,Blister Mentos Gum White Sweet Mint 17g P12x12,1.25
00874,BL040136,Blister Mentos Gum White Tutti Frutti 17g P12x12,1.0
00874,CC060106,Sachet Chupa-Chups The Best Of P120x6,1.2
00874,CC060108,Présentoir Chupa-Chups Half Wheels P60x1,1.0
00874,CC060112,CH CH XXL Strawberry 25Px29g,1.0
00874,CC070106,CH CH Melody Strawberry 48x6,1.0
00874,CH010124,Bonbon Chamallows Pink & White 70g HARIBO,18.0
00874,CH020424,Bonbon Chamallows Party 70g HARIBO,2.0
00874,DC010224,YAOURT BRASSE VANILLE,1.0
00874,FA010118,Mentos Fresh Action Cup Menthol 280g P100x18,1.0
00874,FA020118,Mentos Fresh Action Cup Cherry Mint 280g P100x18,5.0
00874,FA030112,Mentos Fresh Action Stick Cherry Mint 10px24x12,1.1666666666666667
00874,FR010116,Trio de Rochers Chocolat FERRERO,1.0
00874,JA010106,Mini Mentos Jar Fruit Mix 1Kg P100x6,1.5
00874,KC010120,YAOURT AROME CITRON,1.0
00874,KC010130,YAOURT AROME FRUITS DES BOIS,1.0
00874,KC010240,BIFI NATURE 0%,1.0
00874,KC020130,Barre de Chocolat Biscuit noisette BUENO WHITE,3.0
00874,KK010112,KAT KAT TAT Chocolat 26g (24x12),1.0
00874,LI010124,Gaufrette gout Chocolat 70g - LINGOT(colisage 24),24.0
00874,LI040124,Gaufrette gout Noisette 70g - LINGOT (colisage 24),22.0
00874,LI050140,Gaufrette Goût Lait 30g - LINGOT (Colisage 40),40.0
00874,LT030124,Gaufrette enrobée choco 30G Triple saveur (24x4),4.0
00874,MD020112,"Mentos Gum 3D S-A-R 8,5g P5x15",1.0
00874,MD030112,"Mentos Gum 3D Watermelon 8,5g P5x15",1.0
00874,MG010116,Mentos Gum Rolls Pure Fresh 1.75g P9x16,1.0
00874,MR010108,"Mentos Rolls Menthe 39,2g P14x20",2.0
00874,MR030108,"Mentos Rolls Rainbow 39,2g P14x20",1.0
00874,MR040108,"Mentos Rolls Tutti Frutti 39,2 g P14x20",1.0
00874,MW020112,"Boite Mentos Gum White Tutti Frutti 53,2g P38x6",1.0
00874,NP010407,Pôt Pâte à tartiner de 350g NUTELLA OCCASION,5.0
00874,NP010604,Nutella B-Ready T1x36x4,1.0
00874,RA030124,Canette Float Mangue 240 ML - RANI,24.0
00874,RA040124,Canette Float Ananas 240 ML - RANI,48.0
00874,RA060124,Canette Float Fraise-Banane 240 ML - RANI,24.0
00874,RO010112,Bonbon Roulette 25g - HARIBO,1.0
00874,TB010112,Boite Bonbon Menthe T12x24 TIC TAC,1.0
00874,TB020112,Boite Bonbon Orange T12x24 TIC TAC,1.0
00874,TB030112,Boite Bonbon Spearmint T12x24 TIC TAC,1.0
00875,KS020216,Kinder Joy T1x16 Girl,1.0
00877,BI050124,Biskrem Cacao 60g - ULKER,48.0
00877,LG010320,Gaufrette Golden Chocolat Blanc & Framboise 140g-L,20.0
00878,KC010120,YAOURT AROME CITRON,1.0
00878,KC010240,BIFI NATURE 0%,1.0
00878,KK010112,KAT KAT TAT Chocolat 26g (24x12),1.5
00878,KS020116,Kinder Joy T1x16 Boy,1.0
00878,PH020224,Bonbon Phantasia 80g HARIBO,10.0
00879,BI030112,BISKREM DUO 85g - ULKER,6.0
00879,CC060106,Sachet Chupa-Chups The Best Of P120x6,2.0
00879,FA010118,Mentos Fresh Action Cup Menthol 280g P100x18,1.0
00879,JA010106,Mini Mentos Jar Fruit Mix 1Kg P100x6,1.0
00879,MG010116,Mentos Gum Rolls Pure Fresh 1.75g P9x16,2.0
00881,AL020112,BEURRE COND 100 gr,1.0
00881,BI030112,BISKREM DUO 85g - ULKER,12.0
00881,BI060124,Biskrem Cacao 110g - ULKER,24.0
00881,BI070124,BISKREM CACAO 85g - ULKER,24.0
00881,BI080124,BISKREM DUO 85g - ULKER,24.0
00881,FA010118,Mentos Fresh Action Cup Menthol 280g P100x18,1.0
00881,FA020118,Mentos Fresh Action Cup Cherry Mint 280g P100x18,1.0
00881,KC010130,YAOURT AROME FRUITS DES BOIS,1.0
00881,KC020130,Barre de Chocolat Biscuit noisette BUENO WHITE,1.0
00881,LG020224,Gaufrette Golden Chocolat Blanc & Framboise 70g -L,24.0
00881,LI010124,Gaufrette gout Chocolat 70g - LINGOT(colisage 24),24.0
00881,LI020124,Gaufrette gout Lait 70g - LINGOT (colisage 24),24.0
00881,LI040124,Gaufrette gout Noisette 70g - LINGOT (colisage 24),24.0
00881,LT010124,Gaufrette enrobée choco 30G Riz Soufflé (24x4),1.0
00881,LT020124,Gaufrette enrobée choco 30G Cacahueté (24x4),1.0
00881,LT030124,Gaufrette enrobée choco 30G Triple saveur (24x4),1.1
00881,NP010306,Pôt Pâte à tartiner de 600g NUTELLA,1.0
00881,RO010112,Bonbon Roulette 25g - HARIBO,1.0
00881,TB070148,Tic Tac Mix T48x8 ARBRE,1.0
00882,AL010124,VIT'UP 170GR COLA CITRON,1.0
00882,LT030124,Gaufrette enrobée choco 30G Triple saveur (24x4),1.0
00882,MR040108,"Mentos Rolls Tutti Frutti 39,2 g P14x20",1.0
00883,BI030112,BISKREM DUO 85g - ULKER,24.0
00883,BI030124,Biskrem DUO 110g - ULKER,24.0
00883,BI050124,Biskrem Cacao 60g - ULKER,24.0
00883,BI060124,Biskrem Cacao 110g - ULKER,24.0
00883,BI070124,BISKREM CACAO 85g - ULKER,24.0
00883,CC060106,Sachet Chupa-Chups The Best Of P120x6,1.0
00883,CC060112,CH CH XXL Strawberry 25Px29g,1.0
00883,CC070106,CH CH Melody Strawberry 48x6,1.0
00883,CC080116,Chupa-Chups Surprise 16x6,1.0
00883,CH010124,Bonbon Chamallows Pink & White 70g HARIBO,8.4
00883,FA010118,Mentos Fresh Action Cup Menthol 280g P100x18,1.0
00883,FF010112,Big Babol Filifolly Strawberry 11g x 12 Sachets,1.0
00883,FF020112,Big Babol Filifolly Fruit 11g x 12 Sachets,1.0
00883,FR010116,Trio de Rochers Chocolat FERRERO,1.0
00883,JA010106,Mini Mentos Jar Fruit Mix 1Kg P100x6,1.0
00883,KC010120,YAOURT AROME CITRON,1.0
00883,KC010130,YAOURT AROME FRUITS DES BOIS,1.0
00883,KC010210,YAOURT AROME NOIX DE COCO,1.0
00883,KK010112,KAT KAT TAT Chocolat 26g (24x12),1.0
00883,KS020116,Kinder Joy T1x16 Boy,1.0
00883,KS020216,Kinder Joy T1x16 Girl,1.0
00883,LI010124,Gaufrette gout Chocolat 70g - LINGOT(colisage 24),24.0
00883,LI020124,Gaufrette gout Lait 70g - LINGOT (colisage 24),24.0
00883,LI040124,Gaufrette gout Noisette 70g - LINGOT (colisage 24),24.0
00883,LT010124,Gaufrette enrobée choco 30G Riz Soufflé (24x4),1.0
00883,LT020124,Gaufrette enrobée choco 30G Cacahueté (24x4),1.0
00883,LT030124,Gaufrette enrobée choco 30G Triple saveur (24x4),1.0
00883,NP010301,Pate a Tartiner de 350 grs NUTELLA,5.0
00883,NP010604,Nutella B-Ready T1x36x4,1.0
00883,NP060716,Nutella B-Ready T6x16,6.0
00883,RA020124,Canette Float Peche 240 ML - RANI,24.0
00883,RA040124,Canette Float Ananas 240 ML - RANI,48.0
00883,RO010112,Bonbon Roulette 25g - HARIBO,1.0
00885,AL020112,BEURRE COND 100 gr,1.0
00885,BI020124,Biskrem DUO 60g - ULKER,24.0
00885,BI030112,BISKREM DUO 85g - ULKER,24.0
00885,BI030124,Biskrem DUO 110g - ULKER,24.0
00885,BI050124,Biskrem Cacao 60g - ULKER,24.0
00885,BI060124,Biskrem Cacao 110g - ULKER,24.0
00885,BI070124,BISKREM CACAO 85g - ULKER,24.0
00885,CH010124,Bonbon Chamallows Pink & White 70g HARIBO,6.0
00885,FA010118,Mentos Fresh Action Cup Menthol 280g P100x18,1.2
00885,FA020118,Mentos Fresh Action Cup Cherry Mint 280g P100x18,1.0
00885,KC010120,YAOURT AROME CITRON,1.0
00885,KC010130,YAOURT AROME FRUITS DES BOIS,1.0
00885,KS010116,Kinder Joy T1x16 Limited Edition,1.0
00885,KS020116,Kinder Joy T1x16 Boy,1.0
00885,KS020216,Kinder Joy T1x16 Girl,1.0
00885,LG020224,Gaufrette Golden Chocolat Blanc & Framboise 70g -L,24.0
00885,LG020324,Gaufrette Golden Wafers goût Chocolat 70g - LINGOT,24.0
00885,LI010124,Gaufrette gout Chocolat 70g - LINGOT(colisage 24),24.0
00885,LI020124,Gaufrette gout Lait 70g - LINGOT (colisage 24),24.0
00885,LI040124,Gaufrette gout Noisette 70g - LINGOT (colisage 24),24.0
00885,LT010124,Gaufrette enrobée choco 30G Riz Soufflé (24x4),1.2
00885,LT020124,Gaufrette enrobée choco 30G Cacahueté (24x4),1.1111111111111112
00885,LT030124,Gaufrette enrobée choco 30G Triple saveur (24x4),1.4444444444444444
00885,RO010112,Bonbon Roulette 25g - HARIBO,1.0909090909090908
00885,TB070148,Tic Tac Mix T48x8 ARBRE,1.0
00887,AL020112,BEURRE COND 100 gr,1.0
00887,BI030124,Biskrem DUO 110g - ULKER,24.0
00887,BI050124,Biskrem Cacao 60g - ULKER,24.0
00887,BI060124,Biskrem Cacao 110g - ULKER,24.0
00887,CC060106,Sachet Chupa-Chups The Best Of P120x6,1.0
00887,KK010106,KAT KAT TAT Noisette 24g (24x6),1.0
00887,KK010112,KAT KAT TAT Chocolat 26g (24x12),1.0
00888,AL020112,BEURRE COND 100 gr,1.0
00888,BI060124,Biskrem Cacao 110g - ULKER,24.0
00888,CC060106,Sachet Chupa-Chups The Best Of P120x6,1.0
00888,FA010118,Mentos Fresh Action Cup Menthol 280g P100x18,1.5
00888,FR010116,Trio de Rochers Chocolat FERRERO,1.0
00888,FR010401,Coff. de 30 Rochers Chocolat FERRERO,2.0
00888,JA010106,Mini Mentos Jar Fruit Mix 1Kg P100x6,1.0
00888,KC010120,YAOURT AROME CITRON,1.0
00888,KC010130,YAOURT AROME FRUITS DES BOIS,1.0
00888,KC010240,BIFI NATURE 0%,1.0
00888,KH010128,Kinder Happy Hippo Cocoa T1x28x6,1.0
00888,KK010112,KAT KAT TAT Chocolat 26g (24x12),1.0
00888,KS010116,Kinder Joy T1x16 Limited Edition,1.0
00888,KS020116,Kinder Joy T1x16 Boy,1.0
00888,KS020216,Kinder Joy T1x16 Girl,1.0
00888,NP010306,Pôt Pâte à tartiner de 600g NUTELLA,2.0
00888,RA040124,Canette Float Ananas 240 ML - RANI,48.0
00888,RO010112,Bonbon Roulette 25g - HARIBO,1.0
00888,TB070148,Tic Tac Mix T48x8 ARBRE,1.0
00889,BI060124,Biskrem Cacao 110g - ULKER,24.0
00889,CC070106,CH CH Melody Strawberry 48x6,1.0
00889,FR010116,Trio de Rochers Chocolat FERRERO,1.0
00889,KC010240,BIFI NATURE 0%,1.0
00889,KS020116,Kinder Joy T1x16 Boy,1.0
00889,NP010306,Pôt Pâte à tartiner de 600g NUTELLA,2.0
00889,NP010604,Nutella B-Ready T1x36x4,1.0
00889,RR010116,Trio de Rochers Noix Coco RAFAELLO,1.0
00890,BI020124,Biskrem DUO 60g - ULKER,24.0
00890,BI030112,BISKREM DUO 85g - ULKER,6.0
00890,BI080124,BISKREM DUO 85g - ULKER,24.0
00890,BL040136,Blister Mentos Gum White Tutti Frutti 17g P12x12,1.0
00890,CC060106,Sachet Chupa-Chups The Best Of P120x6,1.0
00890,CH010124,Bonbon Chamallows Pink & White 70g HARIBO,24.0
00890,KC010130,YAOURT AROME FRUITS DES BOIS,1.0
00890,KC010240,BIFI NATURE 0%,1.0
00890,KD010114,Kinder Délice T10X14,1.0
00890,KK010112,KAT KAT TAT Chocolat 26g (24x12),2.0
00890,MV020108,Mc vities Dark Chocolate 62g (8x10),1.0
00890,PV010124,Bonbon Primavera 80g HARIBO,2.0
00891,BI050124,Biskrem Cacao 60g - ULKER,24.0
00891,KC010130,YAOURT AROME FRUITS DES BOIS,1.0
00891,KS020116,Kinder Joy T1x16 Boy,1.0
00892,BI070124,BISKREM CACAO 85g - ULKER,24.0
00892,BI080124,BISKREM DUO 85g - ULKER,24.0
00892,CH010124,Bonbon Chamallows Pink & White 70g HARIBO,12.0
00892,KC010130,YAOURT AROME FRUITS DES BOIS,1.0
00892,KC010240,BIFI NATURE 0%,1.0
00892,LT030124,Gaufrette enrobée choco 30G Triple saveur (24x4),1.25
00892,MR050108,"Mentos Rolls Fruit 39,2g P14x20",1.0
00892,NP010301,Pate a Tartiner de 350 grs NUTELLA,2.0
00892,TB010112,Boite Bonbon Menthe T12x24 TIC TAC,1.0
00892,TB070148,Tic Tac Mix T48x8 ARBRE,1.0
00894,BB022020,CH CH Bigbabol Stick Strawberry 5p x 20 x 20,2.0
00894,BE010124,Bonbon Berries 80g HARIBO,10.0
00894,BI030124,Biskrem DUO 110g - ULKER,24.0
00894,BI060124,Biskrem Cacao 110g - ULKER,24.0
00894,CC060106,Sachet Chupa-Chups The Best Of P120x6,1.0
00894,CC060112,CH CH XXL Strawberry 25Px29g,1.0
00894,FA030112,Mentos Fresh Action Stick Cherry Mint 10px24x12,1.0
00894,HC030124,Bonbon Happy Cherries 80g HARIBO,10.0
00894,JA010106,Mini Mentos Jar Fruit Mix 1Kg P100x6,1.0
00894,KC010120,YAOURT AROME CITRON,1.0
00894,KC010130,YAOURT AROME FRUITS DES BOIS,1.0
00894,KC010210,YAOURT AROME NOIX DE COCO,1.0
00894,KH010128,Kinder Happy Hippo Cocoa T1x28x6,1.0
00894,KS020216,Kinder Joy T1x16 Girl,1.0
00894,KS030216,Kinder Joy T1x16 Girl Collection 2,1.0
00894,MV020124,Mc Vities Digestive Dark Chocolate 200g x 24,1.0
00894,NP010604,Nutella B-Ready T1x36x4,1.0
00894,ST010208,Mix Sripe Assortiment 24x8x25g HARIBO,1.0
00894,TB010112,Boite Bonbon Menthe T12x24 TIC TAC,1.0
00894,TB020112,Boite Bonbon Orange T12x24 TIC TAC,1.0
00894,TE020124,Bonbon Teeth 80g HARIBO,10.0
00901,AL010124,VIT'UP 170GR COLA CITRON,1.0
00901,AL020112,BEURRE COND 100 gr,1.0
00901,BB022020,CH CH Bigbabol Stick Strawberry 5p x 20 x 20,1.0
00901,BI020124,Biskrem DUO 60g - ULKER,24.0
00901,BI030112,BISKREM DUO 85g - ULKER,18.0
00901,BI050124,Biskrem Cacao 60g - ULKER,24.0
00901,BI060124,Biskrem Cacao 110g - ULKER,24.0
00901,BI070124,BISKREM CACAO 85g - ULKER,24.0
00901,BI080124,BISKREM DUO 85g - ULKER,24.0
00901,FA010118,Mentos Fresh Action Cup Menthol 280g P100x18,1.0
00901,FA020118,Mentos Fresh Action Cup Cherry Mint 280g P100x18,1.0
00901,KC010120,YAOURT AROME CITRON,1.0
00901,KC010130,YAOURT AROME FRUITS DES BOIS,1.0
00901,KC010240,BIFI NATURE 0%,1.0
00901,KD010114,Kinder Délice T10X14,1.0
00901,KS020116,Kinder Joy T1x16 Boy,1.0
00901,LI010124,Gaufrette gout Chocolat 70g - LINGOT(colisage 24),27.428571428571427
00901,LI020124,Gaufrette gout Lait 70g - LINGOT (colisage 24),24.0
00901,LI040124,Gaufrette gout Noisette 70g - LINGOT (colisage 24),24.0
00901,LT020124,Gaufrette enrobée choco 30G Cacahueté (24x4),1.5
00901,LT030124,Gaufrette enrobée choco 30G Triple saveur (24x4),1.0
00901,NP010604,Nutella B-Ready T1x36x4,1.0
00901,RA040124,Canette Float Ananas 240 ML - RANI,24.0
00901,TB020112,Boite Bonbon Orange T12x24 TIC TAC,1.0
00903,AL020112,BEURRE COND 100 gr,1.0
00903,BI030112,BISKREM DUO 85g - ULKER,16.8
00903,BI030124,Biskrem DUO 110g - ULKER,32.0
00903,BI050124,Biskrem Cacao 60g - ULKER,24.0
00903,BI060124,Biskrem Cacao 110g - ULKER,24.0
00903,BI070124,BISKREM CACAO 85g - ULKER,24.0
00903,BI080124,BISKREM DUO 85g - ULKER,24.0
00903,BL030136,Blister Mentos Gum White Sweet Mint 17g P12x12,1.0
00903,BL040136,Blister Mentos Gum White Tutti Frutti 17g P12x12,1.0
00903,FA010118,Mentos Fresh Action Cup Menthol 280g P100x18,1.25
00903,FA020118,Mentos Fresh Action Cup Cherry Mint 280g P100x18,1.0
00903,JA010106,Mini Mentos Jar Fruit Mix 1Kg P100x6,1.0
00903,KC010120,YAOURT AROME CITRON,1.0
00903,KC010130,YAOURT AROME FRUITS DES BOIS,1.0
00903,KC010336,YAOURT AROME NATURE,1.0
00903,KD010114,Kinder Délice T10X14,1.6666666666666667
00903,LG020224,Gaufrette Golden Chocolat Blanc & Framboise 70g -L,24.0
00903,LG020324,Gaufrette Golden Wafers goût Chocolat 70g - LINGOT,24.0
00903,MW010112,"Boite Mentos Gum White Sweet Mint 53,2g P38x6",1.0
00903,NP010301,Pate a Tartiner de 350 grs NUTELLA,5.0
00903,NP010306,Pôt Pâte à tartiner de 600g NUTELLA,1.0
00903,NP010501,Nutella & Go 52g,12.0
00903,NP010604,Nutella B-Ready T1x36x4,1.0
00903,TB070148,Tic Tac Mix T48x8 ARBRE,1.0
00904,BI030124,Biskrem DUO 110g - ULKER,24.0
00904,BI050124,Biskrem Cacao 60g - ULKER,24.0
00904,BI060124,Biskrem Cacao 110g - ULKER,24.0
00904,BI070124,BISKREM CACAO 85g - ULKER,24.0
00904,CH020424,Bonbon Chamallows Party 70g HARIBO,6.0
00904,FA010118,Mentos Fresh Action Cup Menthol 280g P100x18,1.0
00904,FA020118,Mentos Fresh Action Cup Cherry Mint 280g P100x18,1.0
00904,FR010116,Trio de Rochers Chocolat FERRERO,1.0
00904,KC010120,YAOURT AROME CITRON,1.0
00904,KK010112,KAT KAT TAT Chocolat 26g (24x12),1.5
00904,KS020116,Kinder Joy T1x16 Boy,1.0
00904,LG020324,Gaufrette Golden Wafers goût Chocolat 70g - LINGOT,24.0
00904,MD010112,"Mentos Gum 3D Fresh Mint 8,5g P5x15",1.0
00904,MD020112,"Mentos Gum 3D S-A-R 8,5g P5x15",1.0
00904,NP010604,Nutella B-Ready T1x36x4,1.0
00904,RO010112,Bonbon Roulette 25g - HARIBO,1.0
00904,TB010112,Boite Bonbon Menthe T12x24 TIC TAC,1.0
00905,AL020112,BEURRE COND 100 gr,1.0
00905,BB012020,CH CH Bigbabol Stick Tutti Frutti 5p x 20 x 20,1.0
00905,BI050124,Biskrem Cacao 60g - ULKER,24.0
00905,BI060124,Biskrem Cacao 110g - ULKER,24.0
00905,BI070124,BISKREM CACAO 85g - ULKER,24.0
00905,CH010124,Bonbon Chamallows Pink & White 70g HARIBO,12.0
00905,KC010120,YAOURT AROME CITRON,1.0
00905,KC010130,YAOURT AROME FRUITS DES BOIS,1.0
00905,KC020130,Barre de Chocolat Biscuit noisette BUENO WHITE,1.0
00905,KD010114,Kinder Délice T10X14,2.0
00905,KS020116,Kinder Joy T1x16 Boy,1.0
00905,KS020216,Kinder Joy T1x16 Girl,1.0
00905,KS030116,Kinder Joy T1x16 Boy Collection 2,1.0
00905,LT030124,Gaufrette enrobée choco 30G Triple saveur (24x4),1.5
00905,NP010604,Nutella B-Ready T1x36x4,1.0
00905,RA020124,Canette Float Peche 240 ML - RANI,24.0
00905,RO010112,Bonbon Roulette 25g - HARIBO,1.0
00905,TB010112,Boite Bonbon Menthe T12x24 TIC TAC,1.0
00907,BI060124,Biskrem Cacao 110g - ULKER,24.0
00907,FA010118,Mentos Fresh Action Cup Menthol 280g P100x18,1.0
00907,FA020118,Mentos Fresh Action Cup Cherry Mint 280g P100x18,1.0
00907,TB010112,Boite Bonbon Menthe T12x24 TIC TAC,1.0
00908,AL010124,VIT'UP 170GR COLA CITRON,1.0
00908,AL020112,BEURRE COND 100 gr,1.0
00908,BI030112,BISKREM DUO 85g - ULKER,12.0
00908,BI030124,Biskrem DUO 110g - ULKER,24.0
00908,BI050124,Biskrem Cacao 60g - ULKER,23.5
00908,BI060124,Biskrem Cacao 110g - ULKER,28.0
00908,BI070124,BISKREM CACAO 85g - ULKER,24.0
00908,BI080124,BISKREM DUO 85g - ULKER,24.0
00908,FA010118,Mentos Fresh Action Cup Menthol 280g P100x18,1.0
00908,FA020118,Mentos Fresh Action Cup Cherry Mint 280g P100x18,1.0
00908,KC010120,YAOURT AROME CITRON,1.0
00908,KD010114,Kinder Délice T10X14,2.0
00908,KK010112,KAT KAT TAT Chocolat 26g (24x12),1.0
00908,LI010124,Gaufrette gout Chocolat 70g - LINGOT(colisage 24),24.0
00908,LI040124,Gaufrette gout Noisette 70g - LINGOT (colisage 24),24.0
00908,LT020124,Gaufrette enrobée choco 30G Cacahueté (24x4),1.0
00908,LT030124,Gaufrette enrobée choco 30G Triple saveur (24x4),1.5
00908,MR030108,"Mentos Rolls Rainbow 39,2g P14x20",1.0
00908,RA060124,Canette Float Fraise-Banane 240 ML - RANI,24.0
00908,RO010112,Bonbon Roulette 25g - HARIBO,1.0
00908,TB020112,Boite Bonbon Orange T12x24 TIC TAC,1.0
00912,BI030124,Biskrem DUO 110g - ULKER,24.0
00912,BI060124,Biskrem Cacao 110g - ULKER,24.0
00912,BI070124,BISKREM CACAO 85g - ULKER,24.0
00912,CC060112,CH CH XXL Strawberry 25Px29g,1.0
00912,KC010120,YAOURT AROME CITRON,1.0
00912,KC010130,YAOURT AROME FRUITS DES BOIS,1.0
00912,KC010240,BIFI NATURE 0%,1.0
00912,KK010112,KAT KAT TAT Chocolat 26g (24x12),2.0
00912,KS020116,Kinder Joy T1x16 Boy,1.0
00912,RO010112,Bonbon Roulette 25g - HARIBO,1.0
00913,AL010124,VIT'UP 170GR COLA CITRON,1.0
00913,AL020112,BEURRE COND 100 gr,1.0
00913,BE010124,Bonbon Berries 80g HARIBO,3.0
00913,BI030124,Biskrem DUO 110g - ULKER,48.0
00913,BI050124,Biskrem Cacao 60g - ULKER,24.0
00913,BI060124,Biskrem Cacao 110g - ULKER,24.0
00913,BI070124,BISKREM CACAO 85g - ULKER,24.0
00913,BL030136,Blister Mentos Gum White Sweet Mint 17g P12x12,1.0
00913,CC070106,CH CH Melody Strawberry 48x6,1.0
00913,CH020424,Bonbon Chamallows Party 70g HARIBO,24.0
00913,FA010118,Mentos Fresh Action Cup Menthol 280g P100x18,1.0
00913,FR010120,Bonbon Fruit-tella Stick  Strawberry 10px20x12,1.0
00913,HC030324,Bonbon Happy Cola Fizz 70g HARIBO,3.0
00913,KC010120,YAOURT AROME CITRON,1.0
00913,KC010130,YAOURT AROME FRUITS DES BOIS,1.3333333333333333
00913,KC020130,Barre de Chocolat Biscuit noisette BUENO WHITE,1.0
00913,KD010114,Kinder Délice T10X14,1.25
00913,KK010112,KAT KAT TAT Chocolat 26g (24x12),1.5
00913,KS020116,Kinder Joy T1x16 Boy,1.0
00913,KS020216,Kinder Joy T1x16 Girl,1.0
00913,LI010124,Gaufrette gout Chocolat 70g - LINGOT(colisage 24),24.0
00913,LT010124,Gaufrette enrobée choco 30G Riz Soufflé (24x4),1.0
00913,LT020124,Gaufrette enrobée choco 30G Cacahueté (24x4),1.0
00913,LT030124,Gaufrette enrobée choco 30G Triple saveur (24x4),1.0
00913,MI010124,Bonbon Mix Fizz 70g HARIBO,3.0
00913,NP010301,Pate a Tartiner de 350 grs NUTELLA,3.0
00913,NP010604,Nutella B-Ready T1x36x4,1.0
00913,RA020124,Canette Float Peche 240 ML - RANI,24.0
00913,RA050124,Canette Float Cocktail 240 ML - RANI,24.0
00913,RO010112,Bonbon Roulette 25g - HARIBO,1.0
00913,WO030124,Bonbon Fizz Worms 70g HARIBO,3.0
00917,AL020112,BEURRE COND 100 gr,1.0
00917,BI030112,BISKREM DUO 85g - ULKER,24.0
00917,BI030124,Biskrem DUO 110g - ULKER,24.0
00917,BI050124,Biskrem Cacao 60g - ULKER,24.0
00917,BI060124,Biskrem Cacao 110g - ULKER,24.0
00917,BI070124,BISKREM CACAO 85g - ULKER,24.0
00917,BI080124,BISKREM DUO 85g - ULKER,24.0
00917,BL040136,Blister Mentos Gum White Tutti Frutti 17g P12x12,1.0
00917,DC010224,YAOURT BRASSE VANILLE,1.0
00917,FA010118,Mentos Fresh Action Cup Menthol 280g P100x18,1.0
00917,KC010130,YAOURT AROME FRUITS DES BOIS,1.0
00917,KC010210,YAOURT AROME NOIX DE COCO,1.0
00917,KC010240,BIFI NATURE 0%,1.0
00917,KS020116,Kinder Joy T1x16 Boy,1.0
00917,LI010124,Gaufrette gout Chocolat 70g - LINGOT(colisage 24),24.0
00917,LI010140,Gaufrette Goût Chocolat 30g - LINGOT (Colisage 40),40.0
00917,LI020124,Gaufrette gout Lait 70g - LINGOT (colisage 24),24.0
00917,LI040124,Gaufrette gout Noisette 70g - LINGOT (colisage 24),24.0
00917,LT010124,Gaufrette enrobée choco 30G Riz Soufflé (24x4),1.0
00917,LT020124,Gaufrette enrobée choco 30G Cacahueté (24x4),1.0
00917,TB010112,Boite Bonbon Menthe T12x24 TIC TAC,1.0
00918,0005,Compote pomme fraise,1.0
00918,AL010124,VIT'UP 170GR COLA CITRON,1.0
00918,BB022020,CH CH Bigbabol Stick Strawberry 5p x 20 x 20,1.0
00918,BI060124,Biskrem Cacao 110g - ULKER,48.0
00918,BI070124,BISKREM CACAO 85g - ULKER,24.0
00918,BI080124,BISKREM DUO 85g - ULKER,24.0
00918,CC060106,Sachet Chupa-Chups The Best Of P120x6,1.0
00918,CH020424,Bonbon Chamallows Party 70g HARIBO,10.0
00918,FA010118,Mentos Fresh Action Cup Menthol 280g P100x18,1.0
00918,FR010116,Trio de Rochers Chocolat FERRERO,1.0
00918,HC030324,Bonbon Happy Cola Fizz 70g HARIBO,5.0
00918,KD010114,Kinder Délice T10X14,2.0
00918,KK010112,KAT KAT TAT Chocolat 26g (24x12),1.5
00918,KS020116,Kinder Joy T1x16 Boy,1.0
00918,KS020216,Kinder Joy T1x16 Girl,1.0
00918,LG020124,Gaufrette Golden  Chocolat Blanc & Citron 70g,24.0
00918,LG020324,Gaufrette Golden Wafers goût Chocolat 70g - LINGOT,24.0
00918,LI020140,GAUFRETTE Goût Caramel 30g -LINGOT (Colisage 40),40.0
00918,MI010124,Bonbon Mix Fizz 70g HARIBO,5.0
00918,WO020124,Bonbon Worms 80g HARIBO,5.0
00918,WO030124,Bonbon Fizz Worms 70g HARIBO,5.0
00919,AL010124,VIT'UP 170GR COLA CITRON,1.0
00919,BI030112,BISKREM DUO 85g - ULKER,12.0
00919,BI030124,Biskrem DUO 110g - ULKER,24.0
00919,BI050124,Biskrem Cacao 60g - ULKER,24.0
00919,BI060124,Biskrem Cacao 110g - ULKER,24.0
00919,FA010118,Mentos Fresh Action Cup Menthol 280g P100x18,1.0
00919,KK010112,KAT KAT TAT Chocolat 26g (24x12),1.0
00919,LI010124,Gaufrette gout Chocolat 70g - LINGOT(colisage 24),24.0
00919,LI040124,Gaufrette gout Noisette 70g - LINGOT (colisage 24),24.0
00919,LT030124,Gaufrette enrobée choco 30G Triple saveur (24x4),1.0
00919,NP010301,Pate a Tartiner de 350 grs NUTELLA,6.0
00919,TB070148,Tic Tac Mix T48x8 ARBRE,1.0
00920,AL020112,BEURRE COND 100 gr,1.0
00920,BI020124,Biskrem DUO 60g - ULKER,24.0
00920,BI050124,Biskrem Cacao 60g - ULKER,24.0
00920,BI060124,Biskrem Cacao 110g - ULKER,24.0
00920,BL030136,Blister Mentos Gum White Sweet Mint 17g P12x12,1.0
00920,BL040136,Blister Mentos Gum White Tutti Frutti 17g P12x12,1.0
00920,FA010118,Mentos Fresh Action Cup Menthol 280g P100x18,1.0
00920,FA020118,Mentos Fresh Action Cup Cherry Mint 280g P100x18,1.0
00920,HC030324,Bonbon Happy Cola Fizz 70g HARIBO,12.0
00920,KC010120,YAOURT AROME CITRON,4.0
00920,KC010130,YAOURT AROME FRUITS DES BOIS,1.0
00920,KK010112,KAT KAT TAT Chocolat 26g (24x12),2.0
00920,LI010124,Gaufrette gout Chocolat 70g - LINGOT(colisage 24),24.0
00920,LI040124,Gaufrette gout Noisette 70g - LINGOT (colisage 24),24.0
00920,LT010124,Gaufrette enrobée choco 30G Riz Soufflé (24x4),1.6666666666666667
00920,LT020124,Gaufrette enrobée choco 30G Cacahueté (24x4),1.3333333333333333
00920,LT030124,Gaufrette enrobée choco 30G Triple saveur (24x4),1.2
00920,MD010112,"Mentos Gum 3D Fresh Mint 8,5g P5x15",1.0
00920,MD020112,"Mentos Gum 3D S-A-R 8,5g P5x15",1.0
00920,MD030112,"Mentos Gum 3D Watermelon 8,5g P5x15",1.0
00920,NP010604,Nutella B-Ready T1x36x4,1.0
00920,RO010112,Bonbon Roulette 25g - HARIBO,1.0
00924,0005,Compote pomme fraise,1.0
00924,BI030112,BISKREM DUO 85g - ULKER,12.0
00924,BI030124,Biskrem DUO 110g - ULKER,48.0
00924,BI050124,Biskrem Cacao 60g - ULKER,24.0
00924,BI060124,Biskrem Cacao 110g - ULKER,24.0
00924,FA010118,Mentos Fresh Action Cup Menthol 280g P100x18,1.0
00924,KC010210,YAOURT AROME NOIX DE COCO,1.0
00924,LG020224,Gaufrette Golden Chocolat Blanc & Framboise 70g -L,24.0
00924,LG020324,Gaufrette Golden Wafers goût Chocolat 70g - LINGOT,24.0
00924,LT010124,Gaufrette enrobée choco 30G Riz Soufflé (24x4),1.0
00924,LT020124,Gaufrette enrobée choco 30G Cacahueté (24x4),1.0
00924,NP010301,Pate a Tartiner de 350 grs NUTELLA,3.0
00924,RA010124,Canette Float Orange 240 ML - RANI,24.0
00924,RO010112,Bonbon Roulette 25g - HARIBO,1.0
00924,TB010112,Boite Bonbon Menthe T12x24 TIC TAC,1.0
00927,BI020124,Biskrem DUO 60g - ULKER,24.0
00927,CH060124,Bonbon Chamallows Pink & White 25g x 24 HARIBO,1.0
00927,KS030116,Kinder Joy T1x16 Boy Collection 2,1.0
00928,KD010114,Kinder Délice T10X14,1.0
00936,0005,Compote pomme fraise,1.0
00936,AL020112,BEURRE COND 100 gr,1.0
00936,BI050124,Biskrem Cacao 60g - ULKER,24.0
00936,BI060124,Biskrem Cacao 110g - ULKER,48.0
00936,KK010112,KAT KAT TAT Chocolat 26g (24x12),1.0
00936,LI020124,Gaufrette gout Lait 70g - LINGOT (colisage 24),24.0
00936,LI040124,Gaufrette gout Noisette 70g - LINGOT (colisage 24),24.0
00936,LT010124,Gaufrette enrobée choco 30G Riz Soufflé (24x4),1.0
00936,LT020124,Gaufrette enrobée choco 30G Cacahueté (24x4),1.0
00936,LT030124,Gaufrette enrobée choco 30G Triple saveur (24x4),1.0
00936,RA020124,Canette Float Peche 240 ML - RANI,24.0
00936,RA030124,Canette Float Mangue 240 ML - RANI,24.0
00937,0005,Compote pomme fraise,1.0
00937,BI030112,BISKREM DUO 85g - ULKER,12.0
00937,BI030124,Biskrem DUO 110g - ULKER,48.0
00937,BI050124,Biskrem Cacao 60g - ULKER,24.0
00937,BI060124,Biskrem Cacao 110g - ULKER,30.0
00937,FA010118,Mentos Fresh Action Cup Menthol 280g P100x18,1.0
00937,KC010120,YAOURT AROME CITRON,1.0
00937,KC010130,YAOURT AROME FRUITS DES BOIS,1.0
00937,KD010114,Kinder Délice T10X14,1.0
00937,KK010112,KAT KAT TAT Chocolat 26g (24x12),1.5
00937,KS020216,Kinder Joy T1x16 Girl,1.0
00937,LT010124,Gaufrette enrobée choco 30G Riz Soufflé (24x4),1.0
00937,LT020124,Gaufrette enrobée choco 30G Cacahueté (24x4),1.0
00937,LT030124,Gaufrette enrobée choco 30G Triple saveur (24x4),1.0
00937,MI010124,Bonbon Mix Fizz 70g HARIBO,3.0
00937,RA010124,Canette Float Orange 240 ML - RANI,24.0
00937,RA060124,Canette Float Fraise-Banane 240 ML - RANI,24.0
00938,BI030124,Biskrem DUO 110g - ULKER,24.0
00938,BI060124,Biskrem Cacao 110g - ULKER,24.0
00938,FA010118,Mentos Fresh Action Cup Menthol 280g P100x18,1.0
00938,KC010130,YAOURT AROME FRUITS DES BOIS,1.0
00938,KK010112,KAT KAT TAT Chocolat 26g (24x12),1.0
00938,LT020124,Gaufrette enrobée choco 30G Cacahueté (24x4),1.0
00941,BI060124,Biskrem Cacao 110g - ULKER,24.0
00941,WO020124,Bonbon Worms 80g HARIBO,4.0
00942,KS020116,Kinder Joy T1x16 Boy,1.0
00942,LT030124,Gaufrette enrobée choco 30G Triple saveur (24x4),1.5
00943,BI030112,BISKREM DUO 85g - ULKER,12.0
00943,CC070106,CH CH Melody Strawberry 48x6,1.0
00943,CH010124,Bonbon Chamallows Pink & White 70g HARIBO,24.0
00943,LG020224,Gaufrette Golden Chocolat Blanc & Framboise 70g -L,24.0
00943,LI010124,Gaufrette gout Chocolat 70g - LINGOT(colisage 24),24.0
00943,LI050140,Gaufrette Goût Lait 30g - LINGOT (Colisage 40),40.0
00943,LT020124,Gaufrette enrobée choco 30G Cacahueté (24x4),1.0
00943,LT030124,Gaufrette enrobée choco 30G Triple saveur (24x4),1.0
00943,MR010108,"Mentos Rolls Menthe 39,2g P14x20",1.0
00943,MR030108,"Mentos Rolls Rainbow 39,2g P14x20",1.0
00943,NP010301,Pate a Tartiner de 350 grs NUTELLA,3.0
00943,TB010112,Boite Bonbon Menthe T12x24 TIC TAC,1.0
00943,TB020112,Boite Bonbon Orange T12x24 TIC TAC,1.0
00944,KH010128,Kinder Happy Hippo Cocoa T1x28x6,1.0
00944,ML010160,"Gaufrette Mini Lingot  16,5g - LINGOT (colisage 60",60.0
00945,FA010118,Mentos Fresh Action Cup Menthol 280g P100x18,1.0
00945,KC010120,YAOURT AROME CITRON,1.0
00945,KC010130,YAOURT AROME FRUITS DES BOIS,2.0
00945,KS020216,Kinder Joy T1x16 Girl,1.0
00946,0005,Compote pomme fraise,1.0
00946,BI050124,Biskrem Cacao 60g - ULKER,24.0
00946,BI060124,Biskrem Cacao 110g - ULKER,60.0
00946,FA010118,Mentos Fresh Action Cup Menthol 280g P100x18,1.0
00946,JA010106,Mini Mentos Jar Fruit Mix 1Kg P100x6,1.0
00946,KD010114,Kinder Délice T10X14,2.0
00946,KS020116,Kinder Joy T1x16 Boy,1.0
00946,KS020216,Kinder Joy T1x16 Girl,1.0
00946,RO010112,Bonbon Roulette 25g - HARIBO,1.0
00948,KC020130,Barre de Chocolat Biscuit noisette BUENO WHITE,1.0
00948,KD010114,Kinder Délice T10X14,1.0
00949,BI060124,Biskrem Cacao 110g - ULKER,24.0
00949,BI070124,BISKREM CACAO 85g - ULKER,24.0
00949,BI080124,BISKREM DUO 85g - ULKER,24.0
00949,CC060106,Sachet Chupa-Chups The Best Of P120x6,1.0
00949,CH010124,Bonbon Chamallows Pink & White 70g HARIBO,2.0
00949,CH020424,Bonbon Chamallows Party 70g HARIBO,2.0
00949,DC010224,YAOURT BRASSE VANILLE,1.0
00949,FR010116,Trio de Rochers Chocolat FERRERO,1.0
00949,HC020130,Bonbon Happy Cola 80gx30 HARIBO,18.0
00949,HC020224,Bonbon Happy Cola 30g HARIBO,24.0
00949,JB020116,STRIPE JELLY BEANS 35gx12x16,1.0
00949,KC010120,YAOURT AROME CITRON,1.0
00949,KC010130,YAOURT AROME FRUITS DES BOIS,1.3333333333333333
00949,KC010240,BIFI NATURE 0%,1.0
00949,KS020116,Kinder Joy T1x16 Boy,1.0
00949,MR020108,"Mentos Rolls Strawberry 39,2g P14x20",1.0
00950,CC020112,Sachet Chupa-Chups Fresh Cola P10x12,1.0
00950,CC030112,Sachet Chupa-Chups Milky P10x12,1.0
00951,FR010201,Coff. 16 Rochers Chocolat FERRERO,1.0
00952,FR010116,Trio de Rochers Chocolat FERRERO,1.0
00952,KC010130,YAOURT AROME FRUITS DES BOIS,1.5
00954,CH010124,Bonbon Chamallows Pink & White 70g HARIBO,3.0
00954,CH020424,Bonbon Chamallows Party 70g HARIBO,7.25
00954,FA010118,Mentos Fresh Action Cup Menthol 280g P100x18,1.0
00954,FA020118,Mentos Fresh Action Cup Cherry Mint 280g P100x18,1.0
00954,KC010120,YAOURT AROME CITRON,1.0
00954,KC010130,YAOURT AROME FRUITS DES BOIS,1.0
00954,NP010301,Pate a Tartiner de 350 grs NUTELLA,2.0
00954,NP010604,Nutella B-Ready T1x36x4,1.0
00954,RA020124,Canette Float Peche 240 ML - RANI,24.0
00954,RA040124,Canette Float Ananas 240 ML - RANI,12.0
00954,RA060124,Canette Float Fraise-Banane 240 ML - RANI,12.0
00955,AL010124,VIT'UP 170GR COLA CITRON,1.0
00955,AL020112,BEURRE COND 100 gr,1.0
00955,BE010124,Bonbon Berries 80g HARIBO,5.0
00955,BI070124,BISKREM CACAO 85g - ULKER,24.0
00955,BI080124,BISKREM DUO 85g - ULKER,24.0
00955,CC060112,CH CH XXL Strawberry 25Px29g,1.0
00955,CH010124,Bonbon Chamallows Pink & White 70g HARIBO,23.0
00955,FA010118,Mentos Fresh Action Cup Menthol 280g P100x18,1.0
00955,FA020118,Mentos Fresh Action Cup Cherry Mint 280g P100x18,1.0
00955,FF010112,Big Babol Filifolly Strawberry 11g x 12 Sachets,1.0
00955,FF020112,Big Babol Filifolly Fruit 11g x 12 Sachets,1.0
00955,FR010201,Coff. 16 Rochers Chocolat FERRERO,3.5
00955,HC030124,Bonbon Happy Cherries 80g HARIBO,2.0
00955,JA010106,Mini Mentos Jar Fruit Mix 1Kg P100x6,1.0
00955,JB020116,STRIPE JELLY BEANS 35gx12x16,1.0
00955,KC010120,YAOURT AROME CITRON,1.0
00955,KC010130,YAOURT AROME FRUITS DES BOIS,1.0
00955,KC010210,YAOURT AROME NOIX DE COCO,1.0
00955,KC010240,BIFI NATURE 0%,1.0
00955,KC020130,Barre de Chocolat Biscuit noisette BUENO WHITE,1.0
00955,KD010114,Kinder Délice T10X14,14.0
00955,MD010112,"Mentos Gum 3D Fresh Mint 8,5g P5x15",2.0
00955,NP010301,Pate a Tartiner de 350 grs NUTELLA,5.0
00955,NP010406,Pôt Pâte à tartiner de 600g NUTELLA OCCASION,6.0
00955,NP010604,Nutella B-Ready T1x36x4,1.0
00955,NP060716,Nutella B-Ready T6x16,8.0
00955,RA010124,Canette Float Orange 240 ML - RANI,12.0
00955,RA020124,Canette Float Peche 240 ML - RANI,12.0
00955,RA050124,Canette Float Cocktail 240 ML - RANI,12.0
00955,RO010112,Bonbon Roulette 25g - HARIBO,1.0
00955,RR010116,Trio de Rochers Noix Coco RAFAELLO,1.0
00955,TS010224,Bonbon Twin Snakes  67g HARIBO,5.0
00956,AL010124,VIT'UP 170GR COLA CITRON,1.0
00956,AL020112,BEURRE COND 100 gr,1.0
00956,BB012020,CH CH Bigbabol Stick Tutti Frutti 5p x 20 x 20,1.0
00956,BB022020,CH CH Bigbabol Stick Strawberry 5p x 20 x 20,1.0
00956,BE010112,Biskrem Extra 92g - ULKER,12.0
00956,BE010124,Bonbon Berries 80g HARIBO,3.0
00956,BI020124,Biskrem DUO 60g - ULKER,24.0
00956,BI060124,Biskrem Cacao 110g - ULKER,24.0
00956,BI070124,BISKREM CACAO 85g - ULKER,24.0
00956,BI080124,BISKREM DUO 85g - ULKER,24.0
00956,CH010124,Bonbon Chamallows Pink & White 70g HARIBO,17.666666666666668
00956,CH020424,Bonbon Chamallows Party 70g HARIBO,27.5
00956,DC010224,YAOURT BRASSE VANILLE,1.0
00956,FA010118,Mentos Fresh Action Cup Menthol 280g P100x18,1.0
00956,FA020118,Mentos Fresh Action Cup Cherry Mint 280g P100x18,1.0
00956,FA030112,Mentos Fresh Action Stick Cherry Mint 10px24x12,1.0
00956,FR010120,Bonbon Fruit-tella Stick  Strawberry 10px20x12,1.0
00956,FR010220,Bonbon Fruit-tella Stick Orange 10px20x12,1.0
00956,FR010301,Coff. de 24 Rochers Chocolat FERRERO,1.0
00956,GB010324,Bonbon Gold-Bears 30g HARIBO,6.0
00956,GB020130,Bonbon Gold-Bears 80gx30 - HARIBO,7.5
00956,HC020224,Bonbon Happy Cola 30g HARIBO,6.0
00956,HC030124,Bonbon Happy Cherries 80g HARIBO,4.5
00956,HC030324,Bonbon Happy Cola Fizz 70g HARIBO,1.0
00956,JB010148,Bonbon Jelly Beans 80g HARIBO,4.0
00956,KC010130,YAOURT AROME FRUITS DES BOIS,1.25
00956,KC020130,Barre de Chocolat Biscuit noisette BUENO WHITE,1.0
00956,KD010114,Kinder Délice T10X14,14.0
00956,KD020114,Kinder Délice T1X10X14 (Pièce),5.0
00956,KH020110,Kinder Happy Hippo Cocoa T5x10,1.0
00956,KK010106,KAT KAT TAT Noisette 24g (24x6),6.0
00956,KK010112,KAT KAT TAT Chocolat 26g (24x12),3.0
00956,KS030116,Kinder Joy T1x16 Boy Collection 2,1.0
00956,KS030216,Kinder Joy T1x16 Girl Collection 2,1.0
00956,MI010124,Bonbon Mix Fizz 70g HARIBO,2.5
00956,MR010108,"Mentos Rolls Menthe 39,2g P14x20",1.0
00956,NP010306,Pôt Pâte à tartiner de 600g NUTELLA,2.0
00956,NP010501,Nutella & Go 52g,24.0
00956,NP010604,Nutella B-Ready T1x36x4,1.5
00956,PH020224,Bonbon Phantasia 80g HARIBO,1.0
00956,RA010124,Canette Float Orange 240 ML - RANI,24.0
00956,RA020124,Canette Float Peche 240 ML - RANI,12.0
00956,RA060124,Canette Float Fraise-Banane 240 ML - RANI,12.0
00956,SM010224,Bonbon Starmix 80g HARIBO,3.5
00956,ST010208,Mix Sripe Assortiment 24x8x25g HARIBO,3.0
00956,TB070148,Tic Tac Mix T48x8 ARBRE,1.0
00956,TE020124,Bonbon Teeth 80g HARIBO,1.0
00956,WO030124,Bonbon Fizz Worms 70g HARIBO,5.0
00957,FR010201,Coff. 16 Rochers Chocolat FERRERO,2.0
00958,KC020130,Barre de Chocolat Biscuit noisette BUENO WHITE,1.0
00958,RO010112,Bonbon Roulette 25g - HARIBO,1.0
00959,AL010124,VIT'UP 170GR COLA CITRON,1.0
00959,AL020112,BEURRE COND 100 gr,1.0
00959,BB012020,CH CH Bigbabol Stick Tutti Frutti 5p x 20 x 20,1.5
00959,BB022020,CH CH Bigbabol Stick Strawberry 5p x 20 x 20,1.0
00959,BE010124,Bonbon Berries 80g HARIBO,2.0
00959,BI030124,Biskrem DUO 110g - ULKER,24.0
00959,BI050124,Biskrem Cacao 60g - ULKER,24.0
00959,BI060124,Biskrem Cacao 110g - ULKER,24.0
00959,BI070124,BISKREM CACAO 85g - ULKER,24.0
00959,BI080124,BISKREM DUO 85g - ULKER,24.0
00959,BL030136,Blister Mentos Gum White Sweet Mint 17g P12x12,1.0
00959,BL040136,Blister Mentos Gum White Tutti Frutti 17g P12x12,1.0
00959,CC060106,Sachet Chupa-Chups The Best Of P120x6,1.0
00959,CC060112,CH CH XXL Strawberry 25Px29g,1.0
00959,CC070106,CH CH Melody Strawberry 48x6,1.0
00959,CC070124,Sachet Chupa Chups Mini 35Px24,2.0
00959,CH010124,Bonbon Chamallows Pink & White 70g HARIBO,14.4
00959,CH020424,Bonbon Chamallows Party 70g HARIBO,17.666666666666668
00959,DC010224,YAOURT BRASSE VANILLE,1.0
00959,FA010118,Mentos Fresh Action Cup Menthol 280g P100x18,1.0
00959,FA020118,Mentos Fresh Action Cup Cherry Mint 280g P100x18,1.3333333333333333
00959,FA030112,Mentos Fresh Action Stick Cherry Mint 10px24x12,1.0
00959,FF010112,Big Babol Filifolly Strawberry 11g x 12 Sachets,2.0
00959,FF020112,Big Babol Filifolly Fruit 11g x 12 Sachets,1.0
00959,FF030112,Big Babol Filifolly Watermelon 11g x 12 Sachets,1.0
00959,FR010116,Trio de Rochers Chocolat FERRERO,1.1428571428571428
00959,HC030124,Bonbon Happy Cherries 80g HARIBO,2.0
00959,HC030324,Bonbon Happy Cola Fizz 70g HARIBO,2.0
00959,KC010120,YAOURT AROME CITRON,1.1111111111111112
00959,KC010130,YAOURT AROME FRUITS DES BOIS,1.0
00959,KC010240,BIFI NATURE 0%,1.0
00959,KC010336,YAOURT AROME NATURE,1.0
00959,KC020130,Barre de Chocolat Biscuit noisette BUENO WHITE,1.0
00959,KD010114,Kinder Délice T10X14,1.5
00959,KS020116,Kinder Joy T1x16 Boy,1.0
00959,KS020216,Kinder Joy T1x16 Girl,1.0
00959,LI010124,Gaufrette gout Chocolat 70g - LINGOT(colisage 24),48.0
00959,MD010112,"Mentos Gum 3D Fresh Mint 8,5g P5x15",1.0
00959,MD020112,"Mentos Gum 3D S-A-R 8,5g P5x15",1.0
00959,MD030112,"Mentos Gum 3D Watermelon 8,5g P5x15",1.0
00959,MG010116,Mentos Gum Rolls Pure Fresh 1.75g P9x16,1.0
00959,MI010124,Bonbon Mix Fizz 70g HARIBO,2.0
00959,MR010108,"Mentos Rolls Menthe 39,2g P14x20",1.0
00959,MR020108,"Mentos Rolls Strawberry 39,2g P14x20",1.0
00959,MR030108,"Mentos Rolls Rainbow 39,2g P14x20",1.3333333333333333
00959,MR050108,"Mentos Rolls Fruit 39,2g P14x20",1.0
00959,MW010112,"Boite Mentos Gum White Sweet Mint 53,2g P38x6",1.0
00959,MW020112,"Boite Mentos Gum White Tutti Frutti 53,2g P38x6",1.0
00959,NP010301,Pate a Tartiner de 350 grs NUTELLA,15.0
00959,NP010501,Nutella & Go 52g,24.0
00959,NP010604,Nutella B-Ready T1x36x4,1.0
00959,NP060716,Nutella B-Ready T6x16,5.0
00959,RA020124,Canette Float Peche 240 ML - RANI,24.0
00959,RO010112,Bonbon Roulette 25g - HARIBO,1.0909090909090908
00959,RR010116,Trio de Rochers Noix Coco RAFAELLO,1.0
00959,RR010201,Coff. 15 Rochers Noix Coco RAFAELLO,6.0
00959,TB010112,Boite Bonbon Menthe T12x24 TIC TAC,1.0
00959,TB020112,Boite Bonbon Orange T12x24 TIC TAC,1.0
00959,TB030112,Boite Bonbon Spearmint T12x24 TIC TAC,1.0
00959,TB050112,Boite Bonbon Strawberry mix T12x24 TIC TAC,1.0
00959,WO020124,Bonbon Worms 80g HARIBO,2.0
00959,WO030124,Bonbon Fizz Worms 70g HARIBO,2.0
00960,FA010118,Mentos Fresh Action Cup Menthol 280g P100x18,1.0
00960,FA020118,Mentos Fresh Action Cup Cherry Mint 280g P100x18,1.0
00960,LT020124,Gaufrette enrobée choco 30G Cacahueté (24x4),1.0
00962,AL010124,VIT'UP 170GR COLA CITRON,1.0
00962,BL030136,Blister Mentos Gum White Sweet Mint 17g P12x12,1.0
00962,CH010124,Bonbon Chamallows Pink & White 70g HARIBO,4.0
00962,KD010114,Kinder Délice T10X14,1.0
00962,NP010306,Pôt Pâte à tartiner de 600g NUTELLA,2.0
00962,RR010116,Trio de Rochers Noix Coco RAFAELLO,1.0
00963,AL010124,VIT'UP 170GR COLA CITRON,2.0
00963,CH010124,Bonbon Chamallows Pink & White 70g HARIBO,24.0
00963,FF020112,Big Babol Filifolly Fruit 11g x 12 Sachets,3.0
00963,KC010120,YAOURT AROME CITRON,1.0
00963,KC010130,YAOURT AROME FRUITS DES BOIS,1.0
00963,KC020130,Barre de Chocolat Biscuit noisette BUENO WHITE,1.0
00963,KK010106,KAT KAT TAT Noisette 24g (24x6),2.0
00963,KK010112,KAT KAT TAT Chocolat 26g (24x12),1.0
00963,RO010112,Bonbon Roulette 25g - HARIBO,1.0
00964,FA010118,Mentos Fresh Action Cup Menthol 280g P100x18,1.0
00965,AL010124,VIT'UP 170GR COLA CITRON,1.0
00965,KC010120,YAOURT AROME CITRON,1.0
00967,0005,Compote pomme fraise,1.0
00967,AL020112,BEURRE COND 100 gr,1.0
00967,BB012020,CH CH Bigbabol Stick Tutti Frutti 5p x 20 x 20,1.0
00967,BI020124,Biskrem DUO 60g - ULKER,24.0
00967,BI030124,Biskrem DUO 110g - ULKER,24.0
00967,BI060124,Biskrem Cacao 110g - ULKER,48.0
00967,CC060106,Sachet Chupa-Chups The Best Of P120x6,1.0
00967,CC060112,CH CH XXL Strawberry 25Px29g,1.0
00967,CC070106,CH CH Melody Strawberry 48x6,1.0
00967,CH010124,Bonbon Chamallows Pink & White 70g HARIBO,24.0
00967,FR010120,Bonbon Fruit-tella Stick  Strawberry 10px20x12,1.0
00967,KC010130,YAOURT AROME FRUITS DES BOIS,1.0
00967,KK010112,KAT KAT TAT Chocolat 26g (24x12),1.0
00967,RA020124,Canette Float Peche 240 ML - RANI,24.0
00967,RA030124,Canette Float Mangue 240 ML - RANI,24.0
00967,RA050124,Canette Float Cocktail 240 ML - RANI,24.0
00967,RA060124,Canette Float Fraise-Banane 240 ML - RANI,24.0
00967,RO010112,Bonbon Roulette 25g - HARIBO,1.0
00968,BI050124,Biskrem Cacao 60g - ULKER,24.0
00968,BI060124,Biskrem Cacao 110g - ULKER,48.0
00968,BI070124,BISKREM CACAO 85g - ULKER,24.0
00968,BL030136,Blister Mentos Gum White Sweet Mint 17g P12x12,1.0
00968,CC060106,Sachet Chupa-Chups The Best Of P120x6,1.0
00968,CH010124,Bonbon Chamallows Pink & White 70g HARIBO,12.0
00968,CH020424,Bonbon Chamallows Party 70g HARIBO,6.0
00968,LI010124,Gaufrette gout Chocolat 70g - LINGOT(colisage 24),24.0
00968,NP010604,Nutella B-Ready T1x36x4,1.0
00976,BI020124,Biskrem DUO 60g - ULKER,24.0
00976,BI050124,Biskrem Cacao 60g - ULKER,24.0
00976,BI060124,Biskrem Cacao 110g - ULKER,24.0
00976,GB020130,Bonbon Gold-Bears 80gx30 - HARIBO,7.0
00977,0005,Compote pomme fraise,1.0
00977,AL010124,VIT'UP 170GR COLA CITRON,1.1428571428571428
00977,BE010112,Biskrem Extra 92g - ULKER,12.0
00977,BI020124,Biskrem DUO 60g - ULKER,24.0
00977,BI030124,Biskrem DUO 110g - ULKER,24.0
00977,BI050124,Biskrem Cacao 60g - ULKER,24.0
00977,BI060124,Biskrem Cacao 110g - ULKER,34.285714285714285
00977,BI070124,BISKREM CACAO 85g - ULKER,24.0
00977,BI080124,BISKREM DUO 85g - ULKER,24.0
00977,BL030136,Blister Mentos Gum White Sweet Mint 17g P12x12,1.0
00977,CC060106,Sachet Chupa-Chups The Best Of P120x6,1.0
00977,CC060112,CH CH XXL Strawberry 25Px29g,1.0
00977,CH010124,Bonbon Chamallows Pink & White 70g HARIBO,7.222222222222222
00977,CH020424,Bonbon Chamallows Party 70g HARIBO,6.125
00977,DC010224,YAOURT BRASSE VANILLE,1.5
00977,FA010118,Mentos Fresh Action Cup Menthol 280g P100x18,1.0
00977,FA020118,Mentos Fresh Action Cup Cherry Mint 280g P100x18,1.0
00977,FF020112,Big Babol Filifolly Fruit 11g x 12 Sachets,1.0
00977,FF030112,Big Babol Filifolly Watermelon 11g x 12 Sachets,1.0
00977,HC020224,Bonbon Happy Cola 30g HARIBO,24.0
00977,KC010120,YAOURT AROME CITRON,1.0
00977,KC010130,YAOURT AROME FRUITS DES BOIS,1.0
00977,KC010240,BIFI NATURE 0%,1.0
00977,KC010336,YAOURT AROME NATURE,1.0
00977,KC020130,Barre de Chocolat Biscuit noisette BUENO WHITE,1.0
00977,KD010114,Kinder Délice T10X14,2.0
00977,KS020116,Kinder Joy T1x16 Boy,1.0
00977,KS020216,Kinder Joy T1x16 Girl,1.0
00977,MG010116,Mentos Gum Rolls Pure Fresh 1.75g P9x16,1.0
00977,MR010108,"Mentos Rolls Menthe 39,2g P14x20",1.0
00977,MR030108,"Mentos Rolls Rainbow 39,2g P14x20",1.0
00977,NP010501,Nutella & Go 52g,24.0
00977,NP010604,Nutella B-Ready T1x36x4,1.0
00977,RO010112,Bonbon Roulette 25g - HARIBO,1.0
00977,RR010116,Trio de Rochers Noix Coco RAFAELLO,1.0
00977,ST010208,Mix Sripe Assortiment 24x8x25g HARIBO,1.0
00977,TB010112,Boite Bonbon Menthe T12x24 TIC TAC,1.0
00977,TB070148,Tic Tac Mix T48x8 ARBRE,1.0
00978,0005,Compote pomme fraise,1.0
00978,BI020124,Biskrem DUO 60g - ULKER,24.0
00978,BI030112,BISKREM DUO 85g - ULKER,24.0
00978,BI030124,Biskrem DUO 110g - ULKER,24.0
00978,BI050124,Biskrem Cacao 60g - ULKER,24.0
00978,BI060124,Biskrem Cacao 110g - ULKER,29.333333333333332
00978,BI070124,BISKREM CACAO 85g - ULKER,24.0
00978,BI080124,BISKREM DUO 85g - ULKER,24.0
00978,BL030136,Blister Mentos Gum White Sweet Mint 17g P12x12,1.0
00978,BL040136,Blister Mentos Gum White Tutti Frutti 17g P12x12,1.0
00978,CC060106,Sachet Chupa-Chups The Best Of P120x6,1.0
00978,CH020424,Bonbon Chamallows Party 70g HARIBO,24.0
00978,FA010118,Mentos Fresh Action Cup Menthol 280g P100x18,1.0
00978,KC010130,YAOURT AROME FRUITS DES BOIS,1.0
00978,KC010240,BIFI NATURE 0%,1.0
00978,LI010140,Gaufrette Goût Chocolat 30g - LINGOT (Colisage 40),40.0
00978,LT020124,Gaufrette enrobée choco 30G Cacahueté (24x4),1.0
00978,NP010301,Pate a Tartiner de 350 grs NUTELLA,10.0
00978,NP010604,Nutella B-Ready T1x36x4,1.0
00979,BI060124,Biskrem Cacao 110g - ULKER,24.0
00979,CC060106,Sachet Chupa-Chups The Best Of P120x6,1.0
00979,KC010240,BIFI NATURE 0%,1.0
00979,KC010336,YAOURT AROME NATURE,1.0
00979,KS020216,Kinder Joy T1x16 Girl,1.0
00979,NP010604,Nutella B-Ready T1x36x4,2.0
00979,ST010208,Mix Sripe Assortiment 24x8x25g HARIBO,1.0
00980,AL020112,BEURRE COND 100 gr,1.0
00980,BI050124,Biskrem Cacao 60g - ULKER,24.0
00980,BI060124,Biskrem Cacao 110g - ULKER,24.0
00980,FA010118,Mentos Fresh Action Cup Menthol 280g P100x18,1.0
00980,FF010112,Big Babol Filifolly Strawberry 11g x 12 Sachets,1.0
00980,KC010130,YAOURT AROME FRUITS DES BOIS,1.0
00980,KS020216,Kinder Joy T1x16 Girl,1.0
00980,LG020324,Gaufrette Golden Wafers goût Chocolat 70g - LINGOT,24.0
00981,BI050124,Biskrem Cacao 60g - ULKER,200.0
00981,BI070124,BISKREM CACAO 85g - ULKER,160.0
00981,BR020124,RAIEB 450 GR,558.0
00981,BR030124,VIT'UP VANILLE 160GR,456.0
00987,AL020112,BEURRE COND 100 gr,1.0
00987,CC060106,Sachet Chupa-Chups The Best Of P120x6,1.0
00987,CC070106,CH CH Melody Strawberry 48x6,1.0
00987,KC010130,YAOURT AROME FRUITS DES BOIS,1.0
00987,KK010106,KAT KAT TAT Noisette 24g (24x6),1.0
00987,KS020116,Kinder Joy T1x16 Boy,1.0
00987,KS030116,Kinder Joy T1x16 Boy Collection 2,1.0
00987,MD020112,"Mentos Gum 3D S-A-R 8,5g P5x15",1.0
00987,MG010116,Mentos Gum Rolls Pure Fresh 1.75g P9x16,1.0
00988,BB012020,CH CH Bigbabol Stick Tutti Frutti 5p x 20 x 20,1.0
00988,BB022020,CH CH Bigbabol Stick Strawberry 5p x 20 x 20,1.0
00988,BE010124,Bonbon Berries 80g HARIBO,5.0
00988,BL030136,Blister Mentos Gum White Sweet Mint 17g P12x12,1.0
00988,BL040136,Blister Mentos Gum White Tutti Frutti 17g P12x12,1.0
00988,CC060112,CH CH XXL Strawberry 25Px29g,1.0
00988,CC070106,CH CH Melody Strawberry 48x6,1.0
00988,CH010124,Bonbon Chamallows Pink & White 70g HARIBO,4.25
00988,CH020424,Bonbon Chamallows Party 70g HARIBO,4.25
00988,FA010118,Mentos Fresh Action Cup Menthol 280g P100x18,1.0
00988,FA020118,Mentos Fresh Action Cup Cherry Mint 280g P100x18,1.0
00988,FF030112,Big Babol Filifolly Watermelon 11g x 12 Sachets,1.0
00988,GB020130,Bonbon Gold-Bears 80gx30 - HARIBO,6.0
00988,HC020130,Bonbon Happy Cola 80gx30 HARIBO,3.0
00988,KC010120,YAOURT AROME CITRON,1.0
00988,KC010130,YAOURT AROME FRUITS DES BOIS,1.2
00988,KC010210,YAOURT AROME NOIX DE COCO,1.0
00988,KC010240,BIFI NATURE 0%,1.0
00988,KC010336,YAOURT AROME NATURE,1.0
00988,KC010618,Kinder Creamy T1X8X18,1.0
00988,KC020130,Barre de Chocolat Biscuit noisette BUENO WHITE,1.0
00988,KD010114,Kinder Délice T10X14,7.0
00988,KK010106,KAT KAT TAT Noisette 24g (24x6),6.0
00988,KK010112,KAT KAT TAT Chocolat 26g (24x12),3.0
00988,KS020116,Kinder Joy T1x16 Boy,1.0
00988,KS020216,Kinder Joy T1x16 Girl,1.0
00988,KS030116,Kinder Joy T1x16 Boy Collection 2,1.0
00988,KS030216,Kinder Joy T1x16 Girl Collection 2,1.0
00988,LT030124,Gaufrette enrobée choco 30G Triple saveur (24x4),1.0
00988,MD020112,"Mentos Gum 3D S-A-R 8,5g P5x15",1.0
00988,MD030112,"Mentos Gum 3D Watermelon 8,5g P5x15",1.0
00988,MI010124,Bonbon Mix Fizz 70g HARIBO,2.0
00988,NP010604,Nutella B-Ready T1x36x4,1.0
00988,RO010112,Bonbon Roulette 25g - HARIBO,1.0
00988,SM010224,Bonbon Starmix 80g HARIBO,3.0
00988,TB020112,Boite Bonbon Orange T12x24 TIC TAC,1.0
00988,TB050112,Boite Bonbon Strawberry mix T12x24 TIC TAC,1.0
00988,TS010224,Bonbon Twin Snakes  67g HARIBO,6.0
00991,CH060124,Bonbon Chamallows Pink & White 25g x 24 HARIBO,1.0
00991,RO010112,Bonbon Roulette 25g - HARIBO,1.0
00992,CH020424,Bonbon Chamallows Party 70g HARIBO,2.0
00992,KC010336,YAOURT AROME NATURE,1.0
00994,BE010112,Biskrem Extra 92g - ULKER,12.0
00994,BI020124,Biskrem DUO 60g - ULKER,24.0
00994,BI030124,Biskrem DUO 110g - ULKER,48.0
00994,BI060124,Biskrem Cacao 110g - ULKER,24.0
00994,BI080124,BISKREM DUO 85g - ULKER,24.0
00994,BL030136,Blister Mentos Gum White Sweet Mint 17g P12x12,1.0
00994,BL040136,Blister Mentos Gum White Tutti Frutti 17g P12x12,1.0
00994,DC010224,YAOURT BRASSE VANILLE,1.0
00994,FR010201,Coff. 16 Rochers Chocolat FERRERO,5.0
00994,FR010401,Coff. de 30 Rochers Chocolat FERRERO,1.0
00994,FR010501,Coffret de 24 Rochers Collection Chocolat FERRERO,1.0
00994,KC020130,Barre de Chocolat Biscuit noisette BUENO WHITE,1.0
00994,KD010114,Kinder Délice T10X14,2.0
00994,LI040124,Gaufrette gout Noisette 70g - LINGOT (colisage 24),24.0
00994,MR070108,Mentos Rolls Sour Mix 39.2g P14x20,1.0
00994,NP010301,Pate a Tartiner de 350 grs NUTELLA,3.0
00994,RA010124,Canette Float Orange 240 ML - RANI,6.0
00994,RA020124,Canette Float Peche 240 ML - RANI,6.0
00994,RA040124,Canette Float Ananas 240 ML - RANI,6.0
00994,RA060124,Canette Float Fraise-Banane 240 ML - RANI,6.0
00994,RR010201,Coff. 15 Rochers Noix Coco RAFAELLO,6.0
00995,KC010130,YAOURT AROME FRUITS DES BOIS,1.0
00995,RA040124,Canette Float Ananas 240 ML - RANI,24.0
00995,RO010112,Bonbon Roulette 25g - HARIBO,1.0
00995,TB020112,Boite Bonbon Orange T12x24 TIC TAC,1.0
00996,BI060124,Biskrem Cacao 110g - ULKER,24.0
00997,BI020124,Biskrem DUO 60g - ULKER,24.0
00997,BI030112,BISKREM DUO 85g - ULKER,24.0
00997,BI030124,Biskrem DUO 110g - ULKER,24.0
00997,BI050124,Biskrem Cacao 60g - ULKER,24.0
00997,BI060124,Biskrem Cacao 110g - ULKER,24.0
00997,BI070124,BISKREM CACAO 85g - ULKER,24.0
00997,CC060106,Sachet Chupa-Chups The Best Of P120x6,1.0
00997,FA010118,Mentos Fresh Action Cup Menthol 280g P100x18,1.0
00997,FA020118,Mentos Fresh Action Cup Cherry Mint 280g P100x18,1.0
00997,JA010106,Mini Mentos Jar Fruit Mix 1Kg P100x6,1.0
00997,KC010120,YAOURT AROME CITRON,1.0
00997,KC010240,BIFI NATURE 0%,1.0
00997,KD010114,Kinder Délice T10X14,1.0
00997,KS020116,Kinder Joy T1x16 Boy,1.0
00997,LT030124,Gaufrette enrobée choco 30G Triple saveur (24x4),1.0
00997,MR010108,"Mentos Rolls Menthe 39,2g P14x20",1.0
00997,MR030108,"Mentos Rolls Rainbow 39,2g P14x20",1.0
00997,NP010301,Pate a Tartiner de 350 grs NUTELLA,4.0
00997,NP010501,Nutella & Go 52g,12.0
00997,RA060124,Canette Float Fraise-Banane 240 ML - RANI,24.0
00997,RO010112,Bonbon Roulette 25g - HARIBO,1.0
00997,TB010112,Boite Bonbon Menthe T12x24 TIC TAC,1.0
00997,TB020112,Boite Bonbon Orange T12x24 TIC TAC,1.0
00998,AL010124,VIT'UP 170GR COLA CITRON,1.0
00998,AL020112,BEURRE COND 100 gr,1.0
00998,BE010124,Bonbon Berries 80g HARIBO,5.0
00998,BI020124,Biskrem DUO 60g - ULKER,48.0
00998,BI030124,Biskrem DUO 110g - ULKER,24.0
00998,BI050124,Biskrem Cacao 60g - ULKER,36.0
00998,BI060124,Biskrem Cacao 110g - ULKER,24.0
00998,BL040136,Blister Mentos Gum White Tutti Frutti 17g P12x12,1.0
00998,CC060106,Sachet Chupa-Chups The Best Of P120x6,1.0
00998,CC060108,Présentoir Chupa-Chups Half Wheels P60x1,1.0
00998,CH010124,Bonbon Chamallows Pink & White 70g HARIBO,6.0
00998,CH020424,Bonbon Chamallows Party 70g HARIBO,12.0
00998,FA010118,Mentos Fresh Action Cup Menthol 280g P100x18,1.0
00998,JA010106,Mini Mentos Jar Fruit Mix 1Kg P100x6,1.0
00998,KC010120,YAOURT AROME CITRON,1.0
00998,KC010130,YAOURT AROME FRUITS DES BOIS,1.0
00998,KC010240,BIFI NATURE 0%,2.0
00998,KC020130,Barre de Chocolat Biscuit noisette BUENO WHITE,1.0
00998,KD010114,Kinder Délice T10X14,1.0
00998,KS020116,Kinder Joy T1x16 Boy,1.0
00998,LG020324,Gaufrette Golden Wafers goût Chocolat 70g - LINGOT,24.0
00998,MR010108,"Mentos Rolls Menthe 39,2g P14x20",1.0
00998,MR030108,"Mentos Rolls Rainbow 39,2g P14x20",1.0
00998,NP010301,Pate a Tartiner de 350 grs NUTELLA,2.0
00998,NP010501,Nutella & Go 52g,12.0
00998,PV010124,Bonbon Primavera 80g HARIBO,5.0
00998,RO010112,Bonbon Roulette 25g - HARIBO,1.0
00998,TB020112,Boite Bonbon Orange T12x24 TIC TAC,1.0
00999,HC030324,Bonbon Happy Cola Fizz 70g HARIBO,8.0
01117,0005,Compote pomme fraise,1.0
01117,BE010124,Bonbon Berries 80g HARIBO,6.0
01117,BI030124,Biskrem DUO 110g - ULKER,48.0
01117,BI060124,Biskrem Cacao 110g - ULKER,60.0
01117,BI070124,BISKREM CACAO 85g - ULKER,24.0
01117,CC060106,Sachet Chupa-Chups The Best Of P120x6,1.0
01117,CH010124,Bonbon Chamallows Pink & White 70g HARIBO,17.666666666666668
01117,CH020424,Bonbon Chamallows Party 70g HARIBO,19.25
01117,FA010118,Mentos Fresh Action Cup Menthol 280g P100x18,1.0
01117,FA020118,Mentos Fresh Action Cup Cherry Mint 280g P100x18,1.0
01117,GB010324,Bonbon Gold-Bears 30g HARIBO,24.0
01117,GB020130,Bonbon Gold-Bears 80gx30 - HARIBO,37.333333333333336
01117,HC020130,Bonbon Happy Cola 80gx30 HARIBO,13.0
01117,HC020224,Bonbon Happy Cola 30g HARIBO,24.0
01117,HC030124,Bonbon Happy Cherries 80g HARIBO,10.0
01117,HC030324,Bonbon Happy Cola Fizz 70g HARIBO,6.75
01117,JA010106,Mini Mentos Jar Fruit Mix 1Kg P100x6,1.0
01117,KC010120,YAOURT AROME CITRON,1.0
01117,KC010130,YAOURT AROME FRUITS DES BOIS,1.5
01117,KC010240,BIFI NATURE 0%,1.5
01117,KC020130,Barre de Chocolat Biscuit noisette BUENO WHITE,2.0
01117,KD010114,Kinder Délice T10X14,3.0
01117,KH010128,Kinder Happy Hippo Cocoa T1x28x6,3.0
01117,KK010106,KAT KAT TAT Noisette 24g (24x6),1.0
01117,KK010112,KAT KAT TAT Chocolat 26g (24x12),1.0
01117,KS030116,Kinder Joy T1x16 Boy Collection 2,1.0
01117,KS030216,Kinder Joy T1x16 Girl Collection 2,1.0
01117,MI010124,Bonbon Mix Fizz 70g HARIBO,4.333333333333333
01117,NP010301,Pate a Tartiner de 350 grs NUTELLA,15.0
01117,NP010604,Nutella B-Ready T1x36x4,1.0
01117,PH020224,Bonbon Phantasia 80g HARIBO,7.333333333333333
01117,RO010112,Bonbon Roulette 25g - HARIBO,1.5
01117,SM010224,Bonbon Starmix 80g HARIBO,10.0
01117,SQ010124,Bonbon Squishy 80g HARIBO,8.0
01117,TB070148,Tic Tac Mix T48x8 ARBRE,1.0
01117,TE020124,Bonbon Teeth 80g HARIBO,7.333333333333333
01117,WO020124,Bonbon Worms 80g HARIBO,7.333333333333333
01117,WO030124,Bonbon Fizz Worms 70g HARIBO,5.0
01201,BE010124,Bonbon Berries 80g HARIBO,4.0
01201,CC060106,Sachet Chupa-Chups The Best Of P120x6,1.0
01201,KC020130,Barre de Chocolat Biscuit noisette BUENO WHITE,1.0
01201,KD010114,Kinder Délice T10X14,1.0
01201,NP010306,Pôt Pâte à tartiner de 600g NUTELLA,3.0
01202,BE010112,Biskrem Extra 92g - ULKER,12.0
01202,HC030124,Bonbon Happy Cherries 80g HARIBO,12.0
01202,KS020116,Kinder Joy T1x16 Boy,1.0
01202,MR030108,"Mentos Rolls Rainbow 39,2g P14x20",1.0
01202,TB070148,Tic Tac Mix T48x8 ARBRE,1.0
01203,LG010120,Gaufrette Golden Chocolat 140 gr- Lingot (20 pcs),20.0
01204,KS020116,Kinder Joy T1x16 Boy,1.0
01204,KS020216,Kinder Joy T1x16 Girl,1.0
01206,KC020130,Barre de Chocolat Biscuit noisette BUENO WHITE,1.0
01206,KS020216,Kinder Joy T1x16 Girl,1.0
01208,0005,Compote pomme fraise,1.0
01208,AL010124,VIT'UP 170GR COLA CITRON,1.0
01208,AL020112,BEURRE COND 100 gr,1.0
01208,BE010112,Biskrem Extra 92g - ULKER,12.0
01208,BE010124,Bonbon Berries 80g HARIBO,4.5
01208,BI020124,Biskrem DUO 60g - ULKER,24.0
01208,BI030112,BISKREM DUO 85g - ULKER,12.0
01208,BI030124,Biskrem DUO 110g - ULKER,24.0
01208,BI050124,Biskrem Cacao 60g - ULKER,24.0
01208,BI060124,Biskrem Cacao 110g - ULKER,36.0
01208,BI080124,BISKREM DUO 85g - ULKER,24.0
01208,BL030136,Blister Mentos Gum White Sweet Mint 17g P12x12,1.0
01208,BL040136,Blister Mentos Gum White Tutti Frutti 17g P12x12,1.0
01208,CC060112,CH CH XXL Strawberry 25Px29g,1.0
01208,CC070124,Sachet Chupa Chups Mini 35Px24,1.0
01208,CH020424,Bonbon Chamallows Party 70g HARIBO,7.0
01208,FA010118,Mentos Fresh Action Cup Menthol 280g P100x18,1.0
01208,FA020118,Mentos Fresh Action Cup Cherry Mint 280g P100x18,1.0
01208,FR010120,Bonbon Fruit-tella Stick  Strawberry 10px20x12,2.0
01208,FR010220,Bonbon Fruit-tella Stick Orange 10px20x12,1.0
01208,GB020130,Bonbon Gold-Bears 80gx30 - HARIBO,3.0
01208,HC020130,Bonbon Happy Cola 80gx30 HARIBO,24.0
01208,JA010106,Mini Mentos Jar Fruit Mix 1Kg P100x6,1.5
01208,KC010107,Kinder Mix Advent Calendar T237X7,1.0
01208,KC010120,YAOURT AROME CITRON,1.0
01208,KC010130,YAOURT AROME FRUITS DES BOIS,1.3333333333333333
01208,KC010336,YAOURT AROME NATURE,1.0
01208,KC010506,Kinder Creamy T1x24x6,1.0
01208,KC020130,Barre de Chocolat Biscuit noisette BUENO WHITE,1.0
01208,KD010114,Kinder Délice T10X14,4.0
01208,KH010128,Kinder Happy Hippo Cocoa T1x28x6,1.0
01208,KK010106,KAT KAT TAT Noisette 24g (24x6),1.0
01208,LG010320,Gaufrette Golden Chocolat Blanc & Framboise 140g-L,10.0
01208,LG020124,Gaufrette Golden  Chocolat Blanc & Citron 70g,6.0
01208,LG020224,Gaufrette Golden Chocolat Blanc & Framboise 70g -L,6.0
01208,LG020324,Gaufrette Golden Wafers goût Chocolat 70g - LINGOT,6.0
01208,MD010112,"Mentos Gum 3D Fresh Mint 8,5g P5x15",1.0
01208,MD020112,"Mentos Gum 3D S-A-R 8,5g P5x15",1.0
01208,MD030112,"Mentos Gum 3D Watermelon 8,5g P5x15",1.0
01208,MI010124,Bonbon Mix Fizz 70g HARIBO,4.0
01208,MR010108,"Mentos Rolls Menthe 39,2g P14x20",1.0
01208,MR020108,"Mentos Rolls Strawberry 39,2g P14x20",1.0
01208,MR040108,"Mentos Rolls Tutti Frutti 39,2 g P14x20",1.0
01208,MR050108,"Mentos Rolls Fruit 39,2g P14x20",1.0
01208,MR070108,Mentos Rolls Sour Mix 39.2g P14x20,1.0
01208,MW010112,"Boite Mentos Gum White Sweet Mint 53,2g P38x6",1.0
01208,MW020112,"Boite Mentos Gum White Tutti Frutti 53,2g P38x6",1.0
01208,NP060716,Nutella B-Ready T6x16,16.0
01208,RA010124,Canette Float Orange 240 ML - RANI,6.0
01208,RO010112,Bonbon Roulette 25g - HARIBO,1.0
01208,ST010208,Mix Sripe Assortiment 24x8x25g HARIBO,1.0
01208,TB010112,Boite Bonbon Menthe T12x24 TIC TAC,1.0
01208,TB030112,Boite Bonbon Spearmint T12x24 TIC TAC,1.0
01208,TB050112,Boite Bonbon Strawberry mix T12x24 TIC TAC,1.0
01208,TB070148,Tic Tac Mix T48x8 ARBRE,2.0
01208,WO020124,Bonbon Worms 80g HARIBO,4.0
01209,0005,Compote pomme fraise,1.0
01209,BB012020,CH CH Bigbabol Stick Tutti Frutti 5p x 20 x 20,1.0
01209,BB022020,CH CH Bigbabol Stick Strawberry 5p x 20 x 20,1.0
01209,BI030112,BISKREM DUO 85g - ULKER,12.0
01209,BI030124,Biskrem DUO 110g - ULKER,72.0
01209,BI050124,Biskrem Cacao 60g - ULKER,24.0
01209,BI080124,BISKREM DUO 85g - ULKER,24.0
01209,BL030136,Blister Mentos Gum White Sweet Mint 17g P12x12,1.0
01209,BL040136,Blister Mentos Gum White Tutti Frutti 17g P12x12,1.0
01209,CH010124,Bonbon Chamallows Pink & White 70g HARIBO,3.0
01209,FA010118,Mentos Fresh Action Cup Menthol 280g P100x18,1.5
01209,FR010201,Coff. 16 Rochers Chocolat FERRERO,2.0
01209,GB020130,Bonbon Gold-Bears 80gx30 - HARIBO,3.5
01209,HC020130,Bonbon Happy Cola 80gx30 HARIBO,3.0
01209,KC010120,YAOURT AROME CITRON,1.0
01209,KC010130,YAOURT AROME FRUITS DES BOIS,1.0
01209,KC010240,BIFI NATURE 0%,1.0
01209,KC010618,Kinder Creamy T1X8X18,1.0
01209,KC020130,Barre de Chocolat Biscuit noisette BUENO WHITE,1.0
01209,KD010114,Kinder Délice T10X14,1.6666666666666667
01209,KH020110,Kinder Happy Hippo Cocoa T5x10,1.0
01209,KS020216,Kinder Joy T1x16 Girl,1.0
01209,MR070108,Mentos Rolls Sour Mix 39.2g P14x20,1.0
01209,NP060716,Nutella B-Ready T6x16,1.0
01209,PH020224,Bonbon Phantasia 80g HARIBO,24.0
01209,RO010112,Bonbon Roulette 25g - HARIBO,1.0
01209,ST010208,Mix Sripe Assortiment 24x8x25g HARIBO,1.0
01209,TE020124,Bonbon Teeth 80g HARIBO,3.0
01209,WO030124,Bonbon Fizz Worms 70g HARIBO,17.0
01210,BB012020,CH CH Bigbabol Stick Tutti Frutti 5p x 20 x 20,1.0
01210,BB022020,CH CH Bigbabol Stick Strawberry 5p x 20 x 20,1.0
01210,BE010112,Biskrem Extra 92g - ULKER,12.0
01210,BE010124,Bonbon Berries 80g HARIBO,3.0
01210,BI050124,Biskrem Cacao 60g - ULKER,24.0
01210,BI060124,Biskrem Cacao 110g - ULKER,24.0
01210,BI070124,BISKREM CACAO 85g - ULKER,24.0
01210,BI080124,BISKREM DUO 85g - ULKER,24.0
01210,BL030136,Blister Mentos Gum White Sweet Mint 17g P12x12,1.0
01210,BL040136,Blister Mentos Gum White Tutti Frutti 17g P12x12,1.0
01210,CC060106,Sachet Chupa-Chups The Best Of P120x6,1.0
01210,CC060112,CH CH XXL Strawberry 25Px29g,1.0
01210,CC070106,CH CH Melody Strawberry 48x6,1.0
01210,FA030112,Mentos Fresh Action Stick Cherry Mint 10px24x12,1.0
01210,HC020130,Bonbon Happy Cola 80gx30 HARIBO,6.0
01210,HC030324,Bonbon Happy Cola Fizz 70g HARIBO,6.0
01210,KC010120,YAOURT AROME CITRON,1.0
01210,KC010130,YAOURT AROME FRUITS DES BOIS,1.0
01210,KH010128,Kinder Happy Hippo Cocoa T1x28x6,1.0
01210,KH020110,Kinder Happy Hippo Cocoa T5x10,1.0
01210,KS030116,Kinder Joy T1x16 Boy Collection 2,1.0
01210,KS030216,Kinder Joy T1x16 Girl Collection 2,1.0
01210,LG020324,Gaufrette Golden Wafers goût Chocolat 70g - LINGOT,24.0
01210,LI040124,Gaufrette gout Noisette 70g - LINGOT (colisage 24),24.0
01210,MG010116,Mentos Gum Rolls Pure Fresh 1.75g P9x16,1.0
01210,MR020108,"Mentos Rolls Strawberry 39,2g P14x20",1.0
01210,MR030108,"Mentos Rolls Rainbow 39,2g P14x20",1.0
01210,MR040108,"Mentos Rolls Tutti Frutti 39,2 g P14x20",1.0
01210,NP060716,Nutella B-Ready T6x16,3.0
01210,PH020224,Bonbon Phantasia 80g HARIBO,6.0
01210,RA030124,Canette Float Mangue 240 ML - RANI,12.0
01210,RO010112,Bonbon Roulette 25g - HARIBO,1.0
01210,TB070148,Tic Tac Mix T48x8 ARBRE,1.0
01211,BE010112,Biskrem Extra 92g - ULKER,12.0
01211,BI030124,Biskrem DUO 110g - ULKER,24.0
01211,BI060124,Biskrem Cacao 110g - ULKER,24.0
01211,CH010124,Bonbon Chamallows Pink & White 70g HARIBO,6.0
01211,GB010324,Bonbon Gold-Bears 30g HARIBO,12.0
01211,HC030124,Bonbon Happy Cherries 80g HARIBO,7.0
01211,HC030324,Bonbon Happy Cola Fizz 70g HARIBO,6.0
01211,KC010120,YAOURT AROME CITRON,1.0
01211,KC010130,YAOURT AROME FRUITS DES BOIS,1.0
01211,KC010240,BIFI NATURE 0%,1.0
01211,KC010336,YAOURT AROME NATURE,1.0
01211,KK010112,KAT KAT TAT Chocolat 26g (24x12),1.5
01211,LG010120,Gaufrette Golden Chocolat 140 gr- Lingot (20 pcs),20.0
01211,LI030124,Gaufrette gout Caramel 70g - LINGOT (colisage 24),24.0
01211,MW010112,"Boite Mentos Gum White Sweet Mint 53,2g P38x6",1.0
01211,NP010501,Nutella & Go 52g,24.0
01211,NP060716,Nutella B-Ready T6x16,3.0
01211,RO010112,Bonbon Roulette 25g - HARIBO,1.0
01211,TB030112,Boite Bonbon Spearmint T12x24 TIC TAC,1.0
01212,AL010124,VIT'UP 170GR COLA CITRON,1.25
01212,AL020112,BEURRE COND 100 gr,1.0
01212,BI050124,Biskrem Cacao 60g - ULKER,48.0
01212,BI080124,BISKREM DUO 85g - ULKER,24.0
01212,BL040136,Blister Mentos Gum White Tutti Frutti 17g P12x12,1.0
01212,CC060106,Sachet Chupa-Chups The Best Of P120x6,1.0
01212,CH010124,Bonbon Chamallows Pink & White 70g HARIBO,9.0
01212,CH020424,Bonbon Chamallows Party 70g HARIBO,17.25
01212,DC010224,YAOURT BRASSE VANILLE,1.0
01212,FR010116,Trio de Rochers Chocolat FERRERO,1.0
01212,GB020130,Bonbon Gold-Bears 80gx30 - HARIBO,6.0
01212,JA010106,Mini Mentos Jar Fruit Mix 1Kg P100x6,1.0
01212,JB020116,STRIPE JELLY BEANS 35gx12x16,1.0
01212,KC010120,YAOURT AROME CITRON,1.0
01212,KC010130,YAOURT AROME FRUITS DES BOIS,1.0
01212,KC010210,YAOURT AROME NOIX DE COCO,1.0
01212,KC010240,BIFI NATURE 0%,1.0
01212,KC010336,YAOURT AROME NATURE,1.5
01212,KC020130,Barre de Chocolat Biscuit noisette BUENO WHITE,1.0
01212,KD010114,Kinder Délice T10X14,6.0
01212,KH010128,Kinder Happy Hippo Cocoa T1x28x6,1.0
01212,KK010112,KAT KAT TAT Chocolat 26g (24x12),1.0
01212,KS010116,Kinder Joy T1x16 Limited Edition,1.0
01212,KS020216,Kinder Joy T1x16 Girl,1.0
01212,KS030216,Kinder Joy T1x16 Girl Collection 2,1.0
01212,LI010124,Gaufrette gout Chocolat 70g - LINGOT(colisage 24),24.0
01212,MD010112,"Mentos Gum 3D Fresh Mint 8,5g P5x15",1.0
01212,MD020112,"Mentos Gum 3D S-A-R 8,5g P5x15",1.0
01212,MD030112,"Mentos Gum 3D Watermelon 8,5g P5x15",1.0
01212,MF011212,MILLE-FEUILLE Fraise 24g ( 12X12 ),1.0
01212,MI010124,Bonbon Mix Fizz 70g HARIBO,3.0
01212,MR020108,"Mentos Rolls Strawberry 39,2g P14x20",1.0
01212,MW010112,"Boite Mentos Gum White Sweet Mint 53,2g P38x6",1.0
01212,NP010301,Pate a Tartiner de 350 grs NUTELLA,15.0
01212,NP010407,Pôt Pâte à tartiner de 350g NUTELLA OCCASION,3.0
01212,NP010501,Nutella & Go 52g,24.0
01212,NP010604,Nutella B-Ready T1x36x4,1.0
01212,NP060716,Nutella B-Ready T6x16,2.0
01212,PF020106,Boite Mentos Gum PF Fresh Mint 56g P28x6,1.0
01212,RO010112,Bonbon Roulette 25g - HARIBO,2.6666666666666665
01212,RR010116,Trio de Rochers Noix Coco RAFAELLO,1.0
01212,SM010224,Bonbon Starmix 80g HARIBO,3.0
01212,ST010208,Mix Sripe Assortiment 24x8x25g HARIBO,1.0
01212,TB070148,Tic Tac Mix T48x8 ARBRE,1.0
01212,TE020124,Bonbon Teeth 80g HARIBO,4.0
01212,WO030124,Bonbon Fizz Worms 70g HARIBO,24.0
01213,NP010501,Nutella & Go 52g,24.0
01215,BL030136,Blister Mentos Gum White Sweet Mint 17g P12x12,2.0
01215,BL040136,Blister Mentos Gum White Tutti Frutti 17g P12x12,2.0
01215,CC060106,Sachet Chupa-Chups The Best Of P120x6,1.0
01215,CC070106,CH CH Melody Strawberry 48x6,1.0
01215,CH010124,Bonbon Chamallows Pink & White 70g HARIBO,24.0
01215,CH020424,Bonbon Chamallows Party 70g HARIBO,1.0
01215,FF020112,Big Babol Filifolly Fruit 11g x 12 Sachets,2.0
01215,FF030112,Big Babol Filifolly Watermelon 11g x 12 Sachets,2.0
01215,KC010130,YAOURT AROME FRUITS DES BOIS,1.0
01215,KC010240,BIFI NATURE 0%,1.0
01215,KS010116,Kinder Joy T1x16 Limited Edition,1.0
01215,MD010112,"Mentos Gum 3D Fresh Mint 8,5g P5x15",2.0
01215,MD020112,"Mentos Gum 3D S-A-R 8,5g P5x15",1.0
01215,MD030112,"Mentos Gum 3D Watermelon 8,5g P5x15",1.0
01215,MG010116,Mentos Gum Rolls Pure Fresh 1.75g P9x16,1.0
01215,MR010108,"Mentos Rolls Menthe 39,2g P14x20",2.0
01215,MR020108,"Mentos Rolls Strawberry 39,2g P14x20",1.5
01215,MR030108,"Mentos Rolls Rainbow 39,2g P14x20",4.0
01215,MR050108,"Mentos Rolls Fruit 39,2g P14x20",2.0
01215,MW010112,"Boite Mentos Gum White Sweet Mint 53,2g P38x6",2.3333333333333335
01215,MW020112,"Boite Mentos Gum White Tutti Frutti 53,2g P38x6",2.0
01215,NP010604,Nutella B-Ready T1x36x4,1.0
01215,PF010206,Boite Mentos Gum PF Fresh Mint 24g P12x10,2.0
01215,PF030106,Boite Mentos Gum PF Wintergreen 56g P28x6,1.0
01216,BE010124,Bonbon Berries 80g HARIBO,24.0
01216,CH010124,Bonbon Chamallows Pink & White 70g HARIBO,12.0
01216,KS010116,Kinder Joy T1x16 Limited Edition,1.0
01216,RO010112,Bonbon Roulette 25g - HARIBO,1.0
01216,ST010208,Mix Sripe Assortiment 24x8x25g HARIBO,1.0
01217,AL010124,VIT'UP 170GR COLA CITRON,1.0
01217,BE010124,Bonbon Berries 80g HARIBO,5.666666666666667
01217,BI030124,Biskrem DUO 110g - ULKER,24.0
01217,BI050124,Biskrem Cacao 60g - ULKER,24.0
01217,BI060124,Biskrem Cacao 110g - ULKER,24.0
01217,BI070124,BISKREM CACAO 85g - ULKER,24.0
01217,BL030136,Blister Mentos Gum White Sweet Mint 17g P12x12,1.0
01217,BL040136,Blister Mentos Gum White Tutti Frutti 17g P12x12,1.0
01217,CC060106,Sachet Chupa-Chups The Best Of P120x6,1.0
01217,CC060112,CH CH XXL Strawberry 25Px29g,1.0
01217,CH010124,Bonbon Chamallows Pink & White 70g HARIBO,6.0
01217,CH020424,Bonbon Chamallows Party 70g HARIBO,9.333333333333334
01217,FA030112,Mentos Fresh Action Stick Cherry Mint 10px24x12,1.0
01217,FR010120,Bonbon Fruit-tella Stick  Strawberry 10px20x12,1.0
01217,HC020130,Bonbon Happy Cola 80gx30 HARIBO,1.0
01217,HC030124,Bonbon Happy Cherries 80g HARIBO,24.0
01217,HC030324,Bonbon Happy Cola Fizz 70g HARIBO,11.666666666666666
01217,JA010106,Mini Mentos Jar Fruit Mix 1Kg P100x6,1.0
01217,KC010120,YAOURT AROME CITRON,1.2
01217,KC010130,YAOURT AROME FRUITS DES BOIS,1.0
01217,KD010114,Kinder Délice T10X14,1.0
01217,KS010116,Kinder Joy T1x16 Limited Edition,1.0
01217,KS020216,Kinder Joy T1x16 Girl,1.0
01217,KS030116,Kinder Joy T1x16 Boy Collection 2,1.0
01217,LG010120,Gaufrette Golden Chocolat 140 gr- Lingot (20 pcs),6.0
01217,LI030124,Gaufrette gout Caramel 70g - LINGOT (colisage 24),24.0
01217,LI040124,Gaufrette gout Noisette 70g - LINGOT (colisage 24),24.0
01217,MD010112,"Mentos Gum 3D Fresh Mint 8,5g P5x15",1.0
01217,MD030112,"Mentos Gum 3D Watermelon 8,5g P5x15",1.0
01217,MF011212,MILLE-FEUILLE Fraise 24g ( 12X12 ),1.0
01217,MG010116,Mentos Gum Rolls Pure Fresh 1.75g P9x16,1.0
01217,MI010124,Bonbon Mix Fizz 70g HARIBO,6.0
01217,MR070108,Mentos Rolls Sour Mix 39.2g P14x20,1.0
01217,MW020112,"Boite Mentos Gum White Tutti Frutti 53,2g P38x6",1.0
01217,PF030106,Boite Mentos Gum PF Wintergreen 56g P28x6,1.0
01217,PH020224,Bonbon Phantasia 80g HARIBO,5.0
01217,RO010112,Bonbon Roulette 25g - HARIBO,1.0
01217,ST010208,Mix Sripe Assortiment 24x8x25g HARIBO,1.3333333333333333
01217,TB050112,Boite Bonbon Strawberry mix T12x24 TIC TAC,1.0
01217,TB070148,Tic Tac Mix T48x8 ARBRE,1.0
01217,WO030124,Bonbon Fizz Worms 70g HARIBO,9.0
01218,AL020112,BEURRE COND 100 gr,1.0
01218,BB012020,CH CH Bigbabol Stick Tutti Frutti 5p x 20 x 20,1.0
01218,BB022020,CH CH Bigbabol Stick Strawberry 5p x 20 x 20,1.0
01218,BI050124,Biskrem Cacao 60g - ULKER,24.0
01218,BI070124,BISKREM CACAO 85g - ULKER,24.0
01218,BL030136,Blister Mentos Gum White Sweet Mint 17g P12x12,4.0
01218,BL040136,Blister Mentos Gum White Tutti Frutti 17g P12x12,2.0
01218,CH010124,Bonbon Chamallows Pink & White 70g HARIBO,24.0
01218,FA010118,Mentos Fresh Action Cup Menthol 280g P100x18,1.0
01218,FA020118,Mentos Fresh Action Cup Cherry Mint 280g P100x18,1.0
01218,FR010220,Bonbon Fruit-tella Stick Orange 10px20x12,1.0
01218,GB020130,Bonbon Gold-Bears 80gx30 - HARIBO,3.0
01218,HC020130,Bonbon Happy Cola 80gx30 HARIBO,6.0
01218,HC030124,Bonbon Happy Cherries 80g HARIBO,6.0
01218,HZ010112,HEINZ LIGHT MAYONNAISE 225 ML,2.0
01218,KC010120,YAOURT AROME CITRON,1.0
01218,KC010130,YAOURT AROME FRUITS DES BOIS,1.0
01218,KC010210,YAOURT AROME NOIX DE COCO,1.0
01218,KC010240,BIFI NATURE 0%,1.0
01218,KC010336,YAOURT AROME NATURE,1.0
01218,KC020130,Barre de Chocolat Biscuit noisette BUENO WHITE,1.0
01218,LG020124,Gaufrette Golden  Chocolat Blanc & Citron 70g,24.0
01218,MD010112,"Mentos Gum 3D Fresh Mint 8,5g P5x15",1.0
01218,MD020112,"Mentos Gum 3D S-A-R 8,5g P5x15",4.0
01218,MD030112,"Mentos Gum 3D Watermelon 8,5g P5x15",3.0
01218,PH020224,Bonbon Phantasia 80g HARIBO,5.0
01218,RA020124,Canette Float Peche 240 ML - RANI,3.0
01218,RO010112,Bonbon Roulette 25g - HARIBO,1.0
01218,TB010112,Boite Bonbon Menthe T12x24 TIC TAC,1.0
01218,WO020124,Bonbon Worms 80g HARIBO,6.0
01220,BE010124,Bonbon Berries 80g HARIBO,24.0
01220,BI030124,Biskrem DUO 110g - ULKER,48.0
01220,BI040124,Biskrem Cacao 40g - ULKER,24.0
01220,BI070124,BISKREM CACAO 85g - ULKER,24.0
01220,BL030136,Blister Mentos Gum White Sweet Mint 17g P12x12,2.0
01220,BL040136,Blister Mentos Gum White Tutti Frutti 17g P12x12,1.0
01220,CC060106,Sachet Chupa-Chups The Best Of P120x6,2.0
01220,CC060112,CH CH XXL Strawberry 25Px29g,2.0
01220,CC070106,CH CH Melody Strawberry 48x6,2.0
01220,CC080116,Chupa-Chups Surprise 16x6,2.0
01220,FF020112,Big Babol Filifolly Fruit 11g x 12 Sachets,1.0
01220,FR010201,Coff. 16 Rochers Chocolat FERRERO,3.0
01220,HC030124,Bonbon Happy Cherries 80g HARIBO,24.0
01220,JA010106,Mini Mentos Jar Fruit Mix 1Kg P100x6,1.0
01220,KC010120,YAOURT AROME CITRON,1.0
01220,KC010130,YAOURT AROME FRUITS DES BOIS,4.0
01220,KC010210,YAOURT AROME NOIX DE COCO,1.0
01220,KC010240,BIFI NATURE 0%,1.0
01220,MR010108,"Mentos Rolls Menthe 39,2g P14x20",1.0
01220,MR020108,"Mentos Rolls Strawberry 39,2g P14x20",1.0
01220,MR030108,"Mentos Rolls Rainbow 39,2g P14x20",1.0
01220,MR040108,"Mentos Rolls Tutti Frutti 39,2 g P14x20",1.0
01220,MR050108,"Mentos Rolls Fruit 39,2g P14x20",1.0
01220,MV020224,Mc Vities Digestive Milk Chocolate 200g x 24,4.0
01220,MW010112,"Boite Mentos Gum White Sweet Mint 53,2g P38x6",1.0
01220,MW020112,"Boite Mentos Gum White Tutti Frutti 53,2g P38x6",3.0
01220,NP010501,Nutella & Go 52g,24.0
01220,NP010604,Nutella B-Ready T1x36x4,1.0
01220,PF010106,"Boite Mentos Gum PF Limemint 57,8g P34x6",1.0
01220,PF020106,Boite Mentos Gum PF Fresh Mint 56g P28x6,1.0
01220,SM010224,Bonbon Starmix 80g HARIBO,24.0
01222,CC060112,CH CH XXL Strawberry 25Px29g,2.0
01222,CC080116,Chupa-Chups Surprise 16x6,1.0
01222,DC010224,YAOURT BRASSE VANILLE,1.0
01222,FF020112,Big Babol Filifolly Fruit 11g x 12 Sachets,1.0
01222,FF030112,Big Babol Filifolly Watermelon 11g x 12 Sachets,3.0
01222,HC030324,Bonbon Happy Cola Fizz 70g HARIBO,2.0
01222,KC010120,YAOURT AROME CITRON,2.0
01222,MR020108,"Mentos Rolls Strawberry 39,2g P14x20",2.0
01222,MR040108,"Mentos Rolls Tutti Frutti 39,2 g P14x20",2.0
01222,NP010501,Nutella & Go 52g,24.0
01222,NP010604,Nutella B-Ready T1x36x4,1.0
01222,RO010112,Bonbon Roulette 25g - HARIBO,3.0
01222,TB030112,Boite Bonbon Spearmint T12x24 TIC TAC,3.0
01222,TB050112,Boite Bonbon Strawberry mix T12x24 TIC TAC,3.0
01223,12201937,"KIT KAT 2 Fingers 16x(36x20,5g)",8.0
01223,12201968,"KIT KAT 4 Fingers 12x(24x41,5g)",3.0
01223,BI030124,Biskrem DUO 110g - ULKER,36.0
01223,BI050124,Biskrem Cacao 60g - ULKER,72.0
01223,BI060124,Biskrem Cacao 110g - ULKER,24.0
01223,BL030136,Blister Mentos Gum White Sweet Mint 17g P12x12,2.5
01223,BL040136,Blister Mentos Gum White Tutti Frutti 17g P12x12,3.0
01223,CC060106,Sachet Chupa-Chups The Best Of P120x6,2.5
01223,CC060107,Présentoir Chupa-Chups Wheels P120x1,2.5
01223,CC080116,Chupa-Chups Surprise 16x6,2.0
01223,CH010124,Bonbon Chamallows Pink & White 70g HARIBO,58.5
01223,CH020424,Bonbon Chamallows Party 70g HARIBO,21.333333333333332
01223,DC010224,YAOURT BRASSE VANILLE,1.5
01223,FF020112,Big Babol Filifolly Fruit 11g x 12 Sachets,1.0
01223,FF030112,Big Babol Filifolly Watermelon 11g x 12 Sachets,1.0
01223,FR010116,Trio de Rochers Chocolat FERRERO,4.0
01223,HC020130,Bonbon Happy Cola 80gx30 HARIBO,6.0
01223,KC010120,YAOURT AROME CITRON,1.3333333333333333
01223,KC010130,YAOURT AROME FRUITS DES BOIS,2.0
01223,KC010210,YAOURT AROME NOIX DE COCO,1.0
01223,KC010240,BIFI NATURE 0%,2.6666666666666665
01223,KC010336,YAOURT AROME NATURE,1.0
01223,KC020130,Barre de Chocolat Biscuit noisette BUENO WHITE,2.0
01223,KS020116,Kinder Joy T1x16 Boy,1.0
01223,KS020216,Kinder Joy T1x16 Girl,1.0
01223,MD010112,"Mentos Gum 3D Fresh Mint 8,5g P5x15",3.5
01223,MD020112,"Mentos Gum 3D S-A-R 8,5g P5x15",3.0
01223,MD030112,"Mentos Gum 3D Watermelon 8,5g P5x15",3.5
01223,MI010124,Bonbon Mix Fizz 70g HARIBO,20.0
01223,MR010108,"Mentos Rolls Menthe 39,2g P14x20",2.0
01223,MR020108,"Mentos Rolls Strawberry 39,2g P14x20",2.0
01223,MR030108,"Mentos Rolls Rainbow 39,2g P14x20",2.0
01223,MR040108,"Mentos Rolls Tutti Frutti 39,2 g P14x20",1.0
01223,MR050108,"Mentos Rolls Fruit 39,2g P14x20",1.0
01223,MV020124,Mc Vities Digestive Dark Chocolate 200g x 24,3.0
01223,MW010112,"Boite Mentos Gum White Sweet Mint 53,2g P38x6",2.0
01223,MW020112,"Boite Mentos Gum White Tutti Frutti 53,2g P38x6",2.0
01223,NP010501,Nutella & Go 52g,40.0
01223,NP010604,Nutella B-Ready T1x36x4,3.0
01223,NP060716,Nutella B-Ready T6x16,13.5
01223,PH020224,Bonbon Phantasia 80g HARIBO,18.0
01223,RO010112,Bonbon Roulette 25g - HARIBO,7.0
01223,RR010116,Trio de Rochers Noix Coco RAFAELLO,2.0
01223,TB050112,Boite Bonbon Strawberry mix T12x24 TIC TAC,3.0
01223,TB070148,Tic Tac Mix T48x8 ARBRE,1.5
01223,TE020124,Bonbon Teeth 80g HARIBO,48.0
01223,WO020124,Bonbon Worms 80g HARIBO,24.0
01223,WO030124,Bonbon Fizz Worms 70g HARIBO,2.0
01225,AL010124,VIT'UP 170GR COLA CITRON,1.0
01225,CC060106,Sachet Chupa-Chups The Best Of P120x6,1.5
01225,PV010124,Bonbon Primavera 80g HARIBO,14.0
01225,WO030124,Bonbon Fizz Worms 70g HARIBO,4.0
01231,AL010124,VIT'UP 170GR COLA CITRON,1.0
01231,BE010124,Bonbon Berries 80g HARIBO,24.0
01231,CC070124,Sachet Chupa Chups Mini 35Px24,1.0
01231,CH010124,Bonbon Chamallows Pink & White 70g HARIBO,24.0
01231,FR010116,Trio de Rochers Chocolat FERRERO,1.0
01231,GB020130,Bonbon Gold-Bears 80gx30 - HARIBO,6.0
01231,HC030124,Bonbon Happy Cherries 80g HARIBO,12.0
01231,KH010128,Kinder Happy Hippo Cocoa T1x28x6,1.5
01231,KS010116,Kinder Joy T1x16 Limited Edition,2.0
01231,MI010124,Bonbon Mix Fizz 70g HARIBO,13.5
01231,MR070108,Mentos Rolls Sour Mix 39.2g P14x20,1.0
01231,NP010604,Nutella B-Ready T1x36x4,2.0
01231,NP060716,Nutella B-Ready T6x16,2.0
01231,PH020224,Bonbon Phantasia 80g HARIBO,24.0
01231,RO010112,Bonbon Roulette 25g - HARIBO,6.0
01231,SM010224,Bonbon Starmix 80g HARIBO,24.0
01231,ST010208,Mix Sripe Assortiment 24x8x25g HARIBO,1.0
01231,TB030112,Boite Bonbon Spearmint T12x24 TIC TAC,1.0
01231,TB070148,Tic Tac Mix T48x8 ARBRE,1.0
01248,BB012020,CH CH Bigbabol Stick Tutti Frutti 5p x 20 x 20,1.0
01248,BB022020,CH CH Bigbabol Stick Strawberry 5p x 20 x 20,1.0
01248,CC060112,CH CH XXL Strawberry 25Px29g,1.0
01248,HC030124,Bonbon Happy Cherries 80g HARIBO,6.0
01249,KS020216,Kinder Joy T1x16 Girl,1.0
01250,CH020424,Bonbon Chamallows Party 70g HARIBO,8.0
01250,NP010501,Nutella & Go 52g,3.0
01250,NP010604,Nutella B-Ready T1x36x4,1.0
01250,NP060716,Nutella B-Ready T6x16,3.0
01250,WO020124,Bonbon Worms 80g HARIBO,6.0
01251,CH020424,Bonbon Chamallows Party 70g HARIBO,6.0
01251,RO010112,Bonbon Roulette 25g - HARIBO,1.0
01263,BL040136,Blister Mentos Gum White Tutti Frutti 17g P12x12,1.0
01263,KD010114,Kinder Délice T10X14,4.0
01264,KC020130,Barre de Chocolat Biscuit noisette BUENO WHITE,1.0
01267,AL010124,VIT'UP 170GR COLA CITRON,1.0
01267,AL020112,BEURRE COND 100 gr,1.0
01269,KC010130,YAOURT AROME FRUITS DES BOIS,1.0
01269,LG020124,Gaufrette Golden  Chocolat Blanc & Citron 70g,8.0
01269,LG020224,Gaufrette Golden Chocolat Blanc & Framboise 70g -L,8.0
01269,LG020324,Gaufrette Golden Wafers goût Chocolat 70g - LINGOT,8.0
01270,AL020112,BEURRE COND 100 gr,1.0
01270,BI080124,BISKREM DUO 85g - ULKER,24.0
01270,LI010140,Gaufrette Goût Chocolat 30g - LINGOT (Colisage 40),40.0
01270,LI050140,Gaufrette Goût Lait 30g - LINGOT (Colisage 40),40.0
01271,CC060106,Sachet Chupa-Chups The Best Of P120x6,1.0
01271,HC020130,Bonbon Happy Cola 80gx30 HARIBO,6.0
01271,HC030124,Bonbon Happy Cherries 80g HARIBO,6.0
01271,KH010128,Kinder Happy Hippo Cocoa T1x28x6,1.0
01271,PH020224,Bonbon Phantasia 80g HARIBO,6.0
01271,SM010224,Bonbon Starmix 80g HARIBO,6.0
01271,SQ010124,Bonbon Squishy 80g HARIBO,12.0
01272,BB012020,CH CH Bigbabol Stick Tutti Frutti 5p x 20 x 20,1.0
01272,BB022020,CH CH Bigbabol Stick Strawberry 5p x 20 x 20,1.0
01272,BE010112,Biskrem Extra 92g - ULKER,12.0
01272,BI030124,Biskrem DUO 110g - ULKER,48.0
01272,BI050124,Biskrem Cacao 60g - ULKER,24.0
01272,BI060124,Biskrem Cacao 110g - ULKER,48.0
01272,BI070124,BISKREM CACAO 85g - ULKER,24.0
01272,BI080124,BISKREM DUO 85g - ULKER,24.0
01272,BL030136,Blister Mentos Gum White Sweet Mint 17g P12x12,2.0
01272,CC060106,Sachet Chupa-Chups The Best Of P120x6,1.0
01272,CC060112,CH CH XXL Strawberry 25Px29g,1.0
01272,CC070106,CH CH Melody Strawberry 48x6,1.0
01272,CH010124,Bonbon Chamallows Pink & White 70g HARIBO,2.0
01272,CH020424,Bonbon Chamallows Party 70g HARIBO,2.0
01272,DC010224,YAOURT BRASSE VANILLE,1.0
01272,FF010112,Big Babol Filifolly Strawberry 11g x 12 Sachets,1.0
01272,FF020112,Big Babol Filifolly Fruit 11g x 12 Sachets,1.0
01272,FR010116,Trio de Rochers Chocolat FERRERO,1.0
01272,FR010120,Bonbon Fruit-tella Stick  Strawberry 10px20x12,1.0
01272,FR010220,Bonbon Fruit-tella Stick Orange 10px20x12,1.0
01272,GB020130,Bonbon Gold-Bears 80gx30 - HARIBO,5.5
01272,HC020130,Bonbon Happy Cola 80gx30 HARIBO,6.0
01272,JB020116,STRIPE JELLY BEANS 35gx12x16,2.0
01272,KC010120,YAOURT AROME CITRON,1.0
01272,KC010130,YAOURT AROME FRUITS DES BOIS,1.0
01272,KC010240,BIFI NATURE 0%,1.0
01272,KC010336,YAOURT AROME NATURE,1.0
01272,KC010506,Kinder Creamy T1x24x6,1.0
01272,KD010114,Kinder Délice T10X14,1.0
01272,KS020116,Kinder Joy T1x16 Boy,1.0
01272,KS020216,Kinder Joy T1x16 Girl,1.0
01272,LG020424,Gaufrette Golden Chocolat Blanc & Kiwi 70g - LINGO,24.0
01272,LI010140,Gaufrette Goût Chocolat 30g - LINGOT (Colisage 40),40.0
01272,MD030112,"Mentos Gum 3D Watermelon 8,5g P5x15",1.0
01272,MG010116,Mentos Gum Rolls Pure Fresh 1.75g P9x16,1.0
01272,MI010124,Bonbon Mix Fizz 70g HARIBO,4.666666666666667
01272,MW010112,"Boite Mentos Gum White Sweet Mint 53,2g P38x6",1.0
01272,NP010501,Nutella & Go 52g,20.333333333333332
01272,NP060716,Nutella B-Ready T6x16,1.0
01272,PH020224,Bonbon Phantasia 80g HARIBO,6.0
01272,RO010112,Bonbon Roulette 25g - HARIBO,1.0
01272,TB010112,Boite Bonbon Menthe T12x24 TIC TAC,1.0
01272,TB030112,Boite Bonbon Spearmint T12x24 TIC TAC,1.0
01272,TB070148,Tic Tac Mix T48x8 ARBRE,1.0
01272,WO020124,Bonbon Worms 80g HARIBO,6.0
01273,BL030136,Blister Mentos Gum White Sweet Mint 17g P12x12,1.0
01273,CH020424,Bonbon Chamallows Party 70g HARIBO,6.0
01273,DC010224,YAOURT BRASSE VANILLE,1.0
01273,FF010112,Big Babol Filifolly Strawberry 11g x 12 Sachets,1.0
01273,FF020112,Big Babol Filifolly Fruit 11g x 12 Sachets,1.0
01273,FF030112,Big Babol Filifolly Watermelon 11g x 12 Sachets,1.0
01273,HC030324,Bonbon Happy Cola Fizz 70g HARIBO,24.0
01273,KC010130,YAOURT AROME FRUITS DES BOIS,1.0
01273,KH010128,Kinder Happy Hippo Cocoa T1x28x6,2.0
01273,KS030116,Kinder Joy T1x16 Boy Collection 2,2.0
01273,KS030216,Kinder Joy T1x16 Girl Collection 2,2.0
01273,MI010124,Bonbon Mix Fizz 70g HARIBO,6.0
01273,MR010108,"Mentos Rolls Menthe 39,2g P14x20",1.0
01273,MR020108,"Mentos Rolls Strawberry 39,2g P14x20",1.0
01273,MR040108,"Mentos Rolls Tutti Frutti 39,2 g P14x20",1.0
01273,MW010112,"Boite Mentos Gum White Sweet Mint 53,2g P38x6",1.0
01273,MW020112,"Boite Mentos Gum White Tutti Frutti 53,2g P38x6",1.0
01273,NP010306,Pôt Pâte à tartiner de 600g NUTELLA,1.0
01273,NP010604,Nutella B-Ready T1x36x4,1.0
01273,WO030124,Bonbon Fizz Worms 70g HARIBO,24.0
01274,AL010124,VIT'UP 170GR COLA CITRON,1.0
01274,BB012020,CH CH Bigbabol Stick Tutti Frutti 5p x 20 x 20,1.0
01274,BB022020,CH CH Bigbabol Stick Strawberry 5p x 20 x 20,1.0
01274,BE010124,Bonbon Berries 80g HARIBO,6.0
01274,BL030136,Blister Mentos Gum White Sweet Mint 17g P12x12,1.0
01274,BL040136,Blister Mentos Gum White Tutti Frutti 17g P12x12,1.0
01274,CC060106,Sachet Chupa-Chups The Best Of P120x6,1.0
01274,CC060112,CH CH XXL Strawberry 25Px29g,1.0
01274,CH020424,Bonbon Chamallows Party 70g HARIBO,24.0
01274,DC010224,YAOURT BRASSE VANILLE,1.0
01274,FA030112,Mentos Fresh Action Stick Cherry Mint 10px24x12,1.0
01274,FR010120,Bonbon Fruit-tella Stick  Strawberry 10px20x12,1.0
01274,FR010201,Coff. 16 Rochers Chocolat FERRERO,3.0
01274,FR010220,Bonbon Fruit-tella Stick Orange 10px20x12,1.0
01274,FR010301,Coff. de 24 Rochers Chocolat FERRERO,1.0
01274,GB010324,Bonbon Gold-Bears 30g HARIBO,24.0
01274,GB020130,Bonbon Gold-Bears 80gx30 - HARIBO,6.0
01274,HC030324,Bonbon Happy Cola Fizz 70g HARIBO,24.0
01274,KC010120,YAOURT AROME CITRON,1.0
01274,KC010130,YAOURT AROME FRUITS DES BOIS,1.0
01274,KC010210,YAOURT AROME NOIX DE COCO,1.0
01274,KC020130,Barre de Chocolat Biscuit noisette BUENO WHITE,1.0
01274,KH010128,Kinder Happy Hippo Cocoa T1x28x6,2.0
01274,KS010116,Kinder Joy T1x16 Limited Edition,3.0
01274,KS030116,Kinder Joy T1x16 Boy Collection 2,1.0
01274,MD010112,"Mentos Gum 3D Fresh Mint 8,5g P5x15",1.3333333333333333
01274,MD020112,"Mentos Gum 3D S-A-R 8,5g P5x15",1.0
01274,MD030112,"Mentos Gum 3D Watermelon 8,5g P5x15",1.3333333333333333
01274,MG010116,Mentos Gum Rolls Pure Fresh 1.75g P9x16,1.0
01274,MI010124,Bonbon Mix Fizz 70g HARIBO,24.0
01274,MR010108,"Mentos Rolls Menthe 39,2g P14x20",1.0
01274,MW010112,"Boite Mentos Gum White Sweet Mint 53,2g P38x6",1.0
01274,MW020112,"Boite Mentos Gum White Tutti Frutti 53,2g P38x6",1.0
01274,PF010206,Boite Mentos Gum PF Fresh Mint 24g P12x10,1.0
01274,RA030124,Canette Float Mangue 240 ML - RANI,6.0
01274,RO010112,Bonbon Roulette 25g - HARIBO,1.0
01274,ST010208,Mix Sripe Assortiment 24x8x25g HARIBO,1.0
01274,WO030124,Bonbon Fizz Worms 70g HARIBO,6.0
01275,CC060112,CH CH XXL Strawberry 25Px29g,1.0
01275,DC010224,YAOURT BRASSE VANILLE,1.0
01275,TB070148,Tic Tac Mix T48x8 ARBRE,1.0
01276,BL030136,Blister Mentos Gum White Sweet Mint 17g P12x12,1.0
01276,FR010120,Bonbon Fruit-tella Stick  Strawberry 10px20x12,1.0
01276,KH010128,Kinder Happy Hippo Cocoa T1x28x6,1.0
01277,AL010124,VIT'UP 170GR COLA CITRON,1.0
01277,BB012020,CH CH Bigbabol Stick Tutti Frutti 5p x 20 x 20,1.0
01277,BB022020,CH CH Bigbabol Stick Strawberry 5p x 20 x 20,1.0
01277,BE010112,Biskrem Extra 92g - ULKER,12.0
01277,BI030124,Biskrem DUO 110g - ULKER,24.0
01277,BI050124,Biskrem Cacao 60g - ULKER,24.0
01277,BI060124,Biskrem Cacao 110g - ULKER,36.0
01277,BI070124,BISKREM CACAO 85g - ULKER,36.0
01277,BL030136,Blister Mentos Gum White Sweet Mint 17g P12x12,1.0
01277,BL040136,Blister Mentos Gum White Tutti Frutti 17g P12x12,1.0
01277,CC010112,Sachet Chupa-Chups Fruit P10x12,1.0
01277,CC020112,Sachet Chupa-Chups Fresh Cola P10x12,1.0
01277,CC030112,Sachet Chupa-Chups Milky P10x12,1.0
01277,CC050112,Sachet Chupa-Chups The Best Of P10x12,1.0
01277,CC060106,Sachet Chupa-Chups The Best Of P120x6,1.0
01277,CC060112,CH CH XXL Strawberry 25Px29g,1.0
01277,CC070106,CH CH Melody Strawberry 48x6,1.0
01277,CH010124,Bonbon Chamallows Pink & White 70g HARIBO,11.666666666666666
01277,CH020424,Bonbon Chamallows Party 70g HARIBO,7.333333333333333
01277,CH060124,Bonbon Chamallows Pink & White 25g x 24 HARIBO,1.0
01277,FR010120,Bonbon Fruit-tella Stick  Strawberry 10px20x12,1.0
01277,GB020130,Bonbon Gold-Bears 80gx30 - HARIBO,3.0
01277,HC020130,Bonbon Happy Cola 80gx30 HARIBO,3.0
01277,HC030124,Bonbon Happy Cherries 80g HARIBO,3.0
01277,KC010120,YAOURT AROME CITRON,1.0
01277,KC010130,YAOURT AROME FRUITS DES BOIS,1.375
01277,KC010210,YAOURT AROME NOIX DE COCO,1.0
01277,KC010240,BIFI NATURE 0%,1.0
01277,KC010336,YAOURT AROME NATURE,1.0
01277,KC020130,Barre de Chocolat Biscuit noisette BUENO WHITE,1.1428571428571428
01277,KD010114,Kinder Délice T10X14,2.6666666666666665
01277,KD020114,Kinder Délice T1X10X14 (Pièce),2.0
01277,KK010112,KAT KAT TAT Chocolat 26g (24x12),1.0
01277,KS010116,Kinder Joy T1x16 Limited Edition,1.0
01277,KS020116,Kinder Joy T1x16 Boy,1.0
01277,KS020216,Kinder Joy T1x16 Girl,1.0
01277,KS030116,Kinder Joy T1x16 Boy Collection 2,1.0
01277,KS030216,Kinder Joy T1x16 Girl Collection 2,1.0
01277,MD010112,"Mentos Gum 3D Fresh Mint 8,5g P5x15",1.0
01277,MD020112,"Mentos Gum 3D S-A-R 8,5g P5x15",1.0
01277,MD030112,"Mentos Gum 3D Watermelon 8,5g P5x15",1.0
01277,MW010112,"Boite Mentos Gum White Sweet Mint 53,2g P38x6",1.0
01277,MW020112,"Boite Mentos Gum White Tutti Frutti 53,2g P38x6",1.0
01277,NP010604,Nutella B-Ready T1x36x4,1.0
01277,NP060716,Nutella B-Ready T6x16,12.0
01277,PF030106,Boite Mentos Gum PF Wintergreen 56g P28x6,1.0
01277,PH020224,Bonbon Phantasia 80g HARIBO,3.0
01277,RR010201,Coff. 15 Rochers Noix Coco RAFAELLO,4.0
01277,SM010224,Bonbon Starmix 80g HARIBO,6.0
01277,TB010112,Boite Bonbon Menthe T12x24 TIC TAC,1.0
01277,TB050112,Boite Bonbon Strawberry mix T12x24 TIC TAC,1.0
01277,TB070148,Tic Tac Mix T48x8 ARBRE,1.0
01277,WO020124,Bonbon Worms 80g HARIBO,3.0
01278,BE010112,Biskrem Extra 92g - ULKER,12.0
01278,BI070124,BISKREM CACAO 85g - ULKER,48.0
01278,BI080124,BISKREM DUO 85g - ULKER,24.0
01278,CC060106,Sachet Chupa-Chups The Best Of P120x6,1.0
01278,CC070106,CH CH Melody Strawberry 48x6,1.0
01278,CH010124,Bonbon Chamallows Pink & White 70g HARIBO,10.0
01278,CH020424,Bonbon Chamallows Party 70g HARIBO,4.0
01278,FA010118,Mentos Fresh Action Cup Menthol 280g P100x18,1.0
01278,FR010220,Bonbon Fruit-tella Stick Orange 10px20x12,1.0
01278,HC030324,Bonbon Happy Cola Fizz 70g HARIBO,12.0
01278,HZ010212,HEINZ CHILI MAYONNAISE 225 ML,1.0
01278,HZ010312,HEINZ GARLIC MAYONNAISE 225 ML,2.0
01278,KC010130,YAOURT AROME FRUITS DES BOIS,1.0
01278,KC020130,Barre de Chocolat Biscuit noisette BUENO WHITE,1.0
01278,KD010114,Kinder Délice T10X14,1.0
01278,KH010128,Kinder Happy Hippo Cocoa T1x28x6,1.0
01278,KH020110,Kinder Happy Hippo Cocoa T5x10,1.0
01278,KK010106,KAT KAT TAT Noisette 24g (24x6),1.0
01278,KS020216,Kinder Joy T1x16 Girl,1.0
01278,LT010124,Gaufrette enrobée choco 30G Riz Soufflé (24x4),1.0
01278,NP010604,Nutella B-Ready T1x36x4,1.0
01278,TB020112,Boite Bonbon Orange T12x24 TIC TAC,1.0
01278,TB070148,Tic Tac Mix T48x8 ARBRE,1.0
01278,WO030124,Bonbon Fizz Worms 70g HARIBO,24.0
01280,0005,Compote pomme fraise,2.0
01280,AL020112,BEURRE COND 100 gr,1.5
01280,BB012020,CH CH Bigbabol Stick Tutti Frutti 5p x 20 x 20,2.0
01280,BB022020,CH CH Bigbabol Stick Strawberry 5p x 20 x 20,1.0
01280,BI020124,Biskrem DUO 60g - ULKER,24.0
01280,BI030124,Biskrem DUO 110g - ULKER,36.0
01280,BI050124,Biskrem Cacao 60g - ULKER,24.0
01280,BI060124,Biskrem Cacao 110g - ULKER,72.0
01280,BI070124,BISKREM CACAO 85g - ULKER,24.0
01280,BI080124,BISKREM DUO 85g - ULKER,24.0
01280,CC060106,Sachet Chupa-Chups The Best Of P120x6,1.0
01280,CC060112,CH CH XXL Strawberry 25Px29g,1.0
01280,CH010124,Bonbon Chamallows Pink & White 70g HARIBO,10.0
01280,CH020424,Bonbon Chamallows Party 70g HARIBO,18.0
01280,DC010224,YAOURT BRASSE VANILLE,1.0
01280,FA010118,Mentos Fresh Action Cup Menthol 280g P100x18,2.6666666666666665
01280,FA030112,Mentos Fresh Action Stick Cherry Mint 10px24x12,1.0
01280,FR010201,Coff. 16 Rochers Chocolat FERRERO,5.0
01280,GB020130,Bonbon Gold-Bears 80gx30 - HARIBO,6.0
01280,HC020130,Bonbon Happy Cola 80gx30 HARIBO,6.0
01280,HC030124,Bonbon Happy Cherries 80g HARIBO,48.0
01280,HC030324,Bonbon Happy Cola Fizz 70g HARIBO,14.0
01280,JA010106,Mini Mentos Jar Fruit Mix 1Kg P100x6,1.0
01280,KC010120,YAOURT AROME CITRON,1.0
01280,KC010130,YAOURT AROME FRUITS DES BOIS,1.3333333333333333
01280,KC010210,YAOURT AROME NOIX DE COCO,1.0
01280,KC010240,BIFI NATURE 0%,1.0
01280,KC010336,YAOURT AROME NATURE,1.0
01280,KC020130,Barre de Chocolat Biscuit noisette BUENO WHITE,1.5
01280,KD010114,Kinder Délice T10X14,1.5
01280,KH010128,Kinder Happy Hippo Cocoa T1x28x6,1.0
01280,KH020110,Kinder Happy Hippo Cocoa T5x10,1.0
01280,KS010116,Kinder Joy T1x16 Limited Edition,1.0
01280,KS020116,Kinder Joy T1x16 Boy,1.0
01280,KS020216,Kinder Joy T1x16 Girl,1.0
01280,KS030116,Kinder Joy T1x16 Boy Collection 2,1.0
01280,KS030216,Kinder Joy T1x16 Girl Collection 2,1.0
01280,MD020112,"Mentos Gum 3D S-A-R 8,5g P5x15",1.0
01280,MD030112,"Mentos Gum 3D Watermelon 8,5g P5x15",1.0
01280,MR020108,"Mentos Rolls Strawberry 39,2g P14x20",1.0
01280,MR030108,"Mentos Rolls Rainbow 39,2g P14x20",1.0
01280,MR070108,Mentos Rolls Sour Mix 39.2g P14x20,1.0
01280,MW010112,"Boite Mentos Gum White Sweet Mint 53,2g P38x6",1.0
01280,MW020112,"Boite Mentos Gum White Tutti Frutti 53,2g P38x6",1.0
01280,NP010406,Pôt Pâte à tartiner de 600g NUTELLA OCCASION,6.0
01280,NP010407,Pôt Pâte à tartiner de 350g NUTELLA OCCASION,15.0
01280,NP010604,Nutella B-Ready T1x36x4,1.0
01280,NP060716,Nutella B-Ready T6x16,16.0
01280,PH020224,Bonbon Phantasia 80g HARIBO,7.0
01280,RO010112,Bonbon Roulette 25g - HARIBO,1.3333333333333333
01280,RR010116,Trio de Rochers Noix Coco RAFAELLO,1.0
01280,TB030112,Boite Bonbon Spearmint T12x24 TIC TAC,1.0
01280,TB070148,Tic Tac Mix T48x8 ARBRE,1.0
01280,TE020124,Bonbon Teeth 80g HARIBO,50.0
01280,WO020124,Bonbon Worms 80g HARIBO,6.0
01280,WO030124,Bonbon Fizz Worms 70g HARIBO,24.0
01281,12201968,"KIT KAT 4 Fingers 12x(24x41,5g)",1.0
01281,AL010124,VIT'UP 170GR COLA CITRON,1.0
01281,AL020112,BEURRE COND 100 gr,1.0
01281,BB022020,CH CH Bigbabol Stick Strawberry 5p x 20 x 20,1.0
01281,BE010112,Biskrem Extra 92g - ULKER,36.0
01281,BE010124,Bonbon Berries 80g HARIBO,1.0
01281,BI010124,Biskrem DUO 40g - ULKER,24.0
01281,BI020124,Biskrem DUO 60g - ULKER,29.333333333333332
01281,BI030124,Biskrem DUO 110g - ULKER,36.0
01281,BI040124,Biskrem Cacao 40g - ULKER,24.0
01281,BI050124,Biskrem Cacao 60g - ULKER,29.333333333333332
01281,BI060124,Biskrem Cacao 110g - ULKER,37.375
01281,BI070124,BISKREM CACAO 85g - ULKER,36.0
01281,BI080124,BISKREM DUO 85g - ULKER,36.0
01281,BL030136,Blister Mentos Gum White Sweet Mint 17g P12x12,1.0
01281,BL040136,Blister Mentos Gum White Tutti Frutti 17g P12x12,1.0
01281,CC060106,Sachet Chupa-Chups The Best Of P120x6,1.0
01281,CC060112,CH CH XXL Strawberry 25Px29g,1.0
01281,CC070106,CH CH Melody Strawberry 48x6,1.0
01281,CH010124,Bonbon Chamallows Pink & White 70g HARIBO,24.0
01281,CH020424,Bonbon Chamallows Party 70g HARIBO,24.0
01281,DC010224,YAOURT BRASSE VANILLE,1.0
01281,FA010118,Mentos Fresh Action Cup Menthol 280g P100x18,1.0
01281,FA020118,Mentos Fresh Action Cup Cherry Mint 280g P100x18,1.0
01281,FA030112,Mentos Fresh Action Stick Cherry Mint 10px24x12,1.0
01281,FF030112,Big Babol Filifolly Watermelon 11g x 12 Sachets,1.0
01281,FR010116,Trio de Rochers Chocolat FERRERO,1.0
01281,FR010120,Bonbon Fruit-tella Stick  Strawberry 10px20x12,2.0
01281,FR010201,Coff. 16 Rochers Chocolat FERRERO,5.0
01281,FR010220,Bonbon Fruit-tella Stick Orange 10px20x12,2.0
01281,FR010501,Coffret de 24 Rochers Collection Chocolat FERRERO,2.0
01281,GB020130,Bonbon Gold-Bears 80gx30 - HARIBO,19.0
01281,HC020130,Bonbon Happy Cola 80gx30 HARIBO,24.0
01281,HC030124,Bonbon Happy Cherries 80g HARIBO,12.5
01281,KC010120,YAOURT AROME CITRON,1.0
01281,KC010130,YAOURT AROME FRUITS DES BOIS,1.0833333333333333
01281,KC010210,YAOURT AROME NOIX DE COCO,1.0
01281,KC010240,BIFI NATURE 0%,1.0
01281,KC010618,Kinder Creamy T1X8X18,1.0
01281,KC020130,Barre de Chocolat Biscuit noisette BUENO WHITE,1.0
01281,KD010114,Kinder Délice T10X14,4.0
01281,KH010128,Kinder Happy Hippo Cocoa T1x28x6,1.0
01281,KH020110,Kinder Happy Hippo Cocoa T5x10,1.0
01281,KK010106,KAT KAT TAT Noisette 24g (24x6),1.4
01281,KK010112,KAT KAT TAT Chocolat 26g (24x12),1.1666666666666667
01281,KS020116,Kinder Joy T1x16 Boy,1.0
01281,KS020216,Kinder Joy T1x16 Girl,1.0
01281,KS030116,Kinder Joy T1x16 Boy Collection 2,1.0
01281,KS030216,Kinder Joy T1x16 Girl Collection 2,1.0
01281,MD010112,"Mentos Gum 3D Fresh Mint 8,5g P5x15",1.0
01281,MD020112,"Mentos Gum 3D S-A-R 8,5g P5x15",1.0
01281,MD030112,"Mentos Gum 3D Watermelon 8,5g P5x15",1.0
01281,MF011212,MILLE-FEUILLE Fraise 24g ( 12X12 ),3.0
01281,MG010116,Mentos Gum Rolls Pure Fresh 1.75g P9x16,1.0
01281,MI010124,Bonbon Mix Fizz 70g HARIBO,27.0
01281,MW010112,"Boite Mentos Gum White Sweet Mint 53,2g P38x6",1.0
01281,MW020112,"Boite Mentos Gum White Tutti Frutti 53,2g P38x6",1.0
01281,NP010301,Pate a Tartiner de 350 grs NUTELLA,7.0
01281,NP010306,Pôt Pâte à tartiner de 600g NUTELLA,6.0
01281,NP010406,Pôt Pâte à tartiner de 600g NUTELLA OCCASION,2.0
01281,NP010501,Nutella & Go 52g,19.0
01281,NP010604,Nutella B-Ready T1x36x4,1.0
01281,NP01A301,Pate a Tartiner 350 g   10% NUTELLA,5.0
01281,RA040124,Canette Float Ananas 240 ML - RANI,24.0
01281,RO010112,Bonbon Roulette 25g - HARIBO,1.0
01281,SM010224,Bonbon Starmix 80g HARIBO,12.0
01281,ST010208,Mix Sripe Assortiment 24x8x25g HARIBO,1.0
01281,TB010112,Boite Bonbon Menthe T12x24 TIC TAC,1.0
01281,TB020112,Boite Bonbon Orange T12x24 TIC TAC,1.5
01281,TB030112,Boite Bonbon Spearmint T12x24 TIC TAC,1.0
01281,TB050112,Boite Bonbon Strawberry mix T12x24 TIC TAC,1.0
01281,TB070148,Tic Tac Mix T48x8 ARBRE,1.0
01281,TE020124,Bonbon Teeth 80g HARIBO,10.666666666666666
01282,0005,Compote pomme fraise,1.0
01282,BI030124,Biskrem DUO 110g - ULKER,24.0
01282,BI060124,Biskrem Cacao 110g - ULKER,48.0
01282,CC070106,CH CH Melody Strawberry 48x6,1.0
01282,CC080116,Chupa-Chups Surprise 16x6,1.0
01282,NP010604,Nutella B-Ready T1x36x4,1.0
01282,TE020124,Bonbon Teeth 80g HARIBO,4.0
01283,CC060106,Sachet Chupa-Chups The Best Of P120x6,1.0
01283,KC010120,YAOURT AROME CITRON,1.0
01283,KC010130,YAOURT AROME FRUITS DES BOIS,3.0
01283,KS020216,Kinder Joy T1x16 Girl,1.0
01283,NP010501,Nutella & Go 52g,24.0
01283,PH020224,Bonbon Phantasia 80g HARIBO,12.0
01283,RO010112,Bonbon Roulette 25g - HARIBO,1.0
01283,SM010224,Bonbon Starmix 80g HARIBO,6.0
01283,TB050112,Boite Bonbon Strawberry mix T12x24 TIC TAC,3.0
01283,TB070148,Tic Tac Mix T48x8 ARBRE,1.0
01283,WO020124,Bonbon Worms 80g HARIBO,12.0
01284,BI020124,Biskrem DUO 60g - ULKER,24.0
01284,BI060124,Biskrem Cacao 110g - ULKER,24.0
01285,AL020112,BEURRE COND 100 gr,1.0
01285,NP010604,Nutella B-Ready T1x36x4,1.0
01285,NP060716,Nutella B-Ready T6x16,2.0
01285,RA010124,Canette Float Orange 240 ML - RANI,6.0
01285,RA020124,Canette Float Peche 240 ML - RANI,6.0
01285,RA030124,Canette Float Mangue 240 ML - RANI,6.0
01286,BE010112,Biskrem Extra 92g - ULKER,12.0
01286,KC020130,Barre de Chocolat Biscuit noisette BUENO WHITE,1.0
01286,MI010124,Bonbon Mix Fizz 70g HARIBO,3.0
01286,MR010108,"Mentos Rolls Menthe 39,2g P14x20",1.0
01286,MR020108,"Mentos Rolls Strawberry 39,2g P14x20",1.0
01286,MR030108,"Mentos Rolls Rainbow 39,2g P14x20",1.0
01286,MR040108,"Mentos Rolls Tutti Frutti 39,2 g P14x20",1.0
01286,MR050108,"Mentos Rolls Fruit 39,2g P14x20",1.0
01286,RO010112,Bonbon Roulette 25g - HARIBO,1.0
01286,TB070148,Tic Tac Mix T48x8 ARBRE,1.0
01286,WO020124,Bonbon Worms 80g HARIBO,24.0
01287,BB012020,CH CH Bigbabol Stick Tutti Frutti 5p x 20 x 20,1.0
01287,BE010112,Biskrem Extra 92g - ULKER,12.0
01287,BI030112,BISKREM DUO 85g - ULKER,12.0
01287,FA030112,Mentos Fresh Action Stick Cherry Mint 10px24x12,1.0
01287,KC020130,Barre de Chocolat Biscuit noisette BUENO WHITE,1.0
01287,KH010128,Kinder Happy Hippo Cocoa T1x28x6,1.0
01287,KH020110,Kinder Happy Hippo Cocoa T5x10,1.0
01287,KS010116,Kinder Joy T1x16 Limited Edition,1.0
01287,NP010501,Nutella & Go 52g,24.0
01287,NP010604,Nutella B-Ready T1x36x4,1.0
01287,NP060716,Nutella B-Ready T6x16,1.0
01287,RO010112,Bonbon Roulette 25g - HARIBO,1.0
01288,AL020112,BEURRE COND 100 gr,1.0
01288,FR010116,Trio de Rochers Chocolat FERRERO,1.0
01288,KC020130,Barre de Chocolat Biscuit noisette BUENO WHITE,1.0
01288,KH010128,Kinder Happy Hippo Cocoa T1x28x6,1.0
01288,KK010112,KAT KAT TAT Chocolat 26g (24x12),1.0
01288,KS020116,Kinder Joy T1x16 Boy,1.0
01288,KS030216,Kinder Joy T1x16 Girl Collection 2,1.0
01288,RO010112,Bonbon Roulette 25g - HARIBO,1.0
01288,SM010224,Bonbon Starmix 80g HARIBO,6.0
01289,0005,Compote pomme fraise,1.0
01289,AL010124,VIT'UP 170GR COLA CITRON,1.0
01289,BE010112,Biskrem Extra 92g - ULKER,12.0
01289,BI030124,Biskrem DUO 110g - ULKER,24.0
01289,BI050124,Biskrem Cacao 60g - ULKER,24.0
01289,BI060124,Biskrem Cacao 110g - ULKER,36.0
01289,BL030136,Blister Mentos Gum White Sweet Mint 17g P12x12,1.0
01289,BL040136,Blister Mentos Gum White Tutti Frutti 17g P12x12,2.0
01289,CC060106,Sachet Chupa-Chups The Best Of P120x6,1.0
01289,CC060112,CH CH XXL Strawberry 25Px29g,1.0
01289,CC070106,CH CH Melody Strawberry 48x6,1.0
01289,CC070124,Sachet Chupa Chups Mini 35Px24,1.0
01289,FR010116,Trio de Rochers Chocolat FERRERO,1.0
01289,KC010120,YAOURT AROME CITRON,1.0
01289,KC010240,BIFI NATURE 0%,1.0
01289,KH010128,Kinder Happy Hippo Cocoa T1x28x6,1.0
01289,KH020110,Kinder Happy Hippo Cocoa T5x10,1.0
01289,KS020116,Kinder Joy T1x16 Boy,1.0
01289,KS020216,Kinder Joy T1x16 Girl,1.0
01289,MD020112,"Mentos Gum 3D S-A-R 8,5g P5x15",1.0
01289,MD030112,"Mentos Gum 3D Watermelon 8,5g P5x15",1.0
01289,MG010116,Mentos Gum Rolls Pure Fresh 1.75g P9x16,1.0
01289,MR030108,"Mentos Rolls Rainbow 39,2g P14x20",1.0
01289,NP010604,Nutella B-Ready T1x36x4,1.0
01289,PF010106,"Boite Mentos Gum PF Limemint 57,8g P34x6",1.0
01289,PH020224,Bonbon Phantasia 80g HARIBO,13.0
01289,RA020124,Canette Float Peche 240 ML - RANI,6.0
01289,RO010112,Bonbon Roulette 25g - HARIBO,1.0
01289,SM010224,Bonbon Starmix 80g HARIBO,6.0
01289,SQ010124,Bonbon Squishy 80g HARIBO,3.0
01289,TB020112,Boite Bonbon Orange T12x24 TIC TAC,1.0
01289,TE020124,Bonbon Teeth 80g HARIBO,3.0
01289,WO030124,Bonbon Fizz Worms 70g HARIBO,19.0
01290,0005,Compote pomme fraise,2.0
01290,BE010112,Biskrem Extra 92g - ULKER,12.0
01290,BI030124,Biskrem DUO 110g - ULKER,48.0
01290,BI060124,Biskrem Cacao 110g - ULKER,96.0
01290,BL030136,Blister Mentos Gum White Sweet Mint 17g P12x12,1.25
01290,BL040136,Blister Mentos Gum White Tutti Frutti 17g P12x12,1.0
01290,CC060106,Sachet Chupa-Chups The Best Of P120x6,1.0
01290,CC060112,CH CH XXL Strawberry 25Px29g,1.0
01290,CC070106,CH CH Melody Strawberry 48x6,1.0
01290,CH010124,Bonbon Chamallows Pink & White 70g HARIBO,18.0
01290,CH020424,Bonbon Chamallows Party 70g HARIBO,8.75
01290,DC010224,YAOURT BRASSE VANILLE,1.0
01290,FA010118,Mentos Fresh Action Cup Menthol 280g P100x18,1.0
01290,FA020118,Mentos Fresh Action Cup Cherry Mint 280g P100x18,1.0
01290,FR010116,Trio de Rochers Chocolat FERRERO,1.0
01290,FR010201,Coff. 16 Rochers Chocolat FERRERO,5.0
01290,FR010301,Coff. de 24 Rochers Chocolat FERRERO,1.0
01290,HC030324,Bonbon Happy Cola Fizz 70g HARIBO,3.0
01290,KC010120,YAOURT AROME CITRON,1.0
01290,KC010130,YAOURT AROME FRUITS DES BOIS,1.3333333333333333
01290,KC010210,YAOURT AROME NOIX DE COCO,1.0
01290,KC010240,BIFI NATURE 0%,1.0
01290,KC010336,YAOURT AROME NATURE,1.0
01290,KC020130,Barre de Chocolat Biscuit noisette BUENO WHITE,2.0
01290,KD010114,Kinder Délice T10X14,1.5
01290,KH010128,Kinder Happy Hippo Cocoa T1x28x6,1.0
01290,KH020110,Kinder Happy Hippo Cocoa T5x10,1.0
01290,KK010106,KAT KAT TAT Noisette 24g (24x6),2.5
01290,KK010112,KAT KAT TAT Chocolat 26g (24x12),1.5
01290,KS010116,Kinder Joy T1x16 Limited Edition,3.0
01290,KS020116,Kinder Joy T1x16 Boy,1.0
01290,KS020216,Kinder Joy T1x16 Girl,1.0
01290,MD010112,"Mentos Gum 3D Fresh Mint 8,5g P5x15",1.0
01290,MD020112,"Mentos Gum 3D S-A-R 8,5g P5x15",1.0
01290,MI010124,Bonbon Mix Fizz 70g HARIBO,4.0
01290,MR010108,"Mentos Rolls Menthe 39,2g P14x20",1.0
01290,MR020108,"Mentos Rolls Strawberry 39,2g P14x20",1.0
01290,MR050108,"Mentos Rolls Fruit 39,2g P14x20",1.0
01290,MW010112,"Boite Mentos Gum White Sweet Mint 53,2g P38x6",1.0
01290,MW020112,"Boite Mentos Gum White Tutti Frutti 53,2g P38x6",1.0
01290,NP010306,Pôt Pâte à tartiner de 600g NUTELLA,6.0
01290,NP010401,Pate a  tartiner de 750g NUTELLA,12.0
01290,NP010406,Pôt Pâte à tartiner de 600g NUTELLA OCCASION,6.0
01290,NP010407,Pôt Pâte à tartiner de 350g NUTELLA OCCASION,15.0
01290,NP010604,Nutella B-Ready T1x36x4,1.0
01290,NP060716,Nutella B-Ready T6x16,4.0
01290,RO010112,Bonbon Roulette 25g - HARIBO,1.0
01290,SM010224,Bonbon Starmix 80g HARIBO,6.0
01290,TB020112,Boite Bonbon Orange T12x24 TIC TAC,1.0
01290,TB070148,Tic Tac Mix T48x8 ARBRE,1.0
01291,RA010124,Canette Float Orange 240 ML - RANI,6.0
01292,RA060124,Canette Float Fraise-Banane 240 ML - RANI,24.0
01294,BE010124,Bonbon Berries 80g HARIBO,4.0
01770,KK010106,KAT KAT TAT Noisette 24g (24x6),1.0
01770,KK010112,KAT KAT TAT Chocolat 26g (24x12),1.0
01931,BI060124,Biskrem Cacao 110g - ULKER,24.0
01931,BL030136,Blister Mentos Gum White Sweet Mint 17g P12x12,1.0
01931,BL040136,Blister Mentos Gum White Tutti Frutti 17g P12x12,1.0
01931,CH010124,Bonbon Chamallows Pink & White 70g HARIBO,1.0
01931,FR010201,Coff. 16 Rochers Chocolat FERRERO,2.0
01931,KC010130,YAOURT AROME FRUITS DES BOIS,1.0
01931,KK010106,KAT KAT TAT Noisette 24g (24x6),2.0
01931,KK010112,KAT KAT TAT Chocolat 26g (24x12),1.0
01931,LG020124,Gaufrette Golden  Chocolat Blanc & Citron 70g,8.0
01931,LG020224,Gaufrette Golden Chocolat Blanc & Framboise 70g -L,8.0
01931,LG020324,Gaufrette Golden Wafers goût Chocolat 70g - LINGOT,8.0
01931,LT030124,Gaufrette enrobée choco 30G Triple saveur (24x4),1.0
01931,MD020112,"Mentos Gum 3D S-A-R 8,5g P5x15",1.0
01931,MD030112,"Mentos Gum 3D Watermelon 8,5g P5x15",1.0
01931,ML010160,"Gaufrette Mini Lingot  16,5g - LINGOT (colisage 60",60.0
01931,MR050108,"Mentos Rolls Fruit 39,2g P14x20",1.0
01931,RA010124,Canette Float Orange 240 ML - RANI,3.0
01931,RA040124,Canette Float Ananas 240 ML - RANI,3.0
02071,KC020130,Barre de Chocolat Biscuit noisette BUENO WHITE,1.0
02396,BI020124,Biskrem DUO 60g - ULKER,24.0
02396,BI030124,Biskrem DUO 110g - ULKER,24.0
02396,BI060124,Biskrem Cacao 110g - ULKER,24.0
02396,HZ010212,HEINZ CHILI MAYONNAISE 225 ML,2.0
02396,HZ010312,HEINZ GARLIC MAYONNAISE 225 ML,2.0
03451,AL010124,VIT'UP 170GR COLA CITRON,1.0
03451,AL020112,BEURRE COND 100 gr,1.0
03451,BI020124,Biskrem DUO 60g - ULKER,24.0
03451,BI030124,Biskrem DUO 110g - ULKER,24.0
03451,BI050124,Biskrem Cacao 60g - ULKER,24.0
03451,BI060124,Biskrem Cacao 110g - ULKER,24.0
03451,BL030136,Blister Mentos Gum White Sweet Mint 17g P12x12,1.25
03451,BL040136,Blister Mentos Gum White Tutti Frutti 17g P12x12,1.25
03451,CC060106,Sachet Chupa-Chups The Best Of P120x6,1.3333333333333333
03451,CC060112,CH CH XXL Strawberry 25Px29g,1.0
03451,CC070106,CH CH Melody Strawberry 48x6,1.0
03451,DC010224,YAOURT BRASSE VANILLE,1.0
03451,FA010118,Mentos Fresh Action Cup Menthol 280g P100x18,1.0
03451,FF010112,Big Babol Filifolly Strawberry 11g x 12 Sachets,1.0
03451,FF020112,Big Babol Filifolly Fruit 11g x 12 Sachets,1.0
03451,FF030112,Big Babol Filifolly Watermelon 11g x 12 Sachets,1.0
03451,FR010116,Trio de Rochers Chocolat FERRERO,1.1428571428571428
03451,FR010201,Coff. 16 Rochers Chocolat FERRERO,5.0
03451,FR010301,Coff. de 24 Rochers Chocolat FERRERO,2.0
03451,FR010401,Coff. de 30 Rochers Chocolat FERRERO,2.0
03451,FR010501,Coffret de 24 Rochers Collection Chocolat FERRERO,4.0
03451,JA010106,Mini Mentos Jar Fruit Mix 1Kg P100x6,1.0
03451,KC010130,YAOURT AROME FRUITS DES BOIS,1.25
03451,KC010210,YAOURT AROME NOIX DE COCO,1.0
03451,KC010240,BIFI NATURE 0%,1.0
03451,KC010618,Kinder Creamy T1X8X18,1.0
03451,KC020130,Barre de Chocolat Biscuit noisette BUENO WHITE,1.0
03451,KD010114,Kinder Délice T10X14,6.0
03451,KH010128,Kinder Happy Hippo Cocoa T1x28x6,1.0
03451,KH020110,Kinder Happy Hippo Cocoa T5x10,1.0
03451,KS020116,Kinder Joy T1x16 Boy,1.0
03451,KS020216,Kinder Joy T1x16 Girl,1.6666666666666667
03451,KS030116,Kinder Joy T1x16 Boy Collection 2,1.0
03451,KS030216,Kinder Joy T1x16 Girl Collection 2,1.0
03451,MD010112,"Mentos Gum 3D Fresh Mint 8,5g P5x15",1.0
03451,MD020112,"Mentos Gum 3D S-A-R 8,5g P5x15",1.0
03451,MD030112,"Mentos Gum 3D Watermelon 8,5g P5x15",1.0
03451,MR010108,"Mentos Rolls Menthe 39,2g P14x20",1.0
03451,MR020108,"Mentos Rolls Strawberry 39,2g P14x20",1.0
03451,MR030108,"Mentos Rolls Rainbow 39,2g P14x20",1.0
03451,MR050108,"Mentos Rolls Fruit 39,2g P14x20",1.0
03451,MW010112,"Boite Mentos Gum White Sweet Mint 53,2g P38x6",1.0
03451,MW020112,"Boite Mentos Gum White Tutti Frutti 53,2g P38x6",1.0
03451,NP010401,Pate a  tartiner de 750g NUTELLA,12.0
03451,NP010406,Pôt Pâte à tartiner de 600g NUTELLA OCCASION,6.0
03451,NP010407,Pôt Pâte à tartiner de 350g NUTELLA OCCASION,15.0
03451,NP010501,Nutella & Go 52g,24.0
03451,NP010604,Nutella B-Ready T1x36x4,1.0
03451,NP01A301,Pate a Tartiner 350 g   10% NUTELLA,15.0
03451,PF020106,Boite Mentos Gum PF Fresh Mint 56g P28x6,1.0
03451,PF030106,Boite Mentos Gum PF Wintergreen 56g P28x6,1.0
03451,RO010112,Bonbon Roulette 25g - HARIBO,1.0
03451,TB020112,Boite Bonbon Orange T12x24 TIC TAC,1.0
03451,TB070148,Tic Tac Mix T48x8 ARBRE,1.0
03453,HC030324,Bonbon Happy Cola Fizz 70g HARIBO,24.0
03453,KS030116,Kinder Joy T1x16 Boy Collection 2,1.0
03461,KK010112,KAT KAT TAT Chocolat 26g (24x12),9.0
03462,BI050124,Biskrem Cacao 60g - ULKER,24.0
03462,BI070124,BISKREM CACAO 85g - ULKER,24.0
03462,BI080124,BISKREM DUO 85g - ULKER,24.0
03462,BL040136,Blister Mentos Gum White Tutti Frutti 17g P12x12,1.0
03462,CC070124,Sachet Chupa Chups Mini 35Px24,1.0
03462,CH010124,Bonbon Chamallows Pink & White 70g HARIBO,10.0
03462,CH020424,Bonbon Chamallows Party 70g HARIBO,21.5
03462,FR010120,Bonbon Fruit-tella Stick  Strawberry 10px20x12,1.0
03462,HC030324,Bonbon Happy Cola Fizz 70g HARIBO,6.0
03462,KC010130,YAOURT AROME FRUITS DES BOIS,1.0
03462,KS030116,Kinder Joy T1x16 Boy Collection 2,1.0
03462,MW020112,"Boite Mentos Gum White Tutti Frutti 53,2g P38x6",1.0
03462,NP060716,Nutella B-Ready T6x16,1.0
03462,PH020224,Bonbon Phantasia 80g HARIBO,4.0
03462,RA010124,Canette Float Orange 240 ML - RANI,6.0
03462,RO010112,Bonbon Roulette 25g - HARIBO,1.0
03462,TB030112,Boite Bonbon Spearmint T12x24 TIC TAC,1.0
03462,WO020124,Bonbon Worms 80g HARIBO,3.5
03462,WO030124,Bonbon Fizz Worms 70g HARIBO,6.0
03470,0005,Compote pomme fraise,1.0
03470,AL010124,VIT'UP 170GR COLA CITRON,1.0
03470,BB012020,CH CH Bigbabol Stick Tutti Frutti 5p x 20 x 20,1.0
03470,BB022020,CH CH Bigbabol Stick Strawberry 5p x 20 x 20,1.0
03470,BE010112,Biskrem Extra 92g - ULKER,16.0
03470,BI020124,Biskrem DUO 60g - ULKER,24.0
03470,BI030112,BISKREM DUO 85g - ULKER,12.0
03470,BI030124,Biskrem DUO 110g - ULKER,30.0
03470,BI050124,Biskrem Cacao 60g - ULKER,24.0
03470,BI060124,Biskrem Cacao 110g - ULKER,30.857142857142858
03470,BI070124,BISKREM CACAO 85g - ULKER,24.0
03470,BI080124,BISKREM DUO 85g - ULKER,24.0
03470,BL030136,Blister Mentos Gum White Sweet Mint 17g P12x12,1.3333333333333333
03470,BL040136,Blister Mentos Gum White Tutti Frutti 17g P12x12,1.3333333333333333
03470,CC060106,Sachet Chupa-Chups The Best Of P120x6,1.0
03470,CC060112,CH CH XXL Strawberry 25Px29g,1.25
03470,CC070106,CH CH Melody Strawberry 48x6,1.0
03470,CH010124,Bonbon Chamallows Pink & White 70g HARIBO,24.0
03470,CH020424,Bonbon Chamallows Party 70g HARIBO,16.0
03470,DC010224,YAOURT BRASSE VANILLE,1.2
03470,FA020118,Mentos Fresh Action Cup Cherry Mint 280g P100x18,1.0
03470,FA030112,Mentos Fresh Action Stick Cherry Mint 10px24x12,1.5
03470,FF010112,Big Babol Filifolly Strawberry 11g x 12 Sachets,1.0
03470,FF020112,Big Babol Filifolly Fruit 11g x 12 Sachets,1.0
03470,FR010116,Trio de Rochers Chocolat FERRERO,1.0
03470,FR010120,Bonbon Fruit-tella Stick  Strawberry 10px20x12,1.0
03470,FR010201,Coff. 16 Rochers Chocolat FERRERO,3.238095238095238
03470,FR010220,Bonbon Fruit-tella Stick Orange 10px20x12,1.0
03470,FR010301,Coff. de 24 Rochers Chocolat FERRERO,1.0
03470,FR010401,Coff. de 30 Rochers Chocolat FERRERO,1.6666666666666667
03470,FR010501,Coffret de 24 Rochers Collection Chocolat FERRERO,2.0
03470,FR010603,Coffret de 28 Rochers Cône Chocolat FERRERO,1.0
03470,GB020130,Bonbon Gold-Bears 80gx30 - HARIBO,5.333333333333333
03470,GB030130,Bonbon Gold-Bears 80g+25%Gratuit x30 - HARIBO,6.0
03470,HC020130,Bonbon Happy Cola 80gx30 HARIBO,10.25
03470,HC030124,Bonbon Happy Cherries 80g HARIBO,7.5
03470,HC030324,Bonbon Happy Cola Fizz 70g HARIBO,24.0
03470,HZ010112,HEINZ LIGHT MAYONNAISE 225 ML,4.0
03470,HZ010124,TOMATO KETCHUP 200 G - HEINZ,6.0
03470,HZ010212,HEINZ CHILI MAYONNAISE 225 ML,4.0
03470,HZ010224,BARBECUE SAUCE 200 G - HEINZ,4.5
03470,HZ010312,HEINZ GARLIC MAYONNAISE 225 ML,4.0
03470,HZ010712,TOMATO KETCHUP 300 G - HEINZ,6.0
03470,JA010106,Mini Mentos Jar Fruit Mix 1Kg P100x6,1.0
03470,KC010120,YAOURT AROME CITRON,1.0769230769230769
03470,KC010130,YAOURT AROME FRUITS DES BOIS,1.0
03470,KC010210,YAOURT AROME NOIX DE COCO,1.0
03470,KC010240,BIFI NATURE 0%,1.0
03470,KC010336,YAOURT AROME NATURE,1.0
03470,KC010506,Kinder Creamy T1x24x6,1.0
03470,KC020130,Barre de Chocolat Biscuit noisette BUENO WHITE,1.4285714285714286
03470,KD010114,Kinder Délice T10X14,4.5
03470,KH010128,Kinder Happy Hippo Cocoa T1x28x6,1.0
03470,KH020110,Kinder Happy Hippo Cocoa T5x10,1.0
03470,KS020116,Kinder Joy T1x16 Boy,1.0
03470,KS020216,Kinder Joy T1x16 Girl,1.0
03470,KS030116,Kinder Joy T1x16 Boy Collection 2,1.0
03470,KS030216,Kinder Joy T1x16 Girl Collection 2,1.0
03470,LG010120,Gaufrette Golden Chocolat 140 gr- Lingot (20 pcs),20.0
03470,MD010112,"Mentos Gum 3D Fresh Mint 8,5g P5x15",1.0
03470,MD020112,"Mentos Gum 3D S-A-R 8,5g P5x15",1.0
03470,MD030112,"Mentos Gum 3D Watermelon 8,5g P5x15",1.0
03470,MG010116,Mentos Gum Rolls Pure Fresh 1.75g P9x16,1.0
03470,MI010124,Bonbon Mix Fizz 70g HARIBO,16.0
03470,MR010108,"Mentos Rolls Menthe 39,2g P14x20",1.0
03470,MR020108,"Mentos Rolls Strawberry 39,2g P14x20",1.0
03470,MR030108,"Mentos Rolls Rainbow 39,2g P14x20",1.5
03470,MR040108,"Mentos Rolls Tutti Frutti 39,2 g P14x20",1.0
03470,MR050108,"Mentos Rolls Fruit 39,2g P14x20",1.0
03470,MW010112,"Boite Mentos Gum White Sweet Mint 53,2g P38x6",1.75
03470,MW020112,"Boite Mentos Gum White Tutti Frutti 53,2g P38x6",1.6666666666666667
03470,NP010301,Pate a Tartiner de 350 grs NUTELLA,8.4375
03470,NP010306,Pôt Pâte à tartiner de 600g NUTELLA,5.105263157894737
03470,NP010401,Pate a  tartiner de 750g NUTELLA,6.0
03470,NP010406,Pôt Pâte à tartiner de 600g NUTELLA OCCASION,6.0
03470,NP010407,Pôt Pâte à tartiner de 350g NUTELLA OCCASION,18.5
03470,NP010501,Nutella & Go 52g,22.9
03470,NP010604,Nutella B-Ready T1x36x4,1.0
03470,NP060716,Nutella B-Ready T6x16,3.6
03470,PF010106,"Boite Mentos Gum PF Limemint 57,8g P34x6",1.0
03470,PF010206,Boite Mentos Gum PF Fresh Mint 24g P12x10,1.0
03470,PF020106,Boite Mentos Gum PF Fresh Mint 56g P28x6,1.0
03470,PH020224,Bonbon Phantasia 80g HARIBO,4.5
03470,RO010112,Bonbon Roulette 25g - HARIBO,1.3
03470,RR010116,Trio de Rochers Noix Coco RAFAELLO,1.0
03470,SQ010124,Bonbon Squishy 80g HARIBO,6.0
03470,ST010208,Mix Sripe Assortiment 24x8x25g HARIBO,1.0
03470,TB030112,Boite Bonbon Spearmint T12x24 TIC TAC,1.0
03470,TB050112,Boite Bonbon Strawberry mix T12x24 TIC TAC,1.0
03470,TB070148,Tic Tac Mix T48x8 ARBRE,1.0
03470,WO020124,Bonbon Worms 80g HARIBO,24.0
03470,WO030124,Bonbon Fizz Worms 70g HARIBO,26.25
03658,BI030124,Biskrem DUO 110g - ULKER,24.0
03658,BI060124,Biskrem Cacao 110g - ULKER,24.0
03658,CH010124,Bonbon Chamallows Pink & White 70g HARIBO,12.0
03658,KC010120,YAOURT AROME CITRON,1.0
03658,KS020116,Kinder Joy T1x16 Boy,1.0
03658,LT030124,Gaufrette enrobée choco 30G Triple saveur (24x4),1.3333333333333333
03658,NP010604,Nutella B-Ready T1x36x4,1.0
03658,TB010112,Boite Bonbon Menthe T12x24 TIC TAC,1.0
03658,TB020112,Boite Bonbon Orange T12x24 TIC TAC,1.0
03660,BI030112,BISKREM DUO 85g - ULKER,16.0
03660,BI030124,Biskrem DUO 110g - ULKER,24.0
03660,BI050124,Biskrem Cacao 60g - ULKER,24.0
03660,BI060124,Biskrem Cacao 110g - ULKER,24.0
03660,BI070124,BISKREM CACAO 85g - ULKER,24.0
03660,CC060112,CH CH XXL Strawberry 25Px29g,1.0
03660,CC070124,Sachet Chupa Chups Mini 35Px24,5.0
03660,CH010124,Bonbon Chamallows Pink & White 70g HARIBO,12.0
03660,CH020424,Bonbon Chamallows Party 70g HARIBO,12.0
03660,FR010116,Trio de Rochers Chocolat FERRERO,1.0
03660,HC030324,Bonbon Happy Cola Fizz 70g HARIBO,6.0
03660,KC010120,YAOURT AROME CITRON,1.0
03660,KC010130,YAOURT AROME FRUITS DES BOIS,1.0
03660,KD010114,Kinder Délice T10X14,1.0
03660,KK010112,KAT KAT TAT Chocolat 26g (24x12),2.0
03660,KS020216,Kinder Joy T1x16 Girl,1.0
03660,LG020324,Gaufrette Golden Wafers goût Chocolat 70g - LINGOT,24.0
03660,LT030124,Gaufrette enrobée choco 30G Triple saveur (24x4),2.0
03660,RO010112,Bonbon Roulette 25g - HARIBO,1.0
03661,AL020112,BEURRE COND 100 gr,1.0
03661,BB012020,CH CH Bigbabol Stick Tutti Frutti 5p x 20 x 20,1.0
03661,BI030124,Biskrem DUO 110g - ULKER,48.0
03661,BI050124,Biskrem Cacao 60g - ULKER,24.0
03661,BI060124,Biskrem Cacao 110g - ULKER,24.0
03661,BI070124,BISKREM CACAO 85g - ULKER,24.0
03661,BI080124,BISKREM DUO 85g - ULKER,24.0
03661,BL030136,Blister Mentos Gum White Sweet Mint 17g P12x12,1.0
03661,CC060106,Sachet Chupa-Chups The Best Of P120x6,1.0
03661,CH010124,Bonbon Chamallows Pink & White 70g HARIBO,24.0
03661,FA020118,Mentos Fresh Action Cup Cherry Mint 280g P100x18,1.0
03661,KC010130,YAOURT AROME FRUITS DES BOIS,1.0
03661,KD010114,Kinder Délice T10X14,1.6666666666666667
03661,KK010112,KAT KAT TAT Chocolat 26g (24x12),1.0
03661,KS030116,Kinder Joy T1x16 Boy Collection 2,1.0
03661,LG020224,Gaufrette Golden Chocolat Blanc & Framboise 70g -L,24.0
03661,LG020324,Gaufrette Golden Wafers goût Chocolat 70g - LINGOT,24.0
03661,LT020124,Gaufrette enrobée choco 30G Cacahueté (24x4),1.5
03661,LT030124,Gaufrette enrobée choco 30G Triple saveur (24x4),2.0
03661,MI010124,Bonbon Mix Fizz 70g HARIBO,6.0
03661,NP010604,Nutella B-Ready T1x36x4,1.0
03661,RO010112,Bonbon Roulette 25g - HARIBO,1.0
03661,TB010112,Boite Bonbon Menthe T12x24 TIC TAC,1.0
03673,0005,Compote pomme fraise,1.0
03673,AL010124,VIT'UP 170GR COLA CITRON,1.0
03673,AL020112,BEURRE COND 100 gr,1.0
03673,BB012020,CH CH Bigbabol Stick Tutti Frutti 5p x 20 x 20,1.0
03673,BI020124,Biskrem DUO 60g - ULKER,24.0
03673,BI030124,Biskrem DUO 110g - ULKER,24.0
03673,BI060124,Biskrem Cacao 110g - ULKER,34.666666666666664
03673,BI070124,BISKREM CACAO 85g - ULKER,24.0
03673,BL030136,Blister Mentos Gum White Sweet Mint 17g P12x12,1.0
03673,FA010118,Mentos Fresh Action Cup Menthol 280g P100x18,1.0
03673,FA020118,Mentos Fresh Action Cup Cherry Mint 280g P100x18,1.0
03673,JA010106,Mini Mentos Jar Fruit Mix 1Kg P100x6,1.0
03673,KC010240,BIFI NATURE 0%,1.0
03673,KD010114,Kinder Délice T10X14,1.0
03673,KK010112,KAT KAT TAT Chocolat 26g (24x12),1.75
03673,LI010124,Gaufrette gout Chocolat 70g - LINGOT(colisage 24),24.0
03673,LT030124,Gaufrette enrobée choco 30G Triple saveur (24x4),1.0
03673,NP010301,Pate a Tartiner de 350 grs NUTELLA,1.0
03674,AL010124,VIT'UP 170GR COLA CITRON,1.0
03674,BI030124,Biskrem DUO 110g - ULKER,24.0
03674,BI060124,Biskrem Cacao 110g - ULKER,24.0
03674,CC070106,CH CH Melody Strawberry 48x6,1.0
03674,KC010120,YAOURT AROME CITRON,1.0
03674,KC010130,YAOURT AROME FRUITS DES BOIS,1.0
03674,KC020130,Barre de Chocolat Biscuit noisette BUENO WHITE,1.0
03674,KS020116,Kinder Joy T1x16 Boy,1.0
03674,KS020216,Kinder Joy T1x16 Girl,1.0
03674,LT020124,Gaufrette enrobée choco 30G Cacahueté (24x4),1.0
03674,LT030124,Gaufrette enrobée choco 30G Triple saveur (24x4),1.0
03674,TB010112,Boite Bonbon Menthe T12x24 TIC TAC,1.5
03674,TB020112,Boite Bonbon Orange T12x24 TIC TAC,1.0
03675,AL020112,BEURRE COND 100 gr,1.0
03675,BI080124,BISKREM DUO 85g - ULKER,24.0
03680,BI060124,Biskrem Cacao 110g - ULKER,24.0
03680,BI070124,BISKREM CACAO 85g - ULKER,36.0
03680,BI080124,BISKREM DUO 85g - ULKER,24.0
03680,KC010130,YAOURT AROME FRUITS DES BOIS,1.0
03681,BB022020,CH CH Bigbabol Stick Strawberry 5p x 20 x 20,1.0
03681,FA030112,Mentos Fresh Action Stick Cherry Mint 10px24x12,1.0
03681,KC010120,YAOURT AROME CITRON,1.0
03681,LI040140,Gaufrette Goût Fraise 30g - LINGOT (Colisage 40),40.0
03681,LT010124,Gaufrette enrobée choco 30G Riz Soufflé (24x4),1.0
03681,MR070108,Mentos Rolls Sour Mix 39.2g P14x20,1.0
03685,BE010112,Biskrem Extra 92g - ULKER,12.0
03685,KS030116,Kinder Joy T1x16 Boy Collection 2,1.0
03685,ML010160,"Gaufrette Mini Lingot  16,5g - LINGOT (colisage 60",60.0
03689,BR020124,RAIEB 450 GR,1.0
03731,AL010124,VIT'UP 170GR COLA CITRON,1.0
03731,AL020112,BEURRE COND 100 gr,1.0
03731,BB012020,CH CH Bigbabol Stick Tutti Frutti 5p x 20 x 20,1.0
03731,BB022020,CH CH Bigbabol Stick Strawberry 5p x 20 x 20,1.0
03731,BE010112,Biskrem Extra 92g - ULKER,12.0
03731,BE010124,Bonbon Berries 80g HARIBO,8.0
03731,BI020124,Biskrem DUO 60g - ULKER,24.0
03731,BI030124,Biskrem DUO 110g - ULKER,24.0
03731,BI040124,Biskrem Cacao 40g - ULKER,24.0
03731,BI050124,Biskrem Cacao 60g - ULKER,24.0
03731,BI060124,Biskrem Cacao 110g - ULKER,24.0
03731,BI070124,BISKREM CACAO 85g - ULKER,24.0
03731,BI080124,BISKREM DUO 85g - ULKER,24.0
03731,BL030136,Blister Mentos Gum White Sweet Mint 17g P12x12,1.0
03731,BL040136,Blister Mentos Gum White Tutti Frutti 17g P12x12,1.0
03731,CC060106,Sachet Chupa-Chups The Best Of P120x6,1.0
03731,FA030112,Mentos Fresh Action Stick Cherry Mint 10px24x12,1.0
03731,FR010301,Coff. de 24 Rochers Chocolat FERRERO,4.0
03731,GB020130,Bonbon Gold-Bears 80gx30 - HARIBO,6.0
03731,JA010106,Mini Mentos Jar Fruit Mix 1Kg P100x6,1.0
03731,KC010130,YAOURT AROME FRUITS DES BOIS,1.0
03731,KC010240,BIFI NATURE 0%,1.0
03731,KC010336,YAOURT AROME NATURE,1.0
03731,KK010106,KAT KAT TAT Noisette 24g (24x6),1.0
03731,KK010112,KAT KAT TAT Chocolat 26g (24x12),1.0
03731,LG010120,Gaufrette Golden Chocolat 140 gr- Lingot (20 pcs),20.0
03731,MD010112,"Mentos Gum 3D Fresh Mint 8,5g P5x15",1.0
03731,MD020112,"Mentos Gum 3D S-A-R 8,5g P5x15",1.0
03731,MD030112,"Mentos Gum 3D Watermelon 8,5g P5x15",1.0
03731,MF011212,MILLE-FEUILLE Fraise 24g ( 12X12 ),1.0
03731,MW010112,"Boite Mentos Gum White Sweet Mint 53,2g P38x6",1.0
03731,MW020112,"Boite Mentos Gum White Tutti Frutti 53,2g P38x6",1.0
03731,NP010604,Nutella B-Ready T1x36x4,1.0
03731,NP060716,Nutella B-Ready T6x16,6.0
03731,RO010112,Bonbon Roulette 25g - HARIBO,1.0
03731,ST010208,Mix Sripe Assortiment 24x8x25g HARIBO,1.0
03731,TB010112,Boite Bonbon Menthe T12x24 TIC TAC,1.0
03737,0005,Compote pomme fraise,1.0
03737,AL010124,VIT'UP 170GR COLA CITRON,1.0
03737,AL020112,BEURRE COND 100 gr,1.0
03737,BB012020,CH CH Bigbabol Stick Tutti Frutti 5p x 20 x 20,1.0
03737,BB022020,CH CH Bigbabol Stick Strawberry 5p x 20 x 20,1.0
03737,BE010112,Biskrem Extra 92g - ULKER,12.0
03737,BI060124,Biskrem Cacao 110g - ULKER,72.0
03737,BL040136,Blister Mentos Gum White Tutti Frutti 17g P12x12,1.25
03737,CC060106,Sachet Chupa-Chups The Best Of P120x6,1.0
03737,CC070106,CH CH Melody Strawberry 48x6,1.0
03737,CH010124,Bonbon Chamallows Pink & White 70g HARIBO,6.0
03737,FA030112,Mentos Fresh Action Stick Cherry Mint 10px24x12,1.0
03737,FR010116,Trio de Rochers Chocolat FERRERO,2.0
03737,FR010120,Bonbon Fruit-tella Stick  Strawberry 10px20x12,1.5
03737,FR010220,Bonbon Fruit-tella Stick Orange 10px20x12,1.0
03737,JA010106,Mini Mentos Jar Fruit Mix 1Kg P100x6,1.0
03737,KC010120,YAOURT AROME CITRON,1.0
03737,KC010130,YAOURT AROME FRUITS DES BOIS,2.8
03737,KC010210,YAOURT AROME NOIX DE COCO,1.0
03737,KC010240,BIFI NATURE 0%,1.0
03737,KC010336,YAOURT AROME NATURE,1.0
03737,KC020130,Barre de Chocolat Biscuit noisette BUENO WHITE,1.0
03737,KH010128,Kinder Happy Hippo Cocoa T1x28x6,1.0
03737,KK010106,KAT KAT TAT Noisette 24g (24x6),1.0
03737,KK010112,KAT KAT TAT Chocolat 26g (24x12),1.0
03737,KS010116,Kinder Joy T1x16 Limited Edition,1.0
03737,KS020116,Kinder Joy T1x16 Boy,1.0
03737,KS020216,Kinder Joy T1x16 Girl,1.0
03737,KS030216,Kinder Joy T1x16 Girl Collection 2,1.0
03737,MD020112,"Mentos Gum 3D S-A-R 8,5g P5x15",1.0
03737,MD030112,"Mentos Gum 3D Watermelon 8,5g P5x15",1.0
03737,MR070108,Mentos Rolls Sour Mix 39.2g P14x20,1.0
03737,MW010112,"Boite Mentos Gum White Sweet Mint 53,2g P38x6",1.0
03737,NP010406,Pôt Pâte à tartiner de 600g NUTELLA OCCASION,6.0
03737,NP010407,Pôt Pâte à tartiner de 350g NUTELLA OCCASION,11.666666666666666
03737,NP010604,Nutella B-Ready T1x36x4,4.0
03737,NP060716,Nutella B-Ready T6x16,16.0
03737,PF020106,Boite Mentos Gum PF Fresh Mint 56g P28x6,1.3333333333333333
03737,PF030106,Boite Mentos Gum PF Wintergreen 56g P28x6,1.3333333333333333
03737,RO010112,Bonbon Roulette 25g - HARIBO,1.1428571428571428
03737,RR010116,Trio de Rochers Noix Coco RAFAELLO,1.3333333333333333
03737,ST010208,Mix Sripe Assortiment 24x8x25g HARIBO,2.0
03737,TB010112,Boite Bonbon Menthe T12x24 TIC TAC,2.0
03737,TB050112,Boite Bonbon Strawberry mix T12x24 TIC TAC,1.0
03737,WO020124,Bonbon Worms 80g HARIBO,3.0
03737,WO030124,Bonbon Fizz Worms 70g HARIBO,12.0
03738,MW020112,"Boite Mentos Gum White Tutti Frutti 53,2g P38x6",4.0
03741,AL010124,VIT'UP 170GR COLA CITRON,1.0
03741,BI030124,Biskrem DUO 110g - ULKER,24.0
03741,BI060124,Biskrem Cacao 110g - ULKER,24.0
03741,BI080124,BISKREM DUO 85g - ULKER,24.0
03741,BL030136,Blister Mentos Gum White Sweet Mint 17g P12x12,1.0
03741,BL040136,Blister Mentos Gum White Tutti Frutti 17g P12x12,1.0
03741,CC060106,Sachet Chupa-Chups The Best Of P120x6,1.25
03741,CC060112,CH CH XXL Strawberry 25Px29g,1.0
03741,CC070106,CH CH Melody Strawberry 48x6,1.0
03741,CC070124,Sachet Chupa Chups Mini 35Px24,1.0
03741,CH010124,Bonbon Chamallows Pink & White 70g HARIBO,9.0
03741,FA010118,Mentos Fresh Action Cup Menthol 280g P100x18,2.0
03741,FA020118,Mentos Fresh Action Cup Cherry Mint 280g P100x18,1.6666666666666667
03741,FR010201,Coff. 16 Rochers Chocolat FERRERO,3.0
03741,FR010501,Coffret de 24 Rochers Collection Chocolat FERRERO,4.0
03741,HC020130,Bonbon Happy Cola 80gx30 HARIBO,10.0
03741,KC010120,YAOURT AROME CITRON,1.0
03741,KC010130,YAOURT AROME FRUITS DES BOIS,2.0
03741,KC010240,BIFI NATURE 0%,2.0
03741,KC020130,Barre de Chocolat Biscuit noisette BUENO WHITE,1.0
03741,KD010114,Kinder Délice T10X14,1.0
03741,KK010106,KAT KAT TAT Noisette 24g (24x6),1.0
03741,KK010112,KAT KAT TAT Chocolat 26g (24x12),1.0
03741,KS010116,Kinder Joy T1x16 Limited Edition,1.0
03741,KS020116,Kinder Joy T1x16 Boy,1.0
03741,KS020216,Kinder Joy T1x16 Girl,1.0
03741,KS030216,Kinder Joy T1x16 Girl Collection 2,1.0
03741,LG010120,Gaufrette Golden Chocolat 140 gr- Lingot (20 pcs),20.0
03741,MD030112,"Mentos Gum 3D Watermelon 8,5g P5x15",1.0
03741,MI010124,Bonbon Mix Fizz 70g HARIBO,24.0
03741,MW020112,"Boite Mentos Gum White Tutti Frutti 53,2g P38x6",1.0
03741,NP010406,Pôt Pâte à tartiner de 600g NUTELLA OCCASION,1.0
03741,NP010501,Nutella & Go 52g,24.0
03741,NP010604,Nutella B-Ready T1x36x4,1.0
03741,NP01A301,Pate a Tartiner 350 g   10% NUTELLA,15.0
03741,NP060716,Nutella B-Ready T6x16,4.8
03741,PH020224,Bonbon Phantasia 80g HARIBO,6.0
03741,RO010112,Bonbon Roulette 25g - HARIBO,1.0
03741,RR010116,Trio de Rochers Noix Coco RAFAELLO,1.0
03741,RR010201,Coff. 15 Rochers Noix Coco RAFAELLO,6.0
03741,ST010208,Mix Sripe Assortiment 24x8x25g HARIBO,1.0
03741,TB070148,Tic Tac Mix T48x8 ARBRE,1.0
03750,0005,Compote pomme fraise,1.0
03750,12201937,"KIT KAT 2 Fingers 16x(36x20,5g)",1.0
03750,AL010124,VIT'UP 170GR COLA CITRON,1.0
03750,AL020112,BEURRE COND 100 gr,1.0
03750,BE010112,Biskrem Extra 92g - ULKER,12.0
03750,BE010124,Bonbon Berries 80g HARIBO,24.0
03750,BI030124,Biskrem DUO 110g - ULKER,48.0
03750,BI060124,Biskrem Cacao 110g - ULKER,24.0
03750,BL040136,Blister Mentos Gum White Tutti Frutti 17g P12x12,1.0
03750,CC060106,Sachet Chupa-Chups The Best Of P120x6,1.0
03750,CC060112,CH CH XXL Strawberry 25Px29g,1.0
03750,CH020424,Bonbon Chamallows Party 70g HARIBO,3.6666666666666665
03750,DC010224,YAOURT BRASSE VANILLE,1.0
03750,FA020118,Mentos Fresh Action Cup Cherry Mint 280g P100x18,1.0
03750,FF030112,Big Babol Filifolly Watermelon 11g x 12 Sachets,1.0
03750,FR010116,Trio de Rochers Chocolat FERRERO,2.0
03750,GB020130,Bonbon Gold-Bears 80gx30 - HARIBO,6.0
03750,HC020130,Bonbon Happy Cola 80gx30 HARIBO,4.0
03750,HC030124,Bonbon Happy Cherries 80g HARIBO,6.0
03750,HC030324,Bonbon Happy Cola Fizz 70g HARIBO,16.0
03750,JA010106,Mini Mentos Jar Fruit Mix 1Kg P100x6,1.0
03750,KC010120,YAOURT AROME CITRON,1.0
03750,KC010130,YAOURT AROME FRUITS DES BOIS,1.0
03750,KC010210,YAOURT AROME NOIX DE COCO,1.0
03750,KC010240,BIFI NATURE 0%,1.0
03750,KC010336,YAOURT AROME NATURE,1.0
03750,KC010506,Kinder Creamy T1x24x6,1.0
03750,KC020130,Barre de Chocolat Biscuit noisette BUENO WHITE,1.0
03750,KD010114,Kinder Délice T10X14,1.0
03750,KH010128,Kinder Happy Hippo Cocoa T1x28x6,1.0
03750,KH020110,Kinder Happy Hippo Cocoa T5x10,1.0
03750,KK010112,KAT KAT TAT Chocolat 26g (24x12),1.5
03750,KS020116,Kinder Joy T1x16 Boy,1.0
03750,KS020216,Kinder Joy T1x16 Girl,1.0
03750,LT030124,Gaufrette enrobée choco 30G Triple saveur (24x4),1.0
03750,MD020112,"Mentos Gum 3D S-A-R 8,5g P5x15",1.0
03750,MF011212,MILLE-FEUILLE Fraise 24g ( 12X12 ),1.0
03750,MI010124,Bonbon Mix Fizz 70g HARIBO,6.0
03750,MR020108,"Mentos Rolls Strawberry 39,2g P14x20",1.0
03750,NP010501,Nutella & Go 52g,2.0
03750,NP060716,Nutella B-Ready T6x16,2.0
03750,PH020224,Bonbon Phantasia 80g HARIBO,3.0
03750,RO010112,Bonbon Roulette 25g - HARIBO,1.0
03750,TB030112,Boite Bonbon Spearmint T12x24 TIC TAC,1.0
03750,TB070148,Tic Tac Mix T48x8 ARBRE,1.0
03750,WO030124,Bonbon Fizz Worms 70g HARIBO,3.0
03751,KC010120,YAOURT AROME CITRON,1.0
03751,NP010501,Nutella & Go 52g,24.0
03751,ST010208,Mix Sripe Assortiment 24x8x25g HARIBO,1.0
03753,BI050124,Biskrem Cacao 60g - ULKER,24.0
03753,KC010120,YAOURT AROME CITRON,1.0
03753,KC010130,YAOURT AROME FRUITS DES BOIS,1.0
03753,KC010336,YAOURT AROME NATURE,1.0
03753,KC010506,Kinder Creamy T1x24x6,1.0
03753,KS020116,Kinder Joy T1x16 Boy,1.0
03753,MI010124,Bonbon Mix Fizz 70g HARIBO,24.0
03753,NP010306,Pôt Pâte à tartiner de 600g NUTELLA,6.0
03754,AL010124,VIT'UP 170GR COLA CITRON,1.0
03754,BI080124,BISKREM DUO 85g - ULKER,24.0
03754,CH010124,Bonbon Chamallows Pink & White 70g HARIBO,6.0
03754,DC010224,YAOURT BRASSE VANILLE,1.0
03754,FA030112,Mentos Fresh Action Stick Cherry Mint 10px24x12,1.0
03754,MI010124,Bonbon Mix Fizz 70g HARIBO,24.0
03756,0005,Compote pomme fraise,1.0
03756,BI030124,Biskrem DUO 110g - ULKER,24.0
03756,BI050124,Biskrem Cacao 60g - ULKER,24.0
03756,BI060124,Biskrem Cacao 110g - ULKER,48.0
03756,CC060106,Sachet Chupa-Chups The Best Of P120x6,1.0
03756,CC080116,Chupa-Chups Surprise 16x6,1.0
03756,DC010224,YAOURT BRASSE VANILLE,1.0
03756,KC020130,Barre de Chocolat Biscuit noisette BUENO WHITE,1.0
03756,KH020110,Kinder Happy Hippo Cocoa T5x10,1.0
03756,KS020116,Kinder Joy T1x16 Boy,1.0
03756,NP010501,Nutella & Go 52g,24.0
03758,CH020424,Bonbon Chamallows Party 70g HARIBO,6.0
03758,LG020424,Gaufrette Golden Chocolat Blanc & Kiwi 70g - LINGO,24.0
03759,FA030112,Mentos Fresh Action Stick Cherry Mint 10px24x12,1.0
03759,TB070148,Tic Tac Mix T48x8 ARBRE,1.0
03792,KK010106,KAT KAT TAT Noisette 24g (24x6),2.0
03792,KK010112,KAT KAT TAT Chocolat 26g (24x12),1.0
03793,BI060124,Biskrem Cacao 110g - ULKER,24.0
03793,FA020118,Mentos Fresh Action Cup Cherry Mint 280g P100x18,1.0
03809,0005,Compote pomme fraise,1.0
03809,AL010124,VIT'UP 170GR COLA CITRON,2.8
03809,AL020112,BEURRE COND 100 gr,1.0
03809,BB012020,CH CH Bigbabol Stick Tutti Frutti 5p x 20 x 20,2.5
03809,BB022020,CH CH Bigbabol Stick Strawberry 5p x 20 x 20,3.0
03809,BE010112,Biskrem Extra 92g - ULKER,12.0
03809,BE010124,Bonbon Berries 80g HARIBO,20.4
03809,BI030112,BISKREM DUO 85g - ULKER,18.0
03809,BI030124,Biskrem DUO 110g - ULKER,37.714285714285715
03809,BI050124,Biskrem Cacao 60g - ULKER,30.857142857142858
03809,BI060124,Biskrem Cacao 110g - ULKER,43.63636363636363
03809,BI070124,BISKREM CACAO 85g - ULKER,42.0
03809,BI080124,BISKREM DUO 85g - ULKER,32.0
03809,BL030136,Blister Mentos Gum White Sweet Mint 17g P12x12,1.0
03809,BL040136,Blister Mentos Gum White Tutti Frutti 17g P12x12,1.3333333333333333
03809,CC060106,Sachet Chupa-Chups The Best Of P120x6,1.5555555555555556
03809,CC060107,Présentoir Chupa-Chups Wheels P120x1,1.0
03809,CC060108,Présentoir Chupa-Chups Half Wheels P60x1,1.0
03809,CC060112,CH CH XXL Strawberry 25Px29g,2.0
03809,CC070106,CH CH Melody Strawberry 48x6,1.5
03809,CC080116,Chupa-Chups Surprise 16x6,1.5
03809,CH010124,Bonbon Chamallows Pink & White 70g HARIBO,60.2
03809,CH020424,Bonbon Chamallows Party 70g HARIBO,52.0
03809,DC010224,YAOURT BRASSE VANILLE,1.0
03809,FA010118,Mentos Fresh Action Cup Menthol 280g P100x18,1.25
03809,FA020118,Mentos Fresh Action Cup Cherry Mint 280g P100x18,1.3333333333333333
03809,FA030112,Mentos Fresh Action Stick Cherry Mint 10px24x12,1.0
03809,FF010112,Big Babol Filifolly Strawberry 11g x 12 Sachets,1.6
03809,FF020112,Big Babol Filifolly Fruit 11g x 12 Sachets,1.75
03809,FF030112,Big Babol Filifolly Watermelon 11g x 12 Sachets,1.5
03809,FR010116,Trio de Rochers Chocolat FERRERO,1.5555555555555556
03809,FR010120,Bonbon Fruit-tella Stick  Strawberry 10px20x12,2.0
03809,FR010201,Coff. 16 Rochers Chocolat FERRERO,10.0
03809,FR010220,Bonbon Fruit-tella Stick Orange 10px20x12,1.6666666666666667
03809,FR010301,Coff. de 24 Rochers Chocolat FERRERO,4.0
03809,FR010401,Coff. de 30 Rochers Chocolat FERRERO,5.0
03809,FR010501,Coffret de 24 Rochers Collection Chocolat FERRERO,4.0
03809,GB020130,Bonbon Gold-Bears 80gx30 - HARIBO,30.0
03809,HC020130,Bonbon Happy Cola 80gx30 HARIBO,24.333333333333332
03809,HC030124,Bonbon Happy Cherries 80g HARIBO,24.0
03809,HC030324,Bonbon Happy Cola Fizz 70g HARIBO,23.142857142857142
03809,JA010106,Mini Mentos Jar Fruit Mix 1Kg P100x6,1.0
03809,KC010120,YAOURT AROME CITRON,1.5
03809,KC010130,YAOURT AROME FRUITS DES BOIS,1.3846153846153846
03809,KC010240,BIFI NATURE 0%,1.0
03809,KC010336,YAOURT AROME NATURE,2.0
03809,KC020130,Barre de Chocolat Biscuit noisette BUENO WHITE,1.5555555555555556
03809,KD010114,Kinder Délice T10X14,12.333333333333334
03809,KH010128,Kinder Happy Hippo Cocoa T1x28x6,2.0
03809,KH020110,Kinder Happy Hippo Cocoa T5x10,2.25
03809,KK010112,KAT KAT TAT Chocolat 26g (24x12),1.5
03809,KS010116,Kinder Joy T1x16 Limited Edition,3.0
03809,KS020116,Kinder Joy T1x16 Boy,1.5
03809,KS020216,Kinder Joy T1x16 Girl,1.3333333333333333
03809,KS030116,Kinder Joy T1x16 Boy Collection 2,1.0
03809,KS030216,Kinder Joy T1x16 Girl Collection 2,1.0
03809,LI010124,Gaufrette gout Chocolat 70g - LINGOT(colisage 24),27.0
03809,LI020124,Gaufrette gout Lait 70g - LINGOT (colisage 24),24.0
03809,LI040124,Gaufrette gout Noisette 70g - LINGOT (colisage 24),24.0
03809,LT010124,Gaufrette enrobée choco 30G Riz Soufflé (24x4),1.0
03809,LT020124,Gaufrette enrobée choco 30G Cacahueté (24x4),1.0
03809,MD010112,"Mentos Gum 3D Fresh Mint 8,5g P5x15",1.0
03809,MD020112,"Mentos Gum 3D S-A-R 8,5g P5x15",1.0
03809,MD030112,"Mentos Gum 3D Watermelon 8,5g P5x15",1.0
03809,MG010116,Mentos Gum Rolls Pure Fresh 1.75g P9x16,1.0
03809,MI010124,Bonbon Mix Fizz 70g HARIBO,20.333333333333332
03809,MR010108,"Mentos Rolls Menthe 39,2g P14x20",1.0
03809,MR020108,"Mentos Rolls Strawberry 39,2g P14x20",1.0
03809,MR030108,"Mentos Rolls Rainbow 39,2g P14x20",1.5
03809,MR040108,"Mentos Rolls Tutti Frutti 39,2 g P14x20",1.0
03809,MR050108,"Mentos Rolls Fruit 39,2g P14x20",1.0
03809,MW010112,"Boite Mentos Gum White Sweet Mint 53,2g P38x6",1.0
03809,MW020112,"Boite Mentos Gum White Tutti Frutti 53,2g P38x6",1.0
03809,NP010301,Pate a Tartiner de 350 grs NUTELLA,15.0
03809,NP010406,Pôt Pâte à tartiner de 600g NUTELLA OCCASION,6.0
03809,NP010501,Nutella & Go 52g,24.0
03809,NP010604,Nutella B-Ready T1x36x4,2.0
03809,NP01A301,Pate a Tartiner 350 g   10% NUTELLA,15.0
03809,NP060716,Nutella B-Ready T6x16,26.666666666666668
03809,PH020224,Bonbon Phantasia 80g HARIBO,24.0
03809,PV010124,Bonbon Primavera 80g HARIBO,26.0
03809,RA020124,Canette Float Peche 240 ML - RANI,24.0
03809,RO010112,Bonbon Roulette 25g - HARIBO,4.833333333333333
03809,RR010116,Trio de Rochers Noix Coco RAFAELLO,1.3333333333333333
03809,SM010224,Bonbon Starmix 80g HARIBO,18.5
03809,TB010112,Boite Bonbon Menthe T12x24 TIC TAC,1.75
03809,TB020112,Boite Bonbon Orange T12x24 TIC TAC,1.7142857142857142
03809,TB030112,Boite Bonbon Spearmint T12x24 TIC TAC,1.0
03809,TB070148,Tic Tac Mix T48x8 ARBRE,1.0
03809,WO030124,Bonbon Fizz Worms 70g HARIBO,27.0
03811,BB022020,CH CH Bigbabol Stick Strawberry 5p x 20 x 20,1.0
03811,BI030112,BISKREM DUO 85g - ULKER,18.0
03811,BI030124,Biskrem DUO 110g - ULKER,24.0
03811,BI050124,Biskrem Cacao 60g - ULKER,24.0
03811,BI060124,Biskrem Cacao 110g - ULKER,24.0
03811,CH010124,Bonbon Chamallows Pink & White 70g HARIBO,24.0
03811,KC010130,YAOURT AROME FRUITS DES BOIS,1.0
03811,LT030124,Gaufrette enrobée choco 30G Triple saveur (24x4),1.0
03811,NP010604,Nutella B-Ready T1x36x4,1.0
03811,RA040124,Canette Float Ananas 240 ML - RANI,24.0
03811,RO010112,Bonbon Roulette 25g - HARIBO,1.0
03815,FA010118,Mentos Fresh Action Cup Menthol 280g P100x18,1.0
03815,FA020118,Mentos Fresh Action Cup Cherry Mint 280g P100x18,1.0
03816,FF020112,Big Babol Filifolly Fruit 11g x 12 Sachets,1.0
03816,LI020124,Gaufrette gout Lait 70g - LINGOT (colisage 24),24.0
03816,LI040140,Gaufrette Goût Fraise 30g - LINGOT (Colisage 40),40.0
03816,NP010306,Pôt Pâte à tartiner de 600g NUTELLA,1.0
03816,TB020112,Boite Bonbon Orange T12x24 TIC TAC,1.0
03816,TB070148,Tic Tac Mix T48x8 ARBRE,1.0
03818,AL010124,VIT'UP 170GR COLA CITRON,1.0
03818,BI050124,Biskrem Cacao 60g - ULKER,24.0
03818,BI060124,Biskrem Cacao 110g - ULKER,24.0
03818,BI070124,BISKREM CACAO 85g - ULKER,24.0
03818,BI080124,BISKREM DUO 85g - ULKER,24.0
03818,FA010118,Mentos Fresh Action Cup Menthol 280g P100x18,1.0
03818,FA020118,Mentos Fresh Action Cup Cherry Mint 280g P100x18,1.0
03818,KC010120,YAOURT AROME CITRON,1.0
03818,RO010112,Bonbon Roulette 25g - HARIBO,1.0
03818,RR010116,Trio de Rochers Noix Coco RAFAELLO,1.0
03819,0005,Compote pomme fraise,1.0
03819,AL010124,VIT'UP 170GR COLA CITRON,1.0
03819,AL020112,BEURRE COND 100 gr,1.0
03819,BI030112,BISKREM DUO 85g - ULKER,12.0
03819,BI030124,Biskrem DUO 110g - ULKER,72.0
03819,BI050124,Biskrem Cacao 60g - ULKER,24.0
03819,BI060124,Biskrem Cacao 110g - ULKER,24.0
03819,BI070124,BISKREM CACAO 85g - ULKER,24.0
03819,BI080124,BISKREM DUO 85g - ULKER,24.0
03819,BL030136,Blister Mentos Gum White Sweet Mint 17g P12x12,1.0
03819,BL040136,Blister Mentos Gum White Tutti Frutti 17g P12x12,1.0
03819,FA010118,Mentos Fresh Action Cup Menthol 280g P100x18,1.25
03819,FA020118,Mentos Fresh Action Cup Cherry Mint 280g P100x18,1.0
03819,KC010120,YAOURT AROME CITRON,1.0
03819,KC010130,YAOURT AROME FRUITS DES BOIS,1.0
03819,KC020130,Barre de Chocolat Biscuit noisette BUENO WHITE,1.0
03819,KD010114,Kinder Délice T10X14,2.0
03819,LI040124,Gaufrette gout Noisette 70g - LINGOT (colisage 24),24.0
03819,MR010108,"Mentos Rolls Menthe 39,2g P14x20",1.0
03819,RO010112,Bonbon Roulette 25g - HARIBO,1.0
03819,TB070148,Tic Tac Mix T48x8 ARBRE,1.0
04028,CC060106,Sachet Chupa-Chups The Best Of P120x6,1.0
04028,CC070106,CH CH Melody Strawberry 48x6,1.0
04028,DC010224,YAOURT BRASSE VANILLE,1.0
04028,FA030112,Mentos Fresh Action Stick Cherry Mint 10px24x12,1.0
04028,FR010116,Trio de Rochers Chocolat FERRERO,1.0
04028,KC010120,YAOURT AROME CITRON,1.0
04028,KC010130,YAOURT AROME FRUITS DES BOIS,1.0
04028,KC020130,Barre de Chocolat Biscuit noisette BUENO WHITE,1.0
04028,KH010128,Kinder Happy Hippo Cocoa T1x28x6,1.0
04028,KS020116,Kinder Joy T1x16 Boy,1.0
04028,KS020216,Kinder Joy T1x16 Girl,1.0
04028,KS030116,Kinder Joy T1x16 Boy Collection 2,1.0
04028,KS030216,Kinder Joy T1x16 Girl Collection 2,1.0
04028,MI010124,Bonbon Mix Fizz 70g HARIBO,24.0
04028,TB070148,Tic Tac Mix T48x8 ARBRE,1.0
04203,BE010112,Biskrem Extra 92g - ULKER,12.0
04204,FR010116,Trio de Rochers Chocolat FERRERO,1.0
04204,MR020108,"Mentos Rolls Strawberry 39,2g P14x20",1.0
04204,MR040108,"Mentos Rolls Tutti Frutti 39,2 g P14x20",1.0
04204,MR050108,"Mentos Rolls Fruit 39,2g P14x20",2.0
04204,NP01A301,Pate a Tartiner 350 g   10% NUTELLA,1.0
04204,NP060716,Nutella B-Ready T6x16,16.0
04204,TB070148,Tic Tac Mix T48x8 ARBRE,1.0
04208,AL010124,VIT'UP 170GR COLA CITRON,1.0
04209,BI030112,BISKREM DUO 85g - ULKER,12.0
04209,BI030124,Biskrem DUO 110g - ULKER,24.0
04209,BI060124,Biskrem Cacao 110g - ULKER,24.0
04209,CC070124,Sachet Chupa Chups Mini 35Px24,1.0
04209,KS020116,Kinder Joy T1x16 Boy,1.0
04209,KS020216,Kinder Joy T1x16 Girl,1.0
04209,TE020124,Bonbon Teeth 80g HARIBO,4.0
04210,BI060124,Biskrem Cacao 110g - ULKER,24.0
04210,CC060106,Sachet Chupa-Chups The Best Of P120x6,1.0
04210,FF020112,Big Babol Filifolly Fruit 11g x 12 Sachets,1.0
04210,FF030112,Big Babol Filifolly Watermelon 11g x 12 Sachets,1.0
04210,JA010106,Mini Mentos Jar Fruit Mix 1Kg P100x6,1.0
04210,KC010240,BIFI NATURE 0%,1.0
04210,KK010106,KAT KAT TAT Noisette 24g (24x6),1.0
04210,KK010112,KAT KAT TAT Chocolat 26g (24x12),1.0
04210,MD010112,"Mentos Gum 3D Fresh Mint 8,5g P5x15",1.0
04210,MF011212,MILLE-FEUILLE Fraise 24g ( 12X12 ),1.0
04211,JA010106,Mini Mentos Jar Fruit Mix 1Kg P100x6,1.0
04211,MR010108,"Mentos Rolls Menthe 39,2g P14x20",1.0
04211,MR020108,"Mentos Rolls Strawberry 39,2g P14x20",1.0
04211,MR040108,"Mentos Rolls Tutti Frutti 39,2 g P14x20",1.0
04211,TB010112,Boite Bonbon Menthe T12x24 TIC TAC,1.0
04211,TB030112,Boite Bonbon Spearmint T12x24 TIC TAC,1.0
04211,TB050112,Boite Bonbon Strawberry mix T12x24 TIC TAC,1.0
04212,BL030136,Blister Mentos Gum White Sweet Mint 17g P12x12,1.0
04212,BL040136,Blister Mentos Gum White Tutti Frutti 17g P12x12,1.0
04212,CC060112,CH CH XXL Strawberry 25Px29g,1.0
04212,CC070106,CH CH Melody Strawberry 48x6,1.0
04212,CC080116,Chupa-Chups Surprise 16x6,1.0
04212,CH010124,Bonbon Chamallows Pink & White 70g HARIBO,12.0
04212,CH020424,Bonbon Chamallows Party 70g HARIBO,24.0
04212,HC030124,Bonbon Happy Cherries 80g HARIBO,4.5
04212,MW010112,"Boite Mentos Gum White Sweet Mint 53,2g P38x6",1.0
04212,RR010201,Coff. 15 Rochers Noix Coco RAFAELLO,2.0
04212,SQ010124,Bonbon Squishy 80g HARIBO,6.0
04214,KS020116,Kinder Joy T1x16 Boy,1.0
04214,LT010124,Gaufrette enrobée choco 30G Riz Soufflé (24x4),1.0
04214,LT020124,Gaufrette enrobée choco 30G Cacahueté (24x4),1.0
04218,BB012020,CH CH Bigbabol Stick Tutti Frutti 5p x 20 x 20,1.0
04218,BB022020,CH CH Bigbabol Stick Strawberry 5p x 20 x 20,1.0
04218,BL030136,Blister Mentos Gum White Sweet Mint 17g P12x12,1.0
04218,BL040136,Blister Mentos Gum White Tutti Frutti 17g P12x12,1.0
04218,HC030124,Bonbon Happy Cherries 80g HARIBO,4.0
04218,KS020116,Kinder Joy T1x16 Boy,1.0
04218,KS020216,Kinder Joy T1x16 Girl,1.0
04218,MR010108,"Mentos Rolls Menthe 39,2g P14x20",1.0
04218,MR020108,"Mentos Rolls Strawberry 39,2g P14x20",1.0
04218,MW020112,"Boite Mentos Gum White Tutti Frutti 53,2g P38x6",1.0
04222,BB012020,CH CH Bigbabol Stick Tutti Frutti 5p x 20 x 20,3.0
04222,BB022020,CH CH Bigbabol Stick Strawberry 5p x 20 x 20,3.0
04222,KC010130,YAOURT AROME FRUITS DES BOIS,1.0
04222,LG020224,Gaufrette Golden Chocolat Blanc & Framboise 70g -L,24.0
04222,NP010306,Pôt Pâte à tartiner de 600g NUTELLA,2.0
04223,MR020108,"Mentos Rolls Strawberry 39,2g P14x20",1.0
04224,AL010124,VIT'UP 170GR COLA CITRON,1.0
04224,BE010112,Biskrem Extra 92g - ULKER,12.0
04224,BI020124,Biskrem DUO 60g - ULKER,24.0
04224,BL030136,Blister Mentos Gum White Sweet Mint 17g P12x12,1.0
04224,CC060112,CH CH XXL Strawberry 25Px29g,1.0
04224,CH010124,Bonbon Chamallows Pink & White 70g HARIBO,12.0
04224,DC010224,YAOURT BRASSE VANILLE,1.0
04224,FR010116,Trio de Rochers Chocolat FERRERO,1.0
04224,KC010120,YAOURT AROME CITRON,1.0
04224,KC010130,YAOURT AROME FRUITS DES BOIS,1.0
04224,KC010506,Kinder Creamy T1x24x6,1.0
04224,KD010114,Kinder Délice T10X14,1.0
04224,KH020110,Kinder Happy Hippo Cocoa T5x10,1.0
04224,KS020216,Kinder Joy T1x16 Girl,1.0
04224,RO010112,Bonbon Roulette 25g - HARIBO,1.0
04224,SM010224,Bonbon Starmix 80g HARIBO,4.0
04225,CC060106,Sachet Chupa-Chups The Best Of P120x6,1.0
04225,FF010112,Big Babol Filifolly Strawberry 11g x 12 Sachets,1.0
04225,FF020112,Big Babol Filifolly Fruit 11g x 12 Sachets,1.0
04225,FF030112,Big Babol Filifolly Watermelon 11g x 12 Sachets,1.0
04225,NP010501,Nutella & Go 52g,2.0
04257,BI070124,BISKREM CACAO 85g - ULKER,24.0
04257,CC060106,Sachet Chupa-Chups The Best Of P120x6,1.0
04257,FA020118,Mentos Fresh Action Cup Cherry Mint 280g P100x18,1.0
04257,FR010116,Trio de Rochers Chocolat FERRERO,1.0
04257,KC010120,YAOURT AROME CITRON,1.0
04257,KC010130,YAOURT AROME FRUITS DES BOIS,1.0
04257,NP010604,Nutella B-Ready T1x36x4,1.0
04257,RO010112,Bonbon Roulette 25g - HARIBO,1.0
04257,TB070148,Tic Tac Mix T48x8 ARBRE,1.0
04259,0005,Compote pomme fraise,1.0
04259,AL010124,VIT'UP 170GR COLA CITRON,2.0
04259,AL020112,BEURRE COND 100 gr,1.0
04259,BB012020,CH CH Bigbabol Stick Tutti Frutti 5p x 20 x 20,1.0
04259,BB022020,CH CH Bigbabol Stick Strawberry 5p x 20 x 20,1.0
04259,BI030124,Biskrem DUO 110g - ULKER,24.0
04259,BI050124,Biskrem Cacao 60g - ULKER,24.0
04259,BI060124,Biskrem Cacao 110g - ULKER,48.0
04259,BI070124,BISKREM CACAO 85g - ULKER,24.0
04259,BI080124,BISKREM DUO 85g - ULKER,24.0
04259,BL030136,Blister Mentos Gum White Sweet Mint 17g P12x12,1.0
04259,BL040136,Blister Mentos Gum White Tutti Frutti 17g P12x12,1.0
04259,CC060106,Sachet Chupa-Chups The Best Of P120x6,1.0
04259,CH010124,Bonbon Chamallows Pink & White 70g HARIBO,12.0
04259,JA010106,Mini Mentos Jar Fruit Mix 1Kg P100x6,1.0
04259,KC010120,YAOURT AROME CITRON,1.0
04259,KC010210,YAOURT AROME NOIX DE COCO,1.0
04259,KC020130,Barre de Chocolat Biscuit noisette BUENO WHITE,1.0
04259,KD010114,Kinder Délice T10X14,1.0
04259,KS020216,Kinder Joy T1x16 Girl,1.0
04259,LI040124,Gaufrette gout Noisette 70g - LINGOT (colisage 24),24.0
04259,LT020124,Gaufrette enrobée choco 30G Cacahueté (24x4),1.0
04259,LT030124,Gaufrette enrobée choco 30G Triple saveur (24x4),1.0
04259,NP010604,Nutella B-Ready T1x36x4,1.0
04259,RA020124,Canette Float Peche 240 ML - RANI,24.0
04259,RO010112,Bonbon Roulette 25g - HARIBO,1.0
04259,TB010112,Boite Bonbon Menthe T12x24 TIC TAC,1.0
04259,TB020112,Boite Bonbon Orange T12x24 TIC TAC,1.5
04261,MR010108,"Mentos Rolls Menthe 39,2g P14x20",1.0
04262,0005,Compote pomme fraise,1.0
04262,AL020112,BEURRE COND 100 gr,1.0
04262,BI030124,Biskrem DUO 110g - ULKER,36.0
04262,BI050124,Biskrem Cacao 60g - ULKER,24.0
04262,BI060124,Biskrem Cacao 110g - ULKER,24.0
04262,KC010120,YAOURT AROME CITRON,1.0
04262,KC010130,YAOURT AROME FRUITS DES BOIS,1.0
04262,KD010114,Kinder Délice T10X14,7.0
04262,KK010112,KAT KAT TAT Chocolat 26g (24x12),1.0
04262,LT020124,Gaufrette enrobée choco 30G Cacahueté (24x4),1.0
04262,LT030124,Gaufrette enrobée choco 30G Triple saveur (24x4),1.0
04262,RO010112,Bonbon Roulette 25g - HARIBO,1.0
04264,AL020112,BEURRE COND 100 gr,1.0
04264,BI030124,Biskrem DUO 110g - ULKER,24.0
04264,BI050124,Biskrem Cacao 60g - ULKER,24.0
04264,BI060124,Biskrem Cacao 110g - ULKER,24.0
04264,CC060106,Sachet Chupa-Chups The Best Of P120x6,1.0
04264,CC070106,CH CH Melody Strawberry 48x6,1.0
04264,CH010124,Bonbon Chamallows Pink & White 70g HARIBO,15.0
04264,CH020424,Bonbon Chamallows Party 70g HARIBO,8.0
04264,FA010118,Mentos Fresh Action Cup Menthol 280g P100x18,1.0
04264,FA020118,Mentos Fresh Action Cup Cherry Mint 280g P100x18,1.0
04264,FF010112,Big Babol Filifolly Strawberry 11g x 12 Sachets,1.0
04264,KC020130,Barre de Chocolat Biscuit noisette BUENO WHITE,1.0
04264,KD010114,Kinder Délice T10X14,2.0
04264,KK010112,KAT KAT TAT Chocolat 26g (24x12),1.0
04264,KS020216,Kinder Joy T1x16 Girl,1.0
04264,LG020224,Gaufrette Golden Chocolat Blanc & Framboise 70g -L,24.0
04264,LI010124,Gaufrette gout Chocolat 70g - LINGOT(colisage 24),24.0
04264,LT020124,Gaufrette enrobée choco 30G Cacahueté (24x4),1.0
04264,LT030124,Gaufrette enrobée choco 30G Triple saveur (24x4),1.0
04264,MD020112,"Mentos Gum 3D S-A-R 8,5g P5x15",1.0
04264,MG010116,Mentos Gum Rolls Pure Fresh 1.75g P9x16,2.0
04264,NP010407,Pôt Pâte à tartiner de 350g NUTELLA OCCASION,5.0
04264,NP060716,Nutella B-Ready T6x16,2.0
04264,RA030124,Canette Float Mangue 240 ML - RANI,24.0
04264,RO010112,Bonbon Roulette 25g - HARIBO,1.0
04264,TB010112,Boite Bonbon Menthe T12x24 TIC TAC,1.0
04268,BI070124,BISKREM CACAO 85g - ULKER,24.0
04268,LI010124,Gaufrette gout Chocolat 70g - LINGOT(colisage 24),24.0
04268,TB010112,Boite Bonbon Menthe T12x24 TIC TAC,1.0
04272,AL020112,BEURRE COND 100 gr,1.0
04272,BI030124,Biskrem DUO 110g - ULKER,24.0
04272,BI050124,Biskrem Cacao 60g - ULKER,24.0
04272,BI060124,Biskrem Cacao 110g - ULKER,24.0
04272,BI070124,BISKREM CACAO 85g - ULKER,24.0
04272,CC060106,Sachet Chupa-Chups The Best Of P120x6,1.0
04272,KC010130,YAOURT AROME FRUITS DES BOIS,1.0
04272,KK010112,KAT KAT TAT Chocolat 26g (24x12),1.0
04272,LT010124,Gaufrette enrobée choco 30G Riz Soufflé (24x4),1.0
04272,LT020124,Gaufrette enrobée choco 30G Cacahueté (24x4),1.0
04272,LT030124,Gaufrette enrobée choco 30G Triple saveur (24x4),1.5
04272,RA040124,Canette Float Ananas 240 ML - RANI,24.0
04272,RO010112,Bonbon Roulette 25g - HARIBO,1.0
04273,0005,Compote pomme fraise,1.0
04273,AL010124,VIT'UP 170GR COLA CITRON,1.0
04273,AL020112,BEURRE COND 100 gr,1.0
04273,BB012020,CH CH Bigbabol Stick Tutti Frutti 5p x 20 x 20,1.3333333333333333
04273,BB022020,CH CH Bigbabol Stick Strawberry 5p x 20 x 20,1.0
04273,BE010112,Biskrem Extra 92g - ULKER,15.0
04273,BI020124,Biskrem DUO 60g - ULKER,28.8
04273,BI030112,BISKREM DUO 85g - ULKER,24.0
04273,BI030124,Biskrem DUO 110g - ULKER,43.03448275862069
04273,BI050124,Biskrem Cacao 60g - ULKER,25.655172413793103
04273,BI060124,Biskrem Cacao 110g - ULKER,37.714285714285715
04273,BI070124,BISKREM CACAO 85g - ULKER,41.142857142857146
04273,BI080124,BISKREM DUO 85g - ULKER,33.6
04273,BL030136,Blister Mentos Gum White Sweet Mint 17g P12x12,1.25
04273,BL040136,Blister Mentos Gum White Tutti Frutti 17g P12x12,1.0
04273,CC060106,Sachet Chupa-Chups The Best Of P120x6,1.0
04273,CC060112,CH CH XXL Strawberry 25Px29g,1.0
04273,CC070106,CH CH Melody Strawberry 48x6,1.0
04273,CC070124,Sachet Chupa Chups Mini 35Px24,6.0
04273,CC080116,Chupa-Chups Surprise 16x6,1.0
04273,CH010124,Bonbon Chamallows Pink & White 70g HARIBO,10.0
04273,CH020424,Bonbon Chamallows Party 70g HARIBO,12.0
04273,FA010118,Mentos Fresh Action Cup Menthol 280g P100x18,2.5
04273,FA020118,Mentos Fresh Action Cup Cherry Mint 280g P100x18,1.0
04273,FA030112,Mentos Fresh Action Stick Cherry Mint 10px24x12,1.0
04273,FF010112,Big Babol Filifolly Strawberry 11g x 12 Sachets,1.0
04273,FF020112,Big Babol Filifolly Fruit 11g x 12 Sachets,1.0
04273,FF030112,Big Babol Filifolly Watermelon 11g x 12 Sachets,1.0
04273,FR010116,Trio de Rochers Chocolat FERRERO,1.0
04273,GB020130,Bonbon Gold-Bears 80gx30 - HARIBO,4.0
04273,HC020124,Bonbon Happy Cola 80g HARIBO,4.0
04273,HC030124,Bonbon Happy Cherries 80g HARIBO,4.0
04273,JA010106,Mini Mentos Jar Fruit Mix 1Kg P100x6,1.0
04273,KC010120,YAOURT AROME CITRON,1.0
04273,KC010130,YAOURT AROME FRUITS DES BOIS,1.5
04273,KC010210,YAOURT AROME NOIX DE COCO,1.0
04273,KC010240,BIFI NATURE 0%,1.0
04273,KC010336,YAOURT AROME NATURE,1.0
04273,KC020130,Barre de Chocolat Biscuit noisette BUENO WHITE,1.0
04273,KD010114,Kinder Délice T10X14,3.0
04273,KH010128,Kinder Happy Hippo Cocoa T1x28x6,1.0
04273,KK010112,KAT KAT TAT Chocolat 26g (24x12),1.3333333333333333
04273,KS020116,Kinder Joy T1x16 Boy,1.0
04273,KS030116,Kinder Joy T1x16 Boy Collection 2,1.0
04273,KS030216,Kinder Joy T1x16 Girl Collection 2,1.0
04273,LG020224,Gaufrette Golden Chocolat Blanc & Framboise 70g -L,24.0
04273,LG020324,Gaufrette Golden Wafers goût Chocolat 70g - LINGOT,24.0
04273,LI010124,Gaufrette gout Chocolat 70g - LINGOT(colisage 24),32.0
04273,LI020124,Gaufrette gout Lait 70g - LINGOT (colisage 24),24.0
04273,LI040124,Gaufrette gout Noisette 70g - LINGOT (colisage 24),24.0
04273,LT020124,Gaufrette enrobée choco 30G Cacahueté (24x4),1.0
04273,LT030124,Gaufrette enrobée choco 30G Triple saveur (24x4),1.0
04273,MD010112,"Mentos Gum 3D Fresh Mint 8,5g P5x15",1.0
04273,MD020112,"Mentos Gum 3D S-A-R 8,5g P5x15",1.0
04273,MD030112,"Mentos Gum 3D Watermelon 8,5g P5x15",1.0
04273,MG010116,Mentos Gum Rolls Pure Fresh 1.75g P9x16,1.0
04273,MW010112,"Boite Mentos Gum White Sweet Mint 53,2g P38x6",1.0
04273,MW020112,"Boite Mentos Gum White Tutti Frutti 53,2g P38x6",1.0
04273,NP010604,Nutella B-Ready T1x36x4,1.3
04273,NP060716,Nutella B-Ready T6x16,16.0
04273,RA020124,Canette Float Peche 240 ML - RANI,24.0
04273,RA030124,Canette Float Mangue 240 ML - RANI,24.0
04273,RO010112,Bonbon Roulette 25g - HARIBO,1.0
04273,SM010224,Bonbon Starmix 80g HARIBO,4.0
04273,TB010112,Boite Bonbon Menthe T12x24 TIC TAC,1.0
04273,TB020112,Boite Bonbon Orange T12x24 TIC TAC,1.0
04273,TB070148,Tic Tac Mix T48x8 ARBRE,1.0
04273,TS010224,Bonbon Twin Snakes  67g HARIBO,4.0
04274,RR010116,Trio de Rochers Noix Coco RAFAELLO,1.0
04275,BB022020,CH CH Bigbabol Stick Strawberry 5p x 20 x 20,1.0
04275,BI020124,Biskrem DUO 60g - ULKER,24.0
04275,BI060124,Biskrem Cacao 110g - ULKER,24.0
04275,KC010120,YAOURT AROME CITRON,1.0
04275,KC010130,YAOURT AROME FRUITS DES BOIS,1.0
04275,KC010336,YAOURT AROME NATURE,1.0
04275,KD010114,Kinder Délice T10X14,14.0
04275,KK010112,KAT KAT TAT Chocolat 26g (24x12),1.0
04275,KS030216,Kinder Joy T1x16 Girl Collection 2,1.0
04275,LI010124,Gaufrette gout Chocolat 70g - LINGOT(colisage 24),24.0
04275,LT010124,Gaufrette enrobée choco 30G Riz Soufflé (24x4),1.0
04275,LT020124,Gaufrette enrobée choco 30G Cacahueté (24x4),1.0
04275,LT030124,Gaufrette enrobée choco 30G Triple saveur (24x4),1.0
04275,MR010108,"Mentos Rolls Menthe 39,2g P14x20",1.0
04275,MR020108,"Mentos Rolls Strawberry 39,2g P14x20",1.0
04275,SQ010124,Bonbon Squishy 80g HARIBO,4.0
04275,TB070148,Tic Tac Mix T48x8 ARBRE,1.0
04354,BI010124,Biskrem DUO 40g - ULKER,24.0
04354,BI020124,Biskrem DUO 60g - ULKER,24.0
04354,BI030124,Biskrem DUO 110g - ULKER,24.0
04354,BI040124,Biskrem Cacao 40g - ULKER,24.0
04354,BI050124,Biskrem Cacao 60g - ULKER,24.0
04354,BI060124,Biskrem Cacao 110g - ULKER,24.0
04354,CC060106,Sachet Chupa-Chups The Best Of P120x6,1.0
04354,FF010112,Big Babol Filifolly Strawberry 11g x 12 Sachets,1.0
04354,FF020112,Big Babol Filifolly Fruit 11g x 12 Sachets,1.0
04354,JA010106,Mini Mentos Jar Fruit Mix 1Kg P100x6,2.0
04354,KC010120,YAOURT AROME CITRON,1.0
04354,KC010130,YAOURT AROME FRUITS DES BOIS,4.0
04354,KS020116,Kinder Joy T1x16 Boy,1.0
04354,KS020216,Kinder Joy T1x16 Girl,1.0
04354,KS030116,Kinder Joy T1x16 Boy Collection 2,1.0
04354,MR030108,"Mentos Rolls Rainbow 39,2g P14x20",5.0
04354,MW010112,"Boite Mentos Gum White Sweet Mint 53,2g P38x6",1.0
04354,MW020112,"Boite Mentos Gum White Tutti Frutti 53,2g P38x6",1.0
04354,PF010206,Boite Mentos Gum PF Fresh Mint 24g P12x10,1.0
04354,TB010112,Boite Bonbon Menthe T12x24 TIC TAC,6.0
04409,AL010124,VIT'UP 170GR COLA CITRON,1.25
04409,BB012020,CH CH Bigbabol Stick Tutti Frutti 5p x 20 x 20,1.2
04409,BB022020,CH CH Bigbabol Stick Strawberry 5p x 20 x 20,1.25
04409,BI030112,BISKREM DUO 85g - ULKER,20.0
04409,BI050124,Biskrem Cacao 60g - ULKER,24.0
04409,BI060124,Biskrem Cacao 110g - ULKER,24.0
04409,BI070124,BISKREM CACAO 85g - ULKER,24.0
04409,BI080124,BISKREM DUO 85g - ULKER,48.0
04409,BL030136,Blister Mentos Gum White Sweet Mint 17g P12x12,1.0
04409,BL040136,Blister Mentos Gum White Tutti Frutti 17g P12x12,1.0
04409,CC060106,Sachet Chupa-Chups The Best Of P120x6,1.0
04409,CC060112,CH CH XXL Strawberry 25Px29g,1.0
04409,CC070106,CH CH Melody Strawberry 48x6,1.0
04409,CC070124,Sachet Chupa Chups Mini 35Px24,1.0
04409,CH020424,Bonbon Chamallows Party 70g HARIBO,24.0
04409,FA010118,Mentos Fresh Action Cup Menthol 280g P100x18,1.0
04409,FA020118,Mentos Fresh Action Cup Cherry Mint 280g P100x18,1.0
04409,FR010116,Trio de Rochers Chocolat FERRERO,1.0
04409,FR010120,Bonbon Fruit-tella Stick  Strawberry 10px20x12,1.0
04409,FR010201,Coff. 16 Rochers Chocolat FERRERO,2.0
04409,FR010220,Bonbon Fruit-tella Stick Orange 10px20x12,1.0
04409,FR010501,Coffret de 24 Rochers Collection Chocolat FERRERO,1.0
04409,KC010120,YAOURT AROME CITRON,1.0
04409,KC010130,YAOURT AROME FRUITS DES BOIS,1.1428571428571428
04409,KC010240,BIFI NATURE 0%,1.0
04409,KC010336,YAOURT AROME NATURE,1.0
04409,KC020130,Barre de Chocolat Biscuit noisette BUENO WHITE,1.0
04409,KD010114,Kinder Délice T10X14,8.0
04409,KD020114,Kinder Délice T1X10X14 (Pièce),4.0
04409,KK010106,KAT KAT TAT Noisette 24g (24x6),1.0
04409,KK010112,KAT KAT TAT Chocolat 26g (24x12),1.0
04409,KS020116,Kinder Joy T1x16 Boy,1.0
04409,KS030116,Kinder Joy T1x16 Boy Collection 2,1.0
04409,KS030216,Kinder Joy T1x16 Girl Collection 2,1.0
04409,LG020124,Gaufrette Golden  Chocolat Blanc & Citron 70g,8.0
04409,LG020224,Gaufrette Golden Chocolat Blanc & Framboise 70g -L,8.0
04409,LG020324,Gaufrette Golden Wafers goût Chocolat 70g - LINGOT,8.0
04409,MD010112,"Mentos Gum 3D Fresh Mint 8,5g P5x15",1.5
04409,MD020112,"Mentos Gum 3D S-A-R 8,5g P5x15",1.5
04409,MD030112,"Mentos Gum 3D Watermelon 8,5g P5x15",1.0
04409,MG010116,Mentos Gum Rolls Pure Fresh 1.75g P9x16,1.3333333333333333
04409,MR010108,"Mentos Rolls Menthe 39,2g P14x20",1.0
04409,MR070108,Mentos Rolls Sour Mix 39.2g P14x20,1.0
04409,MW010112,"Boite Mentos Gum White Sweet Mint 53,2g P38x6",1.0
04409,MW020112,"Boite Mentos Gum White Tutti Frutti 53,2g P38x6",1.0
04409,NP010501,Nutella & Go 52g,24.0
04409,NP010604,Nutella B-Ready T1x36x4,1.0
04409,RA010124,Canette Float Orange 240 ML - RANI,18.0
04409,RA030124,Canette Float Mangue 240 ML - RANI,24.0
04409,RA040124,Canette Float Ananas 240 ML - RANI,20.0
04409,RA050124,Canette Float Cocktail 240 ML - RANI,13.0
04409,RA060124,Canette Float Fraise-Banane 240 ML - RANI,10.333333333333334
04409,RO010112,Bonbon Roulette 25g - HARIBO,1.0
04409,SM010224,Bonbon Starmix 80g HARIBO,5.0
04409,TB010112,Boite Bonbon Menthe T12x24 TIC TAC,1.0
04409,TB020112,Boite Bonbon Orange T12x24 TIC TAC,1.5
04409,TB030112,Boite Bonbon Spearmint T12x24 TIC TAC,1.0
04409,TB050112,Boite Bonbon Strawberry mix T12x24 TIC TAC,1.25
04409,TB070148,Tic Tac Mix T48x8 ARBRE,1.0
04625,AL010124,VIT'UP 170GR COLA CITRON,1.0
04625,AL020112,BEURRE COND 100 gr,1.0
04625,BB012020,CH CH Bigbabol Stick Tutti Frutti 5p x 20 x 20,1.0
04625,BB022020,CH CH Bigbabol Stick Strawberry 5p x 20 x 20,1.0
04625,BE010124,Bonbon Berries 80g HARIBO,3.6
04625,BI020124,Biskrem DUO 60g - ULKER,24.0
04625,BI060124,Biskrem Cacao 110g - ULKER,24.0
04625,BL030136,Blister Mentos Gum White Sweet Mint 17g P12x12,1.0
04625,BL040136,Blister Mentos Gum White Tutti Frutti 17g P12x12,1.0
04625,CC010112,Sachet Chupa-Chups Fruit P10x12,2.0
04625,CC030112,Sachet Chupa-Chups Milky P10x12,2.0
04625,CC050112,Sachet Chupa-Chups The Best Of P10x12,2.0
04625,CC060106,Sachet Chupa-Chups The Best Of P120x6,1.125
04625,CC060112,CH CH XXL Strawberry 25Px29g,1.0
04625,CC070106,CH CH Melody Strawberry 48x6,1.0
04625,CH010124,Bonbon Chamallows Pink & White 70g HARIBO,4.8
04625,CH020424,Bonbon Chamallows Party 70g HARIBO,8.0
04625,DC010224,YAOURT BRASSE VANILLE,1.0
04625,FA030112,Mentos Fresh Action Stick Cherry Mint 10px24x12,1.0
04625,FF030112,Big Babol Filifolly Watermelon 11g x 12 Sachets,1.0
04625,FR010116,Trio de Rochers Chocolat FERRERO,1.0
04625,FR010120,Bonbon Fruit-tella Stick  Strawberry 10px20x12,1.0
04625,FR010201,Coff. 16 Rochers Chocolat FERRERO,2.0
04625,FR010220,Bonbon Fruit-tella Stick Orange 10px20x12,1.0
04625,GB020130,Bonbon Gold-Bears 80gx30 - HARIBO,3.0
04625,HC020130,Bonbon Happy Cola 80gx30 HARIBO,1.0
04625,HC030124,Bonbon Happy Cherries 80g HARIBO,2.0
04625,HC030324,Bonbon Happy Cola Fizz 70g HARIBO,3.0
04625,HZ010212,HEINZ CHILI MAYONNAISE 225 ML,2.0
04625,JA010106,Mini Mentos Jar Fruit Mix 1Kg P100x6,1.0
04625,KC010120,YAOURT AROME CITRON,1.0
04625,KC010130,YAOURT AROME FRUITS DES BOIS,1.0
04625,KC010240,BIFI NATURE 0%,1.0
04625,KC010336,YAOURT AROME NATURE,1.0
04625,KC020130,Barre de Chocolat Biscuit noisette BUENO WHITE,1.0
04625,KD010114,Kinder Délice T10X14,1.0
04625,KD020114,Kinder Délice T1X10X14 (Pièce),2.0
04625,KH010128,Kinder Happy Hippo Cocoa T1x28x6,1.0
04625,KK010106,KAT KAT TAT Noisette 24g (24x6),6.0
04625,KK010112,KAT KAT TAT Chocolat 26g (24x12),3.0
04625,KS020116,Kinder Joy T1x16 Boy,1.0
04625,KS020216,Kinder Joy T1x16 Girl,1.0
04625,KS030116,Kinder Joy T1x16 Boy Collection 2,1.0
04625,MD010112,"Mentos Gum 3D Fresh Mint 8,5g P5x15",1.0
04625,MD020112,"Mentos Gum 3D S-A-R 8,5g P5x15",1.0
04625,MD030112,"Mentos Gum 3D Watermelon 8,5g P5x15",1.0
04625,MG010116,Mentos Gum Rolls Pure Fresh 1.75g P9x16,1.0
04625,MI010124,Bonbon Mix Fizz 70g HARIBO,3.0
04625,MR010108,"Mentos Rolls Menthe 39,2g P14x20",1.0
04625,MW010112,"Boite Mentos Gum White Sweet Mint 53,2g P38x6",1.0
04625,MW020112,"Boite Mentos Gum White Tutti Frutti 53,2g P38x6",1.0
04625,NP010301,Pate a Tartiner de 350 grs NUTELLA,5.4
04625,NP010306,Pôt Pâte à tartiner de 600g NUTELLA,6.0
04625,NP010407,Pôt Pâte à tartiner de 350g NUTELLA OCCASION,6.0
04625,NP010501,Nutella & Go 52g,24.0
04625,NP010604,Nutella B-Ready T1x36x4,1.0
04625,NP01A301,Pate a Tartiner 350 g   10% NUTELLA,6.0
04625,PH020224,Bonbon Phantasia 80g HARIBO,2.75
04625,RA030124,Canette Float Mangue 240 ML - RANI,24.0
04625,RO010112,Bonbon Roulette 25g - HARIBO,1.0
04625,RR010201,Coff. 15 Rochers Noix Coco RAFAELLO,2.0
04625,SM010224,Bonbon Starmix 80g HARIBO,3.25
04625,SQ010124,Bonbon Squishy 80g HARIBO,2.0
04625,TB070148,Tic Tac Mix T48x8 ARBRE,1.0
04625,TE020124,Bonbon Teeth 80g HARIBO,3.25
04625,WO030124,Bonbon Fizz Worms 70g HARIBO,2.0
04766,CC060112,CH CH XXL Strawberry 25Px29g,1.0
04766,CC070106,CH CH Melody Strawberry 48x6,2.0
04766,CH010124,Bonbon Chamallows Pink & White 70g HARIBO,24.0
04766,KC010130,YAOURT AROME FRUITS DES BOIS,1.0
04766,KC020130,Barre de Chocolat Biscuit noisette BUENO WHITE,1.0
04766,KS020116,Kinder Joy T1x16 Boy,1.0
04766,NP010301,Pate a Tartiner de 350 grs NUTELLA,8.0
04766,NP010306,Pôt Pâte à tartiner de 600g NUTELLA,6.0
04766,NP010604,Nutella B-Ready T1x36x4,1.0
04766,RO010112,Bonbon Roulette 25g - HARIBO,1.0
04864,AL010124,VIT'UP 170GR COLA CITRON,1.0
04864,BI020124,Biskrem DUO 60g - ULKER,24.0
04864,BI030124,Biskrem DUO 110g - ULKER,24.0
04864,BI050124,Biskrem Cacao 60g - ULKER,24.0
04864,BI060124,Biskrem Cacao 110g - ULKER,24.0
04864,BL030136,Blister Mentos Gum White Sweet Mint 17g P12x12,2.0
04864,CC010112,Sachet Chupa-Chups Fruit P10x12,1.0
04864,CC020112,Sachet Chupa-Chups Fresh Cola P10x12,1.0
04864,CC060106,Sachet Chupa-Chups The Best Of P120x6,2.0
04864,LI010124,Gaufrette gout Chocolat 70g - LINGOT(colisage 24),24.0
04864,LT030124,Gaufrette enrobée choco 30G Triple saveur (24x4),2.0
04864,MD010112,"Mentos Gum 3D Fresh Mint 8,5g P5x15",1.0
04864,MR030108,"Mentos Rolls Rainbow 39,2g P14x20",1.0
04864,NP010301,Pate a Tartiner de 350 grs NUTELLA,5.0
04865,BI050124,Biskrem Cacao 60g - ULKER,24.0
04865,BI070124,BISKREM CACAO 85g - ULKER,24.0
04865,BI080124,BISKREM DUO 85g - ULKER,24.0
04865,CC070106,CH CH Melody Strawberry 48x6,1.0
04865,FA010118,Mentos Fresh Action Cup Menthol 280g P100x18,1.0
04865,KC020130,Barre de Chocolat Biscuit noisette BUENO WHITE,1.0
04865,LT010124,Gaufrette enrobée choco 30G Riz Soufflé (24x4),1.0
04865,LT020124,Gaufrette enrobée choco 30G Cacahueté (24x4),1.0
04865,LT030124,Gaufrette enrobée choco 30G Triple saveur (24x4),1.0
04866,AL020112,BEURRE COND 100 gr,1.0
04866,BI020124,Biskrem DUO 60g - ULKER,24.0
04866,BI030124,Biskrem DUO 110g - ULKER,24.0
04866,BI050124,Biskrem Cacao 60g - ULKER,24.0
04866,BI060124,Biskrem Cacao 110g - ULKER,24.0
04866,BI070124,BISKREM CACAO 85g - ULKER,24.0
04866,BI080124,BISKREM DUO 85g - ULKER,24.0
04866,FA010118,Mentos Fresh Action Cup Menthol 280g P100x18,1.0
04866,FF010112,Big Babol Filifolly Strawberry 11g x 12 Sachets,1.0
04866,KC010120,YAOURT AROME CITRON,1.0
04866,KC010130,YAOURT AROME FRUITS DES BOIS,1.0
04866,KK010112,KAT KAT TAT Chocolat 26g (24x12),1.0
04866,KS020116,Kinder Joy T1x16 Boy,1.0
04866,LG020324,Gaufrette Golden Wafers goût Chocolat 70g - LINGOT,24.0
04866,LI010124,Gaufrette gout Chocolat 70g - LINGOT(colisage 24),48.0
04866,LT020124,Gaufrette enrobée choco 30G Cacahueté (24x4),1.5
04866,LT030124,Gaufrette enrobée choco 30G Triple saveur (24x4),1.0
04866,NP010301,Pate a Tartiner de 350 grs NUTELLA,2.0
04866,RA060124,Canette Float Fraise-Banane 240 ML - RANI,24.0
04867,RO010112,Bonbon Roulette 25g - HARIBO,1.0
04868,AL010124,VIT'UP 170GR COLA CITRON,1.0
04868,AL020112,BEURRE COND 100 gr,1.0
04868,BI020124,Biskrem DUO 60g - ULKER,24.0
04868,BI030124,Biskrem DUO 110g - ULKER,24.0
04868,BI050124,Biskrem Cacao 60g - ULKER,24.0
04868,BI060124,Biskrem Cacao 110g - ULKER,24.0
04868,BI070124,BISKREM CACAO 85g - ULKER,24.0
04868,BI080124,BISKREM DUO 85g - ULKER,24.0
04868,BR020124,RAIEB 450 GR,1.0
04868,FA010118,Mentos Fresh Action Cup Menthol 280g P100x18,1.0
04868,JA010106,Mini Mentos Jar Fruit Mix 1Kg P100x6,1.0
04868,KC010130,YAOURT AROME FRUITS DES BOIS,1.0
04868,KC010336,YAOURT AROME NATURE,1.0
04868,KK010112,KAT KAT TAT Chocolat 26g (24x12),1.0
04868,LT010124,Gaufrette enrobée choco 30G Riz Soufflé (24x4),1.0
04868,LT020124,Gaufrette enrobée choco 30G Cacahueté (24x4),1.3333333333333333
04868,LT030124,Gaufrette enrobée choco 30G Triple saveur (24x4),1.25
04868,RO010112,Bonbon Roulette 25g - HARIBO,1.0
04868,TB070148,Tic Tac Mix T48x8 ARBRE,1.0
04869,0005,Compote pomme fraise,1.0
04869,AL010124,VIT'UP 170GR COLA CITRON,1.0
04869,AL020112,BEURRE COND 100 gr,1.0
04869,BI020124,Biskrem DUO 60g - ULKER,24.0
04869,BI030124,Biskrem DUO 110g - ULKER,26.181818181818183
04869,BI050124,Biskrem Cacao 60g - ULKER,24.0
04869,BI060124,Biskrem Cacao 110g - ULKER,40.0
04869,BI080124,BISKREM DUO 85g - ULKER,24.0
04869,BL030136,Blister Mentos Gum White Sweet Mint 17g P12x12,1.0
04869,CC060106,Sachet Chupa-Chups The Best Of P120x6,1.0
04869,CC060108,Présentoir Chupa-Chups Half Wheels P60x1,1.0
04869,FA010118,Mentos Fresh Action Cup Menthol 280g P100x18,1.0
04869,FA020118,Mentos Fresh Action Cup Cherry Mint 280g P100x18,1.0
04869,KC010120,YAOURT AROME CITRON,1.0
04869,KC010130,YAOURT AROME FRUITS DES BOIS,1.0
04869,KC010336,YAOURT AROME NATURE,1.0
04869,KK010112,KAT KAT TAT Chocolat 26g (24x12),1.0
04869,LG020324,Gaufrette Golden Wafers goût Chocolat 70g - LINGOT,24.0
04869,LI010140,Gaufrette Goût Chocolat 30g - LINGOT (Colisage 40),40.0
04869,LT010124,Gaufrette enrobée choco 30G Riz Soufflé (24x4),1.0
04869,LT020124,Gaufrette enrobée choco 30G Cacahueté (24x4),1.0
04869,MD020112,"Mentos Gum 3D S-A-R 8,5g P5x15",1.0
04869,MD030112,"Mentos Gum 3D Watermelon 8,5g P5x15",1.0
04869,MR010108,"Mentos Rolls Menthe 39,2g P14x20",1.0
04869,MR030108,"Mentos Rolls Rainbow 39,2g P14x20",1.0
04869,MR050108,"Mentos Rolls Fruit 39,2g P14x20",1.0
04869,NP010301,Pate a Tartiner de 350 grs NUTELLA,1.5
04869,RO010112,Bonbon Roulette 25g - HARIBO,1.0
04869,TB010112,Boite Bonbon Menthe T12x24 TIC TAC,1.0
04870,BI030124,Biskrem DUO 110g - ULKER,24.0
04870,BI060124,Biskrem Cacao 110g - ULKER,24.0
04870,BI070124,BISKREM CACAO 85g - ULKER,48.0
04870,CC060106,Sachet Chupa-Chups The Best Of P120x6,1.0
04870,CC060112,CH CH XXL Strawberry 25Px29g,1.0
04870,FA010118,Mentos Fresh Action Cup Menthol 280g P100x18,1.0
04870,KC010120,YAOURT AROME CITRON,1.0
04871,TB010112,Boite Bonbon Menthe T12x24 TIC TAC,1.0
04871,TB020112,Boite Bonbon Orange T12x24 TIC TAC,1.0
04872,KC010120,YAOURT AROME CITRON,1.0
04872,MI010124,Bonbon Mix Fizz 70g HARIBO,6.0
04877,AL020112,BEURRE COND 100 gr,1.0
04877,BB012020,CH CH Bigbabol Stick Tutti Frutti 5p x 20 x 20,1.0
04877,BB022020,CH CH Bigbabol Stick Strawberry 5p x 20 x 20,1.0
04877,BE010112,Biskrem Extra 92g - ULKER,12.0
04877,BI070124,BISKREM CACAO 85g - ULKER,24.0
04877,BI080124,BISKREM DUO 85g - ULKER,24.0
04877,CC060106,Sachet Chupa-Chups The Best Of P120x6,1.0
04877,CH020424,Bonbon Chamallows Party 70g HARIBO,24.0
04877,FA010118,Mentos Fresh Action Cup Menthol 280g P100x18,1.0
04877,FA020118,Mentos Fresh Action Cup Cherry Mint 280g P100x18,1.0
04877,FR010201,Coff. 16 Rochers Chocolat FERRERO,2.0
04877,KD010114,Kinder Délice T10X14,2.0
04877,KH010128,Kinder Happy Hippo Cocoa T1x28x6,1.0
04877,KS030116,Kinder Joy T1x16 Boy Collection 2,1.0
04877,KS030216,Kinder Joy T1x16 Girl Collection 2,1.0
04877,MD010112,"Mentos Gum 3D Fresh Mint 8,5g P5x15",1.0
04877,MD020112,"Mentos Gum 3D S-A-R 8,5g P5x15",1.0
04877,MD030112,"Mentos Gum 3D Watermelon 8,5g P5x15",1.0
04877,MR040108,"Mentos Rolls Tutti Frutti 39,2 g P14x20",1.0
04877,MW010112,"Boite Mentos Gum White Sweet Mint 53,2g P38x6",1.0
04877,MW020112,"Boite Mentos Gum White Tutti Frutti 53,2g P38x6",1.0
04877,RA060124,Canette Float Fraise-Banane 240 ML - RANI,24.0
04877,TB070148,Tic Tac Mix T48x8 ARBRE,1.0
04878,AL020112,BEURRE COND 100 gr,1.0
04878,BI020124,Biskrem DUO 60g - ULKER,24.0
04878,BI030112,BISKREM DUO 85g - ULKER,24.0
04878,BI030124,Biskrem DUO 110g - ULKER,24.0
04878,BI050124,Biskrem Cacao 60g - ULKER,24.0
04878,BI060124,Biskrem Cacao 110g - ULKER,24.0
04878,CC060106,Sachet Chupa-Chups The Best Of P120x6,1.0
04878,CC070106,CH CH Melody Strawberry 48x6,1.0
04878,CH020424,Bonbon Chamallows Party 70g HARIBO,24.0
04878,FA010118,Mentos Fresh Action Cup Menthol 280g P100x18,1.0
04878,FA020118,Mentos Fresh Action Cup Cherry Mint 280g P100x18,1.0
04878,KC010120,YAOURT AROME CITRON,1.0
04878,KC010130,YAOURT AROME FRUITS DES BOIS,1.0
04878,KD010114,Kinder Délice T10X14,1.0
04878,KS020116,Kinder Joy T1x16 Boy,1.0
04878,LG020224,Gaufrette Golden Chocolat Blanc & Framboise 70g -L,24.0
04878,LI010124,Gaufrette gout Chocolat 70g - LINGOT(colisage 24),48.0
04878,LT010124,Gaufrette enrobée choco 30G Riz Soufflé (24x4),1.0
04878,LT020124,Gaufrette enrobée choco 30G Cacahueté (24x4),1.0
04878,LT030124,Gaufrette enrobée choco 30G Triple saveur (24x4),2.0
04878,RA060124,Canette Float Fraise-Banane 240 ML - RANI,24.0
04878,RO010112,Bonbon Roulette 25g - HARIBO,1.0
04879,AL020112,BEURRE COND 100 gr,1.0
04879,BB022020,CH CH Bigbabol Stick Strawberry 5p x 20 x 20,1.0
04879,BI020124,Biskrem DUO 60g - ULKER,24.0
04879,BI030112,BISKREM DUO 85g - ULKER,24.0
04879,BI030124,Biskrem DUO 110g - ULKER,24.0
04879,BI050124,Biskrem Cacao 60g - ULKER,24.0
04879,BI060124,Biskrem Cacao 110g - ULKER,24.0
04879,BI070124,BISKREM CACAO 85g - ULKER,24.0
04879,DC010224,YAOURT BRASSE VANILLE,1.0
04879,FA010118,Mentos Fresh Action Cup Menthol 280g P100x18,1.5
04879,FA020118,Mentos Fresh Action Cup Cherry Mint 280g P100x18,1.0
04879,FR010116,Trio de Rochers Chocolat FERRERO,1.0
04879,JA010106,Mini Mentos Jar Fruit Mix 1Kg P100x6,1.0
04879,KC010120,YAOURT AROME CITRON,1.0
04879,KC010130,YAOURT AROME FRUITS DES BOIS,1.0
04879,KC010240,BIFI NATURE 0%,1.0
04879,KC020130,Barre de Chocolat Biscuit noisette BUENO WHITE,1.0
04879,KD010114,Kinder Délice T10X14,1.3333333333333333
04879,KK010112,KAT KAT TAT Chocolat 26g (24x12),1.0
04879,KS020216,Kinder Joy T1x16 Girl,1.0
04879,LG020324,Gaufrette Golden Wafers goût Chocolat 70g - LINGOT,24.0
04879,LT010124,Gaufrette enrobée choco 30G Riz Soufflé (24x4),1.0
04879,LT020124,Gaufrette enrobée choco 30G Cacahueté (24x4),1.0
04879,LT030124,Gaufrette enrobée choco 30G Triple saveur (24x4),1.0
04879,MR010108,"Mentos Rolls Menthe 39,2g P14x20",1.0
04879,MR040108,"Mentos Rolls Tutti Frutti 39,2 g P14x20",1.0
04879,NP010301,Pate a Tartiner de 350 grs NUTELLA,5.0
04879,NP010501,Nutella & Go 52g,24.0
04879,NP010604,Nutella B-Ready T1x36x4,1.0
04879,RO010112,Bonbon Roulette 25g - HARIBO,1.0
04880,0005,Compote pomme fraise,1.0
04880,AL010124,VIT'UP 170GR COLA CITRON,1.0
04880,AL020112,BEURRE COND 100 gr,1.0
04880,BB012020,CH CH Bigbabol Stick Tutti Frutti 5p x 20 x 20,1.0
04880,BB022020,CH CH Bigbabol Stick Strawberry 5p x 20 x 20,1.0
04880,BE010112,Biskrem Extra 92g - ULKER,12.0
04880,BE010124,Bonbon Berries 80g HARIBO,16.0
04880,BI020124,Biskrem DUO 60g - ULKER,24.0
04880,BI030124,Biskrem DUO 110g - ULKER,24.0
04880,BI050124,Biskrem Cacao 60g - ULKER,24.0
04880,BI060124,Biskrem Cacao 110g - ULKER,36.0
04880,BI080124,BISKREM DUO 85g - ULKER,24.0
04880,BL030136,Blister Mentos Gum White Sweet Mint 17g P12x12,1.5
04880,BL040136,Blister Mentos Gum White Tutti Frutti 17g P12x12,1.0
04880,CC060106,Sachet Chupa-Chups The Best Of P120x6,1.0
04880,CH010124,Bonbon Chamallows Pink & White 70g HARIBO,18.0
04880,CH020424,Bonbon Chamallows Party 70g HARIBO,20.0
04880,FA010118,Mentos Fresh Action Cup Menthol 280g P100x18,1.0
04880,FA020118,Mentos Fresh Action Cup Cherry Mint 280g P100x18,1.0
04880,FA030112,Mentos Fresh Action Stick Cherry Mint 10px24x12,1.0
04880,FR010116,Trio de Rochers Chocolat FERRERO,1.0
04880,GB020130,Bonbon Gold-Bears 80gx30 - HARIBO,15.333333333333334
04880,HC020130,Bonbon Happy Cola 80gx30 HARIBO,20.0
04880,HC030124,Bonbon Happy Cherries 80g HARIBO,8.0
04880,HC030324,Bonbon Happy Cola Fizz 70g HARIBO,16.0
04880,KC010120,YAOURT AROME CITRON,1.0
04880,KC010130,YAOURT AROME FRUITS DES BOIS,1.3333333333333333
04880,KC010618,Kinder Creamy T1X8X18,1.0
04880,KC020130,Barre de Chocolat Biscuit noisette BUENO WHITE,1.1666666666666667
04880,KD010114,Kinder Délice T10X14,2.0
04880,KS020216,Kinder Joy T1x16 Girl,1.0
04880,KS030116,Kinder Joy T1x16 Boy Collection 2,1.0
04880,KS030216,Kinder Joy T1x16 Girl Collection 2,1.0
04880,LI010124,Gaufrette gout Chocolat 70g - LINGOT(colisage 24),48.0
04880,LI020124,Gaufrette gout Lait 70g - LINGOT (colisage 24),48.0
04880,LT030124,Gaufrette enrobée choco 30G Triple saveur (24x4),1.0
04880,MD010112,"Mentos Gum 3D Fresh Mint 8,5g P5x15",1.0
04880,MD020112,"Mentos Gum 3D S-A-R 8,5g P5x15",1.0
04880,MD030112,"Mentos Gum 3D Watermelon 8,5g P5x15",1.0
04880,MI010124,Bonbon Mix Fizz 70g HARIBO,24.0
04880,NP010604,Nutella B-Ready T1x36x4,1.0
04880,NP01A301,Pate a Tartiner 350 g   10% NUTELLA,6.0
04880,PH020224,Bonbon Phantasia 80g HARIBO,11.5
04880,RA020124,Canette Float Peche 240 ML - RANI,24.0
04880,RA060124,Canette Float Fraise-Banane 240 ML - RANI,24.0
04880,RR010116,Trio de Rochers Noix Coco RAFAELLO,1.0
04880,SM010224,Bonbon Starmix 80g HARIBO,8.0
04880,SQ010124,Bonbon Squishy 80g HARIBO,11.0
04880,TB020112,Boite Bonbon Orange T12x24 TIC TAC,3.0
04880,TE020124,Bonbon Teeth 80g HARIBO,9.0
04880,WO020124,Bonbon Worms 80g HARIBO,12.5
04881,FF010112,Big Babol Filifolly Strawberry 11g x 12 Sachets,1.0
04881,FF020112,Big Babol Filifolly Fruit 11g x 12 Sachets,1.0
04881,FR010116,Trio de Rochers Chocolat FERRERO,1.0
04881,JA010106,Mini Mentos Jar Fruit Mix 1Kg P100x6,1.0
04881,KC010130,YAOURT AROME FRUITS DES BOIS,1.0
04881,LT010124,Gaufrette enrobée choco 30G Riz Soufflé (24x4),2.0
04881,LT020124,Gaufrette enrobée choco 30G Cacahueté (24x4),1.0
04881,LT030124,Gaufrette enrobée choco 30G Triple saveur (24x4),1.0
04881,NP060716,Nutella B-Ready T6x16,4.0
04881,RO010112,Bonbon Roulette 25g - HARIBO,1.0
04881,RR010116,Trio de Rochers Noix Coco RAFAELLO,1.0
05245,12201968,"KIT KAT 4 Fingers 12x(24x41,5g)",1.0
05245,BE010124,Bonbon Berries 80g HARIBO,13.0
05245,BI020124,Biskrem DUO 60g - ULKER,24.0
05245,BI060124,Biskrem Cacao 110g - ULKER,24.0
05245,BL030136,Blister Mentos Gum White Sweet Mint 17g P12x12,1.0
05245,BL040136,Blister Mentos Gum White Tutti Frutti 17g P12x12,1.0
05245,CC060106,Sachet Chupa-Chups The Best Of P120x6,1.0
05245,CC070106,CH CH Melody Strawberry 48x6,1.0
05245,CH010124,Bonbon Chamallows Pink & White 70g HARIBO,16.2
05245,CH020424,Bonbon Chamallows Party 70g HARIBO,14.0
05245,DC010224,YAOURT BRASSE VANILLE,1.0
05245,FR010201,Coff. 16 Rochers Chocolat FERRERO,4.333333333333333
05245,GB020130,Bonbon Gold-Bears 80gx30 - HARIBO,20.333333333333332
05245,HC020130,Bonbon Happy Cola 80gx30 HARIBO,29.0
05245,HC030124,Bonbon Happy Cherries 80g HARIBO,14.0
05245,HC030324,Bonbon Happy Cola Fizz 70g HARIBO,19.5
05245,KC010120,YAOURT AROME CITRON,1.0
05245,KC010130,YAOURT AROME FRUITS DES BOIS,1.0
05245,KC010240,BIFI NATURE 0%,1.0
05245,KC010336,YAOURT AROME NATURE,1.0
05245,KC020130,Barre de Chocolat Biscuit noisette BUENO WHITE,1.0
05245,KD010114,Kinder Délice T10X14,5.0
05245,KH010128,Kinder Happy Hippo Cocoa T1x28x6,1.0
05245,KH020110,Kinder Happy Hippo Cocoa T5x10,1.0
05245,KS020116,Kinder Joy T1x16 Boy,1.0
05245,KS020216,Kinder Joy T1x16 Girl,1.5
05245,KS030116,Kinder Joy T1x16 Boy Collection 2,1.0
05245,KS030216,Kinder Joy T1x16 Girl Collection 2,1.0
05245,MI010124,Bonbon Mix Fizz 70g HARIBO,21.5
05245,MR050108,"Mentos Rolls Fruit 39,2g P14x20",1.0
05245,MW010112,"Boite Mentos Gum White Sweet Mint 53,2g P38x6",1.0
05245,MW020112,"Boite Mentos Gum White Tutti Frutti 53,2g P38x6",1.0
05245,NP010501,Nutella & Go 52g,24.0
05245,NP010604,Nutella B-Ready T1x36x4,1.0
05245,NP01A301,Pate a Tartiner 350 g   10% NUTELLA,3.0
05245,NP060716,Nutella B-Ready T6x16,2.5
05245,PH020224,Bonbon Phantasia 80g HARIBO,18.8
05245,RO010112,Bonbon Roulette 25g - HARIBO,1.0
05245,RR010201,Coff. 15 Rochers Noix Coco RAFAELLO,6.0
05245,SM010224,Bonbon Starmix 80g HARIBO,24.0
05245,SQ010124,Bonbon Squishy 80g HARIBO,24.0
05245,ST010208,Mix Sripe Assortiment 24x8x25g HARIBO,1.0
05245,TB010112,Boite Bonbon Menthe T12x24 TIC TAC,1.0
05245,TB020112,Boite Bonbon Orange T12x24 TIC TAC,1.0
05245,TB030112,Boite Bonbon Spearmint T12x24 TIC TAC,2.0
05245,TB050112,Boite Bonbon Strawberry mix T12x24 TIC TAC,1.5
05245,TB070148,Tic Tac Mix T48x8 ARBRE,1.0
05245,TE020124,Bonbon Teeth 80g HARIBO,24.0
05245,WO020124,Bonbon Worms 80g HARIBO,19.0
05245,WO030124,Bonbon Fizz Worms 70g HARIBO,11.0
05246,BL030136,Blister Mentos Gum White Sweet Mint 17g P12x12,1.0
05246,MR010108,"Mentos Rolls Menthe 39,2g P14x20",1.0
05246,MR030108,"Mentos Rolls Rainbow 39,2g P14x20",1.0
05246,NP010501,Nutella & Go 52g,24.0
05247,KC010120,YAOURT AROME CITRON,1.0
05248,MR040108,"Mentos Rolls Tutti Frutti 39,2 g P14x20",1.0
05249,BI050124,Biskrem Cacao 60g - ULKER,24.0
05249,KK010106,KAT KAT TAT Noisette 24g (24x6),1.0
05249,RO010112,Bonbon Roulette 25g - HARIBO,1.0
05252,RA020124,Canette Float Peche 240 ML - RANI,5.0
05252,ST010208,Mix Sripe Assortiment 24x8x25g HARIBO,1.0
05254,BB012020,CH CH Bigbabol Stick Tutti Frutti 5p x 20 x 20,1.0
05254,CH010124,Bonbon Chamallows Pink & White 70g HARIBO,6.0
05254,FA030112,Mentos Fresh Action Stick Cherry Mint 10px24x12,1.0
05254,FF010112,Big Babol Filifolly Strawberry 11g x 12 Sachets,1.0
05254,FF020112,Big Babol Filifolly Fruit 11g x 12 Sachets,1.0
05254,FF030112,Big Babol Filifolly Watermelon 11g x 12 Sachets,1.0
05254,KC010240,BIFI NATURE 0%,1.0
05254,NP060716,Nutella B-Ready T6x16,1.5
05255,AL020112,BEURRE COND 100 gr,1.0
05255,BB012020,CH CH Bigbabol Stick Tutti Frutti 5p x 20 x 20,1.0
05255,BE010112,Biskrem Extra 92g - ULKER,12.0
05255,BE010124,Bonbon Berries 80g HARIBO,24.0
05255,BI020124,Biskrem DUO 60g - ULKER,24.0
05255,BI030124,Biskrem DUO 110g - ULKER,24.0
05255,BI060124,Biskrem Cacao 110g - ULKER,24.0
05255,BL040136,Blister Mentos Gum White Tutti Frutti 17g P12x12,2.0
05255,CC060112,CH CH XXL Strawberry 25Px29g,1.0
05255,CC070106,CH CH Melody Strawberry 48x6,1.0
05255,CH010124,Bonbon Chamallows Pink & White 70g HARIBO,3.0
05255,CH020424,Bonbon Chamallows Party 70g HARIBO,24.0
05255,DC010224,YAOURT BRASSE VANILLE,1.0
05255,FR010120,Bonbon Fruit-tella Stick  Strawberry 10px20x12,1.0
05255,HC020130,Bonbon Happy Cola 80gx30 HARIBO,6.0
05255,HC030124,Bonbon Happy Cherries 80g HARIBO,6.0
05255,JA010106,Mini Mentos Jar Fruit Mix 1Kg P100x6,1.0
05255,KC010120,YAOURT AROME CITRON,1.0
05255,KC010336,YAOURT AROME NATURE,1.0
05255,KD010114,Kinder Délice T10X14,1.0
05255,KH010128,Kinder Happy Hippo Cocoa T1x28x6,1.0
05255,KH020110,Kinder Happy Hippo Cocoa T5x10,1.0
05255,KK010106,KAT KAT TAT Noisette 24g (24x6),1.0
05255,KK010112,KAT KAT TAT Chocolat 26g (24x12),1.0
05255,KS010116,Kinder Joy T1x16 Limited Edition,1.0
05255,KS030116,Kinder Joy T1x16 Boy Collection 2,1.0
05255,MI010124,Bonbon Mix Fizz 70g HARIBO,24.0
05255,NP010604,Nutella B-Ready T1x36x4,1.0
05255,PF020106,Boite Mentos Gum PF Fresh Mint 56g P28x6,1.0
05255,PF030106,Boite Mentos Gum PF Wintergreen 56g P28x6,1.0
05255,RO010112,Bonbon Roulette 25g - HARIBO,1.0
05255,WO030124,Bonbon Fizz Worms 70g HARIBO,24.0
05256,BL030136,Blister Mentos Gum White Sweet Mint 17g P12x12,1.0
05256,BL040136,Blister Mentos Gum White Tutti Frutti 17g P12x12,1.0
05256,CC060112,CH CH XXL Strawberry 25Px29g,1.0
05256,CH010124,Bonbon Chamallows Pink & White 70g HARIBO,11.75
05256,CH020424,Bonbon Chamallows Party 70g HARIBO,6.0
05256,FA010118,Mentos Fresh Action Cup Menthol 280g P100x18,1.0
05256,FA020118,Mentos Fresh Action Cup Cherry Mint 280g P100x18,1.0
05256,FR010220,Bonbon Fruit-tella Stick Orange 10px20x12,1.0
05256,KC010120,YAOURT AROME CITRON,1.0
05256,KC010130,YAOURT AROME FRUITS DES BOIS,1.0
05256,KC010240,BIFI NATURE 0%,1.0
05256,KC010336,YAOURT AROME NATURE,1.0
05256,KC020130,Barre de Chocolat Biscuit noisette BUENO WHITE,1.0
05256,KD010114,Kinder Délice T10X14,1.0
05256,KH010128,Kinder Happy Hippo Cocoa T1x28x6,1.0
05256,KS020116,Kinder Joy T1x16 Boy,1.0
05256,KS020216,Kinder Joy T1x16 Girl,1.0
05256,MG010116,Mentos Gum Rolls Pure Fresh 1.75g P9x16,1.0
05256,MR040108,"Mentos Rolls Tutti Frutti 39,2 g P14x20",2.0
05256,MR050108,"Mentos Rolls Fruit 39,2g P14x20",1.0
05256,NP060716,Nutella B-Ready T6x16,1.5
05256,PF020106,Boite Mentos Gum PF Fresh Mint 56g P28x6,1.0
05256,PF030106,Boite Mentos Gum PF Wintergreen 56g P28x6,1.0
05256,RO010112,Bonbon Roulette 25g - HARIBO,1.0
05256,WO020124,Bonbon Worms 80g HARIBO,6.0
05256,WO030124,Bonbon Fizz Worms 70g HARIBO,24.0
05257,AL010124,VIT'UP 170GR COLA CITRON,1.0
05257,BE010124,Bonbon Berries 80g HARIBO,12.0
05257,BI030124,Biskrem DUO 110g - ULKER,24.0
05257,CC060106,Sachet Chupa-Chups The Best Of P120x6,1.5
05257,DC010224,YAOURT BRASSE VANILLE,1.0
05257,FA010118,Mentos Fresh Action Cup Menthol 280g P100x18,2.0
05257,FA020118,Mentos Fresh Action Cup Cherry Mint 280g P100x18,2.0
05257,GB020130,Bonbon Gold-Bears 80gx30 - HARIBO,10.0
05257,JA010106,Mini Mentos Jar Fruit Mix 1Kg P100x6,1.0
05257,KC010120,YAOURT AROME CITRON,1.0
05257,KC010130,YAOURT AROME FRUITS DES BOIS,1.0
05257,KC010506,Kinder Creamy T1x24x6,1.0
05257,KK010106,KAT KAT TAT Noisette 24g (24x6),1.0
05257,MD020112,"Mentos Gum 3D S-A-R 8,5g P5x15",1.0
05257,MD030112,"Mentos Gum 3D Watermelon 8,5g P5x15",1.0
05257,NP010604,Nutella B-Ready T1x36x4,1.0
05257,RO010112,Bonbon Roulette 25g - HARIBO,2.0
05257,ST010208,Mix Sripe Assortiment 24x8x25g HARIBO,1.5
05257,WO020124,Bonbon Worms 80g HARIBO,4.0
05259,CC060106,Sachet Chupa-Chups The Best Of P120x6,1.0
05259,HC020130,Bonbon Happy Cola 80gx30 HARIBO,6.0
05259,HC030324,Bonbon Happy Cola Fizz 70g HARIBO,12.0
05259,KS020216,Kinder Joy T1x16 Girl,1.0
05259,PH020224,Bonbon Phantasia 80g HARIBO,5.0
05260,KC010120,YAOURT AROME CITRON,1.0
05261,KC010210,YAOURT AROME NOIX DE COCO,1.0
05261,KD010114,Kinder Délice T10X14,1.0
05261,KK010112,KAT KAT TAT Chocolat 26g (24x12),1.0
05261,MR030108,"Mentos Rolls Rainbow 39,2g P14x20",1.0
05261,NP060716,Nutella B-Ready T6x16,2.0
05261,RA050124,Canette Float Cocktail 240 ML - RANI,5.0
05261,RO010112,Bonbon Roulette 25g - HARIBO,1.0
05262,KS020216,Kinder Joy T1x16 Girl,1.0
05263,BE010124,Bonbon Berries 80g HARIBO,3.5
05263,CC060107,Présentoir Chupa-Chups Wheels P120x1,1.0
05263,DC010224,YAOURT BRASSE VANILLE,1.0
05263,FR010116,Trio de Rochers Chocolat FERRERO,1.5
05263,FR010201,Coff. 16 Rochers Chocolat FERRERO,6.25
05263,FR010301,Coff. de 24 Rochers Chocolat FERRERO,2.0
05263,FR010401,Coff. de 30 Rochers Chocolat FERRERO,3.0
05263,GB020130,Bonbon Gold-Bears 80gx30 - HARIBO,12.0
05263,HC020130,Bonbon Happy Cola 80gx30 HARIBO,14.0
05263,HC030124,Bonbon Happy Cherries 80g HARIBO,20.0
05263,HZ010112,HEINZ LIGHT MAYONNAISE 225 ML,2.0
05263,HZ010212,HEINZ CHILI MAYONNAISE 225 ML,3.3333333333333335
05263,HZ010312,HEINZ GARLIC MAYONNAISE 225 ML,2.0
05263,HZ010412,HEINZ RANCH DRESSING 400 ML,2.6666666666666665
05263,HZ010512,HEINZ CAESAR SALAD DRESSING 400 ML,1.6
05263,HZ010612,HEINZ THOUSAND ISLAND DRESSING 400 ML,1.6
05263,KC010130,YAOURT AROME FRUITS DES BOIS,1.0
05263,KC010210,YAOURT AROME NOIX DE COCO,1.0
05263,KC010240,BIFI NATURE 0%,1.0
05263,KC010336,YAOURT AROME NATURE,1.0
05263,KC010506,Kinder Creamy T1x24x6,1.0
05263,KC020130,Barre de Chocolat Biscuit noisette BUENO WHITE,1.0
05263,KD010114,Kinder Délice T10X14,4.75
05263,KH010128,Kinder Happy Hippo Cocoa T1x28x6,1.0
05263,KH020110,Kinder Happy Hippo Cocoa T5x10,1.0
05263,KS020116,Kinder Joy T1x16 Boy,1.0
05263,KS020216,Kinder Joy T1x16 Girl,1.3333333333333333
05263,KS030116,Kinder Joy T1x16 Boy Collection 2,1.3333333333333333
05263,KS030216,Kinder Joy T1x16 Girl Collection 2,1.5
05263,MI010124,Bonbon Mix Fizz 70g HARIBO,24.0
05263,MV020124,Mc Vities Digestive Dark Chocolate 200g x 24,6.0
05263,MW010112,"Boite Mentos Gum White Sweet Mint 53,2g P38x6",1.0
05263,MW020112,"Boite Mentos Gum White Tutti Frutti 53,2g P38x6",1.0
05263,NP010301,Pate a Tartiner de 350 grs NUTELLA,15.0
05263,NP010306,Pôt Pâte à tartiner de 600g NUTELLA,6.0
05263,NP010407,Pôt Pâte à tartiner de 350g NUTELLA OCCASION,6.0
05263,NP010604,Nutella B-Ready T1x36x4,1.0
05263,NP01A301,Pate a Tartiner 350 g   10% NUTELLA,15.0
05263,NP060716,Nutella B-Ready T6x16,8.0
05263,PF020106,Boite Mentos Gum PF Fresh Mint 56g P28x6,1.0
05263,PF030106,Boite Mentos Gum PF Wintergreen 56g P28x6,1.0
05263,PH020224,Bonbon Phantasia 80g HARIBO,17.333333333333332
05263,RR010116,Trio de Rochers Noix Coco RAFAELLO,1.0
05263,RR010201,Coff. 15 Rochers Noix Coco RAFAELLO,6.0
05263,SQ010124,Bonbon Squishy 80g HARIBO,12.0
05263,TB070148,Tic Tac Mix T48x8 ARBRE,1.0
05263,TE020124,Bonbon Teeth 80g HARIBO,24.0
05263,WO020124,Bonbon Worms 80g HARIBO,30.0
05264,BI020124,Biskrem DUO 60g - ULKER,24.0
05264,BI070124,BISKREM CACAO 85g - ULKER,24.0
05264,FA020118,Mentos Fresh Action Cup Cherry Mint 280g P100x18,1.0
05265,KC010120,YAOURT AROME CITRON,1.0
05266,MI010124,Bonbon Mix Fizz 70g HARIBO,3.0
05267,BB022020,CH CH Bigbabol Stick Strawberry 5p x 20 x 20,1.0
05267,BI070124,BISKREM CACAO 85g - ULKER,24.0
05267,CH010124,Bonbon Chamallows Pink & White 70g HARIBO,3.0
05267,FA020118,Mentos Fresh Action Cup Cherry Mint 280g P100x18,1.0
05267,FR010201,Coff. 16 Rochers Chocolat FERRERO,2.0
05267,KC010336,YAOURT AROME NATURE,1.0
05267,NP010301,Pate a Tartiner de 350 grs NUTELLA,6.0
05268,AL010124,VIT'UP 170GR COLA CITRON,1.0
05268,CH010124,Bonbon Chamallows Pink & White 70g HARIBO,3.0
05268,CH020424,Bonbon Chamallows Party 70g HARIBO,2.0
05268,HC020130,Bonbon Happy Cola 80gx30 HARIBO,5.0
05268,MI010124,Bonbon Mix Fizz 70g HARIBO,6.0
05268,ST010208,Mix Sripe Assortiment 24x8x25g HARIBO,1.0
05269,NP060716,Nutella B-Ready T6x16,1.0
05270,AL010124,VIT'UP 170GR COLA CITRON,1.0
05270,BB012020,CH CH Bigbabol Stick Tutti Frutti 5p x 20 x 20,1.0
05270,BE010112,Biskrem Extra 92g - ULKER,12.0
05270,BI020124,Biskrem DUO 60g - ULKER,24.0
05270,BI030124,Biskrem DUO 110g - ULKER,24.0
05270,BI060124,Biskrem Cacao 110g - ULKER,32.0
05270,BI070124,BISKREM CACAO 85g - ULKER,24.0
05270,BL030136,Blister Mentos Gum White Sweet Mint 17g P12x12,1.3333333333333333
05270,BL040136,Blister Mentos Gum White Tutti Frutti 17g P12x12,1.5
05270,CC060112,CH CH XXL Strawberry 25Px29g,4.0
05270,CH010124,Bonbon Chamallows Pink & White 70g HARIBO,3.0
05270,CH020424,Bonbon Chamallows Party 70g HARIBO,12.0
05270,DC010224,YAOURT BRASSE VANILLE,1.0
05270,FA030112,Mentos Fresh Action Stick Cherry Mint 10px24x12,2.0
05270,FR010120,Bonbon Fruit-tella Stick  Strawberry 10px20x12,1.0
05270,FR010301,Coff. de 24 Rochers Chocolat FERRERO,1.0
05270,FR010401,Coff. de 30 Rochers Chocolat FERRERO,3.0
05270,FR010501,Coffret de 24 Rochers Collection Chocolat FERRERO,1.0
05270,JA010106,Mini Mentos Jar Fruit Mix 1Kg P100x6,1.0
05270,KC010120,YAOURT AROME CITRON,1.0
05270,KC010130,YAOURT AROME FRUITS DES BOIS,1.0
05270,KC010210,YAOURT AROME NOIX DE COCO,1.0
05270,KC010240,BIFI NATURE 0%,1.0
05270,KC020130,Barre de Chocolat Biscuit noisette BUENO WHITE,1.0
05270,KD010114,Kinder Délice T10X14,3.0
05270,KH010128,Kinder Happy Hippo Cocoa T1x28x6,1.5
05270,KH020110,Kinder Happy Hippo Cocoa T5x10,1.0
05270,KK010112,KAT KAT TAT Chocolat 26g (24x12),1.5
05270,KS020116,Kinder Joy T1x16 Boy,1.0
05270,KS020216,Kinder Joy T1x16 Girl,1.0
05270,MD010112,"Mentos Gum 3D Fresh Mint 8,5g P5x15",1.0
05270,MD020112,"Mentos Gum 3D S-A-R 8,5g P5x15",1.0
05270,MD030112,"Mentos Gum 3D Watermelon 8,5g P5x15",1.0
05270,MG010116,Mentos Gum Rolls Pure Fresh 1.75g P9x16,1.0
05270,MR010108,"Mentos Rolls Menthe 39,2g P14x20",1.0
05270,MR030108,"Mentos Rolls Rainbow 39,2g P14x20",1.0
05270,MR070108,Mentos Rolls Sour Mix 39.2g P14x20,2.0
05270,MW010112,"Boite Mentos Gum White Sweet Mint 53,2g P38x6",1.0
05270,MW020112,"Boite Mentos Gum White Tutti Frutti 53,2g P38x6",2.5
05270,NP010604,Nutella B-Ready T1x36x4,1.0
05270,PF010206,Boite Mentos Gum PF Fresh Mint 24g P12x10,1.0
05270,RO010112,Bonbon Roulette 25g - HARIBO,1.3333333333333333
05270,RR010116,Trio de Rochers Noix Coco RAFAELLO,1.0
05270,RR010201,Coff. 15 Rochers Noix Coco RAFAELLO,6.0
05270,SQ010124,Bonbon Squishy 80g HARIBO,2.0
05270,ST010208,Mix Sripe Assortiment 24x8x25g HARIBO,1.0
05270,WO030124,Bonbon Fizz Worms 70g HARIBO,24.0
05273,FR010116,Trio de Rochers Chocolat FERRERO,1.0
05274,HC030324,Bonbon Happy Cola Fizz 70g HARIBO,4.0
05274,TE020124,Bonbon Teeth 80g HARIBO,6.0
05334,AL010124,VIT'UP 170GR COLA CITRON,1.0
05334,CC060106,Sachet Chupa-Chups The Best Of P120x6,1.0
05334,CH010124,Bonbon Chamallows Pink & White 70g HARIBO,2.0
05334,CH020424,Bonbon Chamallows Party 70g HARIBO,3.0
05334,FA030112,Mentos Fresh Action Stick Cherry Mint 10px24x12,1.0
05334,GB020130,Bonbon Gold-Bears 80gx30 - HARIBO,2.0
05334,HC020130,Bonbon Happy Cola 80gx30 HARIBO,4.0
05334,HC030124,Bonbon Happy Cherries 80g HARIBO,2.0
05334,KK010106,KAT KAT TAT Noisette 24g (24x6),6.0
05334,KK010112,KAT KAT TAT Chocolat 26g (24x12),3.0
05334,PH020224,Bonbon Phantasia 80g HARIBO,2.0
05334,WO020124,Bonbon Worms 80g HARIBO,2.0
05397,KS030116,Kinder Joy T1x16 Boy Collection 2,1.0
05397,KS030216,Kinder Joy T1x16 Girl Collection 2,1.0
05398,NP010604,Nutella B-Ready T1x36x4,1.0
05399,KC010130,YAOURT AROME FRUITS DES BOIS,1.0
05401,CC060106,Sachet Chupa-Chups The Best Of P120x6,1.0
05402,BI030124,Biskrem DUO 110g - ULKER,24.0
05402,BL030136,Blister Mentos Gum White Sweet Mint 17g P12x12,1.0
05402,BL040136,Blister Mentos Gum White Tutti Frutti 17g P12x12,1.3333333333333333
05402,CC060106,Sachet Chupa-Chups The Best Of P120x6,1.0
05402,FR010201,Coff. 16 Rochers Chocolat FERRERO,1.5
05402,FR010220,Bonbon Fruit-tella Stick Orange 10px20x12,1.0
05402,FR010301,Coff. de 24 Rochers Chocolat FERRERO,2.0
05402,FR010501,Coffret de 24 Rochers Collection Chocolat FERRERO,1.0
05402,KC010130,YAOURT AROME FRUITS DES BOIS,1.0
05402,KC020130,Barre de Chocolat Biscuit noisette BUENO WHITE,1.0
05402,KH010128,Kinder Happy Hippo Cocoa T1x28x6,1.0
05402,KS020116,Kinder Joy T1x16 Boy,1.0
05402,KS020216,Kinder Joy T1x16 Girl,1.0
05402,LI010124,Gaufrette gout Chocolat 70g - LINGOT(colisage 24),24.0
05402,LT010124,Gaufrette enrobée choco 30G Riz Soufflé (24x4),1.0
05402,LT020124,Gaufrette enrobée choco 30G Cacahueté (24x4),1.0
05402,LT030124,Gaufrette enrobée choco 30G Triple saveur (24x4),1.0
05402,MD020112,"Mentos Gum 3D S-A-R 8,5g P5x15",1.0
05402,NP010604,Nutella B-Ready T1x36x4,1.0
05402,NP01A301,Pate a Tartiner 350 g   10% NUTELLA,3.0
05402,RA020124,Canette Float Peche 240 ML - RANI,6.0
05402,ST010208,Mix Sripe Assortiment 24x8x25g HARIBO,1.3333333333333333
05403,BL040136,Blister Mentos Gum White Tutti Frutti 17g P12x12,1.0
05403,CC070124,Sachet Chupa Chups Mini 35Px24,1.0
05403,KC010130,YAOURT AROME FRUITS DES BOIS,1.0
05403,KS030116,Kinder Joy T1x16 Boy Collection 2,1.0
05403,MW010112,"Boite Mentos Gum White Sweet Mint 53,2g P38x6",1.0
05403,TE020124,Bonbon Teeth 80g HARIBO,12.0
05404,BI060124,Biskrem Cacao 110g - ULKER,24.0
05404,BL040136,Blister Mentos Gum White Tutti Frutti 17g P12x12,1.0
05405,FR010401,Coff. de 30 Rochers Chocolat FERRERO,1.0
05405,KC010120,YAOURT AROME CITRON,1.0
05405,MV020124,Mc Vities Digestive Dark Chocolate 200g x 24,1.0
05406,FR010401,Coff. de 30 Rochers Chocolat FERRERO,2.0
05406,KC010211,BIFI CITRON 0%,1.0
05406,RO010112,Bonbon Roulette 25g - HARIBO,1.0
05407,0005,Compote pomme fraise,1.0
05407,12201937,"KIT KAT 2 Fingers 16x(36x20,5g)",1.0
05407,AL010124,VIT'UP 170GR COLA CITRON,1.0
05407,AL020112,BEURRE COND 100 gr,1.3333333333333333
05407,BB012020,CH CH Bigbabol Stick Tutti Frutti 5p x 20 x 20,1.0
05407,BB022020,CH CH Bigbabol Stick Strawberry 5p x 20 x 20,1.1428571428571428
05407,BE010112,Biskrem Extra 92g - ULKER,20.0
05407,BE010124,Bonbon Berries 80g HARIBO,26.09090909090909
05407,BI010124,Biskrem DUO 40g - ULKER,24.0
05407,BI020124,Biskrem DUO 60g - ULKER,28.0
05407,BI030112,BISKREM DUO 85g - ULKER,24.0
05407,BI030124,Biskrem DUO 110g - ULKER,24.0
05407,BI050124,Biskrem Cacao 60g - ULKER,24.0
05407,BI060124,Biskrem Cacao 110g - ULKER,27.428571428571427
05407,BI070124,BISKREM CACAO 85g - ULKER,24.0
05407,BI080124,BISKREM DUO 85g - ULKER,24.0
05407,BL030136,Blister Mentos Gum White Sweet Mint 17g P12x12,1.1818181818181819
05407,BL040136,Blister Mentos Gum White Tutti Frutti 17g P12x12,1.1538461538461537
05407,CC050112,Sachet Chupa-Chups The Best Of P10x12,4.0
05407,CC060106,Sachet Chupa-Chups The Best Of P120x6,1.0555555555555556
05407,CC060108,Présentoir Chupa-Chups Half Wheels P60x1,1.0
05407,CC060112,CH CH XXL Strawberry 25Px29g,1.0
05407,CC070106,CH CH Melody Strawberry 48x6,1.0
05407,CC070124,Sachet Chupa Chups Mini 35Px24,2.0
05407,CC080116,Chupa-Chups Surprise 16x6,1.0
05407,CH010124,Bonbon Chamallows Pink & White 70g HARIBO,11.0
05407,CH020424,Bonbon Chamallows Party 70g HARIBO,11.0
05407,DC010224,YAOURT BRASSE VANILLE,1.1538461538461537
05407,FA010118,Mentos Fresh Action Cup Menthol 280g P100x18,1.6
05407,FA020118,Mentos Fresh Action Cup Cherry Mint 280g P100x18,1.1666666666666667
05407,FA030112,Mentos Fresh Action Stick Cherry Mint 10px24x12,1.0
05407,FF010112,Big Babol Filifolly Strawberry 11g x 12 Sachets,1.0
05407,FF020112,Big Babol Filifolly Fruit 11g x 12 Sachets,1.0
05407,FF030112,Big Babol Filifolly Watermelon 11g x 12 Sachets,1.0
05407,FR010116,Trio de Rochers Chocolat FERRERO,1.1
05407,FR010120,Bonbon Fruit-tella Stick  Strawberry 10px20x12,1.0
05407,FR010201,Coff. 16 Rochers Chocolat FERRERO,4.0
05407,FR010220,Bonbon Fruit-tella Stick Orange 10px20x12,1.0
05407,FR010401,Coff. de 30 Rochers Chocolat FERRERO,1.0
05407,GB020130,Bonbon Gold-Bears 80gx30 - HARIBO,28.0
05407,GB030130,Bonbon Gold-Bears 80g+25%Gratuit x30 - HARIBO,18.0
05407,HC020130,Bonbon Happy Cola 80gx30 HARIBO,27.90909090909091
05407,HC020324,Bonbon Happy Cola Fizz 80g HARIBO,24.0
05407,HC030124,Bonbon Happy Cherries 80g HARIBO,20.9
05407,HC030324,Bonbon Happy Cola Fizz 70g HARIBO,23.5
05407,HZ010112,HEINZ LIGHT MAYONNAISE 225 ML,6.0
05407,HZ010124,TOMATO KETCHUP 200 G - HEINZ,24.0
05407,HZ010212,HEINZ CHILI MAYONNAISE 225 ML,6.0
05407,HZ010224,BARBECUE SAUCE 200 G - HEINZ,24.0
05407,HZ010312,HEINZ GARLIC MAYONNAISE 225 ML,6.0
05407,HZ010412,HEINZ RANCH DRESSING 400 ML,4.0
05407,HZ010512,HEINZ CAESAR SALAD DRESSING 400 ML,4.0
05407,HZ010612,HEINZ THOUSAND ISLAND DRESSING 400 ML,4.0
05407,KC010120,YAOURT AROME CITRON,1.0434782608695652
05407,KC010130,YAOURT AROME FRUITS DES BOIS,1.3870967741935485
05407,KC010210,YAOURT AROME NOIX DE COCO,1.0
05407,KC010240,BIFI NATURE 0%,1.15
05407,KC010336,YAOURT AROME NATURE,1.0588235294117647
05407,KC010506,Kinder Creamy T1x24x6,1.0
05407,KC020130,Barre de Chocolat Biscuit noisette BUENO WHITE,1.1428571428571428
05407,KD010114,Kinder Délice T10X14,2.2857142857142856
05407,KD020114,Kinder Délice T1X10X14 (Pièce),7.0
05407,KH010128,Kinder Happy Hippo Cocoa T1x28x6,1.0
05407,KH020110,Kinder Happy Hippo Cocoa T5x10,1.0
05407,KK010106,KAT KAT TAT Noisette 24g (24x6),1.0
05407,KK010112,KAT KAT TAT Chocolat 26g (24x12),1.0
05407,KS010116,Kinder Joy T1x16 Limited Edition,1.0
05407,KS020116,Kinder Joy T1x16 Boy,1.1176470588235294
05407,KS020216,Kinder Joy T1x16 Girl,1.0588235294117647
05407,KS030116,Kinder Joy T1x16 Boy Collection 2,1.0
05407,KS030216,Kinder Joy T1x16 Girl Collection 2,1.2
05407,MD010112,"Mentos Gum 3D Fresh Mint 8,5g P5x15",1.1666666666666667
05407,MD020112,"Mentos Gum 3D S-A-R 8,5g P5x15",1.0
05407,MD030112,"Mentos Gum 3D Watermelon 8,5g P5x15",1.2857142857142858
05407,MG010116,Mentos Gum Rolls Pure Fresh 1.75g P9x16,1.0
05407,MI010124,Bonbon Mix Fizz 70g HARIBO,13.0
05407,MR010108,"Mentos Rolls Menthe 39,2g P14x20",1.2
05407,MR020108,"Mentos Rolls Strawberry 39,2g P14x20",1.125
05407,MR030108,"Mentos Rolls Rainbow 39,2g P14x20",1.0
05407,MR040108,"Mentos Rolls Tutti Frutti 39,2 g P14x20",1.1428571428571428
05407,MR050108,"Mentos Rolls Fruit 39,2g P14x20",1.0
05407,MR070108,Mentos Rolls Sour Mix 39.2g P14x20,1.0
05407,MW010112,"Boite Mentos Gum White Sweet Mint 53,2g P38x6",1.0769230769230769
05407,MW020112,"Boite Mentos Gum White Tutti Frutti 53,2g P38x6",1.0
05407,NP010301,Pate a Tartiner de 350 grs NUTELLA,12.333333333333334
05407,NP010406,Pôt Pâte à tartiner de 600g NUTELLA OCCASION,5.0
05407,NP010407,Pôt Pâte à tartiner de 350g NUTELLA OCCASION,15.0
05407,NP010501,Nutella & Go 52g,24.0
05407,NP010604,Nutella B-Ready T1x36x4,1.1363636363636365
05407,NP01A301,Pate a Tartiner 350 g   10% NUTELLA,15.0
05407,NP060716,Nutella B-Ready T6x16,15.333333333333334
05407,PF010206,Boite Mentos Gum PF Fresh Mint 24g P12x10,1.0
05407,PF020106,Boite Mentos Gum PF Fresh Mint 56g P28x6,1.1666666666666667
05407,PF030106,Boite Mentos Gum PF Wintergreen 56g P28x6,1.1666666666666667
05407,PH020224,Bonbon Phantasia 80g HARIBO,17.375
05407,PV010124,Bonbon Primavera 80g HARIBO,48.0
05407,RO010112,Bonbon Roulette 25g - HARIBO,1.6666666666666667
05407,RR010116,Trio de Rochers Noix Coco RAFAELLO,1.1666666666666667
05407,SM010224,Bonbon Starmix 80g HARIBO,29.923076923076923
05407,ST010208,Mix Sripe Assortiment 24x8x25g HARIBO,1.0
05407,TB010112,Boite Bonbon Menthe T12x24 TIC TAC,1.0
05407,TB020112,Boite Bonbon Orange T12x24 TIC TAC,1.6666666666666667
05407,TB030112,Boite Bonbon Spearmint T12x24 TIC TAC,2.3333333333333335
05407,TB050112,Boite Bonbon Strawberry mix T12x24 TIC TAC,1.5
05407,TB070148,Tic Tac Mix T48x8 ARBRE,1.0
05407,TE020124,Bonbon Teeth 80g HARIBO,24.0
05407,WO020124,Bonbon Worms 80g HARIBO,33.5
05407,WO030124,Bonbon Fizz Worms 70g HARIBO,24.0
05412,KC010120,YAOURT AROME CITRON,1.0
05412,KC020130,Barre de Chocolat Biscuit noisette BUENO WHITE,1.0
05412,KS020216,Kinder Joy T1x16 Girl,1.0
05414,NP010306,Pôt Pâte à tartiner de 600g NUTELLA,3.0
05416,BE010112,Biskrem Extra 92g - ULKER,12.0
05416,BI020124,Biskrem DUO 60g - ULKER,24.0
05416,BI080124,BISKREM DUO 85g - ULKER,24.0
05416,BL030136,Blister Mentos Gum White Sweet Mint 17g P12x12,1.0
05416,CC060106,Sachet Chupa-Chups The Best Of P120x6,1.0
05416,HC020130,Bonbon Happy Cola 80gx30 HARIBO,4.0
05416,HC030324,Bonbon Happy Cola Fizz 70g HARIBO,13.5
05416,KC010120,YAOURT AROME CITRON,1.0
05416,NP010501,Nutella & Go 52g,24.0
05416,RR010116,Trio de Rochers Noix Coco RAFAELLO,2.0
05419,0005,Compote pomme fraise,1.0
05419,BI030124,Biskrem DUO 110g - ULKER,24.0
05419,BI060124,Biskrem Cacao 110g - ULKER,48.0
05419,CC060106,Sachet Chupa-Chups The Best Of P120x6,3.0
05419,CC070106,CH CH Melody Strawberry 48x6,1.0
05419,FA010118,Mentos Fresh Action Cup Menthol 280g P100x18,1.0
05419,KC020130,Barre de Chocolat Biscuit noisette BUENO WHITE,1.0
05419,NP010604,Nutella B-Ready T1x36x4,1.0
05419,PF020106,Boite Mentos Gum PF Fresh Mint 56g P28x6,1.0
05419,RO010112,Bonbon Roulette 25g - HARIBO,1.0
05486,BI050124,Biskrem Cacao 60g - ULKER,24.0
05486,BI060124,Biskrem Cacao 110g - ULKER,24.0
05486,KC020130,Barre de Chocolat Biscuit noisette BUENO WHITE,1.0
05486,KK010112,KAT KAT TAT Chocolat 26g (24x12),1.0
05486,NP010604,Nutella B-Ready T1x36x4,1.0
05486,RO010112,Bonbon Roulette 25g - HARIBO,1.0
05487,BI030124,Biskrem DUO 110g - ULKER,24.0
05487,BI060124,Biskrem Cacao 110g - ULKER,24.0
05489,BI030124,Biskrem DUO 110g - ULKER,24.0
05489,BI050124,Biskrem Cacao 60g - ULKER,24.0
05489,BI060124,Biskrem Cacao 110g - ULKER,24.0
05489,BL030136,Blister Mentos Gum White Sweet Mint 17g P12x12,1.0
05489,BL040136,Blister Mentos Gum White Tutti Frutti 17g P12x12,1.0
05489,CC060107,Présentoir Chupa-Chups Wheels P120x1,1.0
05489,CC060112,CH CH XXL Strawberry 25Px29g,1.5
05489,CC070106,CH CH Melody Strawberry 48x6,1.0
05489,CH010124,Bonbon Chamallows Pink & White 70g HARIBO,16.5
05489,FF010112,Big Babol Filifolly Strawberry 11g x 12 Sachets,1.0
05489,FF020112,Big Babol Filifolly Fruit 11g x 12 Sachets,1.0
05489,FF030112,Big Babol Filifolly Watermelon 11g x 12 Sachets,1.0
05489,FR010116,Trio de Rochers Chocolat FERRERO,1.0
05489,FR010201,Coff. 16 Rochers Chocolat FERRERO,8.333333333333334
05489,FR010501,Coffret de 24 Rochers Collection Chocolat FERRERO,4.0
05489,FR010603,Coffret de 28 Rochers Cône Chocolat FERRERO,3.0
05489,HC030324,Bonbon Happy Cola Fizz 70g HARIBO,12.0
05489,JA010106,Mini Mentos Jar Fruit Mix 1Kg P100x6,1.0
05489,KC010120,YAOURT AROME CITRON,1.25
05489,KC010130,YAOURT AROME FRUITS DES BOIS,1.0
05489,KC010210,YAOURT AROME NOIX DE COCO,1.5
05489,KC010240,BIFI NATURE 0%,1.0
05489,KC010336,YAOURT AROME NATURE,1.0
05489,KC020130,Barre de Chocolat Biscuit noisette BUENO WHITE,1.25
05489,KS020116,Kinder Joy T1x16 Boy,1.0
05489,KS020216,Kinder Joy T1x16 Girl,1.0
05489,MG010116,Mentos Gum Rolls Pure Fresh 1.75g P9x16,2.0
05489,MI010124,Bonbon Mix Fizz 70g HARIBO,11.0
05489,NP010301,Pate a Tartiner de 350 grs NUTELLA,5.0
05489,NP010306,Pôt Pâte à tartiner de 600g NUTELLA,6.0
05489,NP010407,Pôt Pâte à tartiner de 350g NUTELLA OCCASION,15.0
05489,NP010501,Nutella & Go 52g,24.0
05489,NP010604,Nutella B-Ready T1x36x4,1.25
05489,NP060716,Nutella B-Ready T6x16,11.333333333333334
05489,RO010112,Bonbon Roulette 25g - HARIBO,1.0
05489,RR010116,Trio de Rochers Noix Coco RAFAELLO,1.3333333333333333
05489,RR010201,Coff. 15 Rochers Noix Coco RAFAELLO,12.0
05489,SM010224,Bonbon Starmix 80g HARIBO,24.0
05489,TS010224,Bonbon Twin Snakes  67g HARIBO,10.0
05490,AL010124,VIT'UP 170GR COLA CITRON,1.0
05490,AL020112,BEURRE COND 100 gr,1.0
05490,BI060124,Biskrem Cacao 110g - ULKER,24.0
05490,BL030136,Blister Mentos Gum White Sweet Mint 17g P12x12,1.0
05490,BL040136,Blister Mentos Gum White Tutti Frutti 17g P12x12,1.0
05490,CC060106,Sachet Chupa-Chups The Best Of P120x6,1.5
05490,CC060107,Présentoir Chupa-Chups Wheels P120x1,1.0
05490,CC060112,CH CH XXL Strawberry 25Px29g,1.0
05490,CC080116,Chupa-Chups Surprise 16x6,1.0
05490,CH010124,Bonbon Chamallows Pink & White 70g HARIBO,24.0
05490,DC010224,YAOURT BRASSE VANILLE,1.0
05490,FA010118,Mentos Fresh Action Cup Menthol 280g P100x18,2.0
05490,FF010112,Big Babol Filifolly Strawberry 11g x 12 Sachets,1.0
05490,FF020112,Big Babol Filifolly Fruit 11g x 12 Sachets,1.0
05490,FR010120,Bonbon Fruit-tella Stick  Strawberry 10px20x12,1.0
05490,KC010120,YAOURT AROME CITRON,1.0
05490,KC010130,YAOURT AROME FRUITS DES BOIS,1.25
05490,KC020130,Barre de Chocolat Biscuit noisette BUENO WHITE,1.0
05490,KD010114,Kinder Délice T10X14,4.5
05490,KH010128,Kinder Happy Hippo Cocoa T1x28x6,1.0
05490,KS020116,Kinder Joy T1x16 Boy,1.0
05490,KS020216,Kinder Joy T1x16 Girl,1.0
05490,KS030116,Kinder Joy T1x16 Boy Collection 2,1.0
05490,KS030216,Kinder Joy T1x16 Girl Collection 2,1.0
05490,MD010112,"Mentos Gum 3D Fresh Mint 8,5g P5x15",1.0
05490,MD020112,"Mentos Gum 3D S-A-R 8,5g P5x15",1.0
05490,MD030112,"Mentos Gum 3D Watermelon 8,5g P5x15",1.0
05490,NP010301,Pate a Tartiner de 350 grs NUTELLA,15.0
05490,NP010407,Pôt Pâte à tartiner de 350g NUTELLA OCCASION,15.0
05490,NP010604,Nutella B-Ready T1x36x4,1.0
05490,NP060716,Nutella B-Ready T6x16,16.0
05490,RO010112,Bonbon Roulette 25g - HARIBO,1.0
05490,TB010112,Boite Bonbon Menthe T12x24 TIC TAC,1.0
05490,TB020112,Boite Bonbon Orange T12x24 TIC TAC,1.0
05490,TB030112,Boite Bonbon Spearmint T12x24 TIC TAC,1.0
05490,TB050112,Boite Bonbon Strawberry mix T12x24 TIC TAC,1.0
05491,BI050124,Biskrem Cacao 60g - ULKER,24.0
05491,LT030124,Gaufrette enrobée choco 30G Triple saveur (24x4),1.0
05491,NP060716,Nutella B-Ready T6x16,2.0
05492,BI020124,Biskrem DUO 60g - ULKER,24.0
05492,BI030124,Biskrem DUO 110g - ULKER,24.0
05492,BI060124,Biskrem Cacao 110g - ULKER,24.0
05492,CH010124,Bonbon Chamallows Pink & White 70g HARIBO,5.0
05492,CH020424,Bonbon Chamallows Party 70g HARIBO,5.0
05492,HC030124,Bonbon Happy Cherries 80g HARIBO,5.0
05492,HC030324,Bonbon Happy Cola Fizz 70g HARIBO,1.0
05492,JB020116,STRIPE JELLY BEANS 35gx12x16,1.0
05492,KC010120,YAOURT AROME CITRON,1.0
05492,KC010240,BIFI NATURE 0%,1.0
05492,KC010336,YAOURT AROME NATURE,1.0
05492,KD010114,Kinder Délice T10X14,8.0
05492,KK010106,KAT KAT TAT Noisette 24g (24x6),1.0
05492,KK010112,KAT KAT TAT Chocolat 26g (24x12),1.5
05492,KS020116,Kinder Joy T1x16 Boy,1.0
05492,KS020216,Kinder Joy T1x16 Girl,1.0
05492,MR010108,"Mentos Rolls Menthe 39,2g P14x20",1.0
05492,MR030108,"Mentos Rolls Rainbow 39,2g P14x20",1.0
05492,PH020224,Bonbon Phantasia 80g HARIBO,5.0
05492,SM010224,Bonbon Starmix 80g HARIBO,5.0
05492,WO020124,Bonbon Worms 80g HARIBO,3.0
05492,WO030124,Bonbon Fizz Worms 70g HARIBO,1.0
05493,0005,Compote pomme fraise,1.0
05493,BI030124,Biskrem DUO 110g - ULKER,48.0
05493,BI060124,Biskrem Cacao 110g - ULKER,40.8
05493,KC010130,YAOURT AROME FRUITS DES BOIS,1.0
05493,KC020130,Barre de Chocolat Biscuit noisette BUENO WHITE,1.0
05493,LT030124,Gaufrette enrobée choco 30G Triple saveur (24x4),1.0
05494,BB022020,CH CH Bigbabol Stick Strawberry 5p x 20 x 20,1.0
05494,BI050124,Biskrem Cacao 60g - ULKER,33.6
05494,BI060124,Biskrem Cacao 110g - ULKER,24.0
05494,BI070124,BISKREM CACAO 85g - ULKER,24.0
05494,BI080124,BISKREM DUO 85g - ULKER,36.0
05494,BL030136,Blister Mentos Gum White Sweet Mint 17g P12x12,1.0
05494,BL040136,Blister Mentos Gum White Tutti Frutti 17g P12x12,1.0
05494,CC060106,Sachet Chupa-Chups The Best Of P120x6,1.0
05494,CC060107,Présentoir Chupa-Chups Wheels P120x1,1.0
05494,CC060112,CH CH XXL Strawberry 25Px29g,1.0
05494,CC070106,CH CH Melody Strawberry 48x6,1.0
05494,CC070124,Sachet Chupa Chups Mini 35Px24,2.0
05494,JA010106,Mini Mentos Jar Fruit Mix 1Kg P100x6,1.0
05494,KC010120,YAOURT AROME CITRON,1.0
05494,KC010130,YAOURT AROME FRUITS DES BOIS,1.0
05494,KC010210,YAOURT AROME NOIX DE COCO,1.0
05494,KC010240,BIFI NATURE 0%,1.0
05494,KD010114,Kinder Délice T10X14,3.0
05494,MD020112,"Mentos Gum 3D S-A-R 8,5g P5x15",1.0
05494,MD030112,"Mentos Gum 3D Watermelon 8,5g P5x15",1.0
05494,MR010108,"Mentos Rolls Menthe 39,2g P14x20",1.0
05494,MR030108,"Mentos Rolls Rainbow 39,2g P14x20",1.0
05494,NP010301,Pate a Tartiner de 350 grs NUTELLA,6.0
05494,NP010406,Pôt Pâte à tartiner de 600g NUTELLA OCCASION,6.0
05494,NP010407,Pôt Pâte à tartiner de 350g NUTELLA OCCASION,6.0
05494,NP010604,Nutella B-Ready T1x36x4,1.0
05494,TB010112,Boite Bonbon Menthe T12x24 TIC TAC,2.0
05495,0005,Compote pomme fraise,1.0
05495,AL020112,BEURRE COND 100 gr,1.0
05495,BE010112,Biskrem Extra 92g - ULKER,12.0
05495,BI020124,Biskrem DUO 60g - ULKER,30.0
05495,BI030112,BISKREM DUO 85g - ULKER,21.0
05495,BI030124,Biskrem DUO 110g - ULKER,29.454545454545453
05495,BI050124,Biskrem Cacao 60g - ULKER,25.170731707317074
05495,BI060124,Biskrem Cacao 110g - ULKER,28.941176470588236
05495,BI070124,BISKREM CACAO 85g - ULKER,26.526315789473685
05495,BI080124,BISKREM DUO 85g - ULKER,29.333333333333332
05495,BL030136,Blister Mentos Gum White Sweet Mint 17g P12x12,1.0
05495,BL040136,Blister Mentos Gum White Tutti Frutti 17g P12x12,1.0
05495,CC060106,Sachet Chupa-Chups The Best Of P120x6,1.0
05495,CH010124,Bonbon Chamallows Pink & White 70g HARIBO,24.0
05495,DC010224,YAOURT BRASSE VANILLE,1.0
05495,FA010118,Mentos Fresh Action Cup Menthol 280g P100x18,1.375
05495,FA020118,Mentos Fresh Action Cup Cherry Mint 280g P100x18,1.1111111111111112
05495,FA030112,Mentos Fresh Action Stick Cherry Mint 10px24x12,1.0
05495,FR010201,Coff. 16 Rochers Chocolat FERRERO,5.0
05495,KC010120,YAOURT AROME CITRON,1.2
05495,KC010130,YAOURT AROME FRUITS DES BOIS,1.0
05495,KK010112,KAT KAT TAT Chocolat 26g (24x12),1.5
05495,LG020224,Gaufrette Golden Chocolat Blanc & Framboise 70g -L,24.0
05495,LG020324,Gaufrette Golden Wafers goût Chocolat 70g - LINGOT,24.0
05495,LI010124,Gaufrette gout Chocolat 70g - LINGOT(colisage 24),31.2
05495,LI020124,Gaufrette gout Lait 70g - LINGOT (colisage 24),28.0
05495,MD020112,"Mentos Gum 3D S-A-R 8,5g P5x15",1.3333333333333333
05495,MD030112,"Mentos Gum 3D Watermelon 8,5g P5x15",1.0
05495,MR010108,"Mentos Rolls Menthe 39,2g P14x20",1.0
05495,NP010407,Pôt Pâte à tartiner de 350g NUTELLA OCCASION,5.0
05495,NP010604,Nutella B-Ready T1x36x4,1.5
05495,RA010124,Canette Float Orange 240 ML - RANI,24.0
05495,RA040124,Canette Float Ananas 240 ML - RANI,24.0
05495,RA060124,Canette Float Fraise-Banane 240 ML - RANI,24.0
05495,RO010112,Bonbon Roulette 25g - HARIBO,1.0
05495,SM010224,Bonbon Starmix 80g HARIBO,4.0
05495,TB010112,Boite Bonbon Menthe T12x24 TIC TAC,1.5
05495,TB020112,Boite Bonbon Orange T12x24 TIC TAC,1.0
05495,TB070148,Tic Tac Mix T48x8 ARBRE,1.0
05496,AL010124,VIT'UP 170GR COLA CITRON,1.0
05496,AL020112,BEURRE COND 100 gr,1.0
05496,BI030124,Biskrem DUO 110g - ULKER,24.0
05496,BI050124,Biskrem Cacao 60g - ULKER,24.0
05496,BI060124,Biskrem Cacao 110g - ULKER,24.0
05496,CC060112,CH CH XXL Strawberry 25Px29g,1.0
05496,CC070106,CH CH Melody Strawberry 48x6,1.0
05496,CH010124,Bonbon Chamallows Pink & White 70g HARIBO,11.0
05496,FA010118,Mentos Fresh Action Cup Menthol 280g P100x18,1.0
05496,FF010112,Big Babol Filifolly Strawberry 11g x 12 Sachets,1.0
05496,FF020112,Big Babol Filifolly Fruit 11g x 12 Sachets,1.0
05496,FF030112,Big Babol Filifolly Watermelon 11g x 12 Sachets,1.0
05496,KC010120,YAOURT AROME CITRON,1.0
05496,KC010130,YAOURT AROME FRUITS DES BOIS,1.0
05496,KK010112,KAT KAT TAT Chocolat 26g (24x12),1.0
05496,NP010301,Pate a Tartiner de 350 grs NUTELLA,2.0
05496,NP010604,Nutella B-Ready T1x36x4,1.0
05496,RA060124,Canette Float Fraise-Banane 240 ML - RANI,24.0
05496,RO010112,Bonbon Roulette 25g - HARIBO,1.0
05496,TB010112,Boite Bonbon Menthe T12x24 TIC TAC,1.0
05496,TB020112,Boite Bonbon Orange T12x24 TIC TAC,1.0
05497,BI060124,Biskrem Cacao 110g - ULKER,24.0
05497,KC010130,YAOURT AROME FRUITS DES BOIS,1.0
05497,LT020124,Gaufrette enrobée choco 30G Cacahueté (24x4),1.0
05498,AL010124,VIT'UP 170GR COLA CITRON,2.5
05498,AL020112,BEURRE COND 100 gr,1.5
05498,BB012020,CH CH Bigbabol Stick Tutti Frutti 5p x 20 x 20,2.25
05498,BB022020,CH CH Bigbabol Stick Strawberry 5p x 20 x 20,1.5
05498,BI020124,Biskrem DUO 60g - ULKER,60.0
05498,BI030124,Biskrem DUO 110g - ULKER,84.0
05498,BI050124,Biskrem Cacao 60g - ULKER,52.8
05498,BI060124,Biskrem Cacao 110g - ULKER,36.0
05498,BI070124,BISKREM CACAO 85g - ULKER,144.0
05498,BI080124,BISKREM DUO 85g - ULKER,120.0
05498,BL030136,Blister Mentos Gum White Sweet Mint 17g P12x12,2.0
05498,BL040136,Blister Mentos Gum White Tutti Frutti 17g P12x12,1.6
05498,CC060106,Sachet Chupa-Chups The Best Of P120x6,1.6666666666666667
05498,CC060107,Présentoir Chupa-Chups Wheels P120x1,1.0
05498,CC060112,CH CH XXL Strawberry 25Px29g,1.3333333333333333
05498,CC070106,CH CH Melody Strawberry 48x6,2.0
05498,CH010124,Bonbon Chamallows Pink & White 70g HARIBO,35.2
05498,CH020424,Bonbon Chamallows Party 70g HARIBO,72.0
05498,FA030112,Mentos Fresh Action Stick Cherry Mint 10px24x12,1.6666666666666667
05498,FF010112,Big Babol Filifolly Strawberry 11g x 12 Sachets,1.0
05498,FF020112,Big Babol Filifolly Fruit 11g x 12 Sachets,1.0
05498,FF030112,Big Babol Filifolly Watermelon 11g x 12 Sachets,2.0
05498,FR010116,Trio de Rochers Chocolat FERRERO,3.0
05498,FR010120,Bonbon Fruit-tella Stick  Strawberry 10px20x12,1.5
05498,FR010220,Bonbon Fruit-tella Stick Orange 10px20x12,1.0
05498,HC030324,Bonbon Happy Cola Fizz 70g HARIBO,12.0
05498,JA010106,Mini Mentos Jar Fruit Mix 1Kg P100x6,1.0
05498,KC010120,YAOURT AROME CITRON,1.6666666666666667
05498,KC010130,YAOURT AROME FRUITS DES BOIS,2.3333333333333335
05498,KC010210,YAOURT AROME NOIX DE COCO,1.3333333333333333
05498,KC010240,BIFI NATURE 0%,1.6
05498,KC010336,YAOURT AROME NATURE,1.5
05498,KC020130,Barre de Chocolat Biscuit noisette BUENO WHITE,2.0
05498,KD010114,Kinder Délice T10X14,6.333333333333333
05498,KH010128,Kinder Happy Hippo Cocoa T1x28x6,1.8
05498,KH020110,Kinder Happy Hippo Cocoa T5x10,1.25
05498,KK010112,KAT KAT TAT Chocolat 26g (24x12),1.6666666666666667
05498,KS020116,Kinder Joy T1x16 Boy,1.0
05498,KS020216,Kinder Joy T1x16 Girl,1.0
05498,KS030116,Kinder Joy T1x16 Boy Collection 2,1.5
05498,KS030216,Kinder Joy T1x16 Girl Collection 2,1.5
05498,LT020124,Gaufrette enrobée choco 30G Cacahueté (24x4),2.0
05498,LT030124,Gaufrette enrobée choco 30G Triple saveur (24x4),2.0
05498,MD010112,"Mentos Gum 3D Fresh Mint 8,5g P5x15",2.25
05498,MD020112,"Mentos Gum 3D S-A-R 8,5g P5x15",1.5
05498,MD030112,"Mentos Gum 3D Watermelon 8,5g P5x15",3.0
05498,MG010116,Mentos Gum Rolls Pure Fresh 1.75g P9x16,1.8
05498,MI010124,Bonbon Mix Fizz 70g HARIBO,8.5
05498,MR010108,"Mentos Rolls Menthe 39,2g P14x20",3.0
05498,NP010407,Pôt Pâte à tartiner de 350g NUTELLA OCCASION,2.0
05498,NP010501,Nutella & Go 52g,24.0
05498,NP010604,Nutella B-Ready T1x36x4,2.3333333333333335
05498,NP060716,Nutella B-Ready T6x16,16.0
05498,RA010124,Canette Float Orange 240 ML - RANI,48.0
05498,RA020124,Canette Float Peche 240 ML - RANI,40.0
05498,RA030124,Canette Float Mangue 240 ML - RANI,24.0
05498,RA040124,Canette Float Ananas 240 ML - RANI,40.0
05498,RA060124,Canette Float Fraise-Banane 240 ML - RANI,48.0
05498,RO010112,Bonbon Roulette 25g - HARIBO,4.8
05498,RR010116,Trio de Rochers Noix Coco RAFAELLO,2.0
05498,TB010112,Boite Bonbon Menthe T12x24 TIC TAC,2.0
05498,WO020124,Bonbon Worms 80g HARIBO,3.0
05498,WO030124,Bonbon Fizz Worms 70g HARIBO,8.666666666666666
05499,AL010124,VIT'UP 170GR COLA CITRON,3.0
05499,BL030136,Blister Mentos Gum White Sweet Mint 17g P12x12,3.0
05499,CC060106,Sachet Chupa-Chups The Best Of P120x6,1.0
05499,CC060107,Présentoir Chupa-Chups Wheels P120x1,1.0
05499,CC060112,CH CH XXL Strawberry 25Px29g,1.0
05499,FA010118,Mentos Fresh Action Cup Menthol 280g P100x18,2.0
05499,FA020118,Mentos Fresh Action Cup Cherry Mint 280g P100x18,2.0
05499,JA010106,Mini Mentos Jar Fruit Mix 1Kg P100x6,1.0
05499,KC010120,YAOURT AROME CITRON,1.0
05499,KC010130,YAOURT AROME FRUITS DES BOIS,2.0
05499,KC010240,BIFI NATURE 0%,2.0
05499,KK010112,KAT KAT TAT Chocolat 26g (24x12),2.0
05499,KS020116,Kinder Joy T1x16 Boy,1.0
05499,KS020216,Kinder Joy T1x16 Girl,1.0
05499,MD020112,"Mentos Gum 3D S-A-R 8,5g P5x15",2.0
05499,MD030112,"Mentos Gum 3D Watermelon 8,5g P5x15",2.0
05499,MG010116,Mentos Gum Rolls Pure Fresh 1.75g P9x16,2.0
05499,MR010108,"Mentos Rolls Menthe 39,2g P14x20",2.0
05499,NP010301,Pate a Tartiner de 350 grs NUTELLA,15.0
05499,NP010604,Nutella B-Ready T1x36x4,2.0
05660,BE010124,Bonbon Berries 80g HARIBO,5.0
05660,BI030124,Biskrem DUO 110g - ULKER,24.0
05660,BI060124,Biskrem Cacao 110g - ULKER,24.0
05660,BL030136,Blister Mentos Gum White Sweet Mint 17g P12x12,1.0
05660,BL040136,Blister Mentos Gum White Tutti Frutti 17g P12x12,1.0
05660,CC060106,Sachet Chupa-Chups The Best Of P120x6,1.0
05660,CC060112,CH CH XXL Strawberry 25Px29g,1.0
05660,CC070106,CH CH Melody Strawberry 48x6,1.0
05660,CH010124,Bonbon Chamallows Pink & White 70g HARIBO,17.666666666666668
05660,CH020424,Bonbon Chamallows Party 70g HARIBO,10.0
05660,DC010224,YAOURT BRASSE VANILLE,1.0
05660,FF010112,Big Babol Filifolly Strawberry 11g x 12 Sachets,1.0
05660,FF020112,Big Babol Filifolly Fruit 11g x 12 Sachets,1.0
05660,FF030112,Big Babol Filifolly Watermelon 11g x 12 Sachets,1.0
05660,FR010116,Trio de Rochers Chocolat FERRERO,1.0
05660,FR010120,Bonbon Fruit-tella Stick  Strawberry 10px20x12,1.0
05660,FR010201,Coff. 16 Rochers Chocolat FERRERO,5.0
05660,FR010220,Bonbon Fruit-tella Stick Orange 10px20x12,1.0
05660,FR010301,Coff. de 24 Rochers Chocolat FERRERO,4.0
05660,FR010401,Coff. de 30 Rochers Chocolat FERRERO,3.0
05660,FR010501,Coffret de 24 Rochers Collection Chocolat FERRERO,4.0
05660,FR010603,Coffret de 28 Rochers Cône Chocolat FERRERO,3.0
05660,FR010712,"Rocher Cube T6x12 ""END OF THE YEAR EDITION""",12.0
05660,GB020130,Bonbon Gold-Bears 80gx30 - HARIBO,5.0
05660,HC020130,Bonbon Happy Cola 80gx30 HARIBO,5.0
05660,HC030324,Bonbon Happy Cola Fizz 70g HARIBO,9.0
05660,HZ010112,HEINZ LIGHT MAYONNAISE 225 ML,2.0
05660,HZ010212,HEINZ CHILI MAYONNAISE 225 ML,2.0
05660,HZ010312,HEINZ GARLIC MAYONNAISE 225 ML,2.0
05660,JB010148,Bonbon Jelly Beans 80g HARIBO,5.0
05660,JB020116,STRIPE JELLY BEANS 35gx12x16,1.0
05660,KC010120,YAOURT AROME CITRON,1.0
05660,KC010130,YAOURT AROME FRUITS DES BOIS,1.125
05660,KC010210,YAOURT AROME NOIX DE COCO,1.0
05660,KC010336,YAOURT AROME NATURE,2.0
05660,KC020130,Barre de Chocolat Biscuit noisette BUENO WHITE,1.0
05660,KD010114,Kinder Délice T10X14,9.0
05660,KH010128,Kinder Happy Hippo Cocoa T1x28x6,1.2857142857142858
05660,KH020110,Kinder Happy Hippo Cocoa T5x10,1.75
05660,KS020116,Kinder Joy T1x16 Boy,1.0
05660,KS020216,Kinder Joy T1x16 Girl,1.0
05660,MD010112,"Mentos Gum 3D Fresh Mint 8,5g P5x15",1.0
05660,MD020112,"Mentos Gum 3D S-A-R 8,5g P5x15",1.0
05660,MD030112,"Mentos Gum 3D Watermelon 8,5g P5x15",1.0
05660,MG010116,Mentos Gum Rolls Pure Fresh 1.75g P9x16,1.0
05660,MI010124,Bonbon Mix Fizz 70g HARIBO,5.6
05660,MR010108,"Mentos Rolls Menthe 39,2g P14x20",1.0
05660,MR020108,"Mentos Rolls Strawberry 39,2g P14x20",1.0
05660,MR030108,"Mentos Rolls Rainbow 39,2g P14x20",1.0
05660,MR040108,"Mentos Rolls Tutti Frutti 39,2 g P14x20",1.0
05660,MR050108,"Mentos Rolls Fruit 39,2g P14x20",1.0
05660,MV020124,Mc Vities Digestive Dark Chocolate 200g x 24,3.0
05660,MV020224,Mc Vities Digestive Milk Chocolate 200g x 24,3.0
05660,NP010501,Nutella & Go 52g,24.0
05660,NP010604,Nutella B-Ready T1x36x4,1.0
05660,NP01A301,Pate a Tartiner 350 g   10% NUTELLA,9.0
05660,NP060716,Nutella B-Ready T6x16,10.0
05660,PH020224,Bonbon Phantasia 80g HARIBO,5.0
05660,RO010112,Bonbon Roulette 25g - HARIBO,1.25
05660,RR010116,Trio de Rochers Noix Coco RAFAELLO,2.0
05660,RR010201,Coff. 15 Rochers Noix Coco RAFAELLO,3.0
05660,SM010224,Bonbon Starmix 80g HARIBO,5.75
05660,SQ010124,Bonbon Squishy 80g HARIBO,5.0
05660,ST010208,Mix Sripe Assortiment 24x8x25g HARIBO,1.0
05660,TB030112,Boite Bonbon Spearmint T12x24 TIC TAC,1.0
05660,TB050112,Boite Bonbon Strawberry mix T12x24 TIC TAC,1.0
05660,TB070148,Tic Tac Mix T48x8 ARBRE,1.0
05660,TE020124,Bonbon Teeth 80g HARIBO,5.0
05660,WO020124,Bonbon Worms 80g HARIBO,4.666666666666667
05660,WO030124,Bonbon Fizz Worms 70g HARIBO,3.0
05669,AL010124,VIT'UP 170GR COLA CITRON,1.0
05669,AL020112,BEURRE COND 100 gr,1.0
05669,BB012020,CH CH Bigbabol Stick Tutti Frutti 5p x 20 x 20,1.0
05669,BB022020,CH CH Bigbabol Stick Strawberry 5p x 20 x 20,1.0
05669,BE010112,Biskrem Extra 92g - ULKER,26.4
05669,BE010124,Bonbon Berries 80g HARIBO,5.2
05669,BI030112,BISKREM DUO 85g - ULKER,48.0
05669,BI030124,Biskrem DUO 110g - ULKER,36.0
05669,BI060124,Biskrem Cacao 110g - ULKER,36.0
05669,BI070124,BISKREM CACAO 85g - ULKER,80.0
05669,BL040136,Blister Mentos Gum White Tutti Frutti 17g P12x12,1.0
05669,CC060106,Sachet Chupa-Chups The Best Of P120x6,1.0
05669,CH010124,Bonbon Chamallows Pink & White 70g HARIBO,9.0
05669,CH020424,Bonbon Chamallows Party 70g HARIBO,8.75
05669,CH060124,Bonbon Chamallows Pink & White 25g x 24 HARIBO,1.6666666666666667
05669,FA030112,Mentos Fresh Action Stick Cherry Mint 10px24x12,1.0
05669,FR010116,Trio de Rochers Chocolat FERRERO,1.0
05669,FR010120,Bonbon Fruit-tella Stick  Strawberry 10px20x12,1.0
05669,FR010201,Coff. 16 Rochers Chocolat FERRERO,3.5
05669,GB020130,Bonbon Gold-Bears 80gx30 - HARIBO,3.0
05669,HC020130,Bonbon Happy Cola 80gx30 HARIBO,3.0
05669,HC030124,Bonbon Happy Cherries 80g HARIBO,10.0
05669,HC030324,Bonbon Happy Cola Fizz 70g HARIBO,6.0
05669,JA010106,Mini Mentos Jar Fruit Mix 1Kg P100x6,1.0
05669,KC010120,YAOURT AROME CITRON,1.0
05669,KC010130,YAOURT AROME FRUITS DES BOIS,1.0
05669,KC010240,BIFI NATURE 0%,1.0
05669,KC020130,Barre de Chocolat Biscuit noisette BUENO WHITE,1.0
05669,KD010114,Kinder Délice T10X14,2.0
05669,KD020114,Kinder Délice T1X10X14 (Pièce),1.0
05669,KK010106,KAT KAT TAT Noisette 24g (24x6),1.0
05669,KK010112,KAT KAT TAT Chocolat 26g (24x12),1.5
05669,KS020116,Kinder Joy T1x16 Boy,1.0
05669,KS020216,Kinder Joy T1x16 Girl,1.0
05669,KS030116,Kinder Joy T1x16 Boy Collection 2,1.0
05669,LG020124,Gaufrette Golden  Chocolat Blanc & Citron 70g,24.0
05669,LG020224,Gaufrette Golden Chocolat Blanc & Framboise 70g -L,32.0
05669,LG020324,Gaufrette Golden Wafers goût Chocolat 70g - LINGOT,24.0
05669,LG020424,Gaufrette Golden Chocolat Blanc & Kiwi 70g - LINGO,24.0
05669,LI010140,Gaufrette Goût Chocolat 30g - LINGOT (Colisage 40),40.0
05669,LI030140,Gaufrette Goût Noisette 30g - LINGOT (Colisage 40),80.0
05669,LI050140,Gaufrette Goût Lait 30g - LINGOT (Colisage 40),40.0
05669,MF011212,MILLE-FEUILLE Fraise 24g ( 12X12 ),1.0
05669,MI010124,Bonbon Mix Fizz 70g HARIBO,3.0
05669,MR070108,Mentos Rolls Sour Mix 39.2g P14x20,1.0
05669,MV020108,Mc vities Dark Chocolate 62g (8x10),1.0
05669,NP010301,Pate a Tartiner de 350 grs NUTELLA,4.0
05669,NP010604,Nutella B-Ready T1x36x4,1.0
05669,PH020224,Bonbon Phantasia 80g HARIBO,3.0
05669,RA040124,Canette Float Ananas 240 ML - RANI,24.0
05669,RA060124,Canette Float Fraise-Banane 240 ML - RANI,24.0
05669,RO010112,Bonbon Roulette 25g - HARIBO,1.0
05669,RR010116,Trio de Rochers Noix Coco RAFAELLO,1.0
05669,RR010201,Coff. 15 Rochers Noix Coco RAFAELLO,2.0
05669,SM010224,Bonbon Starmix 80g HARIBO,3.0
05669,SQ010124,Bonbon Squishy 80g HARIBO,3.0
05669,TB070148,Tic Tac Mix T48x8 ARBRE,1.0
05669,TE020124,Bonbon Teeth 80g HARIBO,3.0
05674,AL010124,VIT'UP 170GR COLA CITRON,1.2222222222222223
05674,AL020112,BEURRE COND 100 gr,1.0
05674,BB012020,CH CH Bigbabol Stick Tutti Frutti 5p x 20 x 20,1.9
05674,BB022020,CH CH Bigbabol Stick Strawberry 5p x 20 x 20,1.4545454545454546
05674,BE010124,Bonbon Berries 80g HARIBO,24.0
05674,BI020124,Biskrem DUO 60g - ULKER,24.0
05674,BI030112,BISKREM DUO 85g - ULKER,48.0
05674,BI050124,Biskrem Cacao 60g - ULKER,24.0
05674,BI060124,Biskrem Cacao 110g - ULKER,48.0
05674,BI070124,BISKREM CACAO 85g - ULKER,64.0
05674,BI080124,BISKREM DUO 85g - ULKER,60.0
05674,BL030136,Blister Mentos Gum White Sweet Mint 17g P12x12,1.1111111111111112
05674,BL040136,Blister Mentos Gum White Tutti Frutti 17g P12x12,1.1111111111111112
05674,CC010112,Sachet Chupa-Chups Fruit P10x12,3.3333333333333335
05674,CC020112,Sachet Chupa-Chups Fresh Cola P10x12,3.3333333333333335
05674,CC030112,Sachet Chupa-Chups Milky P10x12,3.3333333333333335
05674,CC050112,Sachet Chupa-Chups The Best Of P10x12,3.0
05674,CC060106,Sachet Chupa-Chups The Best Of P120x6,3.0
05674,CC060112,CH CH XXL Strawberry 25Px29g,2.375
05674,CC070106,CH CH Melody Strawberry 48x6,1.6
05674,CC070124,Sachet Chupa Chups Mini 35Px24,4.4
05674,CH010124,Bonbon Chamallows Pink & White 70g HARIBO,33.0
05674,CH020424,Bonbon Chamallows Party 70g HARIBO,24.0
05674,CH060124,Bonbon Chamallows Pink & White 25g x 24 HARIBO,1.0
05674,DC010224,YAOURT BRASSE VANILLE,1.2
05674,FA020118,Mentos Fresh Action Cup Cherry Mint 280g P100x18,1.0
05674,FF010112,Big Babol Filifolly Strawberry 11g x 12 Sachets,1.1666666666666667
05674,FF020112,Big Babol Filifolly Fruit 11g x 12 Sachets,1.0
05674,FF030112,Big Babol Filifolly Watermelon 11g x 12 Sachets,1.1666666666666667
05674,FR010116,Trio de Rochers Chocolat FERRERO,1.0714285714285714
05674,FR010120,Bonbon Fruit-tella Stick  Strawberry 10px20x12,1.0909090909090908
05674,FR010201,Coff. 16 Rochers Chocolat FERRERO,7.476190476190476
05674,FR010220,Bonbon Fruit-tella Stick Orange 10px20x12,1.1666666666666667
05674,FR010301,Coff. de 24 Rochers Chocolat FERRERO,3.7777777777777777
05674,FR010401,Coff. de 30 Rochers Chocolat FERRERO,6.5
05674,FR010501,Coffret de 24 Rochers Collection Chocolat FERRERO,6.0
05674,FR010603,Coffret de 28 Rochers Cône Chocolat FERRERO,3.0
05674,GB020130,Bonbon Gold-Bears 80gx30 - HARIBO,30.0
05674,HC020130,Bonbon Happy Cola 80gx30 HARIBO,30.0
05674,HC030124,Bonbon Happy Cherries 80g HARIBO,24.0
05674,HC030324,Bonbon Happy Cola Fizz 70g HARIBO,24.0
05674,HZ010112,HEINZ LIGHT MAYONNAISE 225 ML,12.0
05674,HZ010124,TOMATO KETCHUP 200 G - HEINZ,24.0
05674,HZ010212,HEINZ CHILI MAYONNAISE 225 ML,12.0
05674,HZ010224,BARBECUE SAUCE 200 G - HEINZ,24.0
05674,HZ010312,HEINZ GARLIC MAYONNAISE 225 ML,12.0
05674,HZ010412,HEINZ RANCH DRESSING 400 ML,12.0
05674,HZ010512,HEINZ CAESAR SALAD DRESSING 400 ML,12.0
05674,HZ010612,HEINZ THOUSAND ISLAND DRESSING 400 ML,12.0
05674,HZ010712,TOMATO KETCHUP 300 G - HEINZ,12.0
05674,JB010148,Bonbon Jelly Beans 80g HARIBO,48.0
05674,KC010120,YAOURT AROME CITRON,2.076923076923077
05674,KC010130,YAOURT AROME FRUITS DES BOIS,1.7037037037037037
05674,KC010210,YAOURT AROME NOIX DE COCO,1.1428571428571428
05674,KC010240,BIFI NATURE 0%,1.6
05674,KC010336,YAOURT AROME NATURE,1.4705882352941178
05674,KC020130,Barre de Chocolat Biscuit noisette BUENO WHITE,1.55
05674,KD010114,Kinder Délice T10X14,4.777777777777778
05674,KD020114,Kinder Délice T1X10X14 (Pièce),4.0
05674,KH010128,Kinder Happy Hippo Cocoa T1x28x6,1.8666666666666667
05674,KH020110,Kinder Happy Hippo Cocoa T5x10,1.0
05674,KS020116,Kinder Joy T1x16 Boy,6.0
05674,KS020216,Kinder Joy T1x16 Girl,6.0
05674,KS030116,Kinder Joy T1x16 Boy Collection 2,2.0714285714285716
05674,KS030216,Kinder Joy T1x16 Girl Collection 2,2.3333333333333335
05674,LG020124,Gaufrette Golden  Chocolat Blanc & Citron 70g,24.0
05674,LG020224,Gaufrette Golden Chocolat Blanc & Framboise 70g -L,24.0
05674,LG020324,Gaufrette Golden Wafers goût Chocolat 70g - LINGOT,30.0
05674,MD010112,"Mentos Gum 3D Fresh Mint 8,5g P5x15",1.8333333333333333
05674,MD020112,"Mentos Gum 3D S-A-R 8,5g P5x15",1.3333333333333333
05674,MD030112,"Mentos Gum 3D Watermelon 8,5g P5x15",1.2
05674,MG010116,Mentos Gum Rolls Pure Fresh 1.75g P9x16,1.0
05674,MI010124,Bonbon Mix Fizz 70g HARIBO,24.0
05674,MR010108,"Mentos Rolls Menthe 39,2g P14x20",1.0
05674,MR020108,"Mentos Rolls Strawberry 39,2g P14x20",1.0
05674,MR030108,"Mentos Rolls Rainbow 39,2g P14x20",1.0
05674,MR040108,"Mentos Rolls Tutti Frutti 39,2 g P14x20",1.0
05674,MR050108,"Mentos Rolls Fruit 39,2g P14x20",1.0
05674,MR070108,Mentos Rolls Sour Mix 39.2g P14x20,1.5
05674,MW010112,"Boite Mentos Gum White Sweet Mint 53,2g P38x6",1.4
05674,MW020112,"Boite Mentos Gum White Tutti Frutti 53,2g P38x6",1.3333333333333333
05674,NP010301,Pate a Tartiner de 350 grs NUTELLA,33.84615384615385
05674,NP010306,Pôt Pâte à tartiner de 600g NUTELLA,36.785714285714285
05674,NP010406,Pôt Pâte à tartiner de 600g NUTELLA OCCASION,42.0
05674,NP010407,Pôt Pâte à tartiner de 350g NUTELLA OCCASION,45.0
05674,NP010501,Nutella & Go 52g,34.0
05674,NP010604,Nutella B-Ready T1x36x4,1.5
05674,NP060716,Nutella B-Ready T6x16,11.714285714285714
05674,PF010206,Boite Mentos Gum PF Fresh Mint 24g P12x10,1.0
05674,PF020106,Boite Mentos Gum PF Fresh Mint 56g P28x6,1.0
05674,PF030106,Boite Mentos Gum PF Wintergreen 56g P28x6,1.0
05674,PH020224,Bonbon Phantasia 80g HARIBO,24.0
05674,PV010124,Bonbon Primavera 80g HARIBO,24.0
05674,RA010124,Canette Float Orange 240 ML - RANI,8.0
05674,RA020124,Canette Float Peche 240 ML - RANI,8.0
05674,RA030124,Canette Float Mangue 240 ML - RANI,8.0
05674,RA050124,Canette Float Cocktail 240 ML - RANI,8.0
05674,RA060124,Canette Float Fraise-Banane 240 ML - RANI,8.0
05674,RO010112,Bonbon Roulette 25g - HARIBO,2.130434782608696
05674,RR010116,Trio de Rochers Noix Coco RAFAELLO,1.7777777777777777
05674,RR010201,Coff. 15 Rochers Noix Coco RAFAELLO,7.5
05674,SM010224,Bonbon Starmix 80g HARIBO,24.0
05674,SQ010124,Bonbon Squishy 80g HARIBO,24.0
05674,ST010208,Mix Sripe Assortiment 24x8x25g HARIBO,1.75
05674,TB070148,Tic Tac Mix T48x8 ARBRE,8.0
05674,TE020124,Bonbon Teeth 80g HARIBO,24.0
05674,WO020124,Bonbon Worms 80g HARIBO,24.0
05674,WO030124,Bonbon Fizz Worms 70g HARIBO,24.0
05678,NP010301,Pate a Tartiner de 350 grs NUTELLA,1.0
05678,NP010604,Nutella B-Ready T1x36x4,1.0
05678,TB050112,Boite Bonbon Strawberry mix T12x24 TIC TAC,1.0
05679,AL010124,VIT'UP 170GR COLA CITRON,1.0
05679,BB012020,CH CH Bigbabol Stick Tutti Frutti 5p x 20 x 20,1.0
05679,BB022020,CH CH Bigbabol Stick Strawberry 5p x 20 x 20,1.0
05679,BE010112,Biskrem Extra 92g - ULKER,12.0
05679,BE010124,Bonbon Berries 80g HARIBO,12.8
05679,BL030136,Blister Mentos Gum White Sweet Mint 17g P12x12,2.0
05679,BL040136,Blister Mentos Gum White Tutti Frutti 17g P12x12,2.0
05679,CC060106,Sachet Chupa-Chups The Best Of P120x6,1.6
05679,CC060112,CH CH XXL Strawberry 25Px29g,1.0
05679,CC070106,CH CH Melody Strawberry 48x6,1.0
05679,CH010124,Bonbon Chamallows Pink & White 70g HARIBO,36.0
05679,CH020424,Bonbon Chamallows Party 70g HARIBO,53.42857142857143
05679,CH060124,Bonbon Chamallows Pink & White 25g x 24 HARIBO,1.0
05679,DC010224,YAOURT BRASSE VANILLE,3.3333333333333335
05679,FF010112,Big Babol Filifolly Strawberry 11g x 12 Sachets,2.0
05679,FF020112,Big Babol Filifolly Fruit 11g x 12 Sachets,2.0
05679,FF030112,Big Babol Filifolly Watermelon 11g x 12 Sachets,1.3333333333333333
05679,FR010116,Trio de Rochers Chocolat FERRERO,2.5
05679,FR010120,Bonbon Fruit-tella Stick  Strawberry 10px20x12,1.0
05679,FR010201,Coff. 16 Rochers Chocolat FERRERO,12.5
05679,FR010220,Bonbon Fruit-tella Stick Orange 10px20x12,1.0
05679,FR010301,Coff. de 24 Rochers Chocolat FERRERO,5.333333333333333
05679,FR010401,Coff. de 30 Rochers Chocolat FERRERO,12.0
05679,FR010501,Coffret de 24 Rochers Collection Chocolat FERRERO,6.0
05679,FR010603,Coffret de 28 Rochers Cône Chocolat FERRERO,3.0
05679,GB010324,Bonbon Gold-Bears 30g HARIBO,24.0
05679,GB020130,Bonbon Gold-Bears 80gx30 - HARIBO,5.333333333333333
05679,HC020130,Bonbon Happy Cola 80gx30 HARIBO,6.0
05679,HC020224,Bonbon Happy Cola 30g HARIBO,24.0
05679,HC030124,Bonbon Happy Cherries 80g HARIBO,10.0
05679,HC030324,Bonbon Happy Cola Fizz 70g HARIBO,18.0
05679,JB010148,Bonbon Jelly Beans 80g HARIBO,5.0
05679,KC010120,YAOURT AROME CITRON,8.0
05679,KC010130,YAOURT AROME FRUITS DES BOIS,2.2
05679,KC010210,YAOURT AROME NOIX DE COCO,8.0
05679,KC010336,YAOURT AROME NATURE,1.6666666666666667
05679,KC010506,Kinder Creamy T1x24x6,1.3333333333333333
05679,KC020130,Barre de Chocolat Biscuit noisette BUENO WHITE,2.5
05679,KD010114,Kinder Délice T10X14,3.3333333333333335
05679,KD020114,Kinder Délice T1X10X14 (Pièce),2.0
05679,KH010128,Kinder Happy Hippo Cocoa T1x28x6,1.75
05679,KH020110,Kinder Happy Hippo Cocoa T5x10,1.0
05679,KS020116,Kinder Joy T1x16 Boy,9.0
05679,KS020216,Kinder Joy T1x16 Girl,8.333333333333334
05679,KS030116,Kinder Joy T1x16 Boy Collection 2,1.0
05679,KS030216,Kinder Joy T1x16 Girl Collection 2,1.0
05679,MD010112,"Mentos Gum 3D Fresh Mint 8,5g P5x15",1.3333333333333333
05679,MD020112,"Mentos Gum 3D S-A-R 8,5g P5x15",1.3333333333333333
05679,MD030112,"Mentos Gum 3D Watermelon 8,5g P5x15",1.3333333333333333
05679,MF011212,MILLE-FEUILLE Fraise 24g ( 12X12 ),1.0
05679,MG010116,Mentos Gum Rolls Pure Fresh 1.75g P9x16,1.0
05679,MI010124,Bonbon Mix Fizz 70g HARIBO,14.5
05679,MR010108,"Mentos Rolls Menthe 39,2g P14x20",1.0
05679,MR020108,"Mentos Rolls Strawberry 39,2g P14x20",1.0
05679,MR030108,"Mentos Rolls Rainbow 39,2g P14x20",1.0
05679,MR040108,"Mentos Rolls Tutti Frutti 39,2 g P14x20",1.0
05679,MR050108,"Mentos Rolls Fruit 39,2g P14x20",1.0
05679,MW010112,"Boite Mentos Gum White Sweet Mint 53,2g P38x6",1.0
05679,MW020112,"Boite Mentos Gum White Tutti Frutti 53,2g P38x6",1.0
05679,NP010301,Pate a Tartiner de 350 grs NUTELLA,22.25
05679,NP010306,Pôt Pâte à tartiner de 600g NUTELLA,14.571428571428571
05679,NP010406,Pôt Pâte à tartiner de 600g NUTELLA OCCASION,6.5
05679,NP010407,Pôt Pâte à tartiner de 350g NUTELLA OCCASION,15.0
05679,NP010501,Nutella & Go 52g,24.0
05679,NP010604,Nutella B-Ready T1x36x4,1.75
05679,NP060716,Nutella B-Ready T6x16,14.333333333333334
05679,PF010206,Boite Mentos Gum PF Fresh Mint 24g P12x10,1.0
05679,PF020106,Boite Mentos Gum PF Fresh Mint 56g P28x6,1.0
05679,PF030106,Boite Mentos Gum PF Wintergreen 56g P28x6,1.0
05679,PH020224,Bonbon Phantasia 80g HARIBO,12.8
05679,RA010124,Canette Float Orange 240 ML - RANI,12.0
05679,RA020124,Canette Float Peche 240 ML - RANI,12.0
05679,RA040124,Canette Float Ananas 240 ML - RANI,12.0
05679,RA060124,Canette Float Fraise-Banane 240 ML - RANI,12.0
05679,RO010112,Bonbon Roulette 25g - HARIBO,1.0
05679,RR010116,Trio de Rochers Noix Coco RAFAELLO,2.5
05679,RR010201,Coff. 15 Rochers Noix Coco RAFAELLO,6.0
05679,SM010224,Bonbon Starmix 80g HARIBO,12.8
05679,SQ010124,Bonbon Squishy 80g HARIBO,9.5
05679,TB070148,Tic Tac Mix T48x8 ARBRE,3.0
05679,TE020124,Bonbon Teeth 80g HARIBO,18.0
05679,WO020124,Bonbon Worms 80g HARIBO,18.0
05679,WO030124,Bonbon Fizz Worms 70g HARIBO,14.5
05681,BE010112,Biskrem Extra 92g - ULKER,18.0
05681,CH010124,Bonbon Chamallows Pink & White 70g HARIBO,24.0
05681,FR010116,Trio de Rochers Chocolat FERRERO,1.0
05681,GB020130,Bonbon Gold-Bears 80gx30 - HARIBO,30.0
05681,HC020130,Bonbon Happy Cola 80gx30 HARIBO,30.0
05681,HC030124,Bonbon Happy Cherries 80g HARIBO,24.0
05681,KC010120,YAOURT AROME CITRON,1.0
05681,KC010130,YAOURT AROME FRUITS DES BOIS,1.0
05681,KC010210,YAOURT AROME NOIX DE COCO,1.0
05681,KC010240,BIFI NATURE 0%,1.0
05681,KC010336,YAOURT AROME NATURE,1.0
05681,KC010618,Kinder Creamy T1X8X18,2.0
05681,KC020130,Barre de Chocolat Biscuit noisette BUENO WHITE,1.0
05681,KS030116,Kinder Joy T1x16 Boy Collection 2,1.0
05681,KS030216,Kinder Joy T1x16 Girl Collection 2,1.0
05681,LG020124,Gaufrette Golden  Chocolat Blanc & Citron 70g,24.0
05681,LG020224,Gaufrette Golden Chocolat Blanc & Framboise 70g -L,24.0
05681,LG020324,Gaufrette Golden Wafers goût Chocolat 70g - LINGOT,24.0
05681,LG020424,Gaufrette Golden Chocolat Blanc & Kiwi 70g - LINGO,24.0
05681,LT010124,Gaufrette enrobée choco 30G Riz Soufflé (24x4),1.0
05681,LT020124,Gaufrette enrobée choco 30G Cacahueté (24x4),1.0
05681,LT030124,Gaufrette enrobée choco 30G Triple saveur (24x4),1.0
05681,MG010116,Mentos Gum Rolls Pure Fresh 1.75g P9x16,1.0
05681,ML010160,"Gaufrette Mini Lingot  16,5g - LINGOT (colisage 60",120.0
05681,NP010604,Nutella B-Ready T1x36x4,1.0
05681,PH020224,Bonbon Phantasia 80g HARIBO,12.0
05681,RO010112,Bonbon Roulette 25g - HARIBO,2.0
05681,SM010224,Bonbon Starmix 80g HARIBO,24.0
05681,SQ010124,Bonbon Squishy 80g HARIBO,2.0
05681,TB010112,Boite Bonbon Menthe T12x24 TIC TAC,1.0
05681,TB020112,Boite Bonbon Orange T12x24 TIC TAC,1.0
05681,TB030112,Boite Bonbon Spearmint T12x24 TIC TAC,1.0
05681,TB050112,Boite Bonbon Strawberry mix T12x24 TIC TAC,1.0
05681,TE020124,Bonbon Teeth 80g HARIBO,36.0
05681,WO020124,Bonbon Worms 80g HARIBO,36.0
05683,0005,Compote pomme fraise,1.0
05683,BI060124,Biskrem Cacao 110g - ULKER,72.0
05683,KK010106,KAT KAT TAT Noisette 24g (24x6),1.0
05683,KK010112,KAT KAT TAT Chocolat 26g (24x12),1.25
05683,LI010124,Gaufrette gout Chocolat 70g - LINGOT(colisage 24),64.0
05683,LI020124,Gaufrette gout Lait 70g - LINGOT (colisage 24),24.0
05683,LI030124,Gaufrette gout Caramel 70g - LINGOT (colisage 24),24.0
05683,LI040124,Gaufrette gout Noisette 70g - LINGOT (colisage 24),24.0
05683,LI050124,Gaufrette gout Fraise 70g - LINGOT (colisage 24),24.0
05684,AL010124,VIT'UP 170GR COLA CITRON,2.0
05684,AL020112,BEURRE COND 100 gr,1.0
05684,BB012020,CH CH Bigbabol Stick Tutti Frutti 5p x 20 x 20,1.0
05684,BI020124,Biskrem DUO 60g - ULKER,24.0
05684,BI030124,Biskrem DUO 110g - ULKER,24.0
05684,BI060124,Biskrem Cacao 110g - ULKER,24.0
05684,BL040136,Blister Mentos Gum White Tutti Frutti 17g P12x12,1.0
05684,CC060106,Sachet Chupa-Chups The Best Of P120x6,1.25
05684,CH010124,Bonbon Chamallows Pink & White 70g HARIBO,24.0
05684,DC010224,YAOURT BRASSE VANILLE,1.0
05684,FA010118,Mentos Fresh Action Cup Menthol 280g P100x18,1.0
05684,FA020118,Mentos Fresh Action Cup Cherry Mint 280g P100x18,1.3333333333333333
05684,GB010324,Bonbon Gold-Bears 30g HARIBO,5.0
05684,HC020224,Bonbon Happy Cola 30g HARIBO,5.0
05684,KC010120,YAOURT AROME CITRON,1.0
05684,KC010130,YAOURT AROME FRUITS DES BOIS,1.0
05684,KC010240,BIFI NATURE 0%,1.0
05684,KD010114,Kinder Délice T10X14,1.0
05684,KH010128,Kinder Happy Hippo Cocoa T1x28x6,1.0
05684,KS020116,Kinder Joy T1x16 Boy,1.0
05684,KS030116,Kinder Joy T1x16 Boy Collection 2,1.0
05684,KS030216,Kinder Joy T1x16 Girl Collection 2,1.0
05684,MG010116,Mentos Gum Rolls Pure Fresh 1.75g P9x16,1.0
05684,MR040108,"Mentos Rolls Tutti Frutti 39,2 g P14x20",1.0
05684,NP010604,Nutella B-Ready T1x36x4,1.0
05684,RA010124,Canette Float Orange 240 ML - RANI,6.0
05684,RA040124,Canette Float Ananas 240 ML - RANI,6.0
05684,RO010112,Bonbon Roulette 25g - HARIBO,1.0
05684,ST010208,Mix Sripe Assortiment 24x8x25g HARIBO,1.0
05685,AL010124,VIT'UP 170GR COLA CITRON,1.0
05685,BE010124,Bonbon Berries 80g HARIBO,2.0
05685,BI060124,Biskrem Cacao 110g - ULKER,24.0
05685,BL030136,Blister Mentos Gum White Sweet Mint 17g P12x12,1.0
05685,BL040136,Blister Mentos Gum White Tutti Frutti 17g P12x12,1.0
05685,CC060106,Sachet Chupa-Chups The Best Of P120x6,1.0
05685,CH010124,Bonbon Chamallows Pink & White 70g HARIBO,6.0
05685,CH020424,Bonbon Chamallows Party 70g HARIBO,5.0
05685,FA010118,Mentos Fresh Action Cup Menthol 280g P100x18,1.0
05685,FA020118,Mentos Fresh Action Cup Cherry Mint 280g P100x18,1.0
05685,FA030112,Mentos Fresh Action Stick Cherry Mint 10px24x12,1.0
05685,FF010112,Big Babol Filifolly Strawberry 11g x 12 Sachets,1.0
05685,FR010116,Trio de Rochers Chocolat FERRERO,1.0
05685,HC030124,Bonbon Happy Cherries 80g HARIBO,1.5
05685,KC010130,YAOURT AROME FRUITS DES BOIS,1.0
05685,KK010106,KAT KAT TAT Noisette 24g (24x6),1.0
05685,KK010112,KAT KAT TAT Chocolat 26g (24x12),1.0
05685,MD020112,"Mentos Gum 3D S-A-R 8,5g P5x15",1.0
05685,MR010108,"Mentos Rolls Menthe 39,2g P14x20",1.0
05685,NP010301,Pate a Tartiner de 350 grs NUTELLA,2.0
05685,TE020124,Bonbon Teeth 80g HARIBO,2.0
05786,BI060124,Biskrem Cacao 110g - ULKER,24.0
05786,FA010118,Mentos Fresh Action Cup Menthol 280g P100x18,1.0
05786,LI010124,Gaufrette gout Chocolat 70g - LINGOT(colisage 24),24.0
05786,LT020124,Gaufrette enrobée choco 30G Cacahueté (24x4),1.0
05786,LT030124,Gaufrette enrobée choco 30G Triple saveur (24x4),1.0
05787,BI050124,Biskrem Cacao 60g - ULKER,24.0
05787,BI060124,Biskrem Cacao 110g - ULKER,24.0
05787,LT020124,Gaufrette enrobée choco 30G Cacahueté (24x4),1.0
05787,LT030124,Gaufrette enrobée choco 30G Triple saveur (24x4),1.0
05788,BI050124,Biskrem Cacao 60g - ULKER,24.0
05788,BI060124,Biskrem Cacao 110g - ULKER,24.0
05788,CH060124,Bonbon Chamallows Pink & White 25g x 24 HARIBO,1.0
05788,LT020124,Gaufrette enrobée choco 30G Cacahueté (24x4),1.0
05788,LT030124,Gaufrette enrobée choco 30G Triple saveur (24x4),1.0
05789,BI050124,Biskrem Cacao 60g - ULKER,24.0
05789,LT020124,Gaufrette enrobée choco 30G Cacahueté (24x4),1.0
05789,LT030124,Gaufrette enrobée choco 30G Triple saveur (24x4),1.0
05790,BI060124,Biskrem Cacao 110g - ULKER,24.0
05790,LT020124,Gaufrette enrobée choco 30G Cacahueté (24x4),1.0
05790,LT030124,Gaufrette enrobée choco 30G Triple saveur (24x4),1.0
05791,BE010112,Biskrem Extra 92g - ULKER,12.0
05791,BI030124,Biskrem DUO 110g - ULKER,24.0
05791,KK010112,KAT KAT TAT Chocolat 26g (24x12),1.0
05791,LI010124,Gaufrette gout Chocolat 70g - LINGOT(colisage 24),24.0
05791,LI040124,Gaufrette gout Noisette 70g - LINGOT (colisage 24),24.0
05791,NP010306,Pôt Pâte à tartiner de 600g NUTELLA,3.0
05791,RA060124,Canette Float Fraise-Banane 240 ML - RANI,24.0
05791,RO010112,Bonbon Roulette 25g - HARIBO,1.0
05791,TB010112,Boite Bonbon Menthe T12x24 TIC TAC,1.0
05792,0000,DOLCE DUO 70 GR,4.0
05792,0005,Compote pomme fraise,1.0
05792,BE010112,Biskrem Extra 92g - ULKER,12.0
05792,BI050124,Biskrem Cacao 60g - ULKER,24.0
05792,BI060124,Biskrem Cacao 110g - ULKER,72.0
05792,FR010603,Coffret de 28 Rochers Cône Chocolat FERRERO,1.0
05792,KK010112,KAT KAT TAT Chocolat 26g (24x12),2.0
05792,L003,FILTRE A HUILE MISFAT L003,1.0
05792,NP010301,Pate a Tartiner de 350 grs NUTELLA,2.0
05792,zaeaze,zaezaeazeaze,4.0
05793,BI050124,Biskrem Cacao 60g - ULKER,24.0
05795,AL020112,BEURRE COND 100 gr,1.0
05795,BI030124,Biskrem DUO 110g - ULKER,24.0
05795,BI060124,Biskrem Cacao 110g - ULKER,24.0
05795,BI070124,BISKREM CACAO 85g - ULKER,24.0
05795,KC010120,YAOURT AROME CITRON,1.0
05795,KD010114,Kinder Délice T10X14,1.0
05795,KS020116,Kinder Joy T1x16 Boy,1.0
05795,LG020324,Gaufrette Golden Wafers goût Chocolat 70g - LINGOT,24.0
05795,RA040124,Canette Float Ananas 240 ML - RANI,24.0
05795,RO010112,Bonbon Roulette 25g - HARIBO,1.0
05796,CC070106,CH CH Melody Strawberry 48x6,1.0
05796,FF010112,Big Babol Filifolly Strawberry 11g x 12 Sachets,1.0
05796,FF020112,Big Babol Filifolly Fruit 11g x 12 Sachets,1.0
05796,KK010112,KAT KAT TAT Chocolat 26g (24x12),1.0
05796,TB010112,Boite Bonbon Menthe T12x24 TIC TAC,1.0
05797,0005,Compote pomme fraise,4.0
05797,AL020112,BEURRE COND 100 gr,1.0
05797,BI030112,BISKREM DUO 85g - ULKER,12.0
05797,BI030124,Biskrem DUO 110g - ULKER,64.0
05797,BI050124,Biskrem Cacao 60g - ULKER,24.0
05797,BI060124,Biskrem Cacao 110g - ULKER,84.0
05797,BI070124,BISKREM CACAO 85g - ULKER,24.0
05797,CH010124,Bonbon Chamallows Pink & White 70g HARIBO,12.0
05797,FA010118,Mentos Fresh Action Cup Menthol 280g P100x18,1.0
05797,FA020118,Mentos Fresh Action Cup Cherry Mint 280g P100x18,1.0
05797,KS020216,Kinder Joy T1x16 Girl,1.0
05797,LG020324,Gaufrette Golden Wafers goût Chocolat 70g - LINGOT,24.0
05797,TB010112,Boite Bonbon Menthe T12x24 TIC TAC,1.0
05798,AL010124,VIT'UP 170GR COLA CITRON,5.5
05798,AL020112,BEURRE COND 100 gr,6.5
05798,BI060124,Biskrem Cacao 110g - ULKER,24.0
05798,BR010124,LBEN 430 GR,5.0
05798,FA010118,Mentos Fresh Action Cup Menthol 280g P100x18,1.0
05798,FA020118,Mentos Fresh Action Cup Cherry Mint 280g P100x18,1.0
05798,LI040124,Gaufrette gout Noisette 70g - LINGOT (colisage 24),24.0
05799,BI050124,Biskrem Cacao 60g - ULKER,24.0
05799,KK010112,KAT KAT TAT Chocolat 26g (24x12),1.0
05799,LT030124,Gaufrette enrobée choco 30G Triple saveur (24x4),1.0
05800,BI060124,Biskrem Cacao 110g - ULKER,24.0
05800,ML010160,"Gaufrette Mini Lingot  16,5g - LINGOT (colisage 60",60.0
05801,0005,Compote pomme fraise,1.0
05801,BI060124,Biskrem Cacao 110g - ULKER,48.0
05801,FA010118,Mentos Fresh Action Cup Menthol 280g P100x18,1.0
05801,FR010116,Trio de Rochers Chocolat FERRERO,1.0
05801,LI010124,Gaufrette gout Chocolat 70g - LINGOT(colisage 24),24.0
05801,LI020124,Gaufrette gout Lait 70g - LINGOT (colisage 24),24.0
05801,LI040124,Gaufrette gout Noisette 70g - LINGOT (colisage 24),24.0
05801,LT010124,Gaufrette enrobée choco 30G Riz Soufflé (24x4),4.0
05801,LT020124,Gaufrette enrobée choco 30G Cacahueté (24x4),4.0
05801,LT030124,Gaufrette enrobée choco 30G Triple saveur (24x4),4.0
05802,BI060124,Biskrem Cacao 110g - ULKER,24.0
05803,AL010124,VIT'UP 170GR COLA CITRON,1.0
05803,BI030112,BISKREM DUO 85g - ULKER,12.0
05803,BI080124,BISKREM DUO 85g - ULKER,24.0
05803,CH020424,Bonbon Chamallows Party 70g HARIBO,9.0
05803,KC010120,YAOURT AROME CITRON,1.0
05803,KC010130,YAOURT AROME FRUITS DES BOIS,1.0
05803,KK010112,KAT KAT TAT Chocolat 26g (24x12),1.0
05803,KS020116,Kinder Joy T1x16 Boy,1.0
05803,LG020324,Gaufrette Golden Wafers goût Chocolat 70g - LINGOT,24.0
05803,NP010306,Pôt Pâte à tartiner de 600g NUTELLA,6.0
05803,RA060124,Canette Float Fraise-Banane 240 ML - RANI,24.0
05803,TB010112,Boite Bonbon Menthe T12x24 TIC TAC,1.0
05803,TB020112,Boite Bonbon Orange T12x24 TIC TAC,1.0
05804,AL010124,VIT'UP 170GR COLA CITRON,1.5
05804,AL020112,BEURRE COND 100 gr,1.0
05804,BB012020,CH CH Bigbabol Stick Tutti Frutti 5p x 20 x 20,1.0
05804,BB022020,CH CH Bigbabol Stick Strawberry 5p x 20 x 20,1.0
05804,BE010124,Bonbon Berries 80g HARIBO,5.0
05804,BI020124,Biskrem DUO 60g - ULKER,36.0
05804,BI030124,Biskrem DUO 110g - ULKER,24.0
05804,BI050124,Biskrem Cacao 60g - ULKER,30.0
05804,BI060124,Biskrem Cacao 110g - ULKER,40.0
05804,BI070124,BISKREM CACAO 85g - ULKER,28.8
05804,BI080124,BISKREM DUO 85g - ULKER,24.0
05804,BL040136,Blister Mentos Gum White Tutti Frutti 17g P12x12,1.0
05804,CC060106,Sachet Chupa-Chups The Best Of P120x6,1.0
05804,CC060112,CH CH XXL Strawberry 25Px29g,1.3333333333333333
05804,CC070106,CH CH Melody Strawberry 48x6,1.5
05804,CH010124,Bonbon Chamallows Pink & White 70g HARIBO,24.0
05804,CH020424,Bonbon Chamallows Party 70g HARIBO,18.0
05804,DC010224,YAOURT BRASSE VANILLE,1.0
05804,FA020118,Mentos Fresh Action Cup Cherry Mint 280g P100x18,1.0
05804,FA030112,Mentos Fresh Action Stick Cherry Mint 10px24x12,1.0
05804,FF010112,Big Babol Filifolly Strawberry 11g x 12 Sachets,1.0
05804,FF020112,Big Babol Filifolly Fruit 11g x 12 Sachets,1.0
05804,FR010116,Trio de Rochers Chocolat FERRERO,1.0
05804,FR010120,Bonbon Fruit-tella Stick  Strawberry 10px20x12,1.0
05804,FR010220,Bonbon Fruit-tella Stick Orange 10px20x12,1.0
05804,FR010301,Coff. de 24 Rochers Chocolat FERRERO,4.0
05804,FR010401,Coff. de 30 Rochers Chocolat FERRERO,3.0
05804,HC030324,Bonbon Happy Cola Fizz 70g HARIBO,7.0
05804,KC010120,YAOURT AROME CITRON,1.75
05804,KC010130,YAOURT AROME FRUITS DES BOIS,1.0
05804,KC010210,YAOURT AROME NOIX DE COCO,1.0
05804,KC010240,BIFI NATURE 0%,1.25
05804,KC010336,YAOURT AROME NATURE,1.2
05804,KC010618,Kinder Creamy T1X8X18,1.0
05804,KC020130,Barre de Chocolat Biscuit noisette BUENO WHITE,1.1666666666666667
05804,KD010114,Kinder Délice T10X14,4.4
05804,KH010128,Kinder Happy Hippo Cocoa T1x28x6,1.5
05804,KH020110,Kinder Happy Hippo Cocoa T5x10,1.0
05804,KK010112,KAT KAT TAT Chocolat 26g (24x12),1.3333333333333333
05804,KS020116,Kinder Joy T1x16 Boy,1.0
05804,KS020216,Kinder Joy T1x16 Girl,1.0
05804,KS030116,Kinder Joy T1x16 Boy Collection 2,1.0
05804,LG020224,Gaufrette Golden Chocolat Blanc & Framboise 70g -L,24.0
05804,LG020324,Gaufrette Golden Wafers goût Chocolat 70g - LINGOT,24.0
05804,LT030124,Gaufrette enrobée choco 30G Triple saveur (24x4),1.0
05804,MD010112,"Mentos Gum 3D Fresh Mint 8,5g P5x15",1.0
05804,MD020112,"Mentos Gum 3D S-A-R 8,5g P5x15",1.0
05804,MD030112,"Mentos Gum 3D Watermelon 8,5g P5x15",1.0
05804,MG010116,Mentos Gum Rolls Pure Fresh 1.75g P9x16,1.0
05804,MI010124,Bonbon Mix Fizz 70g HARIBO,8.5
05804,MR010108,"Mentos Rolls Menthe 39,2g P14x20",1.0
05804,MR030108,"Mentos Rolls Rainbow 39,2g P14x20",1.0
05804,MW010112,"Boite Mentos Gum White Sweet Mint 53,2g P38x6",1.0
05804,MW020112,"Boite Mentos Gum White Tutti Frutti 53,2g P38x6",1.0
05804,NP010301,Pate a Tartiner de 350 grs NUTELLA,3.0
05804,NP010306,Pôt Pâte à tartiner de 600g NUTELLA,6.0
05804,NP010501,Nutella & Go 52g,24.0
05804,NP010604,Nutella B-Ready T1x36x4,1.1428571428571428
05804,RA020124,Canette Float Peche 240 ML - RANI,24.0
05804,RA030124,Canette Float Mangue 240 ML - RANI,24.0
05804,RA040124,Canette Float Ananas 240 ML - RANI,24.0
05804,RA050124,Canette Float Cocktail 240 ML - RANI,24.0
05804,RA060124,Canette Float Fraise-Banane 240 ML - RANI,24.0
05804,RO010112,Bonbon Roulette 25g - HARIBO,1.3333333333333333
05804,RR010116,Trio de Rochers Noix Coco RAFAELLO,1.0
05804,TB010112,Boite Bonbon Menthe T12x24 TIC TAC,1.0
05804,TB020112,Boite Bonbon Orange T12x24 TIC TAC,1.3333333333333333
05804,WO030124,Bonbon Fizz Worms 70g HARIBO,5.5
05805,AL010124,VIT'UP 170GR COLA CITRON,1.0
05805,BI020124,Biskrem DUO 60g - ULKER,24.0
05805,BI030112,BISKREM DUO 85g - ULKER,24.0
05805,BI030124,Biskrem DUO 110g - ULKER,36.0
05805,BI050124,Biskrem Cacao 60g - ULKER,24.0
05805,BI060124,Biskrem Cacao 110g - ULKER,24.0
05805,BI070124,BISKREM CACAO 85g - ULKER,36.0
05805,BI080124,BISKREM DUO 85g - ULKER,24.0
05805,BL030136,Blister Mentos Gum White Sweet Mint 17g P12x12,1.0
05805,CC060112,CH CH XXL Strawberry 25Px29g,1.0
05805,FA010118,Mentos Fresh Action Cup Menthol 280g P100x18,1.0
05805,FA020118,Mentos Fresh Action Cup Cherry Mint 280g P100x18,1.0
05805,JA010106,Mini Mentos Jar Fruit Mix 1Kg P100x6,1.0
05805,KC010120,YAOURT AROME CITRON,1.0
05805,KC010130,YAOURT AROME FRUITS DES BOIS,1.0
05805,KD010114,Kinder Délice T10X14,1.5
05805,KS010116,Kinder Joy T1x16 Limited Edition,1.0
05805,KS020116,Kinder Joy T1x16 Boy,1.0
05805,LI010124,Gaufrette gout Chocolat 70g - LINGOT(colisage 24),24.0
05805,LI020124,Gaufrette gout Lait 70g - LINGOT (colisage 24),24.0
05805,LI040124,Gaufrette gout Noisette 70g - LINGOT (colisage 24),24.0
05805,LT020124,Gaufrette enrobée choco 30G Cacahueté (24x4),1.0
05805,LT030124,Gaufrette enrobée choco 30G Triple saveur (24x4),1.0
05805,MR010108,"Mentos Rolls Menthe 39,2g P14x20",1.0
05805,MR030108,"Mentos Rolls Rainbow 39,2g P14x20",1.0
05805,MR050108,"Mentos Rolls Fruit 39,2g P14x20",1.0
05805,NP010301,Pate a Tartiner de 350 grs NUTELLA,3.0
05805,NP010604,Nutella B-Ready T1x36x4,1.0
05805,NP01A301,Pate a Tartiner 350 g   10% NUTELLA,3.0
05805,RA060124,Canette Float Fraise-Banane 240 ML - RANI,24.0
05805,RO010112,Bonbon Roulette 25g - HARIBO,1.0
05805,TB010112,Boite Bonbon Menthe T12x24 TIC TAC,1.0
05805,TB020112,Boite Bonbon Orange T12x24 TIC TAC,1.0
05805,TB070148,Tic Tac Mix T48x8 ARBRE,1.0
05806,AL010124,VIT'UP 170GR COLA CITRON,2.0
05806,BB012020,CH CH Bigbabol Stick Tutti Frutti 5p x 20 x 20,2.0
05806,BE010112,Biskrem Extra 92g - ULKER,12.0
05806,BE010124,Bonbon Berries 80g HARIBO,7.0
05806,BI020124,Biskrem DUO 60g - ULKER,48.0
05806,BI030112,BISKREM DUO 85g - ULKER,42.0
05806,BI030124,Biskrem DUO 110g - ULKER,24.0
05806,BI050124,Biskrem Cacao 60g - ULKER,24.0
05806,BI060124,Biskrem Cacao 110g - ULKER,60.0
05806,CC060106,Sachet Chupa-Chups The Best Of P120x6,1.0
05806,CC060112,CH CH XXL Strawberry 25Px29g,1.0
05806,CH010124,Bonbon Chamallows Pink & White 70g HARIBO,12.0
05806,CH020424,Bonbon Chamallows Party 70g HARIBO,6.0
05806,DC010224,YAOURT BRASSE VANILLE,1.0
05806,FA010118,Mentos Fresh Action Cup Menthol 280g P100x18,1.0
05806,FA020118,Mentos Fresh Action Cup Cherry Mint 280g P100x18,1.0
05806,FR010116,Trio de Rochers Chocolat FERRERO,1.0
05806,FR010120,Bonbon Fruit-tella Stick  Strawberry 10px20x12,1.0
05806,FR010220,Bonbon Fruit-tella Stick Orange 10px20x12,1.0
05806,HC030124,Bonbon Happy Cherries 80g HARIBO,3.0
05806,HC030324,Bonbon Happy Cola Fizz 70g HARIBO,9.5
05806,KC010120,YAOURT AROME CITRON,1.0
05806,KC010130,YAOURT AROME FRUITS DES BOIS,1.6666666666666667
05806,KC010240,BIFI NATURE 0%,1.5
05806,KC010336,YAOURT AROME NATURE,1.0
05806,KC020130,Barre de Chocolat Biscuit noisette BUENO WHITE,1.25
05806,KD010114,Kinder Délice T10X14,1.0
05806,KS020116,Kinder Joy T1x16 Boy,1.0
05806,KS020216,Kinder Joy T1x16 Girl,1.0
05806,LG020224,Gaufrette Golden Chocolat Blanc & Framboise 70g -L,24.0
05806,LG020324,Gaufrette Golden Wafers goût Chocolat 70g - LINGOT,24.0
05806,MI010124,Bonbon Mix Fizz 70g HARIBO,5.0
05806,MR030108,"Mentos Rolls Rainbow 39,2g P14x20",2.0
05806,NP010301,Pate a Tartiner de 350 grs NUTELLA,8.5
05806,NP010604,Nutella B-Ready T1x36x4,1.0
05806,RO010112,Bonbon Roulette 25g - HARIBO,1.5
05806,RR010116,Trio de Rochers Noix Coco RAFAELLO,1.0
05806,TB010112,Boite Bonbon Menthe T12x24 TIC TAC,1.0
05806,TB020112,Boite Bonbon Orange T12x24 TIC TAC,1.0
05806,TB030112,Boite Bonbon Spearmint T12x24 TIC TAC,1.0
05806,TB050112,Boite Bonbon Strawberry mix T12x24 TIC TAC,1.0
05806,WO030124,Bonbon Fizz Worms 70g HARIBO,3.0
05808,BI050124,Biskrem Cacao 60g - ULKER,24.0
05808,BI070124,BISKREM CACAO 85g - ULKER,24.0
05808,CC060106,Sachet Chupa-Chups The Best Of P120x6,1.0
05808,CH020424,Bonbon Chamallows Party 70g HARIBO,5.5
05808,FA010118,Mentos Fresh Action Cup Menthol 280g P100x18,1.0
05808,FR010201,Coff. 16 Rochers Chocolat FERRERO,5.0
05808,KC010120,YAOURT AROME CITRON,1.0
05808,KD010114,Kinder Délice T10X14,1.0
05808,NP010301,Pate a Tartiner de 350 grs NUTELLA,3.0
05808,RO010112,Bonbon Roulette 25g - HARIBO,1.0
05811,FR010201,Coff. 16 Rochers Chocolat FERRERO,2.0
05812,FR010501,Coffret de 24 Rochers Collection Chocolat FERRERO,4.0
05812,NP010501,Nutella & Go 52g,24.0
05814,KC010210,YAOURT AROME NOIX DE COCO,1.0
05814,NP010306,Pôt Pâte à tartiner de 600g NUTELLA,6.0
05815,AL020112,BEURRE COND 100 gr,1.0
05815,BB012020,CH CH Bigbabol Stick Tutti Frutti 5p x 20 x 20,1.0
05815,BB022020,CH CH Bigbabol Stick Strawberry 5p x 20 x 20,1.0
05815,BE010124,Bonbon Berries 80g HARIBO,6.0
05815,BI020124,Biskrem DUO 60g - ULKER,24.0
05815,BI030112,BISKREM DUO 85g - ULKER,24.0
05815,BI050124,Biskrem Cacao 60g - ULKER,24.0
05815,BI060124,Biskrem Cacao 110g - ULKER,24.0
05815,BI070124,BISKREM CACAO 85g - ULKER,48.0
05815,CC060106,Sachet Chupa-Chups The Best Of P120x6,1.0
05815,CC070106,CH CH Melody Strawberry 48x6,1.0
05815,CH010124,Bonbon Chamallows Pink & White 70g HARIBO,12.0
05815,FA010118,Mentos Fresh Action Cup Menthol 280g P100x18,1.0
05815,FA020118,Mentos Fresh Action Cup Cherry Mint 280g P100x18,1.0
05815,HC030324,Bonbon Happy Cola Fizz 70g HARIBO,6.0
05815,JA010106,Mini Mentos Jar Fruit Mix 1Kg P100x6,1.0
05815,KC010120,YAOURT AROME CITRON,1.0
05815,KC010130,YAOURT AROME FRUITS DES BOIS,1.0
05815,KC010240,BIFI NATURE 0%,1.0
05815,KD010114,Kinder Délice T10X14,2.0
05815,KS020116,Kinder Joy T1x16 Boy,1.0
05815,KS020216,Kinder Joy T1x16 Girl,1.0
05815,KS030116,Kinder Joy T1x16 Boy Collection 2,1.0
05815,MD030112,"Mentos Gum 3D Watermelon 8,5g P5x15",1.0
05815,MI010124,Bonbon Mix Fizz 70g HARIBO,6.0
05815,MR010108,"Mentos Rolls Menthe 39,2g P14x20",1.0
05815,MR020108,"Mentos Rolls Strawberry 39,2g P14x20",1.0
05815,MR030108,"Mentos Rolls Rainbow 39,2g P14x20",1.0
05815,MR040108,"Mentos Rolls Tutti Frutti 39,2 g P14x20",1.0
05815,MR050108,"Mentos Rolls Fruit 39,2g P14x20",1.0
05815,NP010301,Pate a Tartiner de 350 grs NUTELLA,1.0
05815,NP010604,Nutella B-Ready T1x36x4,1.0
05815,RA020124,Canette Float Peche 240 ML - RANI,24.0
05815,RA040124,Canette Float Ananas 240 ML - RANI,24.0
05815,RA060124,Canette Float Fraise-Banane 240 ML - RANI,24.0
05815,RO010112,Bonbon Roulette 25g - HARIBO,1.0
05815,TB010112,Boite Bonbon Menthe T12x24 TIC TAC,1.0
05815,TB020112,Boite Bonbon Orange T12x24 TIC TAC,1.0
05815,WO030124,Bonbon Fizz Worms 70g HARIBO,6.0
05816,FR010201,Coff. 16 Rochers Chocolat FERRERO,5.0
05816,GB020130,Bonbon Gold-Bears 80gx30 - HARIBO,3.0
05816,JA010106,Mini Mentos Jar Fruit Mix 1Kg P100x6,1.0
05816,KD010114,Kinder Délice T10X14,1.0
05816,KS030216,Kinder Joy T1x16 Girl Collection 2,1.0
05816,MW010112,"Boite Mentos Gum White Sweet Mint 53,2g P38x6",1.0
05816,MW020112,"Boite Mentos Gum White Tutti Frutti 53,2g P38x6",1.0
05816,NP010501,Nutella & Go 52g,24.0
05816,RA020124,Canette Float Peche 240 ML - RANI,6.0
05816,RA060124,Canette Float Fraise-Banane 240 ML - RANI,12.0
05816,RR010201,Coff. 15 Rochers Noix Coco RAFAELLO,2.0
05817,KC020130,Barre de Chocolat Biscuit noisette BUENO WHITE,1.0
05817,KD010114,Kinder Délice T10X14,1.0
05818,AL010124,VIT'UP 170GR COLA CITRON,2.0
05818,AL020112,BEURRE COND 100 gr,1.0
05818,BE010112,Biskrem Extra 92g - ULKER,12.0
05818,BI050124,Biskrem Cacao 60g - ULKER,48.0
05818,BI080124,BISKREM DUO 85g - ULKER,24.0
05818,CC060106,Sachet Chupa-Chups The Best Of P120x6,1.0
05818,CC070106,CH CH Melody Strawberry 48x6,1.0
05818,CH020424,Bonbon Chamallows Party 70g HARIBO,24.0
05818,DC010224,YAOURT BRASSE VANILLE,1.0
05818,FR010116,Trio de Rochers Chocolat FERRERO,1.0
05818,FR010201,Coff. 16 Rochers Chocolat FERRERO,10.0
05818,FR010401,Coff. de 30 Rochers Chocolat FERRERO,3.0
05818,FR010501,Coffret de 24 Rochers Collection Chocolat FERRERO,2.0
05818,GB020130,Bonbon Gold-Bears 80gx30 - HARIBO,42.0
05818,KC010120,YAOURT AROME CITRON,1.0
05818,KC010130,YAOURT AROME FRUITS DES BOIS,1.0
05818,KC010210,YAOURT AROME NOIX DE COCO,1.0
05818,KC010240,BIFI NATURE 0%,1.0
05818,KC010336,YAOURT AROME NATURE,1.0
05818,KC020130,Barre de Chocolat Biscuit noisette BUENO WHITE,1.0
05818,KH010128,Kinder Happy Hippo Cocoa T1x28x6,1.0
05818,MR010108,"Mentos Rolls Menthe 39,2g P14x20",2.0
05818,NP010301,Pate a Tartiner de 350 grs NUTELLA,4.0
05818,NP010306,Pôt Pâte à tartiner de 600g NUTELLA,4.0
05818,NP010501,Nutella & Go 52g,24.0
05818,NP010604,Nutella B-Ready T1x36x4,1.0
05818,NP060716,Nutella B-Ready T6x16,16.0
05818,RO010112,Bonbon Roulette 25g - HARIBO,2.0
05818,SM010224,Bonbon Starmix 80g HARIBO,24.0
05818,TB070148,Tic Tac Mix T48x8 ARBRE,1.0
05820,AL010124,VIT'UP 170GR COLA CITRON,1.0
05820,CH010124,Bonbon Chamallows Pink & White 70g HARIBO,3.0
05820,FA010118,Mentos Fresh Action Cup Menthol 280g P100x18,1.0
05820,KD010114,Kinder Délice T10X14,1.0
05820,PH020224,Bonbon Phantasia 80g HARIBO,6.0
05822,AL010124,VIT'UP 170GR COLA CITRON,1.0
05822,BI020124,Biskrem DUO 60g - ULKER,24.0
05822,BI050124,Biskrem Cacao 60g - ULKER,24.0
05822,BL030136,Blister Mentos Gum White Sweet Mint 17g P12x12,1.0
05822,BL040136,Blister Mentos Gum White Tutti Frutti 17g P12x12,1.0
05822,FA030112,Mentos Fresh Action Stick Cherry Mint 10px24x12,1.0
05822,FR010116,Trio de Rochers Chocolat FERRERO,1.0
05822,FR010201,Coff. 16 Rochers Chocolat FERRERO,4.0
05822,FR010401,Coff. de 30 Rochers Chocolat FERRERO,1.0
05822,FR010501,Coffret de 24 Rochers Collection Chocolat FERRERO,1.0
05822,KC010120,YAOURT AROME CITRON,1.0
05822,KC010130,YAOURT AROME FRUITS DES BOIS,1.0
05822,KC010210,YAOURT AROME NOIX DE COCO,1.0
05822,KC020130,Barre de Chocolat Biscuit noisette BUENO WHITE,1.0
05822,KH010128,Kinder Happy Hippo Cocoa T1x28x6,1.0
05822,KH020110,Kinder Happy Hippo Cocoa T5x10,1.0
05822,KS030116,Kinder Joy T1x16 Boy Collection 2,1.0
05822,KS030216,Kinder Joy T1x16 Girl Collection 2,1.0
05822,MR010108,"Mentos Rolls Menthe 39,2g P14x20",1.0
05822,NP010301,Pate a Tartiner de 350 grs NUTELLA,1.0
05822,NP010306,Pôt Pâte à tartiner de 600g NUTELLA,1.0
05822,NP010604,Nutella B-Ready T1x36x4,1.0
05822,NP060716,Nutella B-Ready T6x16,1.0
05822,PF010206,Boite Mentos Gum PF Fresh Mint 24g P12x10,1.0
05823,HZ010112,HEINZ LIGHT MAYONNAISE 225 ML,3.0
05825,MI010124,Bonbon Mix Fizz 70g HARIBO,24.0
05826,AL010124,VIT'UP 170GR COLA CITRON,2.0
05826,BI020124,Biskrem DUO 60g - ULKER,72.0
05826,BI030112,BISKREM DUO 85g - ULKER,12.0
05826,BI030124,Biskrem DUO 110g - ULKER,72.0
05826,BI050124,Biskrem Cacao 60g - ULKER,72.0
05826,BI060124,Biskrem Cacao 110g - ULKER,72.0
05826,BI070124,BISKREM CACAO 85g - ULKER,24.0
05826,BL030136,Blister Mentos Gum White Sweet Mint 17g P12x12,3.0
05826,BL040136,Blister Mentos Gum White Tutti Frutti 17g P12x12,3.0
05826,CC060106,Sachet Chupa-Chups The Best Of P120x6,1.0
05826,CC070106,CH CH Melody Strawberry 48x6,1.0
05826,DC010224,YAOURT BRASSE VANILLE,2.0
05826,FA010118,Mentos Fresh Action Cup Menthol 280g P100x18,2.0
05826,FA020118,Mentos Fresh Action Cup Cherry Mint 280g P100x18,2.0
05826,FF010112,Big Babol Filifolly Strawberry 11g x 12 Sachets,1.0
05826,FF020112,Big Babol Filifolly Fruit 11g x 12 Sachets,1.0
05826,FF030112,Big Babol Filifolly Watermelon 11g x 12 Sachets,1.0
05826,FR010116,Trio de Rochers Chocolat FERRERO,1.5
05826,FR010201,Coff. 16 Rochers Chocolat FERRERO,20.0
05826,FR010301,Coff. de 24 Rochers Chocolat FERRERO,6.0
05826,FR010401,Coff. de 30 Rochers Chocolat FERRERO,9.0
05826,FR010501,Coffret de 24 Rochers Collection Chocolat FERRERO,8.0
05826,FR010603,Coffret de 28 Rochers Cône Chocolat FERRERO,4.5
05826,FR010712,"Rocher Cube T6x12 ""END OF THE YEAR EDITION""",12.0
05826,KC010120,YAOURT AROME CITRON,4.0
05826,KC010130,YAOURT AROME FRUITS DES BOIS,4.5
05826,KC010210,YAOURT AROME NOIX DE COCO,2.0
05826,KC010240,BIFI NATURE 0%,3.0
05826,KC010336,YAOURT AROME NATURE,1.6666666666666667
05826,KC010506,Kinder Creamy T1x24x6,1.5
05826,KC020130,Barre de Chocolat Biscuit noisette BUENO WHITE,3.3333333333333335
05826,KD010114,Kinder Délice T10X14,42.0
05826,KH010128,Kinder Happy Hippo Cocoa T1x28x6,5.0
05826,KH020110,Kinder Happy Hippo Cocoa T5x10,4.0
05826,KK010106,KAT KAT TAT Noisette 24g (24x6),6.0
05826,KK010112,KAT KAT TAT Chocolat 26g (24x12),6.0
05826,KS020116,Kinder Joy T1x16 Boy,2.0
05826,KS020216,Kinder Joy T1x16 Girl,2.0
05826,KS030116,Kinder Joy T1x16 Boy Collection 2,1.0
05826,MD010112,"Mentos Gum 3D Fresh Mint 8,5g P5x15",1.0
05826,MD020112,"Mentos Gum 3D S-A-R 8,5g P5x15",1.0
05826,MD030112,"Mentos Gum 3D Watermelon 8,5g P5x15",1.0
05826,MF011212,MILLE-FEUILLE Fraise 24g ( 12X12 ),6.0
05826,MG010116,Mentos Gum Rolls Pure Fresh 1.75g P9x16,2.0
05826,MR010108,"Mentos Rolls Menthe 39,2g P14x20",1.0
05826,MR020108,"Mentos Rolls Strawberry 39,2g P14x20",1.0
05826,MR030108,"Mentos Rolls Rainbow 39,2g P14x20",1.0
05826,MR040108,"Mentos Rolls Tutti Frutti 39,2 g P14x20",1.0
05826,MR050108,"Mentos Rolls Fruit 39,2g P14x20",1.0
05826,MW010112,"Boite Mentos Gum White Sweet Mint 53,2g P38x6",2.5
05826,MW020112,"Boite Mentos Gum White Tutti Frutti 53,2g P38x6",1.5
05826,NP010306,Pôt Pâte à tartiner de 600g NUTELLA,6.0
05826,NP010407,Pôt Pâte à tartiner de 350g NUTELLA OCCASION,30.0
05826,NP010501,Nutella & Go 52g,96.0
05826,NP010604,Nutella B-Ready T1x36x4,8.0
05826,NP01A301,Pate a Tartiner 350 g   10% NUTELLA,15.0
05826,NP060716,Nutella B-Ready T6x16,24.0
05826,PF010106,"Boite Mentos Gum PF Limemint 57,8g P34x6",2.0
05826,PF010206,Boite Mentos Gum PF Fresh Mint 24g P12x10,2.0
05826,PF020106,Boite Mentos Gum PF Fresh Mint 56g P28x6,2.0
05826,PF030106,Boite Mentos Gum PF Wintergreen 56g P28x6,2.0
05826,PH020224,Bonbon Phantasia 80g HARIBO,24.0
05826,RR010116,Trio de Rochers Noix Coco RAFAELLO,4.0
05826,RR010201,Coff. 15 Rochers Noix Coco RAFAELLO,9.0
05826,TB010112,Boite Bonbon Menthe T12x24 TIC TAC,1.0
05826,TB020112,Boite Bonbon Orange T12x24 TIC TAC,1.0
05826,TB030112,Boite Bonbon Spearmint T12x24 TIC TAC,1.0
05826,TB050112,Boite Bonbon Strawberry mix T12x24 TIC TAC,1.0
05828,BE010124,Bonbon Berries 80g HARIBO,12.0
05828,KC020130,Barre de Chocolat Biscuit noisette BUENO WHITE,1.0
05829,KK010106,KAT KAT TAT Noisette 24g (24x6),2.0
05829,KK010112,KAT KAT TAT Chocolat 26g (24x12),1.0
05830,AL010124,VIT'UP 170GR COLA CITRON,1.0
05830,AL020112,BEURRE COND 100 gr,1.0
05830,BI050124,Biskrem Cacao 60g - ULKER,24.0
05830,BI070124,BISKREM CACAO 85g - ULKER,24.0
05830,BL030136,Blister Mentos Gum White Sweet Mint 17g P12x12,1.0
05830,BL040136,Blister Mentos Gum White Tutti Frutti 17g P12x12,1.0
05830,CH010124,Bonbon Chamallows Pink & White 70g HARIBO,5.0
05830,CH020424,Bonbon Chamallows Party 70g HARIBO,1.0
05830,JA010106,Mini Mentos Jar Fruit Mix 1Kg P100x6,1.0
05830,KC020130,Barre de Chocolat Biscuit noisette BUENO WHITE,1.0
05830,LT020124,Gaufrette enrobée choco 30G Cacahueté (24x4),2.0
05830,LT030124,Gaufrette enrobée choco 30G Triple saveur (24x4),2.0
05830,MR010108,"Mentos Rolls Menthe 39,2g P14x20",1.0
05830,MR020108,"Mentos Rolls Strawberry 39,2g P14x20",1.0
05830,MR040108,"Mentos Rolls Tutti Frutti 39,2 g P14x20",1.0
05831,AL020112,BEURRE COND 100 gr,1.0
05831,BI020124,Biskrem DUO 60g - ULKER,24.0
05831,BI060124,Biskrem Cacao 110g - ULKER,24.0
05831,KC020130,Barre de Chocolat Biscuit noisette BUENO WHITE,1.0
05831,KS030116,Kinder Joy T1x16 Boy Collection 2,1.0
05832,0005,Compote pomme fraise,1.0
05832,BI060124,Biskrem Cacao 110g - ULKER,48.0
05832,BI080124,BISKREM DUO 85g - ULKER,24.0
05832,CC010112,Sachet Chupa-Chups Fruit P10x12,1.0
05832,KD010114,Kinder Délice T10X14,1.0
05832,KK010106,KAT KAT TAT Noisette 24g (24x6),1.0
05832,KK010112,KAT KAT TAT Chocolat 26g (24x12),1.0
05833,CH010124,Bonbon Chamallows Pink & White 70g HARIBO,3.0
05833,FR010120,Bonbon Fruit-tella Stick  Strawberry 10px20x12,1.0
05834,AL020112,BEURRE COND 100 gr,1.0
05834,BI020124,Biskrem DUO 60g - ULKER,24.0
05834,BI060124,Biskrem Cacao 110g - ULKER,24.0
05834,CC060106,Sachet Chupa-Chups The Best Of P120x6,1.0
05834,FR010116,Trio de Rochers Chocolat FERRERO,1.0
05834,GB020130,Bonbon Gold-Bears 80gx30 - HARIBO,10.0
05834,HC020130,Bonbon Happy Cola 80gx30 HARIBO,15.0
05834,JB020116,STRIPE JELLY BEANS 35gx12x16,1.0
05834,KC010120,YAOURT AROME CITRON,1.0
05834,KC010240,BIFI NATURE 0%,1.0
05834,KC010336,YAOURT AROME NATURE,1.0
05834,KD010114,Kinder Délice T10X14,1.0
05834,KH010128,Kinder Happy Hippo Cocoa T1x28x6,6.0
05834,KK010112,KAT KAT TAT Chocolat 26g (24x12),1.0
05834,KS020216,Kinder Joy T1x16 Girl,1.0
05834,KS030116,Kinder Joy T1x16 Boy Collection 2,1.0
05834,KS030216,Kinder Joy T1x16 Girl Collection 2,1.0
05834,LI010124,Gaufrette gout Chocolat 70g - LINGOT(colisage 24),24.0
05834,LI030124,Gaufrette gout Caramel 70g - LINGOT (colisage 24),24.0
05834,LI040124,Gaufrette gout Noisette 70g - LINGOT (colisage 24),24.0
05834,NP010301,Pate a Tartiner de 350 grs NUTELLA,10.0
05834,NP010306,Pôt Pâte à tartiner de 600g NUTELLA,5.0
05834,NP010604,Nutella B-Ready T1x36x4,1.0
05834,NP01A301,Pate a Tartiner 350 g   10% NUTELLA,10.0
05834,NP060716,Nutella B-Ready T6x16,6.0
05834,PH020224,Bonbon Phantasia 80g HARIBO,15.0
05834,RO010112,Bonbon Roulette 25g - HARIBO,1.0
05834,SQ010124,Bonbon Squishy 80g HARIBO,10.0
05834,ST010208,Mix Sripe Assortiment 24x8x25g HARIBO,1.0
05834,WO020124,Bonbon Worms 80g HARIBO,6.0
05862,BI020124,Biskrem DUO 60g - ULKER,24.0
05862,BI030124,Biskrem DUO 110g - ULKER,56.0
05862,BI050124,Biskrem Cacao 60g - ULKER,32.0
05862,BI060124,Biskrem Cacao 110g - ULKER,40.0
05862,BL030136,Blister Mentos Gum White Sweet Mint 17g P12x12,1.0
05862,BL040136,Blister Mentos Gum White Tutti Frutti 17g P12x12,1.0
05862,CC060106,Sachet Chupa-Chups The Best Of P120x6,1.0
05862,CC060112,CH CH XXL Strawberry 25Px29g,1.0
05862,CH020424,Bonbon Chamallows Party 70g HARIBO,10.0
05862,FA010118,Mentos Fresh Action Cup Menthol 280g P100x18,1.0
05862,FA020118,Mentos Fresh Action Cup Cherry Mint 280g P100x18,1.0
05862,FF010112,Big Babol Filifolly Strawberry 11g x 12 Sachets,1.0
05862,FR010120,Bonbon Fruit-tella Stick  Strawberry 10px20x12,1.0
05862,FR010220,Bonbon Fruit-tella Stick Orange 10px20x12,1.0
05862,GB010324,Bonbon Gold-Bears 30g HARIBO,14.0
05862,GB020130,Bonbon Gold-Bears 80gx30 - HARIBO,4.0
05862,HC020130,Bonbon Happy Cola 80gx30 HARIBO,6.0
05862,HC020224,Bonbon Happy Cola 30g HARIBO,10.0
05862,HC030124,Bonbon Happy Cherries 80g HARIBO,2.0
05862,JA010106,Mini Mentos Jar Fruit Mix 1Kg P100x6,1.0
05862,JB010148,Bonbon Jelly Beans 80g HARIBO,2.0
05862,KC010120,YAOURT AROME CITRON,1.0
05862,KC010130,YAOURT AROME FRUITS DES BOIS,1.3333333333333333
05862,KC010210,YAOURT AROME NOIX DE COCO,1.0
05862,KC010240,BIFI NATURE 0%,1.0
05862,KC020130,Barre de Chocolat Biscuit noisette BUENO WHITE,1.0
05862,KD020114,Kinder Délice T1X10X14 (Pièce),3.0
05862,KH010128,Kinder Happy Hippo Cocoa T1x28x6,1.0
05862,KH020110,Kinder Happy Hippo Cocoa T5x10,1.0
05862,KK010106,KAT KAT TAT Noisette 24g (24x6),1.6666666666666667
05862,KK010112,KAT KAT TAT Chocolat 26g (24x12),3.0
05862,KS020116,Kinder Joy T1x16 Boy,1.2
05862,KS020216,Kinder Joy T1x16 Girl,1.0
05862,LG010120,Gaufrette Golden Chocolat 140 gr- Lingot (20 pcs),43.333333333333336
05862,LG010220,Gaufrette Golden  Chocolat Blanc & Citron 140g - L,40.0
05862,LG010320,Gaufrette Golden Chocolat Blanc & Framboise 140g-L,40.0
05862,LG020124,Gaufrette Golden  Chocolat Blanc & Citron 70g,48.0
05862,LG020224,Gaufrette Golden Chocolat Blanc & Framboise 70g -L,48.0
05862,LG020324,Gaufrette Golden Wafers goût Chocolat 70g - LINGOT,48.0
05862,LI010124,Gaufrette gout Chocolat 70g - LINGOT(colisage 24),43.2
05862,LI020124,Gaufrette gout Lait 70g - LINGOT (colisage 24),32.0
05862,LI030124,Gaufrette gout Caramel 70g - LINGOT (colisage 24),30.0
05862,LI040124,Gaufrette gout Noisette 70g - LINGOT (colisage 24),30.0
05862,LI050124,Gaufrette gout Fraise 70g - LINGOT (colisage 24),36.0
05862,LT010124,Gaufrette enrobée choco 30G Riz Soufflé (24x4),1.0
05862,LT020124,Gaufrette enrobée choco 30G Cacahueté (24x4),1.0
05862,LT030124,Gaufrette enrobée choco 30G Triple saveur (24x4),124.5
05862,MD010112,"Mentos Gum 3D Fresh Mint 8,5g P5x15",1.0
05862,MD020112,"Mentos Gum 3D S-A-R 8,5g P5x15",1.0
05862,MD030112,"Mentos Gum 3D Watermelon 8,5g P5x15",1.0
05862,MG010116,Mentos Gum Rolls Pure Fresh 1.75g P9x16,1.3333333333333333
05862,MI010124,Bonbon Mix Fizz 70g HARIBO,2.0
05862,MR010108,"Mentos Rolls Menthe 39,2g P14x20",1.0
05862,MR020108,"Mentos Rolls Strawberry 39,2g P14x20",1.0
05862,MR030108,"Mentos Rolls Rainbow 39,2g P14x20",1.0
05862,MR040108,"Mentos Rolls Tutti Frutti 39,2 g P14x20",1.0
05862,MR050108,"Mentos Rolls Fruit 39,2g P14x20",1.0
05862,MR070108,Mentos Rolls Sour Mix 39.2g P14x20,1.0
05862,PH020224,Bonbon Phantasia 80g HARIBO,4.0
05862,RO010112,Bonbon Roulette 25g - HARIBO,1.3333333333333333
05862,SQ010124,Bonbon Squishy 80g HARIBO,6.0
05862,TB070148,Tic Tac Mix T48x8 ARBRE,1.0
05862,TE020124,Bonbon Teeth 80g HARIBO,2.0
05862,WO020124,Bonbon Worms 80g HARIBO,10.0
05862,WO030124,Bonbon Fizz Worms 70g HARIBO,2.0
05868,BI020124,Biskrem DUO 60g - ULKER,24.0
05868,BI060124,Biskrem Cacao 110g - ULKER,24.0
05868,CH060124,Bonbon Chamallows Pink & White 25g x 24 HARIBO,1.0
05868,DC010224,YAOURT BRASSE VANILLE,1.0
05868,FR010201,Coff. 16 Rochers Chocolat FERRERO,1.0
05868,KK010106,KAT KAT TAT Noisette 24g (24x6),1.0
05868,LG010120,Gaufrette Golden Chocolat 140 gr- Lingot (20 pcs),20.0
05868,RA040124,Canette Float Ananas 240 ML - RANI,12.0
05893,BL030136,Blister Mentos Gum White Sweet Mint 17g P12x12,1.0
05893,BL040136,Blister Mentos Gum White Tutti Frutti 17g P12x12,1.0
05893,FR010116,Trio de Rochers Chocolat FERRERO,1.0
05893,FR010201,Coff. 16 Rochers Chocolat FERRERO,9.0
05893,FR010301,Coff. de 24 Rochers Chocolat FERRERO,2.0
05893,FR010501,Coffret de 24 Rochers Collection Chocolat FERRERO,1.0
05893,FR010918,Rochet T3x18 Occasion STAR,9.0
05893,KC010120,YAOURT AROME CITRON,1.0
05893,KC010130,YAOURT AROME FRUITS DES BOIS,3.0
05893,KC010336,YAOURT AROME NATURE,1.0
05893,KH020110,Kinder Happy Hippo Cocoa T5x10,1.0
05893,KS020116,Kinder Joy T1x16 Boy,1.0
05893,KS020216,Kinder Joy T1x16 Girl,1.0
05893,MD010112,"Mentos Gum 3D Fresh Mint 8,5g P5x15",2.0
05893,MD020112,"Mentos Gum 3D S-A-R 8,5g P5x15",1.0
05893,MD030112,"Mentos Gum 3D Watermelon 8,5g P5x15",1.0
05893,RR010116,Trio de Rochers Noix Coco RAFAELLO,1.0
05893,RR010201,Coff. 15 Rochers Noix Coco RAFAELLO,6.0
05896,KC010240,BIFI NATURE 0%,1.0
05896,KH010128,Kinder Happy Hippo Cocoa T1x28x6,2.0
05896,KH020110,Kinder Happy Hippo Cocoa T5x10,2.0
05896,KS020116,Kinder Joy T1x16 Boy,2.0
05896,MW020112,"Boite Mentos Gum White Tutti Frutti 53,2g P38x6",1.0
05896,NP010604,Nutella B-Ready T1x36x4,1.0
05896,PF010206,Boite Mentos Gum PF Fresh Mint 24g P12x10,1.0
05896,PF020106,Boite Mentos Gum PF Fresh Mint 56g P28x6,2.0
05896,PF030106,Boite Mentos Gum PF Wintergreen 56g P28x6,2.0
05897,12201937,"KIT KAT 2 Fingers 16x(36x20,5g)",1.0
05897,AL010124,VIT'UP 170GR COLA CITRON,1.0
05897,AL020112,BEURRE COND 100 gr,1.0
05897,BB012020,CH CH Bigbabol Stick Tutti Frutti 5p x 20 x 20,1.0
05897,BB022020,CH CH Bigbabol Stick Strawberry 5p x 20 x 20,1.0
05897,BE010112,Biskrem Extra 92g - ULKER,12.0
05897,BI020124,Biskrem DUO 60g - ULKER,24.0
05897,BI050124,Biskrem Cacao 60g - ULKER,24.0
05897,BI070124,BISKREM CACAO 85g - ULKER,36.0
05897,BI080124,BISKREM DUO 85g - ULKER,24.0
05897,BL030136,Blister Mentos Gum White Sweet Mint 17g P12x12,1.0
05897,BL040136,Blister Mentos Gum White Tutti Frutti 17g P12x12,1.0
05897,CC060106,Sachet Chupa-Chups The Best Of P120x6,1.0
05897,CC060112,CH CH XXL Strawberry 25Px29g,1.0
05897,CH010124,Bonbon Chamallows Pink & White 70g HARIBO,6.0
05897,CH020424,Bonbon Chamallows Party 70g HARIBO,6.0
05897,DC010224,YAOURT BRASSE VANILLE,1.0
05897,FR010116,Trio de Rochers Chocolat FERRERO,1.0
05897,FR010120,Bonbon Fruit-tella Stick  Strawberry 10px20x12,1.0
05897,FR010220,Bonbon Fruit-tella Stick Orange 10px20x12,1.0
05897,GB020130,Bonbon Gold-Bears 80gx30 - HARIBO,6.0
05897,HC020130,Bonbon Happy Cola 80gx30 HARIBO,12.0
05897,HC030124,Bonbon Happy Cherries 80g HARIBO,36.0
05897,HC030324,Bonbon Happy Cola Fizz 70g HARIBO,8.0
05897,KC010130,YAOURT AROME FRUITS DES BOIS,1.0
05897,KC010336,YAOURT AROME NATURE,1.0
05897,KC020130,Barre de Chocolat Biscuit noisette BUENO WHITE,1.0
05897,KD010114,Kinder Délice T10X14,1.5
05897,KH020110,Kinder Happy Hippo Cocoa T5x10,1.0
05897,KS020116,Kinder Joy T1x16 Boy,1.0
05897,KS020216,Kinder Joy T1x16 Girl,1.0
05897,LG020124,Gaufrette Golden  Chocolat Blanc & Citron 70g,6.0
05897,LG020224,Gaufrette Golden Chocolat Blanc & Framboise 70g -L,6.0
05897,LG020324,Gaufrette Golden Wafers goût Chocolat 70g - LINGOT,6.0
05897,MD010112,"Mentos Gum 3D Fresh Mint 8,5g P5x15",2.0
05897,MD020112,"Mentos Gum 3D S-A-R 8,5g P5x15",2.0
05897,MD030112,"Mentos Gum 3D Watermelon 8,5g P5x15",2.0
05897,MI010124,Bonbon Mix Fizz 70g HARIBO,6.0
05897,MR010108,"Mentos Rolls Menthe 39,2g P14x20",1.0
05897,MR020108,"Mentos Rolls Strawberry 39,2g P14x20",1.0
05897,MR030108,"Mentos Rolls Rainbow 39,2g P14x20",1.0
05897,MR040108,"Mentos Rolls Tutti Frutti 39,2 g P14x20",1.0
05897,MW010112,"Boite Mentos Gum White Sweet Mint 53,2g P38x6",1.0
05897,NP010306,Pôt Pâte à tartiner de 600g NUTELLA,4.0
05897,NP010501,Nutella & Go 52g,6.0
05897,NP010604,Nutella B-Ready T1x36x4,1.0
05897,PF020106,Boite Mentos Gum PF Fresh Mint 56g P28x6,1.0
05897,PH020224,Bonbon Phantasia 80g HARIBO,9.0
05897,RA040124,Canette Float Ananas 240 ML - RANI,6.0
05897,RA060124,Canette Float Fraise-Banane 240 ML - RANI,12.0
05897,RO010112,Bonbon Roulette 25g - HARIBO,1.0
05897,RR010116,Trio de Rochers Noix Coco RAFAELLO,1.0
05897,SM010224,Bonbon Starmix 80g HARIBO,24.0
05897,SQ010124,Bonbon Squishy 80g HARIBO,18.0
05897,TB070148,Tic Tac Mix T48x8 ARBRE,1.0
05897,TE020124,Bonbon Teeth 80g HARIBO,24.0
05898,BI020124,Biskrem DUO 60g - ULKER,24.0
05898,BI060124,Biskrem Cacao 110g - ULKER,24.0
05898,KK010106,KAT KAT TAT Noisette 24g (24x6),2.0
05898,KK010112,KAT KAT TAT Chocolat 26g (24x12),2.0
05898,LI010124,Gaufrette gout Chocolat 70g - LINGOT(colisage 24),24.0
05898,LI040124,Gaufrette gout Noisette 70g - LINGOT (colisage 24),108.0
05898,LI050124,Gaufrette gout Fraise 70g - LINGOT (colisage 24),24.0
05898,MF011212,MILLE-FEUILLE Fraise 24g ( 12X12 ),8.0
05898,RA040124,Canette Float Ananas 240 ML - RANI,12.0
05898,RA060124,Canette Float Fraise-Banane 240 ML - RANI,12.0
05899,12201937,"KIT KAT 2 Fingers 16x(36x20,5g)",1.0
05899,AL010124,VIT'UP 170GR COLA CITRON,1.0
05899,AL020112,BEURRE COND 100 gr,2.0
05899,BB012020,CH CH Bigbabol Stick Tutti Frutti 5p x 20 x 20,1.0
05899,BB022020,CH CH Bigbabol Stick Strawberry 5p x 20 x 20,1.0
05899,BE010112,Biskrem Extra 92g - ULKER,12.0
05899,BE010124,Bonbon Berries 80g HARIBO,3.0
05899,BI020124,Biskrem DUO 60g - ULKER,24.0
05899,BI030124,Biskrem DUO 110g - ULKER,24.0
05899,BI050124,Biskrem Cacao 60g - ULKER,24.0
05899,BI060124,Biskrem Cacao 110g - ULKER,24.0
05899,BI080124,BISKREM DUO 85g - ULKER,24.0
05899,BL030136,Blister Mentos Gum White Sweet Mint 17g P12x12,1.0
05899,BL040136,Blister Mentos Gum White Tutti Frutti 17g P12x12,1.0
05899,CC060106,Sachet Chupa-Chups The Best Of P120x6,1.0
05899,CC070124,Sachet Chupa Chups Mini 35Px24,1.0
05899,CH010124,Bonbon Chamallows Pink & White 70g HARIBO,6.5
05899,CH020424,Bonbon Chamallows Party 70g HARIBO,16.0
05899,DC010224,YAOURT BRASSE VANILLE,1.25
05899,FA030112,Mentos Fresh Action Stick Cherry Mint 10px24x12,1.0
05899,FR010116,Trio de Rochers Chocolat FERRERO,1.0
05899,FR010120,Bonbon Fruit-tella Stick  Strawberry 10px20x12,1.0
05899,FR010201,Coff. 16 Rochers Chocolat FERRERO,5.0
05899,FR010220,Bonbon Fruit-tella Stick Orange 10px20x12,1.0
05899,FR010401,Coff. de 30 Rochers Chocolat FERRERO,2.0
05899,GB020130,Bonbon Gold-Bears 80gx30 - HARIBO,6.0
05899,HC020130,Bonbon Happy Cola 80gx30 HARIBO,10.75
05899,HC030124,Bonbon Happy Cherries 80g HARIBO,12.0
05899,HC030324,Bonbon Happy Cola Fizz 70g HARIBO,5.5
05899,HZ010112,HEINZ LIGHT MAYONNAISE 225 ML,6.0
05899,HZ010412,HEINZ RANCH DRESSING 400 ML,6.0
05899,KC010120,YAOURT AROME CITRON,1.0
05899,KC010130,YAOURT AROME FRUITS DES BOIS,1.0
05899,KC010210,YAOURT AROME NOIX DE COCO,1.0
05899,KC010240,BIFI NATURE 0%,1.0
05899,KC020130,Barre de Chocolat Biscuit noisette BUENO WHITE,1.0
05899,KD010114,Kinder Délice T10X14,10.0
05899,KH010128,Kinder Happy Hippo Cocoa T1x28x6,1.0
05899,KH020110,Kinder Happy Hippo Cocoa T5x10,1.0
05899,KK010106,KAT KAT TAT Noisette 24g (24x6),1.0
05899,KK010112,KAT KAT TAT Chocolat 26g (24x12),1.25
05899,KS010116,Kinder Joy T1x16 Limited Edition,1.0
05899,KS020116,Kinder Joy T1x16 Boy,1.5
05899,KS020216,Kinder Joy T1x16 Girl,1.0
05899,KS030116,Kinder Joy T1x16 Boy Collection 2,1.0
05899,KS030216,Kinder Joy T1x16 Girl Collection 2,1.0
05899,MD020112,"Mentos Gum 3D S-A-R 8,5g P5x15",2.0
05899,MD030112,"Mentos Gum 3D Watermelon 8,5g P5x15",1.0
05899,MG010116,Mentos Gum Rolls Pure Fresh 1.75g P9x16,1.0
05899,MR040108,"Mentos Rolls Tutti Frutti 39,2 g P14x20",1.0
05899,MR050108,"Mentos Rolls Fruit 39,2g P14x20",1.0
05899,MW010112,"Boite Mentos Gum White Sweet Mint 53,2g P38x6",1.0
05899,MW020112,"Boite Mentos Gum White Tutti Frutti 53,2g P38x6",1.0
05899,NP010301,Pate a Tartiner de 350 grs NUTELLA,15.0
05899,NP010501,Nutella & Go 52g,17.333333333333332
05899,NP010604,Nutella B-Ready T1x36x4,1.0
05899,NP01A301,Pate a Tartiner 350 g   10% NUTELLA,15.0
05899,NP060716,Nutella B-Ready T6x16,3.0
05899,RA050124,Canette Float Cocktail 240 ML - RANI,6.0
05899,RO010112,Bonbon Roulette 25g - HARIBO,1.0
05899,ST010208,Mix Sripe Assortiment 24x8x25g HARIBO,1.0
05899,TB070148,Tic Tac Mix T48x8 ARBRE,1.0
05899,TE020124,Bonbon Teeth 80g HARIBO,14.0
05899,WO030124,Bonbon Fizz Worms 70g HARIBO,4.5
05900,BI030124,Biskrem DUO 110g - ULKER,24.0
05900,CH060124,Bonbon Chamallows Pink & White 25g x 24 HARIBO,1.0
05900,FR010116,Trio de Rochers Chocolat FERRERO,2.0
05900,KC010120,YAOURT AROME CITRON,3.0
05900,KC010130,YAOURT AROME FRUITS DES BOIS,2.0
05900,KC010210,YAOURT AROME NOIX DE COCO,2.0
05900,KK010106,KAT KAT TAT Noisette 24g (24x6),1.0
05900,KK010112,KAT KAT TAT Chocolat 26g (24x12),1.0
05900,NP010604,Nutella B-Ready T1x36x4,1.0
05901,KC020130,Barre de Chocolat Biscuit noisette BUENO WHITE,4.0
05901,NP010501,Nutella & Go 52g,7.0
05901,TB070148,Tic Tac Mix T48x8 ARBRE,1.0
05902,GB020130,Bonbon Gold-Bears 80gx30 - HARIBO,5.0
05902,NP010501,Nutella & Go 52g,22.0
05903,AL010124,VIT'UP 170GR COLA CITRON,1.0
05903,BI020124,Biskrem DUO 60g - ULKER,24.0
05903,BI030124,Biskrem DUO 110g - ULKER,24.0
05903,BI060124,Biskrem Cacao 110g - ULKER,24.0
05903,BI080124,BISKREM DUO 85g - ULKER,24.0
05903,BL030136,Blister Mentos Gum White Sweet Mint 17g P12x12,1.0
05903,BL040136,Blister Mentos Gum White Tutti Frutti 17g P12x12,1.0
05903,CC060106,Sachet Chupa-Chups The Best Of P120x6,1.0
05903,CC060112,CH CH XXL Strawberry 25Px29g,1.0
05903,CH010124,Bonbon Chamallows Pink & White 70g HARIBO,4.0
05903,CH020424,Bonbon Chamallows Party 70g HARIBO,6.0
05903,DC010224,YAOURT BRASSE VANILLE,1.0
05903,FA020118,Mentos Fresh Action Cup Cherry Mint 280g P100x18,1.0
05903,FF010112,Big Babol Filifolly Strawberry 11g x 12 Sachets,1.0
05903,GB020130,Bonbon Gold-Bears 80gx30 - HARIBO,4.666666666666667
05903,HC020130,Bonbon Happy Cola 80gx30 HARIBO,6.0
05903,HC030124,Bonbon Happy Cherries 80g HARIBO,10.0
05903,KC010120,YAOURT AROME CITRON,1.0
05903,KC010130,YAOURT AROME FRUITS DES BOIS,1.0
05903,KC010210,YAOURT AROME NOIX DE COCO,1.0
05903,KK010106,KAT KAT TAT Noisette 24g (24x6),1.0
05903,KS030216,Kinder Joy T1x16 Girl Collection 2,1.0
05903,LG020124,Gaufrette Golden  Chocolat Blanc & Citron 70g,12.0
05903,LI010124,Gaufrette gout Chocolat 70g - LINGOT(colisage 24),24.0
05903,LI020124,Gaufrette gout Lait 70g - LINGOT (colisage 24),24.0
05903,LI030140,Gaufrette Goût Noisette 30g - LINGOT (Colisage 40),20.0
05903,MR030108,"Mentos Rolls Rainbow 39,2g P14x20",1.0
05903,MR040108,"Mentos Rolls Tutti Frutti 39,2 g P14x20",1.0
05903,MR070108,Mentos Rolls Sour Mix 39.2g P14x20,1.0
05903,MW010112,"Boite Mentos Gum White Sweet Mint 53,2g P38x6",1.0
05903,MW020112,"Boite Mentos Gum White Tutti Frutti 53,2g P38x6",1.0
05903,RA020124,Canette Float Peche 240 ML - RANI,4.5
05903,RO010112,Bonbon Roulette 25g - HARIBO,1.0
05903,SM010224,Bonbon Starmix 80g HARIBO,3.0
05903,TB010112,Boite Bonbon Menthe T12x24 TIC TAC,1.0
05903,TB070148,Tic Tac Mix T48x8 ARBRE,1.0
05903,TE020124,Bonbon Teeth 80g HARIBO,6.0
05904,AL010124,VIT'UP 170GR COLA CITRON,1.0
05904,AL020112,BEURRE COND 100 gr,1.0
05904,BI020124,Biskrem DUO 60g - ULKER,24.0
05904,BI030124,Biskrem DUO 110g - ULKER,24.0
05904,BI050124,Biskrem Cacao 60g - ULKER,24.0
05904,BI060124,Biskrem Cacao 110g - ULKER,24.0
05904,CC060106,Sachet Chupa-Chups The Best Of P120x6,1.0
05904,DC010224,YAOURT BRASSE VANILLE,1.0
05904,FA010118,Mentos Fresh Action Cup Menthol 280g P100x18,1.0
05904,FR010116,Trio de Rochers Chocolat FERRERO,2.0
05904,FR010201,Coff. 16 Rochers Chocolat FERRERO,5.0
05904,JA010106,Mini Mentos Jar Fruit Mix 1Kg P100x6,1.0
05904,KC010120,YAOURT AROME CITRON,1.0
05904,KC010130,YAOURT AROME FRUITS DES BOIS,1.0
05904,KC020130,Barre de Chocolat Biscuit noisette BUENO WHITE,1.0
05904,KH010128,Kinder Happy Hippo Cocoa T1x28x6,1.0
05904,KH020110,Kinder Happy Hippo Cocoa T5x10,1.0
05904,KK010106,KAT KAT TAT Noisette 24g (24x6),1.0
05904,KK010112,KAT KAT TAT Chocolat 26g (24x12),1.0
05904,KS020116,Kinder Joy T1x16 Boy,1.0
05904,KS020216,Kinder Joy T1x16 Girl,1.0
05904,LG020124,Gaufrette Golden  Chocolat Blanc & Citron 70g,12.0
05904,MG010116,Mentos Gum Rolls Pure Fresh 1.75g P9x16,1.0
05904,NP010406,Pôt Pâte à tartiner de 600g NUTELLA OCCASION,6.0
05904,NP010407,Pôt Pâte à tartiner de 350g NUTELLA OCCASION,15.0
05904,NP010604,Nutella B-Ready T1x36x4,1.0
05904,RO010112,Bonbon Roulette 25g - HARIBO,1.0
05904,ST010208,Mix Sripe Assortiment 24x8x25g HARIBO,1.0
05905,CC060106,Sachet Chupa-Chups The Best Of P120x6,1.0
05905,CC070106,CH CH Melody Strawberry 48x6,1.0
05905,KC010120,YAOURT AROME CITRON,1.0
05905,KC010130,YAOURT AROME FRUITS DES BOIS,1.0
05905,KC010240,BIFI NATURE 0%,1.0
05905,KC020130,Barre de Chocolat Biscuit noisette BUENO WHITE,1.5
05905,KH010128,Kinder Happy Hippo Cocoa T1x28x6,1.0
05905,KK010112,KAT KAT TAT Chocolat 26g (24x12),1.0
05905,LG010120,Gaufrette Golden Chocolat 140 gr- Lingot (20 pcs),20.0
05905,MW010112,"Boite Mentos Gum White Sweet Mint 53,2g P38x6",1.0
05905,NP010604,Nutella B-Ready T1x36x4,1.0
05905,NP060716,Nutella B-Ready T6x16,3.0
05905,RO010112,Bonbon Roulette 25g - HARIBO,1.0
05905,ST010208,Mix Sripe Assortiment 24x8x25g HARIBO,1.0
05905,TB070148,Tic Tac Mix T48x8 ARBRE,1.0
05957,BI030124,Biskrem DUO 110g - ULKER,24.0
05957,BI060124,Biskrem Cacao 110g - ULKER,24.0
05957,KC010120,YAOURT AROME CITRON,2.0
05957,KC010210,YAOURT AROME NOIX DE COCO,1.0
05957,KC010240,BIFI NATURE 0%,1.0
05957,KS020216,Kinder Joy T1x16 Girl,2.0
05957,MR010108,"Mentos Rolls Menthe 39,2g P14x20",1.0
05957,TB070148,Tic Tac Mix T48x8 ARBRE,1.0
05957,TE020124,Bonbon Teeth 80g HARIBO,71.0
05958,BI060124,Biskrem Cacao 110g - ULKER,24.0
05958,BL030136,Blister Mentos Gum White Sweet Mint 17g P12x12,1.0
05958,BL040136,Blister Mentos Gum White Tutti Frutti 17g P12x12,1.0
05958,CC060106,Sachet Chupa-Chups The Best Of P120x6,1.0
05958,CC060112,CH CH XXL Strawberry 25Px29g,1.0
05958,FA010118,Mentos Fresh Action Cup Menthol 280g P100x18,1.0
05958,KC010130,YAOURT AROME FRUITS DES BOIS,1.0
05958,MD010112,"Mentos Gum 3D Fresh Mint 8,5g P5x15",1.0
05958,MD020112,"Mentos Gum 3D S-A-R 8,5g P5x15",1.0
05958,MD030112,"Mentos Gum 3D Watermelon 8,5g P5x15",1.0
05958,NP060716,Nutella B-Ready T6x16,16.0
05959,AL010124,VIT'UP 170GR COLA CITRON,2.0
05959,BI030124,Biskrem DUO 110g - ULKER,24.0
05959,BI060124,Biskrem Cacao 110g - ULKER,48.0
05959,BL030136,Blister Mentos Gum White Sweet Mint 17g P12x12,1.0
05959,BL040136,Blister Mentos Gum White Tutti Frutti 17g P12x12,1.0
05959,CC060106,Sachet Chupa-Chups The Best Of P120x6,2.0
05959,KC010130,YAOURT AROME FRUITS DES BOIS,2.0
05959,KC010240,BIFI NATURE 0%,1.0
05959,MD010112,"Mentos Gum 3D Fresh Mint 8,5g P5x15",1.0
05959,MD020112,"Mentos Gum 3D S-A-R 8,5g P5x15",1.0
05959,MD030112,"Mentos Gum 3D Watermelon 8,5g P5x15",1.0
05959,MV020124,Mc Vities Digestive Dark Chocolate 200g x 24,8.0
05959,MV020224,Mc Vities Digestive Milk Chocolate 200g x 24,8.0
05959,MW010112,"Boite Mentos Gum White Sweet Mint 53,2g P38x6",1.0
05959,MW020112,"Boite Mentos Gum White Tutti Frutti 53,2g P38x6",1.0
05959,NP010604,Nutella B-Ready T1x36x4,2.0
05959,NP060716,Nutella B-Ready T6x16,16.0
05959,PF010206,Boite Mentos Gum PF Fresh Mint 24g P12x10,1.0
05959,PF020106,Boite Mentos Gum PF Fresh Mint 56g P28x6,1.0
05959,PF030106,Boite Mentos Gum PF Wintergreen 56g P28x6,1.0
05959,TB070148,Tic Tac Mix T48x8 ARBRE,1.0
05960,BL030136,Blister Mentos Gum White Sweet Mint 17g P12x12,1.0
05960,BL040136,Blister Mentos Gum White Tutti Frutti 17g P12x12,1.0
05960,CC060106,Sachet Chupa-Chups The Best Of P120x6,1.0
05960,FR010116,Trio de Rochers Chocolat FERRERO,1.0
05960,KC010130,YAOURT AROME FRUITS DES BOIS,1.0
05960,KH010128,Kinder Happy Hippo Cocoa T1x28x6,1.0
05960,MD010112,"Mentos Gum 3D Fresh Mint 8,5g P5x15",1.0
05960,MD020112,"Mentos Gum 3D S-A-R 8,5g P5x15",1.0
05960,MD030112,"Mentos Gum 3D Watermelon 8,5g P5x15",1.0
05960,NP010501,Nutella & Go 52g,24.0
05960,NP010604,Nutella B-Ready T1x36x4,1.0
05960,NP060716,Nutella B-Ready T6x16,12.0
05961,BL030136,Blister Mentos Gum White Sweet Mint 17g P12x12,1.5
05961,BL040136,Blister Mentos Gum White Tutti Frutti 17g P12x12,1.0
05961,CC060106,Sachet Chupa-Chups The Best Of P120x6,1.5
05961,CC060112,CH CH XXL Strawberry 25Px29g,1.0
05961,FR010116,Trio de Rochers Chocolat FERRERO,1.0
05961,FR010301,Coff. de 24 Rochers Chocolat FERRERO,4.0
05961,JA010106,Mini Mentos Jar Fruit Mix 1Kg P100x6,1.0
05961,KC010130,YAOURT AROME FRUITS DES BOIS,1.0
05961,MD010112,"Mentos Gum 3D Fresh Mint 8,5g P5x15",1.0
05961,MD020112,"Mentos Gum 3D S-A-R 8,5g P5x15",1.5
05961,MD030112,"Mentos Gum 3D Watermelon 8,5g P5x15",1.5
05961,MW010112,"Boite Mentos Gum White Sweet Mint 53,2g P38x6",1.0
05961,MW020112,"Boite Mentos Gum White Tutti Frutti 53,2g P38x6",1.0
05961,NP010501,Nutella & Go 52g,24.0
05961,NP010604,Nutella B-Ready T1x36x4,1.0
05961,NP060716,Nutella B-Ready T6x16,16.0
05961,PF010206,Boite Mentos Gum PF Fresh Mint 24g P12x10,1.0
05961,TB020112,Boite Bonbon Orange T12x24 TIC TAC,1.0
05961,TB030112,Boite Bonbon Spearmint T12x24 TIC TAC,2.0
05962,BI030124,Biskrem DUO 110g - ULKER,24.0
05962,BI060124,Biskrem Cacao 110g - ULKER,24.0
05962,NP010604,Nutella B-Ready T1x36x4,1.0
05962,TB010112,Boite Bonbon Menthe T12x24 TIC TAC,1.0
05963,CC060106,Sachet Chupa-Chups The Best Of P120x6,1.0
05963,CC060112,CH CH XXL Strawberry 25Px29g,2.0
05964,BL030136,Blister Mentos Gum White Sweet Mint 17g P12x12,1.0
05964,BL040136,Blister Mentos Gum White Tutti Frutti 17g P12x12,1.0
05964,CC060106,Sachet Chupa-Chups The Best Of P120x6,1.0
05964,MD010112,"Mentos Gum 3D Fresh Mint 8,5g P5x15",1.0
05964,MD020112,"Mentos Gum 3D S-A-R 8,5g P5x15",1.0
05964,MD030112,"Mentos Gum 3D Watermelon 8,5g P5x15",1.0
05964,MW010112,"Boite Mentos Gum White Sweet Mint 53,2g P38x6",1.0
05964,MW020112,"Boite Mentos Gum White Tutti Frutti 53,2g P38x6",1.0
05964,NP010604,Nutella B-Ready T1x36x4,1.0
05964,PF010206,Boite Mentos Gum PF Fresh Mint 24g P12x10,1.0
05965,BL030136,Blister Mentos Gum White Sweet Mint 17g P12x12,1.0
05965,BL040136,Blister Mentos Gum White Tutti Frutti 17g P12x12,1.0
05965,KH010128,Kinder Happy Hippo Cocoa T1x28x6,2.0
05965,NP060716,Nutella B-Ready T6x16,16.0
05966,BI020124,Biskrem DUO 60g - ULKER,24.0
05966,BI030124,Biskrem DUO 110g - ULKER,24.0
05966,BI050124,Biskrem Cacao 60g - ULKER,24.0
05966,BI060124,Biskrem Cacao 110g - ULKER,48.0
05966,CC060106,Sachet Chupa-Chups The Best Of P120x6,1.0
05966,CC060112,CH CH XXL Strawberry 25Px29g,2.0
05966,CC070106,CH CH Melody Strawberry 48x6,1.0
05966,FR010116,Trio de Rochers Chocolat FERRERO,1.0
05966,KC010130,YAOURT AROME FRUITS DES BOIS,2.0
05966,MW010112,"Boite Mentos Gum White Sweet Mint 53,2g P38x6",1.0
05966,MW020112,"Boite Mentos Gum White Tutti Frutti 53,2g P38x6",1.0
05966,NP010501,Nutella & Go 52g,24.0
05966,NP010604,Nutella B-Ready T1x36x4,2.0
05967,0005,Compote pomme fraise,1.0
05967,12201968,"KIT KAT 4 Fingers 12x(24x41,5g)",2.0
05967,AL010124,VIT'UP 170GR COLA CITRON,1.8333333333333333
05967,AL020112,BEURRE COND 100 gr,1.2
05967,BB012020,CH CH Bigbabol Stick Tutti Frutti 5p x 20 x 20,1.0
05967,BB022020,CH CH Bigbabol Stick Strawberry 5p x 20 x 20,1.0
05967,BE010112,Biskrem Extra 92g - ULKER,18.0
05967,BE010124,Bonbon Berries 80g HARIBO,30.0
05967,BI020124,Biskrem DUO 60g - ULKER,24.0
05967,BI030124,Biskrem DUO 110g - ULKER,24.0
05967,BI050124,Biskrem Cacao 60g - ULKER,24.0
05967,BI060124,Biskrem Cacao 110g - ULKER,56.0
05967,BI070124,BISKREM CACAO 85g - ULKER,24.0
05967,BI080124,BISKREM DUO 85g - ULKER,48.0
05967,BL030136,Blister Mentos Gum White Sweet Mint 17g P12x12,1.7142857142857142
05967,BL040136,Blister Mentos Gum White Tutti Frutti 17g P12x12,1.75
05967,CC010112,Sachet Chupa-Chups Fruit P10x12,12.0
05967,CC020112,Sachet Chupa-Chups Fresh Cola P10x12,12.0
05967,CC030112,Sachet Chupa-Chups Milky P10x12,12.0
05967,CC050112,Sachet Chupa-Chups The Best Of P10x12,12.0
05967,CC060106,Sachet Chupa-Chups The Best Of P120x6,1.8333333333333333
05967,CC060112,CH CH XXL Strawberry 25Px29g,2.0
05967,CC070106,CH CH Melody Strawberry 48x6,1.0
05967,CC070124,Sachet Chupa Chups Mini 35Px24,24.0
05967,CH010124,Bonbon Chamallows Pink & White 70g HARIBO,24.0
05967,CH020424,Bonbon Chamallows Party 70g HARIBO,24.0
05967,DC010224,YAOURT BRASSE VANILLE,1.0
05967,FA010118,Mentos Fresh Action Cup Menthol 280g P100x18,1.0
05967,FA020118,Mentos Fresh Action Cup Cherry Mint 280g P100x18,1.0
05967,FA030112,Mentos Fresh Action Stick Cherry Mint 10px24x12,1.75
05967,FF010112,Big Babol Filifolly Strawberry 11g x 12 Sachets,1.0
05967,FF020112,Big Babol Filifolly Fruit 11g x 12 Sachets,1.0
05967,FF030112,Big Babol Filifolly Watermelon 11g x 12 Sachets,1.0
05967,FR010116,Trio de Rochers Chocolat FERRERO,1.0
05967,FR010120,Bonbon Fruit-tella Stick  Strawberry 10px20x12,1.0
05967,FR010201,Coff. 16 Rochers Chocolat FERRERO,5.0
05967,FR010220,Bonbon Fruit-tella Stick Orange 10px20x12,1.0
05967,FR010401,Coff. de 30 Rochers Chocolat FERRERO,1.0
05967,FR010501,Coffret de 24 Rochers Collection Chocolat FERRERO,4.0
05967,FR010603,Coffret de 28 Rochers Cône Chocolat FERRERO,3.0
05967,GB020130,Bonbon Gold-Bears 80gx30 - HARIBO,27.0
05967,GB030130,Bonbon Gold-Bears 80g+25%Gratuit x30 - HARIBO,36.0
05967,HC020130,Bonbon Happy Cola 80gx30 HARIBO,17.333333333333332
05967,HC030124,Bonbon Happy Cherries 80g HARIBO,32.0
05967,HC030324,Bonbon Happy Cola Fizz 70g HARIBO,24.0
05967,HZ010124,TOMATO KETCHUP 200 G - HEINZ,24.0
05967,HZ010712,TOMATO KETCHUP 300 G - HEINZ,12.0
05967,KC010120,YAOURT AROME CITRON,1.1666666666666667
05967,KC010130,YAOURT AROME FRUITS DES BOIS,1.2857142857142858
05967,KC010210,YAOURT AROME NOIX DE COCO,1.1666666666666667
05967,KC010240,BIFI NATURE 0%,1.0833333333333333
05967,KC010336,YAOURT AROME NATURE,1.0
05967,KC020130,Barre de Chocolat Biscuit noisette BUENO WHITE,1.3
05967,KD010114,Kinder Délice T10X14,11.25
05967,KH010128,Kinder Happy Hippo Cocoa T1x28x6,1.4
05967,KH020110,Kinder Happy Hippo Cocoa T5x10,1.25
05967,KK010106,KAT KAT TAT Noisette 24g (24x6),1.6666666666666667
05967,KK010112,KAT KAT TAT Chocolat 26g (24x12),1.0
05967,KS010116,Kinder Joy T1x16 Limited Edition,1.0
05967,KS020116,Kinder Joy T1x16 Boy,1.5
05967,KS020216,Kinder Joy T1x16 Girl,1.2857142857142858
05967,KS030116,Kinder Joy T1x16 Boy Collection 2,1.375
05967,KS030216,Kinder Joy T1x16 Girl Collection 2,1.5714285714285714
05967,LG010120,Gaufrette Golden Chocolat 140 gr- Lingot (20 pcs),16.666666666666668
05967,LI010124,Gaufrette gout Chocolat 70g - LINGOT(colisage 24),24.0
05967,LI020124,Gaufrette gout Lait 70g - LINGOT (colisage 24),24.0
05967,LI030124,Gaufrette gout Caramel 70g - LINGOT (colisage 24),24.0
05967,LI040124,Gaufrette gout Noisette 70g - LINGOT (colisage 24),24.0
05967,LI050124,Gaufrette gout Fraise 70g - LINGOT (colisage 24),24.0
05967,MD010112,"Mentos Gum 3D Fresh Mint 8,5g P5x15",4.0
05967,MD020112,"Mentos Gum 3D S-A-R 8,5g P5x15",2.0
05967,MG010116,Mentos Gum Rolls Pure Fresh 1.75g P9x16,1.0
05967,MR010108,"Mentos Rolls Menthe 39,2g P14x20",1.0
05967,MR020108,"Mentos Rolls Strawberry 39,2g P14x20",1.0
05967,MR030108,"Mentos Rolls Rainbow 39,2g P14x20",1.5
05967,MR040108,"Mentos Rolls Tutti Frutti 39,2 g P14x20",1.0
05967,MR050108,"Mentos Rolls Fruit 39,2g P14x20",1.0
05967,MR070108,Mentos Rolls Sour Mix 39.2g P14x20,1.5
05967,MW010112,"Boite Mentos Gum White Sweet Mint 53,2g P38x6",1.0
05967,MW020112,"Boite Mentos Gum White Tutti Frutti 53,2g P38x6",1.4
05967,NP010301,Pate a Tartiner de 350 grs NUTELLA,12.555555555555555
05967,NP010306,Pôt Pâte à tartiner de 600g NUTELLA,5.285714285714286
05967,NP010401,Pate a  tartiner de 750g NUTELLA,9.0
05967,NP010501,Nutella & Go 52g,24.0
05967,NP010604,Nutella B-Ready T1x36x4,1.5714285714285714
05967,NP01A301,Pate a Tartiner 350 g   10% NUTELLA,15.0
05967,PF010206,Boite Mentos Gum PF Fresh Mint 24g P12x10,1.0
05967,PF020106,Boite Mentos Gum PF Fresh Mint 56g P28x6,1.0
05967,PF030106,Boite Mentos Gum PF Wintergreen 56g P28x6,1.0
05967,PH020224,Bonbon Phantasia 80g HARIBO,24.0
05967,RO010112,Bonbon Roulette 25g - HARIBO,1.8
05967,SM010224,Bonbon Starmix 80g HARIBO,42.0
05967,SQ010124,Bonbon Squishy 80g HARIBO,18.0
05967,ST010208,Mix Sripe Assortiment 24x8x25g HARIBO,2.0
05967,TB070148,Tic Tac Mix T48x8 ARBRE,1.25
05967,TE020124,Bonbon Teeth 80g HARIBO,24.0
05967,WO020124,Bonbon Worms 80g HARIBO,24.0
05968,KC010120,YAOURT AROME CITRON,1.0
05968,KC010130,YAOURT AROME FRUITS DES BOIS,1.0
05968,KS010116,Kinder Joy T1x16 Limited Edition,1.0
05968,KS020116,Kinder Joy T1x16 Boy,1.0
05968,NP010501,Nutella & Go 52g,11.0
05968,TB030112,Boite Bonbon Spearmint T12x24 TIC TAC,1.0
05969,BE010124,Bonbon Berries 80g HARIBO,12.0
05969,CH010124,Bonbon Chamallows Pink & White 70g HARIBO,36.0
05969,CH020424,Bonbon Chamallows Party 70g HARIBO,48.0
05969,DC010224,YAOURT BRASSE VANILLE,1.0
05969,FR010116,Trio de Rochers Chocolat FERRERO,1.0
05969,GB020130,Bonbon Gold-Bears 80gx30 - HARIBO,25.0
05969,HC020130,Bonbon Happy Cola 80gx30 HARIBO,30.0
05969,HC030324,Bonbon Happy Cola Fizz 70g HARIBO,64.0
05969,KC010120,YAOURT AROME CITRON,2.0
05969,KC010130,YAOURT AROME FRUITS DES BOIS,3.6666666666666665
05969,KC010210,YAOURT AROME NOIX DE COCO,1.0
05969,KC010240,BIFI NATURE 0%,1.0
05969,KD010114,Kinder Délice T10X14,6.0
05969,KH010128,Kinder Happy Hippo Cocoa T1x28x6,1.0
05969,KH020110,Kinder Happy Hippo Cocoa T5x10,1.0
05969,KS020116,Kinder Joy T1x16 Boy,1.0
05969,KS020216,Kinder Joy T1x16 Girl,1.0
05969,NP010501,Nutella & Go 52g,24.0
05969,NP010604,Nutella B-Ready T1x36x4,1.0
05969,NP01A301,Pate a Tartiner 350 g   10% NUTELLA,30.0
05969,NP060716,Nutella B-Ready T6x16,16.0
05969,PH020224,Bonbon Phantasia 80g HARIBO,30.5
05969,SM010224,Bonbon Starmix 80g HARIBO,24.0
05969,TE020124,Bonbon Teeth 80g HARIBO,48.0
05969,WO020124,Bonbon Worms 80g HARIBO,24.0
05969,WO030124,Bonbon Fizz Worms 70g HARIBO,8.0
05982,FR010201,Coff. 16 Rochers Chocolat FERRERO,1.0
05982,FR010301,Coff. de 24 Rochers Chocolat FERRERO,1.0
05982,FR010401,Coff. de 30 Rochers Chocolat FERRERO,1.0
05982,MD010112,"Mentos Gum 3D Fresh Mint 8,5g P5x15",1.0
05982,MD020112,"Mentos Gum 3D S-A-R 8,5g P5x15",1.0
05982,RR010201,Coff. 15 Rochers Noix Coco RAFAELLO,1.0
05985,HC030124,Bonbon Happy Cherries 80g HARIBO,4.0
05985,KC010130,YAOURT AROME FRUITS DES BOIS,4.0
05986,CH010124,Bonbon Chamallows Pink & White 70g HARIBO,48.0
05986,DC010224,YAOURT BRASSE VANILLE,2.0
05986,HC030124,Bonbon Happy Cherries 80g HARIBO,3.0
05986,KC010120,YAOURT AROME CITRON,3.0
05986,KC010130,YAOURT AROME FRUITS DES BOIS,4.0
05986,KH010128,Kinder Happy Hippo Cocoa T1x28x6,3.0
05986,KS010116,Kinder Joy T1x16 Limited Edition,1.0
05986,KS020116,Kinder Joy T1x16 Boy,1.0
05986,NP010604,Nutella B-Ready T1x36x4,1.0
05987,AL010124,VIT'UP 170GR COLA CITRON,1.0
05987,BI020124,Biskrem DUO 60g - ULKER,24.0
05987,BI040124,Biskrem Cacao 40g - ULKER,24.0
05987,BI050124,Biskrem Cacao 60g - ULKER,24.0
05987,BI060124,Biskrem Cacao 110g - ULKER,24.0
05987,BL030136,Blister Mentos Gum White Sweet Mint 17g P12x12,1.0
05987,BL040136,Blister Mentos Gum White Tutti Frutti 17g P12x12,1.0
05987,CC060106,Sachet Chupa-Chups The Best Of P120x6,1.0
05987,CC060112,CH CH XXL Strawberry 25Px29g,1.0
05987,CC070106,CH CH Melody Strawberry 48x6,1.0
05987,FF030112,Big Babol Filifolly Watermelon 11g x 12 Sachets,1.0
05987,FR010116,Trio de Rochers Chocolat FERRERO,1.0
05987,FR010201,Coff. 16 Rochers Chocolat FERRERO,5.0
05987,FR010301,Coff. de 24 Rochers Chocolat FERRERO,4.0
05987,HC030124,Bonbon Happy Cherries 80g HARIBO,24.0
05987,KC010120,YAOURT AROME CITRON,1.0
05987,KC010130,YAOURT AROME FRUITS DES BOIS,1.0
05987,KC010210,YAOURT AROME NOIX DE COCO,1.0
05987,KC010240,BIFI NATURE 0%,1.0
05987,KC010506,Kinder Creamy T1x24x6,1.0
05987,KH010128,Kinder Happy Hippo Cocoa T1x28x6,1.0
05987,KS020116,Kinder Joy T1x16 Boy,1.0
05987,KS030116,Kinder Joy T1x16 Boy Collection 2,1.0
05987,MD010112,"Mentos Gum 3D Fresh Mint 8,5g P5x15",1.0
05987,MD020112,"Mentos Gum 3D S-A-R 8,5g P5x15",1.0
05987,MD030112,"Mentos Gum 3D Watermelon 8,5g P5x15",1.0
05987,MG010116,Mentos Gum Rolls Pure Fresh 1.75g P9x16,1.0
05987,MW010112,"Boite Mentos Gum White Sweet Mint 53,2g P38x6",1.0
05987,MW020112,"Boite Mentos Gum White Tutti Frutti 53,2g P38x6",1.0
05987,NP010406,Pôt Pâte à tartiner de 600g NUTELLA OCCASION,6.0
05987,NP010501,Nutella & Go 52g,24.0
05987,NP010604,Nutella B-Ready T1x36x4,1.0
05987,NP060716,Nutella B-Ready T6x16,16.0
05987,PF020106,Boite Mentos Gum PF Fresh Mint 56g P28x6,1.0
05987,PF030106,Boite Mentos Gum PF Wintergreen 56g P28x6,1.0
05987,PH020224,Bonbon Phantasia 80g HARIBO,2.0
05987,RR010116,Trio de Rochers Noix Coco RAFAELLO,1.0
05987,SM010224,Bonbon Starmix 80g HARIBO,24.0
05987,TB010112,Boite Bonbon Menthe T12x24 TIC TAC,1.0
05987,TB020112,Boite Bonbon Orange T12x24 TIC TAC,1.0
05987,TB030112,Boite Bonbon Spearmint T12x24 TIC TAC,1.0
05987,TB050112,Boite Bonbon Strawberry mix T12x24 TIC TAC,1.0
06005,BI070124,BISKREM CACAO 85g - ULKER,24.0
06005,BI080124,BISKREM DUO 85g - ULKER,24.0
06005,CC070106,CH CH Melody Strawberry 48x6,1.0
06005,DC010224,YAOURT BRASSE VANILLE,1.0
06005,KC010130,YAOURT AROME FRUITS DES BOIS,1.0
06018,AL020112,BEURRE COND 100 gr,1.0
06018,BI020124,Biskrem DUO 60g - ULKER,24.0
06018,BI030124,Biskrem DUO 110g - ULKER,24.0
06018,BI050124,Biskrem Cacao 60g - ULKER,24.0
06018,BI060124,Biskrem Cacao 110g - ULKER,24.0
06018,CH010124,Bonbon Chamallows Pink & White 70g HARIBO,3.0
06018,DC010224,YAOURT BRASSE VANILLE,1.0
06018,FA010118,Mentos Fresh Action Cup Menthol 280g P100x18,1.0
06018,FA020118,Mentos Fresh Action Cup Cherry Mint 280g P100x18,1.0
06018,FR010120,Bonbon Fruit-tella Stick  Strawberry 10px20x12,1.0
06018,JA010106,Mini Mentos Jar Fruit Mix 1Kg P100x6,1.0
06018,JB020116,STRIPE JELLY BEANS 35gx12x16,1.0
06018,KC010120,YAOURT AROME CITRON,1.0
06018,KC010130,YAOURT AROME FRUITS DES BOIS,1.0
06018,KC010336,YAOURT AROME NATURE,1.0
06018,KC020130,Barre de Chocolat Biscuit noisette BUENO WHITE,1.0
06018,KD010114,Kinder Délice T10X14,1.0
06018,KK010106,KAT KAT TAT Noisette 24g (24x6),1.3333333333333333
06018,KK010112,KAT KAT TAT Chocolat 26g (24x12),1.0
06018,LI010124,Gaufrette gout Chocolat 70g - LINGOT(colisage 24),24.0
06018,LI040124,Gaufrette gout Noisette 70g - LINGOT (colisage 24),24.0
06018,LI050124,Gaufrette gout Fraise 70g - LINGOT (colisage 24),24.0
06018,LT010124,Gaufrette enrobée choco 30G Riz Soufflé (24x4),1.0
06018,LT020124,Gaufrette enrobée choco 30G Cacahueté (24x4),1.0
06018,LT030124,Gaufrette enrobée choco 30G Triple saveur (24x4),1.25
06018,MD020112,"Mentos Gum 3D S-A-R 8,5g P5x15",1.0
06018,MF011212,MILLE-FEUILLE Fraise 24g ( 12X12 ),1.0
06018,MR010108,"Mentos Rolls Menthe 39,2g P14x20",1.0
06018,NP010604,Nutella B-Ready T1x36x4,1.0
06018,RA010124,Canette Float Orange 240 ML - RANI,6.0
06018,RR010201,Coff. 15 Rochers Noix Coco RAFAELLO,1.0
06018,ST010208,Mix Sripe Assortiment 24x8x25g HARIBO,1.0
06018,TB030112,Boite Bonbon Spearmint T12x24 TIC TAC,1.0
06019,AL010124,VIT'UP 170GR COLA CITRON,1.0
06019,AL020112,BEURRE COND 100 gr,1.0
06019,BB022020,CH CH Bigbabol Stick Strawberry 5p x 20 x 20,1.0
06019,BE010112,Biskrem Extra 92g - ULKER,12.0
06019,BE010124,Bonbon Berries 80g HARIBO,5.0
06019,BI020124,Biskrem DUO 60g - ULKER,24.0
06019,BI040124,Biskrem Cacao 40g - ULKER,24.0
06019,BI050124,Biskrem Cacao 60g - ULKER,24.0
06019,BL030136,Blister Mentos Gum White Sweet Mint 17g P12x12,1.0
06019,CH010124,Bonbon Chamallows Pink & White 70g HARIBO,6.0
06019,CH020424,Bonbon Chamallows Party 70g HARIBO,2.0
06019,DC010224,YAOURT BRASSE VANILLE,1.0
06019,FA010118,Mentos Fresh Action Cup Menthol 280g P100x18,1.0
06019,FA020118,Mentos Fresh Action Cup Cherry Mint 280g P100x18,1.0
06019,FR010116,Trio de Rochers Chocolat FERRERO,3.0
06019,FR010201,Coff. 16 Rochers Chocolat FERRERO,2.0
06019,HC030124,Bonbon Happy Cherries 80g HARIBO,5.0
06019,KC010120,YAOURT AROME CITRON,1.0
06019,KC010130,YAOURT AROME FRUITS DES BOIS,1.0
06019,KC020130,Barre de Chocolat Biscuit noisette BUENO WHITE,3.0
06019,KK010112,KAT KAT TAT Chocolat 26g (24x12),1.6666666666666667
06019,KS020116,Kinder Joy T1x16 Boy,1.0
06019,KS020216,Kinder Joy T1x16 Girl,1.0
06019,LT010124,Gaufrette enrobée choco 30G Riz Soufflé (24x4),2.75
06019,LT020124,Gaufrette enrobée choco 30G Cacahueté (24x4),2.4
06019,LT030124,Gaufrette enrobée choco 30G Triple saveur (24x4),3.0
06019,MD010112,"Mentos Gum 3D Fresh Mint 8,5g P5x15",1.0
06019,PF010206,Boite Mentos Gum PF Fresh Mint 24g P12x10,1.0
06019,SM010224,Bonbon Starmix 80g HARIBO,15.0
06019,ST010208,Mix Sripe Assortiment 24x8x25g HARIBO,1.0
06019,TB070148,Tic Tac Mix T48x8 ARBRE,1.0
06020,BE010124,Bonbon Berries 80g HARIBO,1.0
06020,BI020124,Biskrem DUO 60g - ULKER,24.0
06020,BI060124,Biskrem Cacao 110g - ULKER,24.0
06020,BL030136,Blister Mentos Gum White Sweet Mint 17g P12x12,1.0
06020,BL040136,Blister Mentos Gum White Tutti Frutti 17g P12x12,1.0
06020,CH020424,Bonbon Chamallows Party 70g HARIBO,5.0
06020,DC010224,YAOURT BRASSE VANILLE,1.0
06020,FA010118,Mentos Fresh Action Cup Menthol 280g P100x18,1.0
06020,FA020118,Mentos Fresh Action Cup Cherry Mint 280g P100x18,1.0
06020,FR010120,Bonbon Fruit-tella Stick  Strawberry 10px20x12,1.0
06020,JA010106,Mini Mentos Jar Fruit Mix 1Kg P100x6,1.0
06020,KC010120,YAOURT AROME CITRON,1.0
06020,KC010130,YAOURT AROME FRUITS DES BOIS,1.0
06020,KC010240,BIFI NATURE 0%,1.0
06020,KD010114,Kinder Délice T10X14,1.0
06020,KK010106,KAT KAT TAT Noisette 24g (24x6),1.5
06020,KK010112,KAT KAT TAT Chocolat 26g (24x12),1.0
06020,KS020216,Kinder Joy T1x16 Girl,1.0
06020,KS030116,Kinder Joy T1x16 Boy Collection 2,1.0
06020,LT030124,Gaufrette enrobée choco 30G Triple saveur (24x4),1.0
06020,MD020112,"Mentos Gum 3D S-A-R 8,5g P5x15",1.0
06020,NP010301,Pate a Tartiner de 350 grs NUTELLA,4.0
06020,NP010604,Nutella B-Ready T1x36x4,1.0
06020,RA020124,Canette Float Peche 240 ML - RANI,12.0
06020,RA060124,Canette Float Fraise-Banane 240 ML - RANI,12.0
06020,RO010112,Bonbon Roulette 25g - HARIBO,1.0
06021,BE010124,Bonbon Berries 80g HARIBO,7.0
06021,BI030124,Biskrem DUO 110g - ULKER,24.0
06021,BI070124,BISKREM CACAO 85g - ULKER,24.0
06021,BI080124,BISKREM DUO 85g - ULKER,24.0
06021,CH010124,Bonbon Chamallows Pink & White 70g HARIBO,6.0
06021,CH020424,Bonbon Chamallows Party 70g HARIBO,6.0
06021,DC010224,YAOURT BRASSE VANILLE,1.0
06021,FA010118,Mentos Fresh Action Cup Menthol 280g P100x18,1.0
06021,FR010116,Trio de Rochers Chocolat FERRERO,1.0
06021,FR010201,Coff. 16 Rochers Chocolat FERRERO,1.0
06021,GB020130,Bonbon Gold-Bears 80gx30 - HARIBO,8.0
06021,HC020130,Bonbon Happy Cola 80gx30 HARIBO,5.0
06021,HC020224,Bonbon Happy Cola 30g HARIBO,5.0
06021,HC030124,Bonbon Happy Cherries 80g HARIBO,6.5
06021,HC030324,Bonbon Happy Cola Fizz 70g HARIBO,8.0
06021,JB020116,STRIPE JELLY BEANS 35gx12x16,1.0
06021,KC010120,YAOURT AROME CITRON,1.0
06021,KC010130,YAOURT AROME FRUITS DES BOIS,1.3333333333333333
06021,KC020130,Barre de Chocolat Biscuit noisette BUENO WHITE,1.0
06021,KD010114,Kinder Délice T10X14,5.0
06021,KK010106,KAT KAT TAT Noisette 24g (24x6),1.5
06021,KK010112,KAT KAT TAT Chocolat 26g (24x12),1.0
06021,KS020116,Kinder Joy T1x16 Boy,1.0
06021,KS030216,Kinder Joy T1x16 Girl Collection 2,1.0
06021,LI010124,Gaufrette gout Chocolat 70g - LINGOT(colisage 24),17.666666666666668
06021,LI030124,Gaufrette gout Caramel 70g - LINGOT (colisage 24),24.0
06021,LI040124,Gaufrette gout Noisette 70g - LINGOT (colisage 24),24.0
06021,LI050124,Gaufrette gout Fraise 70g - LINGOT (colisage 24),24.0
06021,LT010124,Gaufrette enrobée choco 30G Riz Soufflé (24x4),1.0
06021,MI010124,Bonbon Mix Fizz 70g HARIBO,6.5
06021,MR010108,"Mentos Rolls Menthe 39,2g P14x20",1.0
06021,MR030108,"Mentos Rolls Rainbow 39,2g P14x20",1.0
06021,MR050108,"Mentos Rolls Fruit 39,2g P14x20",1.0
06021,NP010301,Pate a Tartiner de 350 grs NUTELLA,2.0
06021,NP010604,Nutella B-Ready T1x36x4,1.0
06021,PH020224,Bonbon Phantasia 80g HARIBO,1.0
06021,RA010124,Canette Float Orange 240 ML - RANI,16.0
06021,RA020124,Canette Float Peche 240 ML - RANI,8.0
06021,RR010201,Coff. 15 Rochers Noix Coco RAFAELLO,1.0
06021,SM010224,Bonbon Starmix 80g HARIBO,6.5
06021,TE020124,Bonbon Teeth 80g HARIBO,8.0
06021,WO020124,Bonbon Worms 80g HARIBO,6.0
06022,AL010124,VIT'UP 170GR COLA CITRON,1.0
06022,BE010124,Bonbon Berries 80g HARIBO,3.6666666666666665
06022,BI020124,Biskrem DUO 60g - ULKER,24.0
06022,BI030112,BISKREM DUO 85g - ULKER,24.0
06022,BI030124,Biskrem DUO 110g - ULKER,24.0
06022,BI050124,Biskrem Cacao 60g - ULKER,24.0
06022,BI060124,Biskrem Cacao 110g - ULKER,24.0
06022,BI080124,BISKREM DUO 85g - ULKER,24.0
06022,BL030136,Blister Mentos Gum White Sweet Mint 17g P12x12,1.0
06022,BL040136,Blister Mentos Gum White Tutti Frutti 17g P12x12,1.0
06022,CH010124,Bonbon Chamallows Pink & White 70g HARIBO,6.0
06022,CH020424,Bonbon Chamallows Party 70g HARIBO,6.333333333333333
06022,CH060124,Bonbon Chamallows Pink & White 25g x 24 HARIBO,1.0
06022,FA010118,Mentos Fresh Action Cup Menthol 280g P100x18,1.5
06022,FA020118,Mentos Fresh Action Cup Cherry Mint 280g P100x18,1.0
06022,FR010116,Trio de Rochers Chocolat FERRERO,1.0
06022,GB010324,Bonbon Gold-Bears 30g HARIBO,24.0
06022,HC020224,Bonbon Happy Cola 30g HARIBO,24.0
06022,HC030324,Bonbon Happy Cola Fizz 70g HARIBO,5.0
06022,JA010106,Mini Mentos Jar Fruit Mix 1Kg P100x6,1.0
06022,KC010120,YAOURT AROME CITRON,1.0
06022,KC010130,YAOURT AROME FRUITS DES BOIS,1.0
06022,KC010240,BIFI NATURE 0%,1.3333333333333333
06022,KC020130,Barre de Chocolat Biscuit noisette BUENO WHITE,1.3333333333333333
06022,KD010114,Kinder Délice T10X14,3.75
06022,KS020116,Kinder Joy T1x16 Boy,1.0
06022,KS020216,Kinder Joy T1x16 Girl,1.0
06022,KS030116,Kinder Joy T1x16 Boy Collection 2,1.0
06022,KS030216,Kinder Joy T1x16 Girl Collection 2,1.0
06022,LI010124,Gaufrette gout Chocolat 70g - LINGOT(colisage 24),24.0
06022,LT020124,Gaufrette enrobée choco 30G Cacahueté (24x4),1.0
06022,LT030124,Gaufrette enrobée choco 30G Triple saveur (24x4),1.0
06022,MD010112,"Mentos Gum 3D Fresh Mint 8,5g P5x15",1.0
06022,MD020112,"Mentos Gum 3D S-A-R 8,5g P5x15",1.0
06022,MD030112,"Mentos Gum 3D Watermelon 8,5g P5x15",1.0
06022,MG010116,Mentos Gum Rolls Pure Fresh 1.75g P9x16,2.0
06022,MI010124,Bonbon Mix Fizz 70g HARIBO,10.0
06022,MR010108,"Mentos Rolls Menthe 39,2g P14x20",1.0
06022,MR040108,"Mentos Rolls Tutti Frutti 39,2 g P14x20",1.0
06022,NP010604,Nutella B-Ready T1x36x4,1.2
06022,RA020124,Canette Float Peche 240 ML - RANI,24.0
06022,RA040124,Canette Float Ananas 240 ML - RANI,24.0
06022,RO010112,Bonbon Roulette 25g - HARIBO,1.3333333333333333
06022,RR010116,Trio de Rochers Noix Coco RAFAELLO,1.0
06022,RR010201,Coff. 15 Rochers Noix Coco RAFAELLO,6.0
06022,ST010208,Mix Sripe Assortiment 24x8x25g HARIBO,1.0
06022,TB030112,Boite Bonbon Spearmint T12x24 TIC TAC,1.0
06022,TB070148,Tic Tac Mix T48x8 ARBRE,1.0
06023,AL010124,VIT'UP 170GR COLA CITRON,3.2
06023,BB012020,CH CH Bigbabol Stick Tutti Frutti 5p x 20 x 20,1.0
06023,BB022020,CH CH Bigbabol Stick Strawberry 5p x 20 x 20,1.0
06023,BE010112,Biskrem Extra 92g - ULKER,12.0
06023,BE010124,Bonbon Berries 80g HARIBO,6.2
06023,BI020124,Biskrem DUO 60g - ULKER,24.0
06023,BI030112,BISKREM DUO 85g - ULKER,12.0
06023,BI050124,Biskrem Cacao 60g - ULKER,24.0
06023,BI060124,Biskrem Cacao 110g - ULKER,24.0
06023,BI070124,BISKREM CACAO 85g - ULKER,40.0
06023,BI080124,BISKREM DUO 85g - ULKER,24.0
06023,BL030136,Blister Mentos Gum White Sweet Mint 17g P12x12,1.0
06023,BL040136,Blister Mentos Gum White Tutti Frutti 17g P12x12,1.0
06023,CC060106,Sachet Chupa-Chups The Best Of P120x6,7.0
06023,CC060112,CH CH XXL Strawberry 25Px29g,1.5
06023,CC070106,CH CH Melody Strawberry 48x6,1.0
06023,CC070124,Sachet Chupa Chups Mini 35Px24,1.75
06023,CH010124,Bonbon Chamallows Pink & White 70g HARIBO,14.166666666666666
06023,CH020424,Bonbon Chamallows Party 70g HARIBO,13.5
06023,CH060124,Bonbon Chamallows Pink & White 25g x 24 HARIBO,1.0
06023,DC010224,YAOURT BRASSE VANILLE,1.0
06023,FA010118,Mentos Fresh Action Cup Menthol 280g P100x18,1.0
06023,FA020118,Mentos Fresh Action Cup Cherry Mint 280g P100x18,1.0
06023,FA030112,Mentos Fresh Action Stick Cherry Mint 10px24x12,2.0
06023,FF010112,Big Babol Filifolly Strawberry 11g x 12 Sachets,1.0
06023,FF020112,Big Babol Filifolly Fruit 11g x 12 Sachets,1.0
06023,FF030112,Big Babol Filifolly Watermelon 11g x 12 Sachets,1.0
06023,FR010116,Trio de Rochers Chocolat FERRERO,1.0
06023,FR010120,Bonbon Fruit-tella Stick  Strawberry 10px20x12,1.0
06023,FR010201,Coff. 16 Rochers Chocolat FERRERO,1.0
06023,FR010220,Bonbon Fruit-tella Stick Orange 10px20x12,1.0
06023,FR010401,Coff. de 30 Rochers Chocolat FERRERO,12.0
06023,GB010324,Bonbon Gold-Bears 30g HARIBO,24.0
06023,GB020130,Bonbon Gold-Bears 80gx30 - HARIBO,5.75
06023,HC020130,Bonbon Happy Cola 80gx30 HARIBO,7.5
06023,HC020224,Bonbon Happy Cola 30g HARIBO,24.0
06023,HC030124,Bonbon Happy Cherries 80g HARIBO,4.0
06023,HC030324,Bonbon Happy Cola Fizz 70g HARIBO,5.333333333333333
06023,JA010106,Mini Mentos Jar Fruit Mix 1Kg P100x6,1.0
06023,JB020116,STRIPE JELLY BEANS 35gx12x16,1.0
06023,KC010120,YAOURT AROME CITRON,1.0
06023,KC010130,YAOURT AROME FRUITS DES BOIS,1.2
06023,KC010240,BIFI NATURE 0%,1.1428571428571428
06023,KC010336,YAOURT AROME NATURE,1.0
06023,KC010506,Kinder Creamy T1x24x6,1.0
06023,KC020130,Barre de Chocolat Biscuit noisette BUENO WHITE,1.2222222222222223
06023,KD010114,Kinder Délice T10X14,9.666666666666666
06023,KK010106,KAT KAT TAT Noisette 24g (24x6),1.0
06023,KK010112,KAT KAT TAT Chocolat 26g (24x12),5.857142857142857
06023,KS010116,Kinder Joy T1x16 Limited Edition,1.0
06023,KS020116,Kinder Joy T1x16 Boy,1.0
06023,KS020216,Kinder Joy T1x16 Girl,1.0
06023,KS030116,Kinder Joy T1x16 Boy Collection 2,1.0
06023,KS030216,Kinder Joy T1x16 Girl Collection 2,1.0
06023,LT030124,Gaufrette enrobée choco 30G Triple saveur (24x4),70.0
06023,MD010112,"Mentos Gum 3D Fresh Mint 8,5g P5x15",1.0
06023,MF011212,MILLE-FEUILLE Fraise 24g ( 12X12 ),1.0
06023,MI010124,Bonbon Mix Fizz 70g HARIBO,4.166666666666667
06023,MR010108,"Mentos Rolls Menthe 39,2g P14x20",1.0
06023,MR020108,"Mentos Rolls Strawberry 39,2g P14x20",1.0
06023,MR040108,"Mentos Rolls Tutti Frutti 39,2 g P14x20",1.0
06023,MR050108,"Mentos Rolls Fruit 39,2g P14x20",1.0
06023,MR070108,Mentos Rolls Sour Mix 39.2g P14x20,1.0
06023,MW010112,"Boite Mentos Gum White Sweet Mint 53,2g P38x6",1.0
06023,MW020112,"Boite Mentos Gum White Tutti Frutti 53,2g P38x6",1.0
06023,NP010301,Pate a Tartiner de 350 grs NUTELLA,2.0
06023,NP010604,Nutella B-Ready T1x36x4,1.1111111111111112
06023,PH020224,Bonbon Phantasia 80g HARIBO,4.6
06023,PV010124,Bonbon Primavera 80g HARIBO,8.0
06023,RA010124,Canette Float Orange 240 ML - RANI,6.0
06023,RA030124,Canette Float Mangue 240 ML - RANI,9.0
06023,RA040124,Canette Float Ananas 240 ML - RANI,9.0
06023,RO010112,Bonbon Roulette 25g - HARIBO,1.8
06023,SM010224,Bonbon Starmix 80g HARIBO,4.0
06023,SQ010124,Bonbon Squishy 80g HARIBO,5.6
06023,ST010208,Mix Sripe Assortiment 24x8x25g HARIBO,1.0
06023,TB050112,Boite Bonbon Strawberry mix T12x24 TIC TAC,1.0
06023,TB070148,Tic Tac Mix T48x8 ARBRE,1.0
06023,TE020124,Bonbon Teeth 80g HARIBO,4.25
06023,WO020124,Bonbon Worms 80g HARIBO,5.666666666666667
06023,WO030124,Bonbon Fizz Worms 70g HARIBO,2.0
06025,BB022020,CH CH Bigbabol Stick Strawberry 5p x 20 x 20,1.0
06025,BE010124,Bonbon Berries 80g HARIBO,6.0
06025,CH010124,Bonbon Chamallows Pink & White 70g HARIBO,6.0
06025,CH020424,Bonbon Chamallows Party 70g HARIBO,6.0
06025,GB020130,Bonbon Gold-Bears 80gx30 - HARIBO,5.0
06025,HC030324,Bonbon Happy Cola Fizz 70g HARIBO,5.0
06025,KC010130,YAOURT AROME FRUITS DES BOIS,1.0
06025,LT030124,Gaufrette enrobée choco 30G Triple saveur (24x4),1.0
06025,MI010124,Bonbon Mix Fizz 70g HARIBO,5.0
06025,MR070108,Mentos Rolls Sour Mix 39.2g P14x20,1.0
06025,SQ010124,Bonbon Squishy 80g HARIBO,5.0
06025,WO030124,Bonbon Fizz Worms 70g HARIBO,5.0
06026,AL010124,VIT'UP 170GR COLA CITRON,1.5
06026,BE010124,Bonbon Berries 80g HARIBO,2.0
06026,BI030112,BISKREM DUO 85g - ULKER,6.0
06026,BI060124,Biskrem Cacao 110g - ULKER,24.0
06026,BL040136,Blister Mentos Gum White Tutti Frutti 17g P12x12,1.0
06026,CC060106,Sachet Chupa-Chups The Best Of P120x6,1.0
06026,CH010124,Bonbon Chamallows Pink & White 70g HARIBO,4.0
06026,CH020424,Bonbon Chamallows Party 70g HARIBO,4.333333333333333
06026,FA010118,Mentos Fresh Action Cup Menthol 280g P100x18,1.0
06026,FA020118,Mentos Fresh Action Cup Cherry Mint 280g P100x18,1.5
06026,GB020130,Bonbon Gold-Bears 80gx30 - HARIBO,2.0
06026,HC020130,Bonbon Happy Cola 80gx30 HARIBO,2.0
06026,HC030324,Bonbon Happy Cola Fizz 70g HARIBO,2.0
06026,KC010120,YAOURT AROME CITRON,1.0
06026,KC010130,YAOURT AROME FRUITS DES BOIS,1.0
06026,KD010114,Kinder Délice T10X14,2.0
06026,KS020116,Kinder Joy T1x16 Boy,1.0
06026,LT010124,Gaufrette enrobée choco 30G Riz Soufflé (24x4),1.0
06026,MD010112,"Mentos Gum 3D Fresh Mint 8,5g P5x15",1.0
06026,MD020112,"Mentos Gum 3D S-A-R 8,5g P5x15",1.0
06026,MD030112,"Mentos Gum 3D Watermelon 8,5g P5x15",1.0
06026,MI010124,Bonbon Mix Fizz 70g HARIBO,2.0
06026,PH020224,Bonbon Phantasia 80g HARIBO,2.0
06026,SM010224,Bonbon Starmix 80g HARIBO,2.0
06026,WO030124,Bonbon Fizz Worms 70g HARIBO,2.0
06027,AL020112,BEURRE COND 100 gr,1.0
06027,BE010112,Biskrem Extra 92g - ULKER,12.0
06027,BE010124,Bonbon Berries 80g HARIBO,6.0
06027,BI080124,BISKREM DUO 85g - ULKER,24.0
06027,BL030136,Blister Mentos Gum White Sweet Mint 17g P12x12,1.0
06027,FA020118,Mentos Fresh Action Cup Cherry Mint 280g P100x18,1.0
06027,FR010220,Bonbon Fruit-tella Stick Orange 10px20x12,1.0
06027,KC010130,YAOURT AROME FRUITS DES BOIS,1.0
06027,KC020130,Barre de Chocolat Biscuit noisette BUENO WHITE,1.0
06027,MI010124,Bonbon Mix Fizz 70g HARIBO,6.0
06027,TB070148,Tic Tac Mix T48x8 ARBRE,1.0
06029,AL020112,BEURRE COND 100 gr,1.0
06029,BB022020,CH CH Bigbabol Stick Strawberry 5p x 20 x 20,1.0
06029,BI020124,Biskrem DUO 60g - ULKER,24.0
06029,BI050124,Biskrem Cacao 60g - ULKER,24.0
06029,CC060106,Sachet Chupa-Chups The Best Of P120x6,1.0
06029,KC010130,YAOURT AROME FRUITS DES BOIS,1.0
06029,KD010114,Kinder Délice T10X14,1.0
06029,KK010106,KAT KAT TAT Noisette 24g (24x6),2.0
06029,KK010112,KAT KAT TAT Chocolat 26g (24x12),1.0
06029,KS020116,Kinder Joy T1x16 Boy,1.0
06029,KS020216,Kinder Joy T1x16 Girl,1.0
06029,NP010301,Pate a Tartiner de 350 grs NUTELLA,4.0
06029,NP010604,Nutella B-Ready T1x36x4,1.0
06029,TB070148,Tic Tac Mix T48x8 ARBRE,1.0
06030,FA010118,Mentos Fresh Action Cup Menthol 280g P100x18,1.0
06030,FR010918,Rochet T3x18 Occasion STAR,1.0
06030,KC010120,YAOURT AROME CITRON,1.0
06030,KC010130,YAOURT AROME FRUITS DES BOIS,1.0
06030,KS020216,Kinder Joy T1x16 Girl,1.0
06030,NP010301,Pate a Tartiner de 350 grs NUTELLA,3.0
06030,RO010112,Bonbon Roulette 25g - HARIBO,1.0
06030,TB070148,Tic Tac Mix T48x8 ARBRE,1.0
06031,AL010124,VIT'UP 170GR COLA CITRON,1.0
06031,AL020112,BEURRE COND 100 gr,1.0
06031,BB012020,CH CH Bigbabol Stick Tutti Frutti 5p x 20 x 20,1.0
06031,BB022020,CH CH Bigbabol Stick Strawberry 5p x 20 x 20,1.0
06031,BE010112,Biskrem Extra 92g - ULKER,12.0
06031,BE010124,Bonbon Berries 80g HARIBO,4.5
06031,BI020124,Biskrem DUO 60g - ULKER,24.0
06031,BI030112,BISKREM DUO 85g - ULKER,32.0
06031,BI030124,Biskrem DUO 110g - ULKER,24.0
06031,BI050124,Biskrem Cacao 60g - ULKER,28.8
06031,BI060124,Biskrem Cacao 110g - ULKER,24.0
06031,BI070124,BISKREM CACAO 85g - ULKER,24.0
06031,BI080124,BISKREM DUO 85g - ULKER,24.0
06031,CC060106,Sachet Chupa-Chups The Best Of P120x6,1.0
06031,CC070106,CH CH Melody Strawberry 48x6,1.0
06031,CH010124,Bonbon Chamallows Pink & White 70g HARIBO,5.0
06031,CH020424,Bonbon Chamallows Party 70g HARIBO,13.5
06031,DC010224,YAOURT BRASSE VANILLE,1.0
06031,FA010118,Mentos Fresh Action Cup Menthol 280g P100x18,1.0
06031,FA020118,Mentos Fresh Action Cup Cherry Mint 280g P100x18,1.0
06031,FR010116,Trio de Rochers Chocolat FERRERO,1.3333333333333333
06031,FR010120,Bonbon Fruit-tella Stick  Strawberry 10px20x12,1.0
06031,FR010201,Coff. 16 Rochers Chocolat FERRERO,2.0
06031,FR010301,Coff. de 24 Rochers Chocolat FERRERO,2.0
06031,GB010324,Bonbon Gold-Bears 30g HARIBO,24.0
06031,GB020130,Bonbon Gold-Bears 80gx30 - HARIBO,5.0
06031,HC020130,Bonbon Happy Cola 80gx30 HARIBO,11.333333333333334
06031,HC030324,Bonbon Happy Cola Fizz 70g HARIBO,4.0
06031,KC010120,YAOURT AROME CITRON,1.0
06031,KC010130,YAOURT AROME FRUITS DES BOIS,1.1428571428571428
06031,KC010240,BIFI NATURE 0%,1.0
06031,KC010336,YAOURT AROME NATURE,1.0
06031,KC020130,Barre de Chocolat Biscuit noisette BUENO WHITE,1.0
06031,KD010114,Kinder Délice T10X14,1.75
06031,KH010128,Kinder Happy Hippo Cocoa T1x28x6,3.5
06031,KK010112,KAT KAT TAT Chocolat 26g (24x12),1.3333333333333333
06031,KS020116,Kinder Joy T1x16 Boy,1.0
06031,KS020216,Kinder Joy T1x16 Girl,1.0
06031,LG010120,Gaufrette Golden Chocolat 140 gr- Lingot (20 pcs),20.0
06031,LG020124,Gaufrette Golden  Chocolat Blanc & Citron 70g,24.0
06031,LG020224,Gaufrette Golden Chocolat Blanc & Framboise 70g -L,24.0
06031,LG020324,Gaufrette Golden Wafers goût Chocolat 70g - LINGOT,24.0
06031,MI010124,Bonbon Mix Fizz 70g HARIBO,5.0
06031,MV010108,Mc vities Dark Chocolate 42g (8x10),1.0
06031,MW010112,"Boite Mentos Gum White Sweet Mint 53,2g P38x6",1.0
06031,NP010604,Nutella B-Ready T1x36x4,1.0
06031,PH020224,Bonbon Phantasia 80g HARIBO,5.0
06031,RA010124,Canette Float Orange 240 ML - RANI,24.0
06031,RA020124,Canette Float Peche 240 ML - RANI,18.0
06031,RA030124,Canette Float Mangue 240 ML - RANI,6.0
06031,RA040124,Canette Float Ananas 240 ML - RANI,12.0
06031,RA050124,Canette Float Cocktail 240 ML - RANI,24.0
06031,RA060124,Canette Float Fraise-Banane 240 ML - RANI,24.0
06031,RO010112,Bonbon Roulette 25g - HARIBO,1.0
06031,RR010116,Trio de Rochers Noix Coco RAFAELLO,1.0
06031,RR010201,Coff. 15 Rochers Noix Coco RAFAELLO,6.0
06031,SM010224,Bonbon Starmix 80g HARIBO,5.0
06031,SQ010124,Bonbon Squishy 80g HARIBO,5.0
06031,TE020124,Bonbon Teeth 80g HARIBO,5.0
06031,WO020124,Bonbon Worms 80g HARIBO,5.0
06031,WO030124,Bonbon Fizz Worms 70g HARIBO,5.0
06033,AL010124,VIT'UP 170GR COLA CITRON,1.0
06033,AL020112,BEURRE COND 100 gr,1.0
06033,BB012020,CH CH Bigbabol Stick Tutti Frutti 5p x 20 x 20,1.0
06033,BB022020,CH CH Bigbabol Stick Strawberry 5p x 20 x 20,1.0
06033,BE010124,Bonbon Berries 80g HARIBO,6.5
06033,BI020124,Biskrem DUO 60g - ULKER,24.0
06033,BI030124,Biskrem DUO 110g - ULKER,24.0
06033,BI050124,Biskrem Cacao 60g - ULKER,24.0
06033,BI060124,Biskrem Cacao 110g - ULKER,24.0
06033,BI070124,BISKREM CACAO 85g - ULKER,48.0
06033,BI080124,BISKREM DUO 85g - ULKER,24.0
06033,BL030136,Blister Mentos Gum White Sweet Mint 17g P12x12,1.0
06033,BL040136,Blister Mentos Gum White Tutti Frutti 17g P12x12,1.0
06033,CC060112,CH CH XXL Strawberry 25Px29g,3.0
06033,CH010124,Bonbon Chamallows Pink & White 70g HARIBO,10.0
06033,CH020424,Bonbon Chamallows Party 70g HARIBO,12.333333333333334
06033,CH060124,Bonbon Chamallows Pink & White 25g x 24 HARIBO,1.0
06033,DC010224,YAOURT BRASSE VANILLE,1.0
06033,FA010118,Mentos Fresh Action Cup Menthol 280g P100x18,1.0
06033,FA020118,Mentos Fresh Action Cup Cherry Mint 280g P100x18,1.0
06033,FA030112,Mentos Fresh Action Stick Cherry Mint 10px24x12,1.0
06033,FR010116,Trio de Rochers Chocolat FERRERO,1.0
06033,FR010201,Coff. 16 Rochers Chocolat FERRERO,5.0
06033,GB020130,Bonbon Gold-Bears 80gx30 - HARIBO,4.666666666666667
06033,HC020130,Bonbon Happy Cola 80gx30 HARIBO,1.0
06033,HC030124,Bonbon Happy Cherries 80g HARIBO,1.0
06033,HC030324,Bonbon Happy Cola Fizz 70g HARIBO,5.5
06033,KC010120,YAOURT AROME CITRON,1.2
06033,KC010130,YAOURT AROME FRUITS DES BOIS,1.3333333333333333
06033,KC010240,BIFI NATURE 0%,1.5
06033,KC020130,Barre de Chocolat Biscuit noisette BUENO WHITE,1.2
06033,KD010114,Kinder Délice T10X14,3.0
06033,KH010128,Kinder Happy Hippo Cocoa T1x28x6,1.0
06033,KH020110,Kinder Happy Hippo Cocoa T5x10,1.0
06033,KK010106,KAT KAT TAT Noisette 24g (24x6),1.6666666666666667
06033,KK010112,KAT KAT TAT Chocolat 26g (24x12),1.0
06033,KS020216,Kinder Joy T1x16 Girl,1.0
06033,KS030116,Kinder Joy T1x16 Boy Collection 2,1.0
06033,KS030216,Kinder Joy T1x16 Girl Collection 2,1.0
06033,LG020124,Gaufrette Golden  Chocolat Blanc & Citron 70g,24.0
06033,LG020224,Gaufrette Golden Chocolat Blanc & Framboise 70g -L,24.0
06033,LG020324,Gaufrette Golden Wafers goût Chocolat 70g - LINGOT,24.0
06033,LG020424,Gaufrette Golden Chocolat Blanc & Kiwi 70g - LINGO,24.0
06033,LT020124,Gaufrette enrobée choco 30G Cacahueté (24x4),1.0
06033,MD010112,"Mentos Gum 3D Fresh Mint 8,5g P5x15",1.0
06033,MD020112,"Mentos Gum 3D S-A-R 8,5g P5x15",1.0
06033,MD030112,"Mentos Gum 3D Watermelon 8,5g P5x15",1.0
06033,MG010116,Mentos Gum Rolls Pure Fresh 1.75g P9x16,1.0
06033,MI010124,Bonbon Mix Fizz 70g HARIBO,2.0
06033,MR010108,"Mentos Rolls Menthe 39,2g P14x20",1.0
06033,MR020108,"Mentos Rolls Strawberry 39,2g P14x20",1.0
06033,MR030108,"Mentos Rolls Rainbow 39,2g P14x20",1.0
06033,MR040108,"Mentos Rolls Tutti Frutti 39,2 g P14x20",1.0
06033,MW020112,"Boite Mentos Gum White Tutti Frutti 53,2g P38x6",1.0
06033,NP010604,Nutella B-Ready T1x36x4,1.0
06033,PH020224,Bonbon Phantasia 80g HARIBO,3.0
06033,RO010112,Bonbon Roulette 25g - HARIBO,2.0
06033,RR010116,Trio de Rochers Noix Coco RAFAELLO,1.0
06033,RR010201,Coff. 15 Rochers Noix Coco RAFAELLO,4.0
06033,SM010224,Bonbon Starmix 80g HARIBO,3.5
06033,SQ010124,Bonbon Squishy 80g HARIBO,3.0
06033,ST010208,Mix Sripe Assortiment 24x8x25g HARIBO,1.0
06033,TB070148,Tic Tac Mix T48x8 ARBRE,2.0
06033,TE020124,Bonbon Teeth 80g HARIBO,2.0
06033,WO030124,Bonbon Fizz Worms 70g HARIBO,1.0
06034,AL020112,BEURRE COND 100 gr,2.5
06034,BE010112,Biskrem Extra 92g - ULKER,12.0
06034,BI060124,Biskrem Cacao 110g - ULKER,48.0
06034,BL030136,Blister Mentos Gum White Sweet Mint 17g P12x12,1.0
06034,BL040136,Blister Mentos Gum White Tutti Frutti 17g P12x12,1.0
06034,CC060106,Sachet Chupa-Chups The Best Of P120x6,1.0
06034,CC060112,CH CH XXL Strawberry 25Px29g,1.0
06034,CH060124,Bonbon Chamallows Pink & White 25g x 24 HARIBO,1.0
06034,KC010120,YAOURT AROME CITRON,1.0
06034,KC010130,YAOURT AROME FRUITS DES BOIS,1.25
06034,KC010240,BIFI NATURE 0%,1.0
06034,KC020130,Barre de Chocolat Biscuit noisette BUENO WHITE,1.0
06034,KD010114,Kinder Délice T10X14,1.0
06034,KH010128,Kinder Happy Hippo Cocoa T1x28x6,1.0
06034,KK010106,KAT KAT TAT Noisette 24g (24x6),3.5
06034,KK010112,KAT KAT TAT Chocolat 26g (24x12),3.0
06034,LT010124,Gaufrette enrobée choco 30G Riz Soufflé (24x4),6.0
06034,LT020124,Gaufrette enrobée choco 30G Cacahueté (24x4),4.333333333333333
06034,LT030124,Gaufrette enrobée choco 30G Triple saveur (24x4),6.0
06034,MD010112,"Mentos Gum 3D Fresh Mint 8,5g P5x15",1.0
06034,MD020112,"Mentos Gum 3D S-A-R 8,5g P5x15",1.0
06034,MD030112,"Mentos Gum 3D Watermelon 8,5g P5x15",1.0
06034,MV020124,Mc Vities Digestive Dark Chocolate 200g x 24,3.0
06034,MV020224,Mc Vities Digestive Milk Chocolate 200g x 24,2.0
06034,NP010301,Pate a Tartiner de 350 grs NUTELLA,4.0
06034,NP010604,Nutella B-Ready T1x36x4,1.0
06034,TB070148,Tic Tac Mix T48x8 ARBRE,1.0
06035,BB012020,CH CH Bigbabol Stick Tutti Frutti 5p x 20 x 20,2.0
06035,BB022020,CH CH Bigbabol Stick Strawberry 5p x 20 x 20,2.0
06035,BI030124,Biskrem DUO 110g - ULKER,24.0
06035,BI070124,BISKREM CACAO 85g - ULKER,48.0
06035,BI080124,BISKREM DUO 85g - ULKER,48.0
06035,BL030136,Blister Mentos Gum White Sweet Mint 17g P12x12,1.0
06035,CC060106,Sachet Chupa-Chups The Best Of P120x6,1.0
06035,CH060124,Bonbon Chamallows Pink & White 25g x 24 HARIBO,1.0
06035,FA030112,Mentos Fresh Action Stick Cherry Mint 10px24x12,1.0
06035,JB010148,Bonbon Jelly Beans 80g HARIBO,4.0
06035,KC010120,YAOURT AROME CITRON,1.0
06035,KC010130,YAOURT AROME FRUITS DES BOIS,1.0
06035,KC020130,Barre de Chocolat Biscuit noisette BUENO WHITE,1.0
06035,KS020216,Kinder Joy T1x16 Girl,1.0
06035,LG020124,Gaufrette Golden  Chocolat Blanc & Citron 70g,24.0
06035,LT020124,Gaufrette enrobée choco 30G Cacahueté (24x4),1.0
06035,SQ010124,Bonbon Squishy 80g HARIBO,4.0
06035,TB020112,Boite Bonbon Orange T12x24 TIC TAC,1.0
06035,TB070148,Tic Tac Mix T48x8 ARBRE,1.0
06036,KC010120,YAOURT AROME CITRON,1.0
06036,KC010130,YAOURT AROME FRUITS DES BOIS,2.0
06036,KC020130,Barre de Chocolat Biscuit noisette BUENO WHITE,1.0
06036,KD010114,Kinder Délice T10X14,1.0
06036,LT030124,Gaufrette enrobée choco 30G Triple saveur (24x4),1.0
06036,NP01A301,Pate a Tartiner 350 g   10% NUTELLA,8.0
06036,RO010112,Bonbon Roulette 25g - HARIBO,1.0
06037,AL010124,VIT'UP 170GR COLA CITRON,1.0
06037,AL020112,BEURRE COND 100 gr,1.0
06037,BL030136,Blister Mentos Gum White Sweet Mint 17g P12x12,1.0
06037,BL040136,Blister Mentos Gum White Tutti Frutti 17g P12x12,1.0
06037,CC060106,Sachet Chupa-Chups The Best Of P120x6,1.6666666666666667
06037,CC060112,CH CH XXL Strawberry 25Px29g,1.5
06037,CC070106,CH CH Melody Strawberry 48x6,1.5
06037,CH010124,Bonbon Chamallows Pink & White 70g HARIBO,6.0
06037,CH020424,Bonbon Chamallows Party 70g HARIBO,15.0
06037,DC010224,YAOURT BRASSE VANILLE,1.0
06037,FR010120,Bonbon Fruit-tella Stick  Strawberry 10px20x12,2.0
06037,FR010301,Coff. de 24 Rochers Chocolat FERRERO,4.0
06037,FR010501,Coffret de 24 Rochers Collection Chocolat FERRERO,4.0
06037,FR010603,Coffret de 28 Rochers Cône Chocolat FERRERO,2.0
06037,KC010120,YAOURT AROME CITRON,1.0
06037,KC010130,YAOURT AROME FRUITS DES BOIS,3.0
06037,KC010210,YAOURT AROME NOIX DE COCO,1.0
06037,KC010240,BIFI NATURE 0%,1.5
06037,KC010336,YAOURT AROME NATURE,1.0
06037,KC020130,Barre de Chocolat Biscuit noisette BUENO WHITE,2.0
06037,KD010114,Kinder Délice T10X14,12.0
06037,KH020110,Kinder Happy Hippo Cocoa T5x10,2.0
06037,KK010106,KAT KAT TAT Noisette 24g (24x6),1.0
06037,KK010112,KAT KAT TAT Chocolat 26g (24x12),1.0
06037,KS020216,Kinder Joy T1x16 Girl,2.0
06037,MD010112,"Mentos Gum 3D Fresh Mint 8,5g P5x15",1.0
06037,MI010124,Bonbon Mix Fizz 70g HARIBO,6.0
06037,MW010112,"Boite Mentos Gum White Sweet Mint 53,2g P38x6",1.0
06037,NP010501,Nutella & Go 52g,24.0
06037,NP010604,Nutella B-Ready T1x36x4,1.0
06037,NP01A301,Pate a Tartiner 350 g   10% NUTELLA,6.0
06037,PF010206,Boite Mentos Gum PF Fresh Mint 24g P12x10,1.0
06037,TB020112,Boite Bonbon Orange T12x24 TIC TAC,1.0
06037,TB030112,Boite Bonbon Spearmint T12x24 TIC TAC,1.0
06042,0005,Compote pomme fraise,1.0
06042,BI020124,Biskrem DUO 60g - ULKER,24.0
06042,BI060124,Biskrem Cacao 110g - ULKER,72.0
06042,KK010112,KAT KAT TAT Chocolat 26g (24x12),1.4
06042,LG010120,Gaufrette Golden Chocolat 140 gr- Lingot (20 pcs),5.0
06042,LI010124,Gaufrette gout Chocolat 70g - LINGOT(colisage 24),24.0
06042,LI020124,Gaufrette gout Lait 70g - LINGOT (colisage 24),24.0
06042,LI050124,Gaufrette gout Fraise 70g - LINGOT (colisage 24),24.0
06042,LT010124,Gaufrette enrobée choco 30G Riz Soufflé (24x4),1.0
06043,BI060124,Biskrem Cacao 110g - ULKER,24.0
06043,CH020424,Bonbon Chamallows Party 70g HARIBO,6.0
06043,DC010224,YAOURT BRASSE VANILLE,1.0
06043,TB070148,Tic Tac Mix T48x8 ARBRE,1.0
06044,AL020112,BEURRE COND 100 gr,1.0
06044,BB022020,CH CH Bigbabol Stick Strawberry 5p x 20 x 20,1.0
06044,BI030124,Biskrem DUO 110g - ULKER,24.0
06044,BI050124,Biskrem Cacao 60g - ULKER,24.0
06044,BI060124,Biskrem Cacao 110g - ULKER,24.0
06044,BI070124,BISKREM CACAO 85g - ULKER,24.0
06044,CC060106,Sachet Chupa-Chups The Best Of P120x6,1.0
06044,CC070124,Sachet Chupa Chups Mini 35Px24,2.0
06044,CH010124,Bonbon Chamallows Pink & White 70g HARIBO,1.0
06044,CH020424,Bonbon Chamallows Party 70g HARIBO,4.0
06044,DC010224,YAOURT BRASSE VANILLE,1.0
06044,FA010118,Mentos Fresh Action Cup Menthol 280g P100x18,1.0
06044,FA020118,Mentos Fresh Action Cup Cherry Mint 280g P100x18,1.0
06044,FR010116,Trio de Rochers Chocolat FERRERO,1.0
06044,FR010120,Bonbon Fruit-tella Stick  Strawberry 10px20x12,1.0
06044,FR010201,Coff. 16 Rochers Chocolat FERRERO,4.0
06044,FR010220,Bonbon Fruit-tella Stick Orange 10px20x12,1.0
06044,GB010324,Bonbon Gold-Bears 30g HARIBO,24.333333333333332
06044,GB020130,Bonbon Gold-Bears 80gx30 - HARIBO,1.0
06044,HC020224,Bonbon Happy Cola 30g HARIBO,1.0
06044,HC030124,Bonbon Happy Cherries 80g HARIBO,1.0
06044,HZ010124,TOMATO KETCHUP 200 G - HEINZ,3.0
06044,HZ010512,HEINZ CAESAR SALAD DRESSING 400 ML,1.0
06044,JA010106,Mini Mentos Jar Fruit Mix 1Kg P100x6,1.0
06044,KC010120,YAOURT AROME CITRON,1.0
06044,KC010130,YAOURT AROME FRUITS DES BOIS,1.0
06044,KC010240,BIFI NATURE 0%,1.0
06044,KC010336,YAOURT AROME NATURE,1.0
06044,KH010128,Kinder Happy Hippo Cocoa T1x28x6,1.0
06044,KH020110,Kinder Happy Hippo Cocoa T5x10,1.0
06044,KK010106,KAT KAT TAT Noisette 24g (24x6),7.5
06044,KK010112,KAT KAT TAT Chocolat 26g (24x12),2.7142857142857144
06044,KS020116,Kinder Joy T1x16 Boy,1.0
06044,KS020216,Kinder Joy T1x16 Girl,1.0
06044,KS030116,Kinder Joy T1x16 Boy Collection 2,2.0
06044,KS030216,Kinder Joy T1x16 Girl Collection 2,3.0
06044,LG010120,Gaufrette Golden Chocolat 140 gr- Lingot (20 pcs),20.0
06044,LG020124,Gaufrette Golden  Chocolat Blanc & Citron 70g,8.0
06044,LG020224,Gaufrette Golden Chocolat Blanc & Framboise 70g -L,16.0
06044,LG020324,Gaufrette Golden Wafers goût Chocolat 70g - LINGOT,16.0
06044,LG020424,Gaufrette Golden Chocolat Blanc & Kiwi 70g - LINGO,24.0
06044,LI010124,Gaufrette gout Chocolat 70g - LINGOT(colisage 24),28.0
06044,LI010140,Gaufrette Goût Chocolat 30g - LINGOT (Colisage 40),40.0
06044,LI020124,Gaufrette gout Lait 70g - LINGOT (colisage 24),24.0
06044,LI030124,Gaufrette gout Caramel 70g - LINGOT (colisage 24),24.0
06044,LI030140,Gaufrette Goût Noisette 30g - LINGOT (Colisage 40),40.0
06044,LI040124,Gaufrette gout Noisette 70g - LINGOT (colisage 24),18.0
06044,LI040140,Gaufrette Goût Fraise 30g - LINGOT (Colisage 40),80.0
06044,LI050124,Gaufrette gout Fraise 70g - LINGOT (colisage 24),19.5
06044,LI050140,Gaufrette Goût Lait 30g - LINGOT (Colisage 40),40.0
06044,LT010124,Gaufrette enrobée choco 30G Riz Soufflé (24x4),1.0
06044,LT020124,Gaufrette enrobée choco 30G Cacahueté (24x4),4.5
06044,LT030124,Gaufrette enrobée choco 30G Triple saveur (24x4),100.66666666666667
06044,MF011212,MILLE-FEUILLE Fraise 24g ( 12X12 ),1.0
06044,MI010124,Bonbon Mix Fizz 70g HARIBO,1.0
06044,ML010160,"Gaufrette Mini Lingot  16,5g - LINGOT (colisage 60",60.0
06044,MV010108,Mc vities Dark Chocolate 42g (8x10),1.0
06044,MV020108,Mc vities Dark Chocolate 62g (8x10),1.0
06044,NP010407,Pôt Pâte à tartiner de 350g NUTELLA OCCASION,1.0
06044,PH020224,Bonbon Phantasia 80g HARIBO,1.0
06044,RA010124,Canette Float Orange 240 ML - RANI,2.0
06044,RO010112,Bonbon Roulette 25g - HARIBO,3.6666666666666665
06044,RR010116,Trio de Rochers Noix Coco RAFAELLO,1.0
06044,RR010201,Coff. 15 Rochers Noix Coco RAFAELLO,1.0
06044,SM010224,Bonbon Starmix 80g HARIBO,3.0
06044,SQ010124,Bonbon Squishy 80g HARIBO,6.0
06044,TB070148,Tic Tac Mix T48x8 ARBRE,1.0
06044,TE020124,Bonbon Teeth 80g HARIBO,1.0
06044,WO020124,Bonbon Worms 80g HARIBO,13.5
06045,AL010124,VIT'UP 170GR COLA CITRON,1.0
06045,AL020112,BEURRE COND 100 gr,1.0
06045,BB012020,CH CH Bigbabol Stick Tutti Frutti 5p x 20 x 20,1.0
06045,BB022020,CH CH Bigbabol Stick Strawberry 5p x 20 x 20,1.0
06045,BE010124,Bonbon Berries 80g HARIBO,3.6666666666666665
06045,BI030112,BISKREM DUO 85g - ULKER,24.0
06045,BI080124,BISKREM DUO 85g - ULKER,24.0
06045,CC060106,Sachet Chupa-Chups The Best Of P120x6,1.0
06045,CC060112,CH CH XXL Strawberry 25Px29g,1.0
06045,CC070124,Sachet Chupa Chups Mini 35Px24,2.0
06045,CH010124,Bonbon Chamallows Pink & White 70g HARIBO,15.0
06045,CH020424,Bonbon Chamallows Party 70g HARIBO,10.0
06045,FA030112,Mentos Fresh Action Stick Cherry Mint 10px24x12,1.0
06045,FR010120,Bonbon Fruit-tella Stick  Strawberry 10px20x12,1.0
06045,FR010220,Bonbon Fruit-tella Stick Orange 10px20x12,1.0
06045,GB020130,Bonbon Gold-Bears 80gx30 - HARIBO,3.5
06045,HC020130,Bonbon Happy Cola 80gx30 HARIBO,3.5
06045,HC030324,Bonbon Happy Cola Fizz 70g HARIBO,3.0
06045,HZ010224,BARBECUE SAUCE 200 G - HEINZ,3.0
06045,KC010120,YAOURT AROME CITRON,1.0
06045,KC010130,YAOURT AROME FRUITS DES BOIS,1.0
06045,KC010618,Kinder Creamy T1X8X18,1.0
06045,KD010114,Kinder Délice T10X14,1.0
06045,KH010128,Kinder Happy Hippo Cocoa T1x28x6,2.0
06045,KK010112,KAT KAT TAT Chocolat 26g (24x12),1.0
06045,KS020116,Kinder Joy T1x16 Boy,1.0
06045,KS020216,Kinder Joy T1x16 Girl,1.0
06045,KS030116,Kinder Joy T1x16 Boy Collection 2,1.0
06045,KS030216,Kinder Joy T1x16 Girl Collection 2,1.0
06045,LT020124,Gaufrette enrobée choco 30G Cacahueté (24x4),1.0
06045,LT030124,Gaufrette enrobée choco 30G Triple saveur (24x4),1.0
06045,MI010124,Bonbon Mix Fizz 70g HARIBO,5.5
06045,MR050108,"Mentos Rolls Fruit 39,2g P14x20",1.0
06045,NP010301,Pate a Tartiner de 350 grs NUTELLA,5.0
06045,NP010306,Pôt Pâte à tartiner de 600g NUTELLA,3.0
06045,NP010406,Pôt Pâte à tartiner de 600g NUTELLA OCCASION,6.0
06045,NP010407,Pôt Pâte à tartiner de 350g NUTELLA OCCASION,6.0
06045,NP010501,Nutella & Go 52g,24.0
06045,NP010604,Nutella B-Ready T1x36x4,1.0
06045,NP060716,Nutella B-Ready T6x16,2.0
06045,PH020224,Bonbon Phantasia 80g HARIBO,3.3333333333333335
06045,RO010112,Bonbon Roulette 25g - HARIBO,1.0
06045,SM010224,Bonbon Starmix 80g HARIBO,2.5
06045,SQ010124,Bonbon Squishy 80g HARIBO,2.0
06045,ST010208,Mix Sripe Assortiment 24x8x25g HARIBO,1.0
06045,TE020124,Bonbon Teeth 80g HARIBO,2.0
06045,WO020124,Bonbon Worms 80g HARIBO,2.5
06046,BI020124,Biskrem DUO 60g - ULKER,24.0
06046,BI050124,Biskrem Cacao 60g - ULKER,24.0
06046,BL030136,Blister Mentos Gum White Sweet Mint 17g P12x12,1.0
06046,BL040136,Blister Mentos Gum White Tutti Frutti 17g P12x12,1.0
06046,CC060106,Sachet Chupa-Chups The Best Of P120x6,1.0
06046,CH010124,Bonbon Chamallows Pink & White 70g HARIBO,2.0
06046,CH020424,Bonbon Chamallows Party 70g HARIBO,2.0
06046,KC010130,YAOURT AROME FRUITS DES BOIS,1.0
06046,MG010116,Mentos Gum Rolls Pure Fresh 1.75g P9x16,1.0
06048,AL020112,BEURRE COND 100 gr,1.0
06048,BI020124,Biskrem DUO 60g - ULKER,24.0
06048,BI030124,Biskrem DUO 110g - ULKER,24.0
06048,BI060124,Biskrem Cacao 110g - ULKER,24.0
06048,BI080124,BISKREM DUO 85g - ULKER,24.0
06048,CC060106,Sachet Chupa-Chups The Best Of P120x6,1.0
06048,CH010124,Bonbon Chamallows Pink & White 70g HARIBO,6.0
06048,CH020424,Bonbon Chamallows Party 70g HARIBO,6.0
06048,KC010120,YAOURT AROME CITRON,1.0
06048,KC010130,YAOURT AROME FRUITS DES BOIS,1.0
06048,KC010336,YAOURT AROME NATURE,1.0
06048,KS030116,Kinder Joy T1x16 Boy Collection 2,1.0
06049,AL020112,BEURRE COND 100 gr,1.0
06049,BB012020,CH CH Bigbabol Stick Tutti Frutti 5p x 20 x 20,1.0
06049,BB022020,CH CH Bigbabol Stick Strawberry 5p x 20 x 20,1.0
06049,BE010124,Bonbon Berries 80g HARIBO,4.0
06049,BI030124,Biskrem DUO 110g - ULKER,24.0
06049,BI060124,Biskrem Cacao 110g - ULKER,36.0
06049,BI070124,BISKREM CACAO 85g - ULKER,36.0
06049,CC060106,Sachet Chupa-Chups The Best Of P120x6,1.0
06049,CH010124,Bonbon Chamallows Pink & White 70g HARIBO,5.25
06049,CH020424,Bonbon Chamallows Party 70g HARIBO,6.75
06049,GB020130,Bonbon Gold-Bears 80gx30 - HARIBO,2.0
06049,HC020130,Bonbon Happy Cola 80gx30 HARIBO,12.0
06049,HC030324,Bonbon Happy Cola Fizz 70g HARIBO,2.0
06049,HZ010112,HEINZ LIGHT MAYONNAISE 225 ML,2.0
06049,HZ010212,HEINZ CHILI MAYONNAISE 225 ML,1.5
06049,HZ010312,HEINZ GARLIC MAYONNAISE 225 ML,1.0
06049,JA010106,Mini Mentos Jar Fruit Mix 1Kg P100x6,1.0
06049,KC010120,YAOURT AROME CITRON,1.0
06049,KC010130,YAOURT AROME FRUITS DES BOIS,1.0
06049,KC010240,BIFI NATURE 0%,1.0
06049,KD010114,Kinder Délice T10X14,1.5
06049,KK010106,KAT KAT TAT Noisette 24g (24x6),2.0
06049,KK010112,KAT KAT TAT Chocolat 26g (24x12),1.0
06049,KS020116,Kinder Joy T1x16 Boy,1.0
06049,KS020216,Kinder Joy T1x16 Girl,1.0
06049,KS030116,Kinder Joy T1x16 Boy Collection 2,1.0
06049,KS030216,Kinder Joy T1x16 Girl Collection 2,1.0
06049,LG010120,Gaufrette Golden Chocolat 140 gr- Lingot (20 pcs),20.0
06049,LG020224,Gaufrette Golden Chocolat Blanc & Framboise 70g -L,24.0
06049,LI010124,Gaufrette gout Chocolat 70g - LINGOT(colisage 24),24.0
06049,LT010124,Gaufrette enrobée choco 30G Riz Soufflé (24x4),1.0
06049,LT020124,Gaufrette enrobée choco 30G Cacahueté (24x4),1.0
06049,LT030124,Gaufrette enrobée choco 30G Triple saveur (24x4),1.0
06049,MI010124,Bonbon Mix Fizz 70g HARIBO,2.0
06049,NP010301,Pate a Tartiner de 350 grs NUTELLA,6.0
06049,NP010604,Nutella B-Ready T1x36x4,1.0
06049,RR010201,Coff. 15 Rochers Noix Coco RAFAELLO,2.0
06049,SM010224,Bonbon Starmix 80g HARIBO,12.0
06049,TB070148,Tic Tac Mix T48x8 ARBRE,1.0
06049,WO030124,Bonbon Fizz Worms 70g HARIBO,2.0
06050,BE010112,Biskrem Extra 92g - ULKER,12.0
06050,BI050124,Biskrem Cacao 60g - ULKER,24.0
06050,BI060124,Biskrem Cacao 110g - ULKER,24.0
06050,JA010106,Mini Mentos Jar Fruit Mix 1Kg P100x6,1.0
06050,KC010120,YAOURT AROME CITRON,1.0
06050,KK010106,KAT KAT TAT Noisette 24g (24x6),1.0
06050,KK010112,KAT KAT TAT Chocolat 26g (24x12),1.0
06050,LT010124,Gaufrette enrobée choco 30G Riz Soufflé (24x4),1.0
06050,LT020124,Gaufrette enrobée choco 30G Cacahueté (24x4),1.0
06050,LT030124,Gaufrette enrobée choco 30G Triple saveur (24x4),1.0
06050,MR050108,"Mentos Rolls Fruit 39,2g P14x20",1.0
06050,TB070148,Tic Tac Mix T48x8 ARBRE,1.0
06051,BI060124,Biskrem Cacao 110g - ULKER,24.0
06051,KK010106,KAT KAT TAT Noisette 24g (24x6),2.0
06051,KK010112,KAT KAT TAT Chocolat 26g (24x12),1.0
06051,LT010124,Gaufrette enrobée choco 30G Riz Soufflé (24x4),1.0
06051,LT030124,Gaufrette enrobée choco 30G Triple saveur (24x4),1.0
06052,AL010124,VIT'UP 170GR COLA CITRON,1.0
06052,AL020112,BEURRE COND 100 gr,1.0
06052,BE010124,Bonbon Berries 80g HARIBO,8.0
06052,BI020124,Biskrem DUO 60g - ULKER,24.0
06052,BI060124,Biskrem Cacao 110g - ULKER,24.0
06052,BI080124,BISKREM DUO 85g - ULKER,48.0
06052,CC060106,Sachet Chupa-Chups The Best Of P120x6,1.0
06052,CH010124,Bonbon Chamallows Pink & White 70g HARIBO,24.0
06052,CH020424,Bonbon Chamallows Party 70g HARIBO,24.0
06052,CH060124,Bonbon Chamallows Pink & White 25g x 24 HARIBO,3.0
06052,FA010118,Mentos Fresh Action Cup Menthol 280g P100x18,1.0
06052,FA020118,Mentos Fresh Action Cup Cherry Mint 280g P100x18,1.0
06052,FR010116,Trio de Rochers Chocolat FERRERO,1.0
06052,FR010201,Coff. 16 Rochers Chocolat FERRERO,4.0
06052,HC020224,Bonbon Happy Cola 30g HARIBO,24.0
06052,KC010120,YAOURT AROME CITRON,1.0
06052,KC010130,YAOURT AROME FRUITS DES BOIS,1.5
06052,KC020130,Barre de Chocolat Biscuit noisette BUENO WHITE,1.0
06052,KK010106,KAT KAT TAT Noisette 24g (24x6),2.0
06052,MR010108,"Mentos Rolls Menthe 39,2g P14x20",1.0
06052,MR020108,"Mentos Rolls Strawberry 39,2g P14x20",1.0
06052,RR010116,Trio de Rochers Noix Coco RAFAELLO,1.0
06052,RR010201,Coff. 15 Rochers Noix Coco RAFAELLO,1.0
06053,AL010124,VIT'UP 170GR COLA CITRON,1.0
06053,BI050124,Biskrem Cacao 60g - ULKER,24.0
06053,BI060124,Biskrem Cacao 110g - ULKER,24.0
06053,KC010130,YAOURT AROME FRUITS DES BOIS,1.0
06053,KH010128,Kinder Happy Hippo Cocoa T1x28x6,1.0
06053,KK010106,KAT KAT TAT Noisette 24g (24x6),2.0
06053,KK010112,KAT KAT TAT Chocolat 26g (24x12),1.0
06053,MR030108,"Mentos Rolls Rainbow 39,2g P14x20",1.0
06053,RA010124,Canette Float Orange 240 ML - RANI,3.0
06053,RA020124,Canette Float Peche 240 ML - RANI,3.0
06053,RA050124,Canette Float Cocktail 240 ML - RANI,3.0
06053,RA060124,Canette Float Fraise-Banane 240 ML - RANI,24.0
06053,RR010116,Trio de Rochers Noix Coco RAFAELLO,1.0
06053,TB070148,Tic Tac Mix T48x8 ARBRE,1.0
06054,CH010124,Bonbon Chamallows Pink & White 70g HARIBO,5.0
06054,KC010130,YAOURT AROME FRUITS DES BOIS,1.0
06054,KC010336,YAOURT AROME NATURE,1.0
06054,KC020130,Barre de Chocolat Biscuit noisette BUENO WHITE,1.0
06054,MW010112,"Boite Mentos Gum White Sweet Mint 53,2g P38x6",1.0
06054,MW020112,"Boite Mentos Gum White Tutti Frutti 53,2g P38x6",1.0
06054,NP010604,Nutella B-Ready T1x36x4,1.0
06054,ST010208,Mix Sripe Assortiment 24x8x25g HARIBO,1.0
06054,TB070148,Tic Tac Mix T48x8 ARBRE,1.0
06055,AL010124,VIT'UP 170GR COLA CITRON,2.0
06055,BE010124,Bonbon Berries 80g HARIBO,3.6666666666666665
06055,BI030124,Biskrem DUO 110g - ULKER,24.0
06055,CC060106,Sachet Chupa-Chups The Best Of P120x6,1.0
06055,CC060112,CH CH XXL Strawberry 25Px29g,1.0
06055,CH010124,Bonbon Chamallows Pink & White 70g HARIBO,2.3333333333333335
06055,CH020424,Bonbon Chamallows Party 70g HARIBO,2.3333333333333335
06055,FR010116,Trio de Rochers Chocolat FERRERO,1.0
06055,FR010201,Coff. 16 Rochers Chocolat FERRERO,1.0
06055,GB010324,Bonbon Gold-Bears 30g HARIBO,24.0
06055,HC020224,Bonbon Happy Cola 30g HARIBO,24.0
06055,HC030124,Bonbon Happy Cherries 80g HARIBO,2.0
06055,KC010130,YAOURT AROME FRUITS DES BOIS,1.0
06055,KC020130,Barre de Chocolat Biscuit noisette BUENO WHITE,1.0
06055,KD010114,Kinder Délice T10X14,2.0
06055,KK010106,KAT KAT TAT Noisette 24g (24x6),2.0
06055,KK010112,KAT KAT TAT Chocolat 26g (24x12),1.0
06055,KS020116,Kinder Joy T1x16 Boy,1.0
06055,KS020216,Kinder Joy T1x16 Girl,1.0
06055,LG010120,Gaufrette Golden Chocolat 140 gr- Lingot (20 pcs),20.0
06055,MR050108,"Mentos Rolls Fruit 39,2g P14x20",1.0
06055,NP010604,Nutella B-Ready T1x36x4,1.0
06055,NP01A301,Pate a Tartiner 350 g   10% NUTELLA,4.0
06055,PH020224,Bonbon Phantasia 80g HARIBO,2.0
06055,SM010224,Bonbon Starmix 80g HARIBO,2.0
06055,TB010112,Boite Bonbon Menthe T12x24 TIC TAC,1.0
06055,TB020112,Boite Bonbon Orange T12x24 TIC TAC,1.0
06055,TB050112,Boite Bonbon Strawberry mix T12x24 TIC TAC,1.0
06055,TB070148,Tic Tac Mix T48x8 ARBRE,1.0
06056,BI060124,Biskrem Cacao 110g - ULKER,24.0
06056,CC060106,Sachet Chupa-Chups The Best Of P120x6,2.0
06056,CH060124,Bonbon Chamallows Pink & White 25g x 24 HARIBO,1.0
06056,DC010224,YAOURT BRASSE VANILLE,1.0
06056,FF010112,Big Babol Filifolly Strawberry 11g x 12 Sachets,1.0
06056,FF020112,Big Babol Filifolly Fruit 11g x 12 Sachets,1.0
06056,KC010130,YAOURT AROME FRUITS DES BOIS,1.0
06056,KH020110,Kinder Happy Hippo Cocoa T5x10,1.0
06056,KK010112,KAT KAT TAT Chocolat 26g (24x12),1.0
06056,LT030124,Gaufrette enrobée choco 30G Triple saveur (24x4),1.0
06056,MD010112,"Mentos Gum 3D Fresh Mint 8,5g P5x15",1.0
06056,NP010604,Nutella B-Ready T1x36x4,1.0
06057,BE010112,Biskrem Extra 92g - ULKER,12.0
06057,BI060124,Biskrem Cacao 110g - ULKER,24.0
06057,CH010124,Bonbon Chamallows Pink & White 70g HARIBO,3.0
06057,FR010120,Bonbon Fruit-tella Stick  Strawberry 10px20x12,1.0
06057,KC010120,YAOURT AROME CITRON,1.0
06057,KC010130,YAOURT AROME FRUITS DES BOIS,1.5
06057,SM010224,Bonbon Starmix 80g HARIBO,3.0
06058,BL030136,Blister Mentos Gum White Sweet Mint 17g P12x12,1.0
06058,CH010124,Bonbon Chamallows Pink & White 70g HARIBO,3.0
06058,CH020424,Bonbon Chamallows Party 70g HARIBO,3.0
06058,KK010112,KAT KAT TAT Chocolat 26g (24x12),1.0
06058,NP010604,Nutella B-Ready T1x36x4,1.0
06061,BI070124,BISKREM CACAO 85g - ULKER,24.0
06061,BI080124,BISKREM DUO 85g - ULKER,24.0
06061,CC060106,Sachet Chupa-Chups The Best Of P120x6,1.0
06061,CH010124,Bonbon Chamallows Pink & White 70g HARIBO,3.0
06061,CH020424,Bonbon Chamallows Party 70g HARIBO,3.0
06061,HC030324,Bonbon Happy Cola Fizz 70g HARIBO,2.0
06061,KC010120,YAOURT AROME CITRON,1.0
06061,KC020130,Barre de Chocolat Biscuit noisette BUENO WHITE,3.0
06061,KS020116,Kinder Joy T1x16 Boy,1.0
06061,MI010124,Bonbon Mix Fizz 70g HARIBO,3.0
06061,NP010501,Nutella & Go 52g,24.0
06061,TB070148,Tic Tac Mix T48x8 ARBRE,1.0
06061,WO030124,Bonbon Fizz Worms 70g HARIBO,3.0
06062,0005,Compote pomme fraise,1.0
06062,BI060124,Biskrem Cacao 110g - ULKER,48.0
06062,CC060106,Sachet Chupa-Chups The Best Of P120x6,1.0
06062,KC010240,BIFI NATURE 0%,1.0
06062,KK010106,KAT KAT TAT Noisette 24g (24x6),2.0
06062,KK010112,KAT KAT TAT Chocolat 26g (24x12),1.0
06062,LG010120,Gaufrette Golden Chocolat 140 gr- Lingot (20 pcs),20.0
06062,LI010124,Gaufrette gout Chocolat 70g - LINGOT(colisage 24),24.0
06062,LI020124,Gaufrette gout Lait 70g - LINGOT (colisage 24),12.0
06062,LI030124,Gaufrette gout Caramel 70g - LINGOT (colisage 24),24.0
06062,LI040124,Gaufrette gout Noisette 70g - LINGOT (colisage 24),24.0
06062,LI050124,Gaufrette gout Fraise 70g - LINGOT (colisage 24),12.0
06062,LT010124,Gaufrette enrobée choco 30G Riz Soufflé (24x4),1.0
06062,LT020124,Gaufrette enrobée choco 30G Cacahueté (24x4),1.0
06062,LT030124,Gaufrette enrobée choco 30G Triple saveur (24x4),1.0
06062,NP010604,Nutella B-Ready T1x36x4,2.0
06064,BI060124,Biskrem Cacao 110g - ULKER,24.0
06064,FR010116,Trio de Rochers Chocolat FERRERO,1.0
06064,KC010130,YAOURT AROME FRUITS DES BOIS,1.0
06064,RA030124,Canette Float Mangue 240 ML - RANI,24.0
06064,RO010112,Bonbon Roulette 25g - HARIBO,1.0
06065,BI060124,Biskrem Cacao 110g - ULKER,24.0
06065,CC060106,Sachet Chupa-Chups The Best Of P120x6,1.0
06065,CH020424,Bonbon Chamallows Party 70g HARIBO,5.0
06065,CH060124,Bonbon Chamallows Pink & White 25g x 24 HARIBO,1.0
06065,JB020116,STRIPE JELLY BEANS 35gx12x16,1.0
06065,KC010120,YAOURT AROME CITRON,1.0
06065,KC010130,YAOURT AROME FRUITS DES BOIS,1.0
06065,KC020130,Barre de Chocolat Biscuit noisette BUENO WHITE,1.0
06065,KD010114,Kinder Délice T10X14,3.5
06065,KD020114,Kinder Délice T1X10X14 (Pièce),1.0
06065,KK010106,KAT KAT TAT Noisette 24g (24x6),1.0
06065,KS020216,Kinder Joy T1x16 Girl,1.0
06065,LG020124,Gaufrette Golden  Chocolat Blanc & Citron 70g,24.0
06065,LG020324,Gaufrette Golden Wafers goût Chocolat 70g - LINGOT,24.0
06065,LT010124,Gaufrette enrobée choco 30G Riz Soufflé (24x4),1.0
06065,LT020124,Gaufrette enrobée choco 30G Cacahueté (24x4),1.0
06065,RO010112,Bonbon Roulette 25g - HARIBO,1.0
06065,ST010208,Mix Sripe Assortiment 24x8x25g HARIBO,1.0
06065,TB070148,Tic Tac Mix T48x8 ARBRE,1.0
06067,AL010124,VIT'UP 170GR COLA CITRON,1.0
06067,AL020112,BEURRE COND 100 gr,1.0
06067,BB012020,CH CH Bigbabol Stick Tutti Frutti 5p x 20 x 20,1.0
06067,BB022020,CH CH Bigbabol Stick Strawberry 5p x 20 x 20,1.0
06067,BE010112,Biskrem Extra 92g - ULKER,12.0
06067,BE010124,Bonbon Berries 80g HARIBO,2.5
06067,BI070124,BISKREM CACAO 85g - ULKER,24.0
06067,BI080124,BISKREM DUO 85g - ULKER,24.0
06067,BL030136,Blister Mentos Gum White Sweet Mint 17g P12x12,1.0
06067,CC010112,Sachet Chupa-Chups Fruit P10x12,2.0
06067,CC020112,Sachet Chupa-Chups Fresh Cola P10x12,2.0
06067,CC030112,Sachet Chupa-Chups Milky P10x12,2.0
06067,CC050112,Sachet Chupa-Chups The Best Of P10x12,2.0
06067,CC060106,Sachet Chupa-Chups The Best Of P120x6,1.0
06067,CC070124,Sachet Chupa Chups Mini 35Px24,1.0
06067,CH010124,Bonbon Chamallows Pink & White 70g HARIBO,3.6363636363636362
06067,CH020424,Bonbon Chamallows Party 70g HARIBO,4.571428571428571
06067,DC010224,YAOURT BRASSE VANILLE,1.0
06067,FA030112,Mentos Fresh Action Stick Cherry Mint 10px24x12,1.0
06067,FR010116,Trio de Rochers Chocolat FERRERO,1.0
06067,FR010120,Bonbon Fruit-tella Stick  Strawberry 10px20x12,1.0
06067,FR010201,Coff. 16 Rochers Chocolat FERRERO,2.0
06067,FR010301,Coff. de 24 Rochers Chocolat FERRERO,1.0
06067,FR010401,Coff. de 30 Rochers Chocolat FERRERO,2.0
06067,FR010501,Coffret de 24 Rochers Collection Chocolat FERRERO,2.0
06067,GB010324,Bonbon Gold-Bears 30g HARIBO,24.0
06067,GB020130,Bonbon Gold-Bears 80gx30 - HARIBO,2.3636363636363638
06067,GB030130,Bonbon Gold-Bears 80g+25%Gratuit x30 - HARIBO,2.0
06067,HC020130,Bonbon Happy Cola 80gx30 HARIBO,2.7
06067,HC030124,Bonbon Happy Cherries 80g HARIBO,2.375
06067,HC030324,Bonbon Happy Cola Fizz 70g HARIBO,2.125
06067,HZ010112,HEINZ LIGHT MAYONNAISE 225 ML,3.0
06067,HZ010124,TOMATO KETCHUP 200 G - HEINZ,2.0
06067,HZ010212,HEINZ CHILI MAYONNAISE 225 ML,3.6666666666666665
06067,HZ010312,HEINZ GARLIC MAYONNAISE 225 ML,3.0
06067,HZ010712,TOMATO KETCHUP 300 G - HEINZ,2.0
06067,JA010106,Mini Mentos Jar Fruit Mix 1Kg P100x6,1.0
06067,JB010148,Bonbon Jelly Beans 80g HARIBO,2.2
06067,KC010120,YAOURT AROME CITRON,1.0909090909090908
06067,KC010130,YAOURT AROME FRUITS DES BOIS,1.0
06067,KC010210,YAOURT AROME NOIX DE COCO,1.0
06067,KC010240,BIFI NATURE 0%,1.1428571428571428
06067,KC010336,YAOURT AROME NATURE,1.0
06067,KC010506,Kinder Creamy T1x24x6,1.0
06067,KC020130,Barre de Chocolat Biscuit noisette BUENO WHITE,1.1
06067,KD010114,Kinder Délice T10X14,1.3333333333333333
06067,KH010128,Kinder Happy Hippo Cocoa T1x28x6,1.0
06067,KH020110,Kinder Happy Hippo Cocoa T5x10,1.0
06067,KS020116,Kinder Joy T1x16 Boy,1.0
06067,KS020216,Kinder Joy T1x16 Girl,1.0
06067,KS030116,Kinder Joy T1x16 Boy Collection 2,1.0
06067,KS030216,Kinder Joy T1x16 Girl Collection 2,1.0
06067,LG010120,Gaufrette Golden Chocolat 140 gr- Lingot (20 pcs),20.0
06067,LG020324,Gaufrette Golden Wafers goût Chocolat 70g - LINGOT,24.0
06067,LI010124,Gaufrette gout Chocolat 70g - LINGOT(colisage 24),24.0
06067,LI010140,Gaufrette Goût Chocolat 30g - LINGOT (Colisage 40),40.0
06067,LI020124,Gaufrette gout Lait 70g - LINGOT (colisage 24),18.0
06067,LI020140,GAUFRETTE Goût Caramel 30g -LINGOT (Colisage 40),40.0
06067,LI030124,Gaufrette gout Caramel 70g - LINGOT (colisage 24),18.0
06067,LI040124,Gaufrette gout Noisette 70g - LINGOT (colisage 24),18.0
06067,LI050124,Gaufrette gout Fraise 70g - LINGOT (colisage 24),12.0
06067,LI050140,Gaufrette Goût Lait 30g - LINGOT (Colisage 40),40.0
06067,LT010124,Gaufrette enrobée choco 30G Riz Soufflé (24x4),1.0
06067,LT020124,Gaufrette enrobée choco 30G Cacahueté (24x4),1.0
06067,LT030124,Gaufrette enrobée choco 30G Triple saveur (24x4),1.0
06067,MD010112,"Mentos Gum 3D Fresh Mint 8,5g P5x15",1.0
06067,MD020112,"Mentos Gum 3D S-A-R 8,5g P5x15",1.0
06067,MI010124,Bonbon Mix Fizz 70g HARIBO,2.1666666666666665
06067,MR010108,"Mentos Rolls Menthe 39,2g P14x20",1.0
06067,MR040108,"Mentos Rolls Tutti Frutti 39,2 g P14x20",1.0
06067,MR050108,"Mentos Rolls Fruit 39,2g P14x20",1.0
06067,MV020124,Mc Vities Digestive Dark Chocolate 200g x 24,2.0
06067,MV020224,Mc Vities Digestive Milk Chocolate 200g x 24,2.0
06067,NP010301,Pate a Tartiner de 350 grs NUTELLA,2.3333333333333335
06067,NP010306,Pôt Pâte à tartiner de 600g NUTELLA,1.0
06067,NP010406,Pôt Pâte à tartiner de 600g NUTELLA OCCASION,3.0
06067,NP010501,Nutella & Go 52g,24.0
06067,NP010604,Nutella B-Ready T1x36x4,1.125
06067,NP01A301,Pate a Tartiner 350 g   10% NUTELLA,5.0
06067,PH020224,Bonbon Phantasia 80g HARIBO,2.6
06067,RA010124,Canette Float Orange 240 ML - RANI,6.0
06067,RA030124,Canette Float Mangue 240 ML - RANI,6.0
06067,RA040124,Canette Float Ananas 240 ML - RANI,6.0
06067,RA060124,Canette Float Fraise-Banane 240 ML - RANI,6.0
06067,RO010112,Bonbon Roulette 25g - HARIBO,1.2142857142857142
06067,RR010116,Trio de Rochers Noix Coco RAFAELLO,1.0
06067,RR010201,Coff. 15 Rochers Noix Coco RAFAELLO,2.0
06067,SM010224,Bonbon Starmix 80g HARIBO,3.642857142857143
06067,SQ010124,Bonbon Squishy 80g HARIBO,2.0
06067,ST010208,Mix Sripe Assortiment 24x8x25g HARIBO,1.0
06067,TB020112,Boite Bonbon Orange T12x24 TIC TAC,1.0
06067,TB050112,Boite Bonbon Strawberry mix T12x24 TIC TAC,1.0
06067,TB070148,Tic Tac Mix T48x8 ARBRE,1.0
06067,TE020124,Bonbon Teeth 80g HARIBO,2.3636363636363638
06067,WO020124,Bonbon Worms 80g HARIBO,2.4
06067,WO030124,Bonbon Fizz Worms 70g HARIBO,2.0
06175,AL020112,BEURRE COND 100 gr,2.0
06175,BI020124,Biskrem DUO 60g - ULKER,24.0
06175,BI050124,Biskrem Cacao 60g - ULKER,24.0
06175,BI070124,BISKREM CACAO 85g - ULKER,24.0
06175,CC060106,Sachet Chupa-Chups The Best Of P120x6,1.0
06175,CH010124,Bonbon Chamallows Pink & White 70g HARIBO,5.0
06175,CH020424,Bonbon Chamallows Party 70g HARIBO,5.0
06175,KC010130,YAOURT AROME FRUITS DES BOIS,1.0
06175,KC020130,Barre de Chocolat Biscuit noisette BUENO WHITE,1.0
06175,MR010108,"Mentos Rolls Menthe 39,2g P14x20",1.0
06175,MR020108,"Mentos Rolls Strawberry 39,2g P14x20",1.0
06175,MR030108,"Mentos Rolls Rainbow 39,2g P14x20",1.0
06175,MR040108,"Mentos Rolls Tutti Frutti 39,2 g P14x20",1.0
06175,NP010301,Pate a Tartiner de 350 grs NUTELLA,2.0
06175,RR010116,Trio de Rochers Noix Coco RAFAELLO,1.0
06176,FR010116,Trio de Rochers Chocolat FERRERO,1.0
06176,KC010130,YAOURT AROME FRUITS DES BOIS,6.0
06176,KC020130,Barre de Chocolat Biscuit noisette BUENO WHITE,3.0
06176,NP010604,Nutella B-Ready T1x36x4,2.0
06176,RR010116,Trio de Rochers Noix Coco RAFAELLO,1.0
06177,JA010106,Mini Mentos Jar Fruit Mix 1Kg P100x6,1.0
06177,MV020108,Mc vities Dark Chocolate 62g (8x10),1.0
06178,AL020112,BEURRE COND 100 gr,1.0
06178,BB022020,CH CH Bigbabol Stick Strawberry 5p x 20 x 20,1.0
06179,KK010112,KAT KAT TAT Chocolat 26g (24x12),1.0
06179,LI020124,Gaufrette gout Lait 70g - LINGOT (colisage 24),24.0
06180,AL020112,BEURRE COND 100 gr,1.0
06180,BB012020,CH CH Bigbabol Stick Tutti Frutti 5p x 20 x 20,1.0
06180,BB022020,CH CH Bigbabol Stick Strawberry 5p x 20 x 20,1.0
06180,BI080124,BISKREM DUO 85g - ULKER,24.0
06180,CH020424,Bonbon Chamallows Party 70g HARIBO,36.0
06180,KC010120,YAOURT AROME CITRON,1.0
06180,KH010128,Kinder Happy Hippo Cocoa T1x28x6,1.0
06180,NP010501,Nutella & Go 52g,24.0
06181,BI070124,BISKREM CACAO 85g - ULKER,48.0
06181,CC060106,Sachet Chupa-Chups The Best Of P120x6,1.0
06181,CH020424,Bonbon Chamallows Party 70g HARIBO,24.0
06181,KC010130,YAOURT AROME FRUITS DES BOIS,1.0
06181,KC010240,BIFI NATURE 0%,1.0
06181,KC020130,Barre de Chocolat Biscuit noisette BUENO WHITE,1.0
06181,KD020114,Kinder Délice T1X10X14 (Pièce),5.0
06181,KK010112,KAT KAT TAT Chocolat 26g (24x12),2.0
06181,LG010320,Gaufrette Golden Chocolat Blanc & Framboise 140g-L,20.0
06181,LI050124,Gaufrette gout Fraise 70g - LINGOT (colisage 24),24.0
06181,MR020108,"Mentos Rolls Strawberry 39,2g P14x20",1.0
06181,MR050108,"Mentos Rolls Fruit 39,2g P14x20",1.0
06181,MR070108,Mentos Rolls Sour Mix 39.2g P14x20,1.0
06181,NP010604,Nutella B-Ready T1x36x4,1.0
06181,NP060716,Nutella B-Ready T6x16,5.0
06185,AL010124,VIT'UP 170GR COLA CITRON,1.0
06185,AL020112,BEURRE COND 100 gr,1.0
06185,BB012020,CH CH Bigbabol Stick Tutti Frutti 5p x 20 x 20,1.0
06185,BB022020,CH CH Bigbabol Stick Strawberry 5p x 20 x 20,1.0
06185,BI070124,BISKREM CACAO 85g - ULKER,24.0
06185,BI080124,BISKREM DUO 85g - ULKER,24.0
06185,BL030136,Blister Mentos Gum White Sweet Mint 17g P12x12,1.0
06185,BL040136,Blister Mentos Gum White Tutti Frutti 17g P12x12,1.0
06185,CH060124,Bonbon Chamallows Pink & White 25g x 24 HARIBO,1.0
06185,FA030112,Mentos Fresh Action Stick Cherry Mint 10px24x12,1.0
06185,FR010120,Bonbon Fruit-tella Stick  Strawberry 10px20x12,1.0
06185,FR010220,Bonbon Fruit-tella Stick Orange 10px20x12,1.0
06185,KC010120,YAOURT AROME CITRON,1.0
06185,KC010130,YAOURT AROME FRUITS DES BOIS,1.0
06185,KC010336,YAOURT AROME NATURE,1.0
06185,KC020130,Barre de Chocolat Biscuit noisette BUENO WHITE,1.0
06185,KS030216,Kinder Joy T1x16 Girl Collection 2,1.0
06185,ML010160,"Gaufrette Mini Lingot  16,5g - LINGOT (colisage 60",60.0
06185,NP010604,Nutella B-Ready T1x36x4,1.0
06185,RO010112,Bonbon Roulette 25g - HARIBO,1.0
06185,ST010208,Mix Sripe Assortiment 24x8x25g HARIBO,1.0
06187,KC010120,YAOURT AROME CITRON,1.0
06188,AL010124,VIT'UP 170GR COLA CITRON,1.0
06188,AL020112,BEURRE COND 100 gr,6.0
06188,BB012020,CH CH Bigbabol Stick Tutti Frutti 5p x 20 x 20,1.5
06188,BB022020,CH CH Bigbabol Stick Strawberry 5p x 20 x 20,1.6666666666666667
06188,BI020124,Biskrem DUO 60g - ULKER,24.0
06188,BI050124,Biskrem Cacao 60g - ULKER,24.0
06188,BI070124,BISKREM CACAO 85g - ULKER,24.0
06188,BI080124,BISKREM DUO 85g - ULKER,24.0
06188,CC060106,Sachet Chupa-Chups The Best Of P120x6,1.0
06188,CC060112,CH CH XXL Strawberry 25Px29g,1.0
06188,CH020424,Bonbon Chamallows Party 70g HARIBO,10.0
06188,FR010116,Trio de Rochers Chocolat FERRERO,1.5
06188,FR010201,Coff. 16 Rochers Chocolat FERRERO,1.0
06188,KC010210,YAOURT AROME NOIX DE COCO,1.0
06188,MD010112,"Mentos Gum 3D Fresh Mint 8,5g P5x15",1.0
06188,MD020112,"Mentos Gum 3D S-A-R 8,5g P5x15",1.0
06188,MD030112,"Mentos Gum 3D Watermelon 8,5g P5x15",1.0
06188,MR020108,"Mentos Rolls Strawberry 39,2g P14x20",1.0
06188,RO010112,Bonbon Roulette 25g - HARIBO,1.0
06189,AL010124,VIT'UP 170GR COLA CITRON,1.0
06189,AL020112,BEURRE COND 100 gr,1.0
06189,BI070124,BISKREM CACAO 85g - ULKER,24.0
06189,BI080124,BISKREM DUO 85g - ULKER,24.0
06189,BL030136,Blister Mentos Gum White Sweet Mint 17g P12x12,1.0
06189,CH020424,Bonbon Chamallows Party 70g HARIBO,5.0
06189,FF010112,Big Babol Filifolly Strawberry 11g x 12 Sachets,1.0
06189,FR010201,Coff. 16 Rochers Chocolat FERRERO,1.0
06189,HC030124,Bonbon Happy Cherries 80g HARIBO,2.0
06189,HC030324,Bonbon Happy Cola Fizz 70g HARIBO,2.0
06189,KC010120,YAOURT AROME CITRON,1.0
06189,KC010130,YAOURT AROME FRUITS DES BOIS,1.0
06189,KC010240,BIFI NATURE 0%,1.0
06189,KC020130,Barre de Chocolat Biscuit noisette BUENO WHITE,1.0
06189,KD020114,Kinder Délice T1X10X14 (Pièce),1.0
06189,KS030116,Kinder Joy T1x16 Boy Collection 2,1.0
06189,KS030216,Kinder Joy T1x16 Girl Collection 2,1.0
06189,MD010112,"Mentos Gum 3D Fresh Mint 8,5g P5x15",1.0
06189,NP010301,Pate a Tartiner de 350 grs NUTELLA,3.0
06189,NP010407,Pôt Pâte à tartiner de 350g NUTELLA OCCASION,10.0
06189,NP010604,Nutella B-Ready T1x36x4,1.0
06189,PH020224,Bonbon Phantasia 80g HARIBO,2.0
06189,SM010224,Bonbon Starmix 80g HARIBO,2.0
06189,SQ010124,Bonbon Squishy 80g HARIBO,2.0
06189,TE020124,Bonbon Teeth 80g HARIBO,2.0
06189,WO020124,Bonbon Worms 80g HARIBO,2.0
06190,BL030136,Blister Mentos Gum White Sweet Mint 17g P12x12,2.0
06190,FA010118,Mentos Fresh Action Cup Menthol 280g P100x18,1.0
06190,KK010106,KAT KAT TAT Noisette 24g (24x6),2.0
06190,KK010112,KAT KAT TAT Chocolat 26g (24x12),1.0
06190,RO010112,Bonbon Roulette 25g - HARIBO,1.0
06190,WO020124,Bonbon Worms 80g HARIBO,14.0
06191,0005,Compote pomme fraise,1.0
06191,BI060124,Biskrem Cacao 110g - ULKER,72.0
06191,KK010106,KAT KAT TAT Noisette 24g (24x6),2.0
06191,KK010112,KAT KAT TAT Chocolat 26g (24x12),1.0
06192,CH010124,Bonbon Chamallows Pink & White 70g HARIBO,24.0
06192,KC010130,YAOURT AROME FRUITS DES BOIS,1.5
06192,KC010210,YAOURT AROME NOIX DE COCO,1.0
06192,KC010240,BIFI NATURE 0%,1.0
06192,KC020130,Barre de Chocolat Biscuit noisette BUENO WHITE,1.0
06192,KD010114,Kinder Délice T10X14,2.0
06192,KS020116,Kinder Joy T1x16 Boy,1.0
06192,LG020324,Gaufrette Golden Wafers goût Chocolat 70g - LINGOT,12.0
06192,NP010604,Nutella B-Ready T1x36x4,1.0
06192,WO030124,Bonbon Fizz Worms 70g HARIBO,24.0
06199,BL030136,Blister Mentos Gum White Sweet Mint 17g P12x12,1.0
06199,BL040136,Blister Mentos Gum White Tutti Frutti 17g P12x12,1.0
06199,KC010130,YAOURT AROME FRUITS DES BOIS,1.0
06250,AL010124,VIT'UP 170GR COLA CITRON,1.0
06250,BE010112,Biskrem Extra 92g - ULKER,12.0
06250,BI030112,BISKREM DUO 85g - ULKER,12.0
06250,BI050124,Biskrem Cacao 60g - ULKER,24.0
06250,BI070124,BISKREM CACAO 85g - ULKER,36.0
06250,BI080124,BISKREM DUO 85g - ULKER,28.8
06250,BL030136,Blister Mentos Gum White Sweet Mint 17g P12x12,1.0
06250,BL040136,Blister Mentos Gum White Tutti Frutti 17g P12x12,1.0
06250,CC070124,Sachet Chupa Chups Mini 35Px24,5.0
06250,FA020118,Mentos Fresh Action Cup Cherry Mint 280g P100x18,1.0
06250,FA030112,Mentos Fresh Action Stick Cherry Mint 10px24x12,1.0
06250,FR010116,Trio de Rochers Chocolat FERRERO,1.0
06250,KC010120,YAOURT AROME CITRON,1.0
06250,KC010130,YAOURT AROME FRUITS DES BOIS,1.0
06250,KC010240,BIFI NATURE 0%,1.0
06250,KC020130,Barre de Chocolat Biscuit noisette BUENO WHITE,1.0
06250,KD010114,Kinder Délice T10X14,1.5
06250,LG020224,Gaufrette Golden Chocolat Blanc & Framboise 70g -L,24.0
06250,LG020324,Gaufrette Golden Wafers goût Chocolat 70g - LINGOT,24.0
06250,LI010124,Gaufrette gout Chocolat 70g - LINGOT(colisage 24),48.0
06250,LT020124,Gaufrette enrobée choco 30G Cacahueté (24x4),1.0
06250,LT030124,Gaufrette enrobée choco 30G Triple saveur (24x4),1.0
06250,MD020112,"Mentos Gum 3D S-A-R 8,5g P5x15",1.0
06250,NP010604,Nutella B-Ready T1x36x4,1.0
06250,RO010112,Bonbon Roulette 25g - HARIBO,1.0
06250,RR010116,Trio de Rochers Noix Coco RAFAELLO,1.0
06250,TB010112,Boite Bonbon Menthe T12x24 TIC TAC,1.0
06250,TB050112,Boite Bonbon Strawberry mix T12x24 TIC TAC,1.0
06250,TB070148,Tic Tac Mix T48x8 ARBRE,1.0
06251,CC070106,CH CH Melody Strawberry 48x6,1.0
06251,CH010124,Bonbon Chamallows Pink & White 70g HARIBO,24.0
06251,JA010106,Mini Mentos Jar Fruit Mix 1Kg P100x6,1.0
06251,MR050108,"Mentos Rolls Fruit 39,2g P14x20",3.0
06251,NP010604,Nutella B-Ready T1x36x4,1.0
06251,RO010112,Bonbon Roulette 25g - HARIBO,1.0
06254,AL020112,BEURRE COND 100 gr,1.0
06254,BB022020,CH CH Bigbabol Stick Strawberry 5p x 20 x 20,1.0
06254,BI050124,Biskrem Cacao 60g - ULKER,24.0
06254,BI070124,BISKREM CACAO 85g - ULKER,24.0
06254,BI080124,BISKREM DUO 85g - ULKER,24.0
06254,CC060106,Sachet Chupa-Chups The Best Of P120x6,1.0
06254,MG010116,Mentos Gum Rolls Pure Fresh 1.75g P9x16,1.0
06254,TB010112,Boite Bonbon Menthe T12x24 TIC TAC,1.0
06255,KC010120,YAOURT AROME CITRON,1.0
06255,MW010112,"Boite Mentos Gum White Sweet Mint 53,2g P38x6",1.0
06255,NP010301,Pate a Tartiner de 350 grs NUTELLA,2.0
06256,BI050124,Biskrem Cacao 60g - ULKER,24.0
06256,KD010114,Kinder Délice T10X14,1.0
06256,LT030124,Gaufrette enrobée choco 30G Triple saveur (24x4),1.0
06257,BI050124,Biskrem Cacao 60g - ULKER,24.0
06257,BI070124,BISKREM CACAO 85g - ULKER,24.0
06258,BI070124,BISKREM CACAO 85g - ULKER,24.0
06258,TB010112,Boite Bonbon Menthe T12x24 TIC TAC,1.0
06258,TB020112,Boite Bonbon Orange T12x24 TIC TAC,1.0
06259,AL010124,VIT'UP 170GR COLA CITRON,1.0
06259,BB022020,CH CH Bigbabol Stick Strawberry 5p x 20 x 20,2.0
06259,BI070124,BISKREM CACAO 85g - ULKER,144.0
06259,CC060112,CH CH XXL Strawberry 25Px29g,1.0
06259,FA030112,Mentos Fresh Action Stick Cherry Mint 10px24x12,2.0
06259,FR010116,Trio de Rochers Chocolat FERRERO,2.0
06259,FR010120,Bonbon Fruit-tella Stick  Strawberry 10px20x12,2.0
06259,FR010201,Coff. 16 Rochers Chocolat FERRERO,5.0
06259,KC010130,YAOURT AROME FRUITS DES BOIS,2.0
06259,KC020130,Barre de Chocolat Biscuit noisette BUENO WHITE,2.0
06259,MG010116,Mentos Gum Rolls Pure Fresh 1.75g P9x16,1.0
06259,NP010306,Pôt Pâte à tartiner de 600g NUTELLA,12.0
06259,NP010604,Nutella B-Ready T1x36x4,1.0
06259,RR010116,Trio de Rochers Noix Coco RAFAELLO,3.0
06260,BI050124,Biskrem Cacao 60g - ULKER,24.0
06260,BI070124,BISKREM CACAO 85g - ULKER,24.0
06261,BB022020,CH CH Bigbabol Stick Strawberry 5p x 20 x 20,1.0
06261,BI050124,Biskrem Cacao 60g - ULKER,24.0
06261,BI070124,BISKREM CACAO 85g - ULKER,32.0
06261,BI080124,BISKREM DUO 85g - ULKER,48.0
06261,KC010120,YAOURT AROME CITRON,1.0
06261,KC010130,YAOURT AROME FRUITS DES BOIS,1.0
06261,TB070148,Tic Tac Mix T48x8 ARBRE,1.0
06262,BI070124,BISKREM CACAO 85g - ULKER,24.0
06263,AL010124,VIT'UP 170GR COLA CITRON,1.0
06263,BI080124,BISKREM DUO 85g - ULKER,24.0
06263,KC010120,YAOURT AROME CITRON,1.0
06263,KC010130,YAOURT AROME FRUITS DES BOIS,1.0
06263,MR040108,"Mentos Rolls Tutti Frutti 39,2 g P14x20",2.0
06263,NP010301,Pate a Tartiner de 350 grs NUTELLA,3.0
06263,RO010112,Bonbon Roulette 25g - HARIBO,1.3333333333333333
06264,BI050124,Biskrem Cacao 60g - ULKER,24.0
06264,BI070124,BISKREM CACAO 85g - ULKER,24.0
06264,CH010124,Bonbon Chamallows Pink & White 70g HARIBO,12.0
06264,NP010604,Nutella B-Ready T1x36x4,1.0
06264,RO010112,Bonbon Roulette 25g - HARIBO,1.0
06268,BE010112,Biskrem Extra 92g - ULKER,12.0
06268,BI050124,Biskrem Cacao 60g - ULKER,24.0
06268,BI070124,BISKREM CACAO 85g - ULKER,24.0
06268,KC010120,YAOURT AROME CITRON,1.0
06268,KC010130,YAOURT AROME FRUITS DES BOIS,1.0
06268,LI010124,Gaufrette gout Chocolat 70g - LINGOT(colisage 24),72.0
06268,TB020112,Boite Bonbon Orange T12x24 TIC TAC,1.0
06269,BI070124,BISKREM CACAO 85g - ULKER,24.0
06270,AL020112,BEURRE COND 100 gr,1.0
06270,BB012020,CH CH Bigbabol Stick Tutti Frutti 5p x 20 x 20,1.0
06270,BE010112,Biskrem Extra 92g - ULKER,12.0
06270,BI050124,Biskrem Cacao 60g - ULKER,24.0
06270,BI070124,BISKREM CACAO 85g - ULKER,24.0
06270,BI080124,BISKREM DUO 85g - ULKER,24.0
06270,BL040136,Blister Mentos Gum White Tutti Frutti 17g P12x12,1.0
06270,FR010116,Trio de Rochers Chocolat FERRERO,1.0
06270,KC010130,YAOURT AROME FRUITS DES BOIS,1.0
06270,KC010240,BIFI NATURE 0%,1.0
06270,NP010301,Pate a Tartiner de 350 grs NUTELLA,2.0
06270,NP010604,Nutella B-Ready T1x36x4,1.0
06270,RO010112,Bonbon Roulette 25g - HARIBO,1.0
06270,TB070148,Tic Tac Mix T48x8 ARBRE,1.0
06271,AL020112,BEURRE COND 100 gr,1.0
06271,BI030112,BISKREM DUO 85g - ULKER,12.0
06271,BI070124,BISKREM CACAO 85g - ULKER,24.0
06271,BI080124,BISKREM DUO 85g - ULKER,24.0
06271,FA010118,Mentos Fresh Action Cup Menthol 280g P100x18,1.0
06271,FA020118,Mentos Fresh Action Cup Cherry Mint 280g P100x18,1.0
06271,KC010120,YAOURT AROME CITRON,1.0
06271,KC010130,YAOURT AROME FRUITS DES BOIS,1.0
06271,KK010112,KAT KAT TAT Chocolat 26g (24x12),1.0
06271,LI010124,Gaufrette gout Chocolat 70g - LINGOT(colisage 24),24.0
06271,LT010124,Gaufrette enrobée choco 30G Riz Soufflé (24x4),1.0
06271,LT020124,Gaufrette enrobée choco 30G Cacahueté (24x4),1.0
06271,LT030124,Gaufrette enrobée choco 30G Triple saveur (24x4),1.0
06271,MR010108,"Mentos Rolls Menthe 39,2g P14x20",1.0
06271,MR030108,"Mentos Rolls Rainbow 39,2g P14x20",1.0
06271,NP010301,Pate a Tartiner de 350 grs NUTELLA,1.0
06271,NP010604,Nutella B-Ready T1x36x4,1.0
06271,RO010112,Bonbon Roulette 25g - HARIBO,1.0
06271,TB070148,Tic Tac Mix T48x8 ARBRE,1.0
06272,BI030112,BISKREM DUO 85g - ULKER,12.0
06273,BB012020,CH CH Bigbabol Stick Tutti Frutti 5p x 20 x 20,1.5
06273,BB022020,CH CH Bigbabol Stick Strawberry 5p x 20 x 20,1.0
06273,BE010112,Biskrem Extra 92g - ULKER,12.0
06273,BE010124,Bonbon Berries 80g HARIBO,6.0
06273,BI020124,Biskrem DUO 60g - ULKER,60.0
06273,BI030112,BISKREM DUO 85g - ULKER,24.0
06273,BI050124,Biskrem Cacao 60g - ULKER,48.0
06273,BI070124,BISKREM CACAO 85g - ULKER,48.0
06273,BI080124,BISKREM DUO 85g - ULKER,36.0
06273,BL040136,Blister Mentos Gum White Tutti Frutti 17g P12x12,1.0
06273,CC070124,Sachet Chupa Chups Mini 35Px24,5.333333333333333
06273,CH010124,Bonbon Chamallows Pink & White 70g HARIBO,24.0
06273,DC010224,YAOURT BRASSE VANILLE,1.0
06273,FA010118,Mentos Fresh Action Cup Menthol 280g P100x18,1.0
06273,FR010116,Trio de Rochers Chocolat FERRERO,1.0
06273,HC030324,Bonbon Happy Cola Fizz 70g HARIBO,12.0
06273,KC010120,YAOURT AROME CITRON,1.3333333333333333
06273,KC010130,YAOURT AROME FRUITS DES BOIS,1.5
06273,KC010240,BIFI NATURE 0%,1.4
06273,KC020130,Barre de Chocolat Biscuit noisette BUENO WHITE,1.0
06273,KD010114,Kinder Délice T10X14,10.0
06273,KH020110,Kinder Happy Hippo Cocoa T5x10,2.0
06273,KS020116,Kinder Joy T1x16 Boy,1.0
06273,KS020216,Kinder Joy T1x16 Girl,1.0
06273,KS030116,Kinder Joy T1x16 Boy Collection 2,1.0
06273,KS030216,Kinder Joy T1x16 Girl Collection 2,1.0
06273,MG010116,Mentos Gum Rolls Pure Fresh 1.75g P9x16,1.0
06273,MI010124,Bonbon Mix Fizz 70g HARIBO,15.0
06273,NP010301,Pate a Tartiner de 350 grs NUTELLA,6.333333333333333
06273,NP010501,Nutella & Go 52g,24.0
06273,NP010604,Nutella B-Ready T1x36x4,1.0
06273,PV010124,Bonbon Primavera 80g HARIBO,5.0
06273,WO030124,Bonbon Fizz Worms 70g HARIBO,24.0
06300,BE010112,Biskrem Extra 92g - ULKER,36.0
06300,BI050124,Biskrem Cacao 60g - ULKER,24.0
06300,BI070124,BISKREM CACAO 85g - ULKER,24.0
06300,BI080124,BISKREM DUO 85g - ULKER,24.0
06300,BL030136,Blister Mentos Gum White Sweet Mint 17g P12x12,1.0
06300,BL040136,Blister Mentos Gum White Tutti Frutti 17g P12x12,1.0
06300,CC010112,Sachet Chupa-Chups Fruit P10x12,5.0
06300,CC020112,Sachet Chupa-Chups Fresh Cola P10x12,5.0
06300,CC030112,Sachet Chupa-Chups Milky P10x12,5.0
06300,CC050112,Sachet Chupa-Chups The Best Of P10x12,5.0
06300,CC060106,Sachet Chupa-Chups The Best Of P120x6,1.0
06300,CC060112,CH CH XXL Strawberry 25Px29g,1.0
06300,CH010124,Bonbon Chamallows Pink & White 70g HARIBO,3.0
06300,CH020424,Bonbon Chamallows Party 70g HARIBO,3.0
06300,DC010224,YAOURT BRASSE VANILLE,1.0
06300,FR010120,Bonbon Fruit-tella Stick  Strawberry 10px20x12,1.0
06300,FR010201,Coff. 16 Rochers Chocolat FERRERO,2.0
06300,FR010301,Coff. de 24 Rochers Chocolat FERRERO,2.0
06300,FR010501,Coffret de 24 Rochers Collection Chocolat FERRERO,4.0
06300,GB020130,Bonbon Gold-Bears 80gx30 - HARIBO,4.0
06300,KC010120,YAOURT AROME CITRON,1.0
06300,KC010130,YAOURT AROME FRUITS DES BOIS,1.0
06300,KC010210,YAOURT AROME NOIX DE COCO,1.0
06300,KC010240,BIFI NATURE 0%,3.0
06300,KC010336,YAOURT AROME NATURE,1.0
06300,KC020130,Barre de Chocolat Biscuit noisette BUENO WHITE,1.0
06300,KD010114,Kinder Délice T10X14,4.0
06300,KS020116,Kinder Joy T1x16 Boy,1.0
06300,KS020216,Kinder Joy T1x16 Girl,1.0
06300,LT030124,Gaufrette enrobée choco 30G Triple saveur (24x4),1.0
06300,MG010116,Mentos Gum Rolls Pure Fresh 1.75g P9x16,1.0
06300,ML010160,"Gaufrette Mini Lingot  16,5g - LINGOT (colisage 60",120.0
06300,MW010112,"Boite Mentos Gum White Sweet Mint 53,2g P38x6",1.0
06300,MW020112,"Boite Mentos Gum White Tutti Frutti 53,2g P38x6",1.0
06300,NP010604,Nutella B-Ready T1x36x4,1.0
06300,NP060716,Nutella B-Ready T6x16,3.0
06300,RO010112,Bonbon Roulette 25g - HARIBO,2.3333333333333335
06300,ST010208,Mix Sripe Assortiment 24x8x25g HARIBO,1.0
06300,TB070148,Tic Tac Mix T48x8 ARBRE,1.0
06304,AL010124,VIT'UP 170GR COLA CITRON,1.0
06304,BB012020,CH CH Bigbabol Stick Tutti Frutti 5p x 20 x 20,1.0
06304,BE010112,Biskrem Extra 92g - ULKER,12.0
06304,BI070124,BISKREM CACAO 85g - ULKER,24.0
06304,BL030136,Blister Mentos Gum White Sweet Mint 17g P12x12,1.0
06304,BL040136,Blister Mentos Gum White Tutti Frutti 17g P12x12,1.0
06304,CC060106,Sachet Chupa-Chups The Best Of P120x6,2.0
06304,CC070106,CH CH Melody Strawberry 48x6,1.0
06304,FR010120,Bonbon Fruit-tella Stick  Strawberry 10px20x12,1.0
06304,FR010220,Bonbon Fruit-tella Stick Orange 10px20x12,1.0
06304,FR010401,Coff. de 30 Rochers Chocolat FERRERO,3.0
06304,HZ010124,TOMATO KETCHUP 200 G - HEINZ,2.0
06304,HZ010224,BARBECUE SAUCE 200 G - HEINZ,2.0
06304,HZ010712,TOMATO KETCHUP 300 G - HEINZ,2.0
06304,KC010120,YAOURT AROME CITRON,1.0
06304,KC010130,YAOURT AROME FRUITS DES BOIS,1.0
06304,KC020130,Barre de Chocolat Biscuit noisette BUENO WHITE,1.0
06304,KH020110,Kinder Happy Hippo Cocoa T5x10,1.0
06304,KS030116,Kinder Joy T1x16 Boy Collection 2,1.0
06304,KS030216,Kinder Joy T1x16 Girl Collection 2,1.0
06304,MW010112,"Boite Mentos Gum White Sweet Mint 53,2g P38x6",1.0
06304,MW020112,"Boite Mentos Gum White Tutti Frutti 53,2g P38x6",1.0
06304,NP010301,Pate a Tartiner de 350 grs NUTELLA,6.0
06304,NP010306,Pôt Pâte à tartiner de 600g NUTELLA,6.0
06304,NP010501,Nutella & Go 52g,24.0
06304,RO010112,Bonbon Roulette 25g - HARIBO,1.0
06304,ST010208,Mix Sripe Assortiment 24x8x25g HARIBO,1.0
06304,TB070148,Tic Tac Mix T48x8 ARBRE,1.0
06305,AL010124,VIT'UP 170GR COLA CITRON,1.0
06305,BB012020,CH CH Bigbabol Stick Tutti Frutti 5p x 20 x 20,1.0
06305,BB022020,CH CH Bigbabol Stick Strawberry 5p x 20 x 20,1.0
06305,BE010112,Biskrem Extra 92g - ULKER,12.0
06305,BE010124,Bonbon Berries 80g HARIBO,11.0
06305,BI070124,BISKREM CACAO 85g - ULKER,24.0
06305,BL030136,Blister Mentos Gum White Sweet Mint 17g P12x12,1.0
06305,BL040136,Blister Mentos Gum White Tutti Frutti 17g P12x12,1.0
06305,CC070106,CH CH Melody Strawberry 48x6,1.0
06305,CC070124,Sachet Chupa Chups Mini 35Px24,5.0
06305,CH010124,Bonbon Chamallows Pink & White 70g HARIBO,15.5
06305,CH060124,Bonbon Chamallows Pink & White 25g x 24 HARIBO,1.0
06305,DC010224,YAOURT BRASSE VANILLE,1.0
06305,FR010116,Trio de Rochers Chocolat FERRERO,1.0
06305,FR010120,Bonbon Fruit-tella Stick  Strawberry 10px20x12,1.0
06305,FR010201,Coff. 16 Rochers Chocolat FERRERO,20.0
06305,FR010220,Bonbon Fruit-tella Stick Orange 10px20x12,1.0
06305,FR010301,Coff. de 24 Rochers Chocolat FERRERO,3.0
06305,FR010401,Coff. de 30 Rochers Chocolat FERRERO,12.0
06305,FR010501,Coffret de 24 Rochers Collection Chocolat FERRERO,4.0
06305,FR010603,Coffret de 28 Rochers Cône Chocolat FERRERO,3.0
06305,GB020130,Bonbon Gold-Bears 80gx30 - HARIBO,12.5
06305,HC020130,Bonbon Happy Cola 80gx30 HARIBO,15.0
06305,HC030124,Bonbon Happy Cherries 80g HARIBO,12.0
06305,HC030324,Bonbon Happy Cola Fizz 70g HARIBO,11.0
06305,HZ010124,TOMATO KETCHUP 200 G - HEINZ,24.0
06305,HZ010224,BARBECUE SAUCE 200 G - HEINZ,24.0
06305,HZ010712,TOMATO KETCHUP 300 G - HEINZ,12.0
06305,JB010148,Bonbon Jelly Beans 80g HARIBO,12.0
06305,KC010120,YAOURT AROME CITRON,1.0
06305,KC010130,YAOURT AROME FRUITS DES BOIS,1.0
06305,KC010210,YAOURT AROME NOIX DE COCO,1.0
06305,KC010240,BIFI NATURE 0%,1.25
06305,KC010336,YAOURT AROME NATURE,1.0
06305,KC010618,Kinder Creamy T1X8X18,1.6666666666666667
06305,KC020130,Barre de Chocolat Biscuit noisette BUENO WHITE,1.0
06305,KD010114,Kinder Délice T10X14,5.0
06305,KH010128,Kinder Happy Hippo Cocoa T1x28x6,1.0
06305,KH020110,Kinder Happy Hippo Cocoa T5x10,1.0
06305,KS030116,Kinder Joy T1x16 Boy Collection 2,1.2
06305,KS030216,Kinder Joy T1x16 Girl Collection 2,1.1666666666666667
06305,MI010124,Bonbon Mix Fizz 70g HARIBO,12.0
06305,MR020108,"Mentos Rolls Strawberry 39,2g P14x20",1.0
06305,MR040108,"Mentos Rolls Tutti Frutti 39,2 g P14x20",1.0
06305,MR050108,"Mentos Rolls Fruit 39,2g P14x20",1.0
06305,MR070108,Mentos Rolls Sour Mix 39.2g P14x20,1.0
06305,MW010112,"Boite Mentos Gum White Sweet Mint 53,2g P38x6",1.0
06305,MW020112,"Boite Mentos Gum White Tutti Frutti 53,2g P38x6",1.0
06305,NP010301,Pate a Tartiner de 350 grs NUTELLA,14.0
06305,NP010306,Pôt Pâte à tartiner de 600g NUTELLA,10.0
06305,NP010501,Nutella & Go 52g,24.0
06305,NP010604,Nutella B-Ready T1x36x4,1.0
06305,NP060716,Nutella B-Ready T6x16,16.0
06305,PH020224,Bonbon Phantasia 80g HARIBO,7.0
06305,PV010124,Bonbon Primavera 80g HARIBO,12.0
06305,RO010112,Bonbon Roulette 25g - HARIBO,1.0
06305,RR010116,Trio de Rochers Noix Coco RAFAELLO,1.0
06305,SM010224,Bonbon Starmix 80g HARIBO,12.0
06305,SQ010124,Bonbon Squishy 80g HARIBO,11.0
06305,ST010208,Mix Sripe Assortiment 24x8x25g HARIBO,1.0
06305,TB070148,Tic Tac Mix T48x8 ARBRE,1.0
06305,TE020124,Bonbon Teeth 80g HARIBO,10.0
06305,WO020124,Bonbon Worms 80g HARIBO,11.0
06305,WO030124,Bonbon Fizz Worms 70g HARIBO,11.0
06306,AL010124,VIT'UP 170GR COLA CITRON,1.0
06306,AL020112,BEURRE COND 100 gr,1.5
06306,BB012020,CH CH Bigbabol Stick Tutti Frutti 5p x 20 x 20,1.0
06306,BB022020,CH CH Bigbabol Stick Strawberry 5p x 20 x 20,1.0
06306,BE010124,Bonbon Berries 80g HARIBO,15.0
06306,CH010124,Bonbon Chamallows Pink & White 70g HARIBO,24.0
06306,CH020424,Bonbon Chamallows Party 70g HARIBO,18.0
06306,CH060124,Bonbon Chamallows Pink & White 25g x 24 HARIBO,1.0
06306,FF010112,Big Babol Filifolly Strawberry 11g x 12 Sachets,1.0
06306,FF020112,Big Babol Filifolly Fruit 11g x 12 Sachets,1.0
06306,FF030112,Big Babol Filifolly Watermelon 11g x 12 Sachets,1.0
06306,FR010116,Trio de Rochers Chocolat FERRERO,1.0
06306,FR010201,Coff. 16 Rochers Chocolat FERRERO,1.0
06306,FR010301,Coff. de 24 Rochers Chocolat FERRERO,2.0
06306,FR010401,Coff. de 30 Rochers Chocolat FERRERO,3.0
06306,FR010501,Coffret de 24 Rochers Collection Chocolat FERRERO,2.0
06306,GB020130,Bonbon Gold-Bears 80gx30 - HARIBO,15.0
06306,HC020130,Bonbon Happy Cola 80gx30 HARIBO,15.0
06306,HC030124,Bonbon Happy Cherries 80g HARIBO,15.0
06306,HC030324,Bonbon Happy Cola Fizz 70g HARIBO,15.0
06306,JB010148,Bonbon Jelly Beans 80g HARIBO,15.0
06306,KC010120,YAOURT AROME CITRON,1.0
06306,KC010130,YAOURT AROME FRUITS DES BOIS,1.0
06306,KC010210,YAOURT AROME NOIX DE COCO,1.0
06306,KC010240,BIFI NATURE 0%,1.5
06306,KC010336,YAOURT AROME NATURE,1.0
06306,KC020130,Barre de Chocolat Biscuit noisette BUENO WHITE,1.0
06306,KH010128,Kinder Happy Hippo Cocoa T1x28x6,1.0
06306,KH020110,Kinder Happy Hippo Cocoa T5x10,1.0
06306,KS030116,Kinder Joy T1x16 Boy Collection 2,1.0
06306,KS030216,Kinder Joy T1x16 Girl Collection 2,1.0
06306,LT010124,Gaufrette enrobée choco 30G Riz Soufflé (24x4),1.0
06306,LT030124,Gaufrette enrobée choco 30G Triple saveur (24x4),1.0
06306,MI010124,Bonbon Mix Fizz 70g HARIBO,15.0
06306,MR020108,"Mentos Rolls Strawberry 39,2g P14x20",1.0
06306,MR030108,"Mentos Rolls Rainbow 39,2g P14x20",1.0
06306,MR040108,"Mentos Rolls Tutti Frutti 39,2 g P14x20",1.0
06306,MW010112,"Boite Mentos Gum White Sweet Mint 53,2g P38x6",1.0
06306,MW020112,"Boite Mentos Gum White Tutti Frutti 53,2g P38x6",1.0
06306,NP010604,Nutella B-Ready T1x36x4,1.0
06306,NP060716,Nutella B-Ready T6x16,2.0
06306,PH020224,Bonbon Phantasia 80g HARIBO,12.0
06306,RO010112,Bonbon Roulette 25g - HARIBO,1.0
06306,SM010224,Bonbon Starmix 80g HARIBO,15.0
06306,SQ010124,Bonbon Squishy 80g HARIBO,15.0
06306,ST010208,Mix Sripe Assortiment 24x8x25g HARIBO,1.0
06306,TB070148,Tic Tac Mix T48x8 ARBRE,1.0
06306,TE020124,Bonbon Teeth 80g HARIBO,15.0
06306,WO020124,Bonbon Worms 80g HARIBO,15.0
06306,WO030124,Bonbon Fizz Worms 70g HARIBO,15.0
06308,BE010124,Bonbon Berries 80g HARIBO,40.0
06308,CH010124,Bonbon Chamallows Pink & White 70g HARIBO,30.0
06308,FR010116,Trio de Rochers Chocolat FERRERO,1.0
06308,FR010201,Coff. 16 Rochers Chocolat FERRERO,5.0
06308,FR010301,Coff. de 24 Rochers Chocolat FERRERO,1.0
06308,FR010401,Coff. de 30 Rochers Chocolat FERRERO,3.0
06308,FR010501,Coffret de 24 Rochers Collection Chocolat FERRERO,1.0
06308,FR010603,Coffret de 28 Rochers Cône Chocolat FERRERO,3.0
06308,KC010120,YAOURT AROME CITRON,1.0
06308,KC010130,YAOURT AROME FRUITS DES BOIS,1.0
06308,KC010240,BIFI NATURE 0%,1.0
06308,KC020130,Barre de Chocolat Biscuit noisette BUENO WHITE,1.0
06308,KS030116,Kinder Joy T1x16 Boy Collection 2,1.0
06308,KS030216,Kinder Joy T1x16 Girl Collection 2,1.0
06308,NP010604,Nutella B-Ready T1x36x4,1.0
06308,RR010116,Trio de Rochers Noix Coco RAFAELLO,1.0
06308,TB070148,Tic Tac Mix T48x8 ARBRE,1.0
06311,AL010124,VIT'UP 170GR COLA CITRON,1.0
06311,CC020112,Sachet Chupa-Chups Fresh Cola P10x12,2.0
06311,CC050112,Sachet Chupa-Chups The Best Of P10x12,4.0
06311,KC010130,YAOURT AROME FRUITS DES BOIS,1.0
06311,KC020130,Barre de Chocolat Biscuit noisette BUENO WHITE,1.0
06312,AL010124,VIT'UP 170GR COLA CITRON,1.0
06312,AL020112,BEURRE COND 100 gr,1.0
06312,BE010112,Biskrem Extra 92g - ULKER,12.0
06312,BI050124,Biskrem Cacao 60g - ULKER,24.0
06312,BI070124,BISKREM CACAO 85g - ULKER,24.0
06312,BI080124,BISKREM DUO 85g - ULKER,30.0
06312,BL030136,Blister Mentos Gum White Sweet Mint 17g P12x12,1.0
06312,BL040136,Blister Mentos Gum White Tutti Frutti 17g P12x12,1.0
06312,CC060112,CH CH XXL Strawberry 25Px29g,1.0
06312,CH020424,Bonbon Chamallows Party 70g HARIBO,24.0
06312,FR010116,Trio de Rochers Chocolat FERRERO,1.0
06312,FR010120,Bonbon Fruit-tella Stick  Strawberry 10px20x12,1.0
06312,FR010201,Coff. 16 Rochers Chocolat FERRERO,2.0
06312,FR010220,Bonbon Fruit-tella Stick Orange 10px20x12,1.0
06312,KC010120,YAOURT AROME CITRON,1.0
06312,KC010130,YAOURT AROME FRUITS DES BOIS,1.0
06312,KC010240,BIFI NATURE 0%,1.0
06312,KD010114,Kinder Délice T10X14,1.6666666666666667
06312,KS030116,Kinder Joy T1x16 Boy Collection 2,1.0
06312,LG020124,Gaufrette Golden  Chocolat Blanc & Citron 70g,24.0
06312,MD010112,"Mentos Gum 3D Fresh Mint 8,5g P5x15",1.0
06312,MD020112,"Mentos Gum 3D S-A-R 8,5g P5x15",1.0
06312,MD030112,"Mentos Gum 3D Watermelon 8,5g P5x15",1.0
06312,MG010116,Mentos Gum Rolls Pure Fresh 1.75g P9x16,1.0
06312,MW010112,"Boite Mentos Gum White Sweet Mint 53,2g P38x6",1.0
06312,MW020112,"Boite Mentos Gum White Tutti Frutti 53,2g P38x6",1.0
06312,NP010407,Pôt Pâte à tartiner de 350g NUTELLA OCCASION,3.0
06312,NP010604,Nutella B-Ready T1x36x4,1.0
06312,PF010206,Boite Mentos Gum PF Fresh Mint 24g P12x10,1.0
06312,RO010112,Bonbon Roulette 25g - HARIBO,1.0
06312,RR010116,Trio de Rochers Noix Coco RAFAELLO,1.0
06313,LI010140,Gaufrette Goût Chocolat 30g - LINGOT (Colisage 40),800.0
06313,LI030140,Gaufrette Goût Noisette 30g - LINGOT (Colisage 40),200.0
06313,LI040140,Gaufrette Goût Fraise 30g - LINGOT (Colisage 40),200.0
06314,AL020112,BEURRE COND 100 gr,1.0
06314,BI070124,BISKREM CACAO 85g - ULKER,36.0
06314,BI080124,BISKREM DUO 85g - ULKER,36.0
06314,CH020424,Bonbon Chamallows Party 70g HARIBO,3.0
06314,FR010116,Trio de Rochers Chocolat FERRERO,2.0
06314,FR010120,Bonbon Fruit-tella Stick  Strawberry 10px20x12,1.0
06314,KC010130,YAOURT AROME FRUITS DES BOIS,1.0
06314,KD010114,Kinder Délice T10X14,1.0
06314,KS030116,Kinder Joy T1x16 Boy Collection 2,1.0
06314,KS030216,Kinder Joy T1x16 Girl Collection 2,1.0
06314,LI030124,Gaufrette gout Caramel 70g - LINGOT (colisage 24),24.0
06314,MR020108,"Mentos Rolls Strawberry 39,2g P14x20",1.0
06314,NP010306,Pôt Pâte à tartiner de 600g NUTELLA,1.0
06314,NP010407,Pôt Pâte à tartiner de 350g NUTELLA OCCASION,1.0
06314,RR010116,Trio de Rochers Noix Coco RAFAELLO,2.0
06315,BI070124,BISKREM CACAO 85g - ULKER,24.0
06315,CH020424,Bonbon Chamallows Party 70g HARIBO,5.0
06315,MW010112,"Boite Mentos Gum White Sweet Mint 53,2g P38x6",1.0
06315,NP010407,Pôt Pâte à tartiner de 350g NUTELLA OCCASION,2.0
06315,RA010124,Canette Float Orange 240 ML - RANI,6.0
06315,TB050112,Boite Bonbon Strawberry mix T12x24 TIC TAC,2.0
06317,AL020112,BEURRE COND 100 gr,1.0
06317,BI070124,BISKREM CACAO 85g - ULKER,24.0
06317,BI080124,BISKREM DUO 85g - ULKER,24.0
06317,FR010201,Coff. 16 Rochers Chocolat FERRERO,2.0
06317,KC010130,YAOURT AROME FRUITS DES BOIS,1.0
06317,KD010114,Kinder Délice T10X14,1.0
06317,ST010208,Mix Sripe Assortiment 24x8x25g HARIBO,1.0
06318,AL010124,VIT'UP 170GR COLA CITRON,1.0
06318,AL020112,BEURRE COND 100 gr,2.0
06318,BB012020,CH CH Bigbabol Stick Tutti Frutti 5p x 20 x 20,1.0
06318,BB022020,CH CH Bigbabol Stick Strawberry 5p x 20 x 20,1.0
06318,BE010112,Biskrem Extra 92g - ULKER,24.0
06318,BE010124,Bonbon Berries 80g HARIBO,15.0
06318,BI020124,Biskrem DUO 60g - ULKER,24.0
06318,BI050124,Biskrem Cacao 60g - ULKER,24.0
06318,BI070124,BISKREM CACAO 85g - ULKER,24.0
06318,BI080124,BISKREM DUO 85g - ULKER,24.0
06318,BL030136,Blister Mentos Gum White Sweet Mint 17g P12x12,1.0
06318,BL040136,Blister Mentos Gum White Tutti Frutti 17g P12x12,1.0
06318,CC010112,Sachet Chupa-Chups Fruit P10x12,5.0
06318,CC020112,Sachet Chupa-Chups Fresh Cola P10x12,5.0
06318,CC030112,Sachet Chupa-Chups Milky P10x12,5.0
06318,CC050112,Sachet Chupa-Chups The Best Of P10x12,5.0
06318,CC060112,CH CH XXL Strawberry 25Px29g,1.0
06318,CH010124,Bonbon Chamallows Pink & White 70g HARIBO,10.0
06318,CH060124,Bonbon Chamallows Pink & White 25g x 24 HARIBO,1.0
06318,DC010224,YAOURT BRASSE VANILLE,1.75
06318,FA020118,Mentos Fresh Action Cup Cherry Mint 280g P100x18,2.0
06318,FA030112,Mentos Fresh Action Stick Cherry Mint 10px24x12,1.0
06318,FR010120,Bonbon Fruit-tella Stick  Strawberry 10px20x12,1.5
06318,FR010201,Coff. 16 Rochers Chocolat FERRERO,2.0
06318,FR010220,Bonbon Fruit-tella Stick Orange 10px20x12,1.5
06318,FR010301,Coff. de 24 Rochers Chocolat FERRERO,2.0
06318,FR010501,Coffret de 24 Rochers Collection Chocolat FERRERO,4.0
06318,GB010324,Bonbon Gold-Bears 30g HARIBO,24.0
06318,GB020130,Bonbon Gold-Bears 80gx30 - HARIBO,15.0
06318,HC020130,Bonbon Happy Cola 80gx30 HARIBO,15.0
06318,HC030124,Bonbon Happy Cherries 80g HARIBO,15.0
06318,HC030324,Bonbon Happy Cola Fizz 70g HARIBO,4.0
06318,HZ010124,TOMATO KETCHUP 200 G - HEINZ,6.0
06318,HZ010224,BARBECUE SAUCE 200 G - HEINZ,6.0
06318,HZ010712,TOMATO KETCHUP 300 G - HEINZ,6.0
06318,KC010120,YAOURT AROME CITRON,1.0
06318,KC010130,YAOURT AROME FRUITS DES BOIS,1.0
06318,KC010210,YAOURT AROME NOIX DE COCO,1.0
06318,KC010240,BIFI NATURE 0%,3.0
06318,KC020130,Barre de Chocolat Biscuit noisette BUENO WHITE,1.0
06318,KD010114,Kinder Délice T10X14,4.6
06318,KH020110,Kinder Happy Hippo Cocoa T5x10,1.0
06318,KS020116,Kinder Joy T1x16 Boy,1.0
06318,KS020216,Kinder Joy T1x16 Girl,1.0
06318,KS030116,Kinder Joy T1x16 Boy Collection 2,1.0
06318,KS030216,Kinder Joy T1x16 Girl Collection 2,1.0
06318,MD010112,"Mentos Gum 3D Fresh Mint 8,5g P5x15",1.0
06318,MD020112,"Mentos Gum 3D S-A-R 8,5g P5x15",1.0
06318,MD030112,"Mentos Gum 3D Watermelon 8,5g P5x15",1.0
06318,MG010116,Mentos Gum Rolls Pure Fresh 1.75g P9x16,1.0
06318,MI010124,Bonbon Mix Fizz 70g HARIBO,15.0
06318,ML010160,"Gaufrette Mini Lingot  16,5g - LINGOT (colisage 60",90.0
06318,MR010108,"Mentos Rolls Menthe 39,2g P14x20",1.0
06318,MR020108,"Mentos Rolls Strawberry 39,2g P14x20",1.0
06318,MR040108,"Mentos Rolls Tutti Frutti 39,2 g P14x20",2.0
06318,MR050108,"Mentos Rolls Fruit 39,2g P14x20",1.0
06318,MR070108,Mentos Rolls Sour Mix 39.2g P14x20,1.0
06318,MW010112,"Boite Mentos Gum White Sweet Mint 53,2g P38x6",1.0
06318,MW020112,"Boite Mentos Gum White Tutti Frutti 53,2g P38x6",1.0
06318,NP010301,Pate a Tartiner de 350 grs NUTELLA,9.5
06318,NP010401,Pate a  tartiner de 750g NUTELLA,5.0
06318,NP010604,Nutella B-Ready T1x36x4,1.0
06318,NP060716,Nutella B-Ready T6x16,3.0
06318,PH020224,Bonbon Phantasia 80g HARIBO,15.0
06318,RO010112,Bonbon Roulette 25g - HARIBO,1.0
06318,SM010224,Bonbon Starmix 80g HARIBO,15.0
06318,WO020124,Bonbon Worms 80g HARIBO,7.0
06318,WO030124,Bonbon Fizz Worms 70g HARIBO,15.0
06319,BE010124,Bonbon Berries 80g HARIBO,2.0
06319,CH010124,Bonbon Chamallows Pink & White 70g HARIBO,4.0
06319,CH020424,Bonbon Chamallows Party 70g HARIBO,4.0
06319,KK010112,KAT KAT TAT Chocolat 26g (24x12),1.5
06319,LG010120,Gaufrette Golden Chocolat 140 gr- Lingot (20 pcs),20.0
06319,MG010116,Mentos Gum Rolls Pure Fresh 1.75g P9x16,1.0
06319,SQ010124,Bonbon Squishy 80g HARIBO,2.0
06319,TB070148,Tic Tac Mix T48x8 ARBRE,1.0
06350,HC030124,Bonbon Happy Cherries 80g HARIBO,6.0
06350,RO010112,Bonbon Roulette 25g - HARIBO,1.0
06350,SQ010124,Bonbon Squishy 80g HARIBO,4.0
06368,FR010116,Trio de Rochers Chocolat FERRERO,1.0
06368,FR010201,Coff. 16 Rochers Chocolat FERRERO,5.0
06368,KC010130,YAOURT AROME FRUITS DES BOIS,2.0
06368,KC020130,Barre de Chocolat Biscuit noisette BUENO WHITE,2.0
06368,KD010114,Kinder Délice T10X14,4.0
06368,KH010128,Kinder Happy Hippo Cocoa T1x28x6,1.0
06368,KH020110,Kinder Happy Hippo Cocoa T5x10,1.0
06368,NP010306,Pôt Pâte à tartiner de 600g NUTELLA,2.0
06368,NP010501,Nutella & Go 52g,24.0
06368,NP010604,Nutella B-Ready T1x36x4,1.0
06368,RR010116,Trio de Rochers Noix Coco RAFAELLO,1.0
06371,BB022020,CH CH Bigbabol Stick Strawberry 5p x 20 x 20,1.0
06372,MR070108,Mentos Rolls Sour Mix 39.2g P14x20,1.0
06373,FA020118,Mentos Fresh Action Cup Cherry Mint 280g P100x18,1.0
06374,BB012020,CH CH Bigbabol Stick Tutti Frutti 5p x 20 x 20,2.0
06374,BB022020,CH CH Bigbabol Stick Strawberry 5p x 20 x 20,1.0
06374,BE010112,Biskrem Extra 92g - ULKER,24.0
06374,BE010124,Bonbon Berries 80g HARIBO,10.0
06374,DC010224,YAOURT BRASSE VANILLE,1.0
06374,FR010116,Trio de Rochers Chocolat FERRERO,1.0
06374,FR010201,Coff. 16 Rochers Chocolat FERRERO,3.3333333333333335
06374,HC030124,Bonbon Happy Cherries 80g HARIBO,12.0
06374,KC010130,YAOURT AROME FRUITS DES BOIS,1.3333333333333333
06374,KC010336,YAOURT AROME NATURE,1.0
06374,KC010618,Kinder Creamy T1X8X18,2.0
06374,KC020130,Barre de Chocolat Biscuit noisette BUENO WHITE,1.0
06374,KD010114,Kinder Délice T10X14,5.0
06374,KH010128,Kinder Happy Hippo Cocoa T1x28x6,1.0
06374,KS030116,Kinder Joy T1x16 Boy Collection 2,1.0
06374,KS030216,Kinder Joy T1x16 Girl Collection 2,2.0
06374,NP010604,Nutella B-Ready T1x36x4,2.0
06374,RO010112,Bonbon Roulette 25g - HARIBO,1.0
06374,RR010116,Trio de Rochers Noix Coco RAFAELLO,1.0
06374,RR010201,Coff. 15 Rochers Noix Coco RAFAELLO,6.0
06374,SM010224,Bonbon Starmix 80g HARIBO,8.0
06374,SQ010124,Bonbon Squishy 80g HARIBO,12.0
06375,AL010124,VIT'UP 170GR COLA CITRON,2.0
06375,AL020112,BEURRE COND 100 gr,2.0
06375,BE010112,Biskrem Extra 92g - ULKER,24.0
06375,BI020124,Biskrem DUO 60g - ULKER,48.0
06375,BI050124,Biskrem Cacao 60g - ULKER,48.0
06375,BI070124,BISKREM CACAO 85g - ULKER,48.0
06375,BI080124,BISKREM DUO 85g - ULKER,48.0
06375,BL030136,Blister Mentos Gum White Sweet Mint 17g P12x12,1.0
06375,BL040136,Blister Mentos Gum White Tutti Frutti 17g P12x12,1.5
06375,CC060112,CH CH XXL Strawberry 25Px29g,1.3333333333333333
06375,DC010224,YAOURT BRASSE VANILLE,1.5
06375,FA030112,Mentos Fresh Action Stick Cherry Mint 10px24x12,2.0
06375,FR010116,Trio de Rochers Chocolat FERRERO,1.5
06375,FR010120,Bonbon Fruit-tella Stick  Strawberry 10px20x12,1.0
06375,FR010201,Coff. 16 Rochers Chocolat FERRERO,15.0
06375,FR010220,Bonbon Fruit-tella Stick Orange 10px20x12,1.0
06375,FR010401,Coff. de 30 Rochers Chocolat FERRERO,2.0
06375,GB020130,Bonbon Gold-Bears 80gx30 - HARIBO,30.0
06375,HC020130,Bonbon Happy Cola 80gx30 HARIBO,30.0
06375,JA010106,Mini Mentos Jar Fruit Mix 1Kg P100x6,1.0
06375,KC010130,YAOURT AROME FRUITS DES BOIS,4.0
06375,KC010240,BIFI NATURE 0%,1.0
06375,KC020130,Barre de Chocolat Biscuit noisette BUENO WHITE,1.0
06375,KD010114,Kinder Délice T10X14,9.5
06375,KS030116,Kinder Joy T1x16 Boy Collection 2,3.25
06375,KS030216,Kinder Joy T1x16 Girl Collection 2,1.3333333333333333
06375,MD010112,"Mentos Gum 3D Fresh Mint 8,5g P5x15",2.0
06375,MD020112,"Mentos Gum 3D S-A-R 8,5g P5x15",2.0
06375,MD030112,"Mentos Gum 3D Watermelon 8,5g P5x15",2.0
06375,MG010116,Mentos Gum Rolls Pure Fresh 1.75g P9x16,2.0
06375,MR020108,"Mentos Rolls Strawberry 39,2g P14x20",1.0
06375,NP010301,Pate a Tartiner de 350 grs NUTELLA,15.0
06375,NP010501,Nutella & Go 52g,24.0
06375,NP010604,Nutella B-Ready T1x36x4,1.3333333333333333
06375,NP060716,Nutella B-Ready T6x16,5.0
06375,PF010206,Boite Mentos Gum PF Fresh Mint 24g P12x10,1.0
06375,PH020224,Bonbon Phantasia 80g HARIBO,24.0
06375,RO010112,Bonbon Roulette 25g - HARIBO,2.6666666666666665
06375,RR010116,Trio de Rochers Noix Coco RAFAELLO,1.5
06375,SQ010124,Bonbon Squishy 80g HARIBO,22.0
06376,FR010116,Trio de Rochers Chocolat FERRERO,1.0
06376,HC020130,Bonbon Happy Cola 80gx30 HARIBO,8.0
06376,KC010120,YAOURT AROME CITRON,1.0
06376,KC010130,YAOURT AROME FRUITS DES BOIS,1.0
06376,KC010210,YAOURT AROME NOIX DE COCO,1.0
06376,KC020130,Barre de Chocolat Biscuit noisette BUENO WHITE,1.0
06376,KH020110,Kinder Happy Hippo Cocoa T5x10,1.0
06376,PH020224,Bonbon Phantasia 80g HARIBO,12.0
06376,RO010112,Bonbon Roulette 25g - HARIBO,1.0
06379,BB012020,CH CH Bigbabol Stick Tutti Frutti 5p x 20 x 20,1.0
06379,BB022020,CH CH Bigbabol Stick Strawberry 5p x 20 x 20,2.0
06379,BE010112,Biskrem Extra 92g - ULKER,48.0
06379,CH020424,Bonbon Chamallows Party 70g HARIBO,21.0
06379,KC010130,YAOURT AROME FRUITS DES BOIS,1.0
06379,KC010210,YAOURT AROME NOIX DE COCO,1.0
06379,KD010114,Kinder Délice T10X14,5.0
06379,KS030116,Kinder Joy T1x16 Boy Collection 2,1.0
06379,KS030216,Kinder Joy T1x16 Girl Collection 2,1.0
06380,BL030136,Blister Mentos Gum White Sweet Mint 17g P12x12,1.0
06380,HC020130,Bonbon Happy Cola 80gx30 HARIBO,8.0
06385,FR010201,Coff. 16 Rochers Chocolat FERRERO,2.0
06386,CH020424,Bonbon Chamallows Party 70g HARIBO,6.0
06386,KS020116,Kinder Joy T1x16 Boy,1.0
06386,NP010501,Nutella & Go 52g,6.0
06386,NP060716,Nutella B-Ready T6x16,3.0
06391,BE010124,Bonbon Berries 80g HARIBO,6.0
06391,CH010124,Bonbon Chamallows Pink & White 70g HARIBO,12.0
06391,FR010116,Trio de Rochers Chocolat FERRERO,1.0
06391,GB020130,Bonbon Gold-Bears 80gx30 - HARIBO,5.0
06391,HC030324,Bonbon Happy Cola Fizz 70g HARIBO,24.0
06391,KC010120,YAOURT AROME CITRON,1.0
06391,KC010130,YAOURT AROME FRUITS DES BOIS,1.0
06391,KC010240,BIFI NATURE 0%,1.0
06391,KC010336,YAOURT AROME NATURE,1.0
06391,KC020130,Barre de Chocolat Biscuit noisette BUENO WHITE,1.0
06391,KH010128,Kinder Happy Hippo Cocoa T1x28x6,1.0
06391,KS030116,Kinder Joy T1x16 Boy Collection 2,1.0
06391,KS030216,Kinder Joy T1x16 Girl Collection 2,1.0
06391,MI010124,Bonbon Mix Fizz 70g HARIBO,5.0
06391,NP010604,Nutella B-Ready T1x36x4,1.0
06391,NP060716,Nutella B-Ready T6x16,6.0
06391,PH020224,Bonbon Phantasia 80g HARIBO,5.0
06391,RO010112,Bonbon Roulette 25g - HARIBO,1.0
06391,RR010116,Trio de Rochers Noix Coco RAFAELLO,1.0
06391,SM010224,Bonbon Starmix 80g HARIBO,14.0
06392,AL010124,VIT'UP 170GR COLA CITRON,1.0
06392,AL020112,BEURRE COND 100 gr,1.0
06392,BI070124,BISKREM CACAO 85g - ULKER,24.0
06392,CC070124,Sachet Chupa Chups Mini 35Px24,1.0
06392,CH010124,Bonbon Chamallows Pink & White 70g HARIBO,5.0
06392,KC010130,YAOURT AROME FRUITS DES BOIS,1.0
06392,NP010301,Pate a Tartiner de 350 grs NUTELLA,1.5
06393,BB012020,CH CH Bigbabol Stick Tutti Frutti 5p x 20 x 20,1.0
06393,BB022020,CH CH Bigbabol Stick Strawberry 5p x 20 x 20,1.0
06393,BL030136,Blister Mentos Gum White Sweet Mint 17g P12x12,1.0
06393,BL040136,Blister Mentos Gum White Tutti Frutti 17g P12x12,1.0
06393,FA030112,Mentos Fresh Action Stick Cherry Mint 10px24x12,1.0
06393,KC010120,YAOURT AROME CITRON,1.0
06393,KC010130,YAOURT AROME FRUITS DES BOIS,1.0
06393,KS030116,Kinder Joy T1x16 Boy Collection 2,1.0
06393,NP010301,Pate a Tartiner de 350 grs NUTELLA,2.0
06394,BI070124,BISKREM CACAO 85g - ULKER,24.0
06394,CH010124,Bonbon Chamallows Pink & White 70g HARIBO,6.0
06394,KS030116,Kinder Joy T1x16 Boy Collection 2,1.0
06394,KS030216,Kinder Joy T1x16 Girl Collection 2,1.0
06394,MW010112,"Boite Mentos Gum White Sweet Mint 53,2g P38x6",1.0
06394,MW020112,"Boite Mentos Gum White Tutti Frutti 53,2g P38x6",1.0
06395,BB012020,CH CH Bigbabol Stick Tutti Frutti 5p x 20 x 20,2.0
06395,BI070124,BISKREM CACAO 85g - ULKER,24.0
06395,CC070124,Sachet Chupa Chups Mini 35Px24,3.0
06395,MR010108,"Mentos Rolls Menthe 39,2g P14x20",1.0
06395,MR030108,"Mentos Rolls Rainbow 39,2g P14x20",1.0
06395,MR040108,"Mentos Rolls Tutti Frutti 39,2 g P14x20",1.0
06395,MR050108,"Mentos Rolls Fruit 39,2g P14x20",1.0
06395,RR010116,Trio de Rochers Noix Coco RAFAELLO,1.0
06397,BI050124,Biskrem Cacao 60g - ULKER,24.0
06397,KC010130,YAOURT AROME FRUITS DES BOIS,1.0
06397,KC020130,Barre de Chocolat Biscuit noisette BUENO WHITE,1.0
06397,KS030116,Kinder Joy T1x16 Boy Collection 2,1.0
06397,KS030216,Kinder Joy T1x16 Girl Collection 2,1.0
06398,AL010124,VIT'UP 170GR COLA CITRON,1.0
06398,AL020112,BEURRE COND 100 gr,1.0
06398,BE010112,Biskrem Extra 92g - ULKER,12.0
06398,BI020124,Biskrem DUO 60g - ULKER,24.0
06398,BI050124,Biskrem Cacao 60g - ULKER,24.0
06398,BI070124,BISKREM CACAO 85g - ULKER,24.0
06398,BI080124,BISKREM DUO 85g - ULKER,24.0
06398,DC010224,YAOURT BRASSE VANILLE,1.0
06398,FF020112,Big Babol Filifolly Fruit 11g x 12 Sachets,1.0
06398,FR010116,Trio de Rochers Chocolat FERRERO,1.0
06398,GB020130,Bonbon Gold-Bears 80gx30 - HARIBO,3.0
06398,HC020130,Bonbon Happy Cola 80gx30 HARIBO,3.0
06398,JA010106,Mini Mentos Jar Fruit Mix 1Kg P100x6,1.0
06398,KC010120,YAOURT AROME CITRON,1.0
06398,KC010130,YAOURT AROME FRUITS DES BOIS,1.2
06398,KC010240,BIFI NATURE 0%,1.0
06398,KC010336,YAOURT AROME NATURE,1.0
06398,KC020130,Barre de Chocolat Biscuit noisette BUENO WHITE,1.0
06398,KD010114,Kinder Délice T10X14,1.6666666666666667
06398,KH010128,Kinder Happy Hippo Cocoa T1x28x6,1.0
06398,KH020110,Kinder Happy Hippo Cocoa T5x10,1.0
06398,KS030116,Kinder Joy T1x16 Boy Collection 2,1.0
06398,MG010116,Mentos Gum Rolls Pure Fresh 1.75g P9x16,1.0
06398,MR010108,"Mentos Rolls Menthe 39,2g P14x20",1.0
06398,MW010112,"Boite Mentos Gum White Sweet Mint 53,2g P38x6",1.0
06398,MW020112,"Boite Mentos Gum White Tutti Frutti 53,2g P38x6",1.0
06398,NP010501,Nutella & Go 52g,48.0
06398,NP010604,Nutella B-Ready T1x36x4,1.0
06398,NP060716,Nutella B-Ready T6x16,2.0
06398,PF010206,Boite Mentos Gum PF Fresh Mint 24g P12x10,1.0
06398,RO010112,Bonbon Roulette 25g - HARIBO,1.0
06398,ST010208,Mix Sripe Assortiment 24x8x25g HARIBO,1.0
06398,TB030112,Boite Bonbon Spearmint T12x24 TIC TAC,1.0
06398,TB050112,Boite Bonbon Strawberry mix T12x24 TIC TAC,1.0
06398,TB070148,Tic Tac Mix T48x8 ARBRE,1.0
06399,BE010112,Biskrem Extra 92g - ULKER,12.0
06399,DC010224,YAOURT BRASSE VANILLE,1.0
06399,KC010130,YAOURT AROME FRUITS DES BOIS,1.0
06399,TB010112,Boite Bonbon Menthe T12x24 TIC TAC,1.0
06399,TB020112,Boite Bonbon Orange T12x24 TIC TAC,1.0
06400,AL020112,BEURRE COND 100 gr,1.0
06400,BI080124,BISKREM DUO 85g - ULKER,24.0
06400,CH020424,Bonbon Chamallows Party 70g HARIBO,6.0
06400,GB020130,Bonbon Gold-Bears 80gx30 - HARIBO,2.0
06400,HC030324,Bonbon Happy Cola Fizz 70g HARIBO,2.0
06400,KS030116,Kinder Joy T1x16 Boy Collection 2,1.0
06400,KS030216,Kinder Joy T1x16 Girl Collection 2,1.0
06400,LG020324,Gaufrette Golden Wafers goût Chocolat 70g - LINGOT,24.0
06400,LG020424,Gaufrette Golden Chocolat Blanc & Kiwi 70g - LINGO,24.0
06400,MD030112,"Mentos Gum 3D Watermelon 8,5g P5x15",1.0
06400,NP060716,Nutella B-Ready T6x16,1.0
06400,PH020224,Bonbon Phantasia 80g HARIBO,2.0
06400,PV010124,Bonbon Primavera 80g HARIBO,2.0
06400,RO010112,Bonbon Roulette 25g - HARIBO,1.0
06400,TB030112,Boite Bonbon Spearmint T12x24 TIC TAC,1.0
06400,TB050112,Boite Bonbon Strawberry mix T12x24 TIC TAC,1.0
06701,AL020112,BEURRE COND 100 gr,1.0
06701,BI030112,BISKREM DUO 85g - ULKER,12.0
06701,BI050124,Biskrem Cacao 60g - ULKER,36.0
06701,BI060124,Biskrem Cacao 110g - ULKER,24.0
06701,BI070124,BISKREM CACAO 85g - ULKER,24.0
06701,BI080124,BISKREM DUO 85g - ULKER,24.0
06701,CH010124,Bonbon Chamallows Pink & White 70g HARIBO,5.0
06701,JA010106,Mini Mentos Jar Fruit Mix 1Kg P100x6,1.0
06701,KC010120,YAOURT AROME CITRON,1.0
06701,KD010114,Kinder Délice T10X14,1.0
06701,KH010128,Kinder Happy Hippo Cocoa T1x28x6,1.0
06701,KS030116,Kinder Joy T1x16 Boy Collection 2,1.0
06701,LG010420,Gaufrette Golden Chocolat Blanc & Kiwi 140g - LING,20.0
06701,LG020324,Gaufrette Golden Wafers goût Chocolat 70g - LINGOT,24.0
06701,LI010124,Gaufrette gout Chocolat 70g - LINGOT(colisage 24),24.0
06701,LI010140,Gaufrette Goût Chocolat 30g - LINGOT (Colisage 40),240.0
06701,LI020140,GAUFRETTE Goût Caramel 30g -LINGOT (Colisage 40),40.0
06701,LI030140,Gaufrette Goût Noisette 30g - LINGOT (Colisage 40),60.0
06701,LI040140,Gaufrette Goût Fraise 30g - LINGOT (Colisage 40),40.0
06701,LT010124,Gaufrette enrobée choco 30G Riz Soufflé (24x4),1.0
06701,LT020124,Gaufrette enrobée choco 30G Cacahueté (24x4),1.0
06701,LT030124,Gaufrette enrobée choco 30G Triple saveur (24x4),1.0
06701,ML010160,"Gaufrette Mini Lingot  16,5g - LINGOT (colisage 60",60.0
06701,MR020108,"Mentos Rolls Strawberry 39,2g P14x20",1.0
06701,MV010108,Mc vities Dark Chocolate 42g (8x10),1.0
06701,MV020108,Mc vities Dark Chocolate 62g (8x10),1.0
06701,NP010306,Pôt Pâte à tartiner de 600g NUTELLA,1.0
06701,NP010604,Nutella B-Ready T1x36x4,2.5
06701,RA010124,Canette Float Orange 240 ML - RANI,1.0
06701,RA020124,Canette Float Peche 240 ML - RANI,2.0
06701,RA030124,Canette Float Mangue 240 ML - RANI,2.0
06702,AL020112,BEURRE COND 100 gr,1.0
06702,FA010118,Mentos Fresh Action Cup Menthol 280g P100x18,2.0
06702,FR010201,Coff. 16 Rochers Chocolat FERRERO,1.0
06702,KC010130,YAOURT AROME FRUITS DES BOIS,1.0
06702,KD010114,Kinder Délice T10X14,1.0
06702,KK010112,KAT KAT TAT Chocolat 26g (24x12),1.0
06702,KS030116,Kinder Joy T1x16 Boy Collection 2,1.0
06702,LG020124,Gaufrette Golden  Chocolat Blanc & Citron 70g,24.0
06702,LI010124,Gaufrette gout Chocolat 70g - LINGOT(colisage 24),24.0
06702,LI010140,Gaufrette Goût Chocolat 30g - LINGOT (Colisage 40),40.0
06702,LI020124,Gaufrette gout Lait 70g - LINGOT (colisage 24),24.0
06702,LI040124,Gaufrette gout Noisette 70g - LINGOT (colisage 24),24.0
06702,LI040140,Gaufrette Goût Fraise 30g - LINGOT (Colisage 40),40.0
06702,LI050124,Gaufrette gout Fraise 70g - LINGOT (colisage 24),24.0
06702,LT010124,Gaufrette enrobée choco 30G Riz Soufflé (24x4),1.0
06702,LT020124,Gaufrette enrobée choco 30G Cacahueté (24x4),1.0
06702,ML010160,"Gaufrette Mini Lingot  16,5g - LINGOT (colisage 60",60.0
06703,AL010124,VIT'UP 170GR COLA CITRON,1.0
06703,BI050124,Biskrem Cacao 60g - ULKER,24.0
06703,BI080124,BISKREM DUO 85g - ULKER,24.0
06703,FR010201,Coff. 16 Rochers Chocolat FERRERO,1.0
06703,JA010106,Mini Mentos Jar Fruit Mix 1Kg P100x6,1.0
06703,KD010114,Kinder Délice T10X14,1.0
06703,KH020110,Kinder Happy Hippo Cocoa T5x10,1.0
06703,KS030116,Kinder Joy T1x16 Boy Collection 2,1.0
06703,LG020324,Gaufrette Golden Wafers goût Chocolat 70g - LINGOT,24.0
06703,LI010124,Gaufrette gout Chocolat 70g - LINGOT(colisage 24),24.0
06703,LI010140,Gaufrette Goût Chocolat 30g - LINGOT (Colisage 40),40.0
06703,LI020140,GAUFRETTE Goût Caramel 30g -LINGOT (Colisage 40),40.0
06703,LI030124,Gaufrette gout Caramel 70g - LINGOT (colisage 24),24.0
06703,LI040124,Gaufrette gout Noisette 70g - LINGOT (colisage 24),24.0
06703,LI040140,Gaufrette Goût Fraise 30g - LINGOT (Colisage 40),40.0
06703,LI050140,Gaufrette Goût Lait 30g - LINGOT (Colisage 40),40.0
06703,LT010124,Gaufrette enrobée choco 30G Riz Soufflé (24x4),1.0
06703,LT030124,Gaufrette enrobée choco 30G Triple saveur (24x4),1.5
06703,ML010160,"Gaufrette Mini Lingot  16,5g - LINGOT (colisage 60",60.0
06703,MV020108,Mc vities Dark Chocolate 62g (8x10),1.0
06703,RO010112,Bonbon Roulette 25g - HARIBO,1.0
06704,AL010124,VIT'UP 170GR COLA CITRON,1.0
06704,AL020112,BEURRE COND 100 gr,1.0
06704,BB022020,CH CH Bigbabol Stick Strawberry 5p x 20 x 20,1.0
06704,BI030112,BISKREM DUO 85g - ULKER,12.0
06704,BI050124,Biskrem Cacao 60g - ULKER,24.0
06704,BI070124,BISKREM CACAO 85g - ULKER,24.0
06704,BI080124,BISKREM DUO 85g - ULKER,24.0
06704,KD010114,Kinder Délice T10X14,1.0
06704,LG010320,Gaufrette Golden Chocolat Blanc & Framboise 140g-L,50.0
06704,LG020324,Gaufrette Golden Wafers goût Chocolat 70g - LINGOT,24.0
06704,LG020424,Gaufrette Golden Chocolat Blanc & Kiwi 70g - LINGO,24.0
06704,LI010124,Gaufrette gout Chocolat 70g - LINGOT(colisage 24),24.0
06704,LI010140,Gaufrette Goût Chocolat 30g - LINGOT (Colisage 40),40.0
06704,LI020124,Gaufrette gout Lait 70g - LINGOT (colisage 24),24.0
06704,LI030124,Gaufrette gout Caramel 70g - LINGOT (colisage 24),24.0
06704,LI040124,Gaufrette gout Noisette 70g - LINGOT (colisage 24),24.0
06704,LI050124,Gaufrette gout Fraise 70g - LINGOT (colisage 24),24.0
06704,LI050140,Gaufrette Goût Lait 30g - LINGOT (Colisage 40),40.0
06704,LT010124,Gaufrette enrobée choco 30G Riz Soufflé (24x4),1.0
06704,LT020124,Gaufrette enrobée choco 30G Cacahueté (24x4),1.0
06704,LT030124,Gaufrette enrobée choco 30G Triple saveur (24x4),1.0
06704,MV010108,Mc vities Dark Chocolate 42g (8x10),1.0
06704,RA010124,Canette Float Orange 240 ML - RANI,1.0
06704,RA020124,Canette Float Peche 240 ML - RANI,1.0
06704,RA030124,Canette Float Mangue 240 ML - RANI,1.0
06704,RA040124,Canette Float Ananas 240 ML - RANI,1.0
06704,RA050124,Canette Float Cocktail 240 ML - RANI,1.0
06705,BE010112,Biskrem Extra 92g - ULKER,12.0
06705,BE010124,Bonbon Berries 80g HARIBO,5.0
06705,BI050124,Biskrem Cacao 60g - ULKER,24.0
06705,BI080124,BISKREM DUO 85g - ULKER,24.0
06705,CC060106,Sachet Chupa-Chups The Best Of P120x6,1.0
06705,CH010124,Bonbon Chamallows Pink & White 70g HARIBO,1.0
06705,CH020424,Bonbon Chamallows Party 70g HARIBO,4.0
06705,FR010201,Coff. 16 Rochers Chocolat FERRERO,1.0
06705,GB020130,Bonbon Gold-Bears 80gx30 - HARIBO,1.0
06705,HC020130,Bonbon Happy Cola 80gx30 HARIBO,1.0
06705,HC030124,Bonbon Happy Cherries 80g HARIBO,1.0
06705,HC030324,Bonbon Happy Cola Fizz 70g HARIBO,1.0
06705,KD010114,Kinder Délice T10X14,1.0
06705,KK010112,KAT KAT TAT Chocolat 26g (24x12),1.0
06705,KS030216,Kinder Joy T1x16 Girl Collection 2,1.0
06705,LI010124,Gaufrette gout Chocolat 70g - LINGOT(colisage 24),24.0
06705,LI010140,Gaufrette Goût Chocolat 30g - LINGOT (Colisage 40),40.0
06705,LI020124,Gaufrette gout Lait 70g - LINGOT (colisage 24),24.0
06705,LI030124,Gaufrette gout Caramel 70g - LINGOT (colisage 24),24.0
06705,LI040124,Gaufrette gout Noisette 70g - LINGOT (colisage 24),24.0
06705,LI050124,Gaufrette gout Fraise 70g - LINGOT (colisage 24),24.0
06705,LT030124,Gaufrette enrobée choco 30G Triple saveur (24x4),1.0
06705,ML010160,"Gaufrette Mini Lingot  16,5g - LINGOT (colisage 60",60.0
06705,RA010124,Canette Float Orange 240 ML - RANI,2.0
06705,RA020124,Canette Float Peche 240 ML - RANI,2.0
06705,RA030124,Canette Float Mangue 240 ML - RANI,3.0
06705,RA040124,Canette Float Ananas 240 ML - RANI,3.0
06705,RA050124,Canette Float Cocktail 240 ML - RANI,1.0
06705,RA060124,Canette Float Fraise-Banane 240 ML - RANI,3.5
06705,RO010112,Bonbon Roulette 25g - HARIBO,1.0
06705,SQ010124,Bonbon Squishy 80g HARIBO,1.0
06706,AL020112,BEURRE COND 100 gr,1.0
06706,BI050124,Biskrem Cacao 60g - ULKER,24.0
06706,BI070124,BISKREM CACAO 85g - ULKER,24.0
06706,BI080124,BISKREM DUO 85g - ULKER,24.0
06706,FA020118,Mentos Fresh Action Cup Cherry Mint 280g P100x18,1.0
06706,KS030116,Kinder Joy T1x16 Boy Collection 2,1.0
06706,LG020124,Gaufrette Golden  Chocolat Blanc & Citron 70g,24.0
06706,LI010124,Gaufrette gout Chocolat 70g - LINGOT(colisage 24),24.0
06706,LI010140,Gaufrette Goût Chocolat 30g - LINGOT (Colisage 40),40.0
06706,LI020124,Gaufrette gout Lait 70g - LINGOT (colisage 24),24.0
06706,LI020140,GAUFRETTE Goût Caramel 30g -LINGOT (Colisage 40),200.0
06706,LI030140,Gaufrette Goût Noisette 30g - LINGOT (Colisage 40),120.0
06706,LI040124,Gaufrette gout Noisette 70g - LINGOT (colisage 24),24.0
06706,LT010124,Gaufrette enrobée choco 30G Riz Soufflé (24x4),1.0
06706,LT020124,Gaufrette enrobée choco 30G Cacahueté (24x4),1.0
06706,LT030124,Gaufrette enrobée choco 30G Triple saveur (24x4),1.0
06706,ML010160,"Gaufrette Mini Lingot  16,5g - LINGOT (colisage 60",60.0
06706,RA010124,Canette Float Orange 240 ML - RANI,2.0
06706,RA020124,Canette Float Peche 240 ML - RANI,2.0
06706,RA030124,Canette Float Mangue 240 ML - RANI,2.0
06706,RA060124,Canette Float Fraise-Banane 240 ML - RANI,2.0
06707,BI030112,BISKREM DUO 85g - ULKER,12.0
06707,KH020110,Kinder Happy Hippo Cocoa T5x10,1.0
06707,KS020216,Kinder Joy T1x16 Girl,1.0
06707,LI010124,Gaufrette gout Chocolat 70g - LINGOT(colisage 24),24.0
06707,LI020124,Gaufrette gout Lait 70g - LINGOT (colisage 24),24.0
06707,LI030124,Gaufrette gout Caramel 70g - LINGOT (colisage 24),24.0
06707,LI040140,Gaufrette Goût Fraise 30g - LINGOT (Colisage 40),40.0
06707,LI050124,Gaufrette gout Fraise 70g - LINGOT (colisage 24),24.0
06707,LT030124,Gaufrette enrobée choco 30G Triple saveur (24x4),1.0
06707,MV010108,Mc vities Dark Chocolate 42g (8x10),1.0
06707,MV020108,Mc vities Dark Chocolate 62g (8x10),1.0
06707,NP010301,Pate a Tartiner de 350 grs NUTELLA,2.0
06708,FR010116,Trio de Rochers Chocolat FERRERO,1.0
06708,KD010114,Kinder Délice T10X14,1.0
06708,LG010120,Gaufrette Golden Chocolat 140 gr- Lingot (20 pcs),20.0
06708,LI010124,Gaufrette gout Chocolat 70g - LINGOT(colisage 24),24.0
06708,LI030124,Gaufrette gout Caramel 70g - LINGOT (colisage 24),24.0
06708,LI040124,Gaufrette gout Noisette 70g - LINGOT (colisage 24),24.0
06708,LT020124,Gaufrette enrobée choco 30G Cacahueté (24x4),1.0
06708,ML010160,"Gaufrette Mini Lingot  16,5g - LINGOT (colisage 60",60.0
06708,MV010108,Mc vities Dark Chocolate 42g (8x10),1.0
06708,NP010306,Pôt Pâte à tartiner de 600g NUTELLA,2.0
06709,AL020112,BEURRE COND 100 gr,1.0
06709,BE010124,Bonbon Berries 80g HARIBO,2.0
06709,BI020124,Biskrem DUO 60g - ULKER,24.0
06709,BI050124,Biskrem Cacao 60g - ULKER,24.0
06709,CH010124,Bonbon Chamallows Pink & White 70g HARIBO,3.5
06709,CH020424,Bonbon Chamallows Party 70g HARIBO,10.0
06709,CH060124,Bonbon Chamallows Pink & White 25g x 24 HARIBO,1.0
06709,FR010201,Coff. 16 Rochers Chocolat FERRERO,1.0
06709,GB020130,Bonbon Gold-Bears 80gx30 - HARIBO,1.0
06709,HC030124,Bonbon Happy Cherries 80g HARIBO,1.0
06709,HC030324,Bonbon Happy Cola Fizz 70g HARIBO,1.0
06709,KC010130,YAOURT AROME FRUITS DES BOIS,1.0
06709,KD010114,Kinder Délice T10X14,1.0
06709,KK010112,KAT KAT TAT Chocolat 26g (24x12),2.0
06709,KS030216,Kinder Joy T1x16 Girl Collection 2,1.0
06709,LI010124,Gaufrette gout Chocolat 70g - LINGOT(colisage 24),36.0
06709,LI010140,Gaufrette Goût Chocolat 30g - LINGOT (Colisage 40),40.0
06709,LI020124,Gaufrette gout Lait 70g - LINGOT (colisage 24),24.0
06709,LI040124,Gaufrette gout Noisette 70g - LINGOT (colisage 24),24.0
06709,LT010124,Gaufrette enrobée choco 30G Riz Soufflé (24x4),1.0
06709,MI010124,Bonbon Mix Fizz 70g HARIBO,1.0
06709,RO010112,Bonbon Roulette 25g - HARIBO,1.0
06709,SM010224,Bonbon Starmix 80g HARIBO,2.0
06710,AL020112,BEURRE COND 100 gr,1.0
06710,BI020124,Biskrem DUO 60g - ULKER,144.0
06710,BI050124,Biskrem Cacao 60g - ULKER,24.0
06710,BI080124,BISKREM DUO 85g - ULKER,24.0
06710,FA020118,Mentos Fresh Action Cup Cherry Mint 280g P100x18,1.0
06710,FR010201,Coff. 16 Rochers Chocolat FERRERO,1.0
06710,JA010106,Mini Mentos Jar Fruit Mix 1Kg P100x6,1.0
06710,KD010114,Kinder Délice T10X14,1.0
06710,KK010112,KAT KAT TAT Chocolat 26g (24x12),1.5
06710,LI010124,Gaufrette gout Chocolat 70g - LINGOT(colisage 24),24.0
06710,LI010140,Gaufrette Goût Chocolat 30g - LINGOT (Colisage 40),40.0
06710,LI020124,Gaufrette gout Lait 70g - LINGOT (colisage 24),24.0
06710,LI020140,GAUFRETTE Goût Caramel 30g -LINGOT (Colisage 40),40.0
06710,LI030124,Gaufrette gout Caramel 70g - LINGOT (colisage 24),24.0
06710,LI030140,Gaufrette Goût Noisette 30g - LINGOT (Colisage 40),40.0
06710,LI040124,Gaufrette gout Noisette 70g - LINGOT (colisage 24),24.0
06710,LI050124,Gaufrette gout Fraise 70g - LINGOT (colisage 24),24.0
06710,LT010124,Gaufrette enrobée choco 30G Riz Soufflé (24x4),1.0
06710,LT020124,Gaufrette enrobée choco 30G Cacahueté (24x4),1.0
06710,LT030124,Gaufrette enrobée choco 30G Triple saveur (24x4),1.0
06710,RA010124,Canette Float Orange 240 ML - RANI,2.0
06710,RA020124,Canette Float Peche 240 ML - RANI,1.0
06710,RA040124,Canette Float Ananas 240 ML - RANI,10.0
06710,RO010112,Bonbon Roulette 25g - HARIBO,1.0
06711,BE010112,Biskrem Extra 92g - ULKER,12.0
06711,BI030112,BISKREM DUO 85g - ULKER,12.0
06711,BI050124,Biskrem Cacao 60g - ULKER,24.0
06711,BI070124,BISKREM CACAO 85g - ULKER,24.0
06711,BI080124,BISKREM DUO 85g - ULKER,24.0
06711,LG020224,Gaufrette Golden Chocolat Blanc & Framboise 70g -L,24.0
06711,LI010124,Gaufrette gout Chocolat 70g - LINGOT(colisage 24),24.0
06711,LI020124,Gaufrette gout Lait 70g - LINGOT (colisage 24),24.0
06711,LI020140,GAUFRETTE Goût Caramel 30g -LINGOT (Colisage 40),40.0
06711,LI030124,Gaufrette gout Caramel 70g - LINGOT (colisage 24),24.0
06711,LI030140,Gaufrette Goût Noisette 30g - LINGOT (Colisage 40),40.0
06711,LT010124,Gaufrette enrobée choco 30G Riz Soufflé (24x4),1.0
06711,LT030124,Gaufrette enrobée choco 30G Triple saveur (24x4),1.0
06711,MD020112,"Mentos Gum 3D S-A-R 8,5g P5x15",1.0
06711,RA010124,Canette Float Orange 240 ML - RANI,2.0
06711,RA020124,Canette Float Peche 240 ML - RANI,2.0
06711,RA030124,Canette Float Mangue 240 ML - RANI,2.0
06711,RA040124,Canette Float Ananas 240 ML - RANI,2.0
06711,RA050124,Canette Float Cocktail 240 ML - RANI,2.0
06711,RA060124,Canette Float Fraise-Banane 240 ML - RANI,2.0
06712,AL020112,BEURRE COND 100 gr,1.0
06712,BB012020,CH CH Bigbabol Stick Tutti Frutti 5p x 20 x 20,1.0
06712,BE010112,Biskrem Extra 92g - ULKER,12.0
06712,BI030112,BISKREM DUO 85g - ULKER,12.0
06712,BI050124,Biskrem Cacao 60g - ULKER,24.0
06712,BI070124,BISKREM CACAO 85g - ULKER,24.0
06712,CC060106,Sachet Chupa-Chups The Best Of P120x6,1.0
06712,CH020424,Bonbon Chamallows Party 70g HARIBO,2.0
06712,KH010128,Kinder Happy Hippo Cocoa T1x28x6,1.0
06712,LI020140,GAUFRETTE Goût Caramel 30g -LINGOT (Colisage 40),40.0
06712,LI040140,Gaufrette Goût Fraise 30g - LINGOT (Colisage 40),40.0
06712,LT030124,Gaufrette enrobée choco 30G Triple saveur (24x4),1.0
06712,ML010160,"Gaufrette Mini Lingot  16,5g - LINGOT (colisage 60",60.0
06712,MR070108,Mentos Rolls Sour Mix 39.2g P14x20,1.0
06712,MV020108,Mc vities Dark Chocolate 62g (8x10),1.0
06712,NP010604,Nutella B-Ready T1x36x4,1.0
06712,RA010124,Canette Float Orange 240 ML - RANI,4.0
06712,RA020124,Canette Float Peche 240 ML - RANI,2.0
06712,RA030124,Canette Float Mangue 240 ML - RANI,2.0
06712,RA050124,Canette Float Cocktail 240 ML - RANI,24.0
06712,TB070148,Tic Tac Mix T48x8 ARBRE,1.0
06713,BI050124,Biskrem Cacao 60g - ULKER,24.0
06713,BI080124,BISKREM DUO 85g - ULKER,24.0
06713,KC020130,Barre de Chocolat Biscuit noisette BUENO WHITE,1.0
06713,KD010114,Kinder Délice T10X14,1.0
06713,KK010112,KAT KAT TAT Chocolat 26g (24x12),1.3333333333333333
06713,KS030216,Kinder Joy T1x16 Girl Collection 2,1.0
06713,LG020224,Gaufrette Golden Chocolat Blanc & Framboise 70g -L,24.0
06713,LI010124,Gaufrette gout Chocolat 70g - LINGOT(colisage 24),24.0
06713,LI010140,Gaufrette Goût Chocolat 30g - LINGOT (Colisage 40),40.0
06713,LI030124,Gaufrette gout Caramel 70g - LINGOT (colisage 24),24.0
06713,LI040124,Gaufrette gout Noisette 70g - LINGOT (colisage 24),24.0
06713,LI040140,Gaufrette Goût Fraise 30g - LINGOT (Colisage 40),240.0
06713,LI050124,Gaufrette gout Fraise 70g - LINGOT (colisage 24),24.0
06713,LT010124,Gaufrette enrobée choco 30G Riz Soufflé (24x4),1.0
06713,LT020124,Gaufrette enrobée choco 30G Cacahueté (24x4),1.5
06713,LT030124,Gaufrette enrobée choco 30G Triple saveur (24x4),1.0
06713,ML010160,"Gaufrette Mini Lingot  16,5g - LINGOT (colisage 60",60.0
06713,MV010108,Mc vities Dark Chocolate 42g (8x10),1.0
06713,MV020108,Mc vities Dark Chocolate 62g (8x10),1.0
06713,NP010301,Pate a Tartiner de 350 grs NUTELLA,3.0
06713,NP010306,Pôt Pâte à tartiner de 600g NUTELLA,1.0
06713,RA010124,Canette Float Orange 240 ML - RANI,2.0
06713,RA020124,Canette Float Peche 240 ML - RANI,2.0
06713,RA030124,Canette Float Mangue 240 ML - RANI,2.0
06713,RA040124,Canette Float Ananas 240 ML - RANI,3.5
06713,RA050124,Canette Float Cocktail 240 ML - RANI,2.0
06713,RA060124,Canette Float Fraise-Banane 240 ML - RANI,2.0
06714,BI050124,Biskrem Cacao 60g - ULKER,24.0
06714,FR010201,Coff. 16 Rochers Chocolat FERRERO,1.0
06714,KD010114,Kinder Délice T10X14,1.0
06714,LG010320,Gaufrette Golden Chocolat Blanc & Framboise 140g-L,20.0
06714,LI010124,Gaufrette gout Chocolat 70g - LINGOT(colisage 24),24.0
06714,LI010140,Gaufrette Goût Chocolat 30g - LINGOT (Colisage 40),40.0
06714,LI020124,Gaufrette gout Lait 70g - LINGOT (colisage 24),24.0
06714,LI040124,Gaufrette gout Noisette 70g - LINGOT (colisage 24),24.0
06714,LI050124,Gaufrette gout Fraise 70g - LINGOT (colisage 24),24.0
06714,LT020124,Gaufrette enrobée choco 30G Cacahueté (24x4),1.0
06714,ML010160,"Gaufrette Mini Lingot  16,5g - LINGOT (colisage 60",60.0
06714,MR020108,"Mentos Rolls Strawberry 39,2g P14x20",1.0
06714,MV010108,Mc vities Dark Chocolate 42g (8x10),1.0
06714,RA020124,Canette Float Peche 240 ML - RANI,5.0
06714,RA030124,Canette Float Mangue 240 ML - RANI,4.0
06714,RA060124,Canette Float Fraise-Banane 240 ML - RANI,5.0
06714,RO010112,Bonbon Roulette 25g - HARIBO,1.0
06715,AL020112,BEURRE COND 100 gr,1.0
06715,BI070124,BISKREM CACAO 85g - ULKER,24.0
06715,KC010120,YAOURT AROME CITRON,1.0
06715,KK010112,KAT KAT TAT Chocolat 26g (24x12),2.0
06715,LG020124,Gaufrette Golden  Chocolat Blanc & Citron 70g,24.0
06715,LI010124,Gaufrette gout Chocolat 70g - LINGOT(colisage 24),24.0
06715,LT020124,Gaufrette enrobée choco 30G Cacahueté (24x4),1.0
06715,LT030124,Gaufrette enrobée choco 30G Triple saveur (24x4),2.0
06715,MD010112,"Mentos Gum 3D Fresh Mint 8,5g P5x15",1.0
06715,MD030112,"Mentos Gum 3D Watermelon 8,5g P5x15",1.0
06715,MV020108,Mc vities Dark Chocolate 62g (8x10),1.0
06715,RA050124,Canette Float Cocktail 240 ML - RANI,6.0
06715,RA060124,Canette Float Fraise-Banane 240 ML - RANI,6.0
06716,AL010124,VIT'UP 170GR COLA CITRON,1.0
06716,BI080124,BISKREM DUO 85g - ULKER,24.0
06716,FR010120,Bonbon Fruit-tella Stick  Strawberry 10px20x12,1.0
06716,FR010201,Coff. 16 Rochers Chocolat FERRERO,1.0
06716,KC010210,YAOURT AROME NOIX DE COCO,1.0
06716,KD010114,Kinder Délice T10X14,1.0
06716,KK010112,KAT KAT TAT Chocolat 26g (24x12),1.0
06716,KS030216,Kinder Joy T1x16 Girl Collection 2,1.0
06716,LG020124,Gaufrette Golden  Chocolat Blanc & Citron 70g,24.0
06716,LI010124,Gaufrette gout Chocolat 70g - LINGOT(colisage 24),24.0
06716,LI020124,Gaufrette gout Lait 70g - LINGOT (colisage 24),24.0
06716,LI020140,GAUFRETTE Goût Caramel 30g -LINGOT (Colisage 40),40.0
06716,LT010124,Gaufrette enrobée choco 30G Riz Soufflé (24x4),1.0
06716,LT030124,Gaufrette enrobée choco 30G Triple saveur (24x4),1.0
06716,MV010108,Mc vities Dark Chocolate 42g (8x10),1.0
06716,NP010301,Pate a Tartiner de 350 grs NUTELLA,1.0
06716,NP010501,Nutella & Go 52g,24.0
06716,NP060716,Nutella B-Ready T6x16,4.0
06716,RA010124,Canette Float Orange 240 ML - RANI,2.0
06716,RA020124,Canette Float Peche 240 ML - RANI,1.5
06716,RA030124,Canette Float Mangue 240 ML - RANI,1.5
06716,RA040124,Canette Float Ananas 240 ML - RANI,3.5
06716,RA050124,Canette Float Cocktail 240 ML - RANI,1.0
06717,BE010112,Biskrem Extra 92g - ULKER,12.0
06717,BI070124,BISKREM CACAO 85g - ULKER,24.0
06717,FR010116,Trio de Rochers Chocolat FERRERO,1.0
06717,KC010130,YAOURT AROME FRUITS DES BOIS,1.0
06717,KC020130,Barre de Chocolat Biscuit noisette BUENO WHITE,1.0
06717,KD010114,Kinder Délice T10X14,1.0
06717,KH020110,Kinder Happy Hippo Cocoa T5x10,1.0
06717,KK010112,KAT KAT TAT Chocolat 26g (24x12),1.0
06717,KS020216,Kinder Joy T1x16 Girl,1.0
06717,KS030116,Kinder Joy T1x16 Boy Collection 2,1.0
06717,LI010140,Gaufrette Goût Chocolat 30g - LINGOT (Colisage 40),40.0
06717,LI030124,Gaufrette gout Caramel 70g - LINGOT (colisage 24),24.0
06717,MV020108,Mc vities Dark Chocolate 62g (8x10),1.0
06717,NP010306,Pôt Pâte à tartiner de 600g NUTELLA,1.0
06717,RA010124,Canette Float Orange 240 ML - RANI,6.0
06717,RA020124,Canette Float Peche 240 ML - RANI,4.0
06717,RA030124,Canette Float Mangue 240 ML - RANI,3.0
06717,RA040124,Canette Float Ananas 240 ML - RANI,1.5
06717,RA050124,Canette Float Cocktail 240 ML - RANI,2.0
06717,RA060124,Canette Float Fraise-Banane 240 ML - RANI,2.0
06718,BI030112,BISKREM DUO 85g - ULKER,12.0
06718,KC010130,YAOURT AROME FRUITS DES BOIS,1.0
06718,LG020324,Gaufrette Golden Wafers goût Chocolat 70g - LINGOT,24.0
06718,LI010124,Gaufrette gout Chocolat 70g - LINGOT(colisage 24),24.0
06718,LI050124,Gaufrette gout Fraise 70g - LINGOT (colisage 24),24.0
06718,MV010108,Mc vities Dark Chocolate 42g (8x10),1.0
06718,MV020108,Mc vities Dark Chocolate 62g (8x10),1.0
06718,RA020124,Canette Float Peche 240 ML - RANI,5.0
06718,RO010112,Bonbon Roulette 25g - HARIBO,1.0
06719,FR010201,Coff. 16 Rochers Chocolat FERRERO,1.0
06719,KK010112,KAT KAT TAT Chocolat 26g (24x12),2.0
06719,LI010124,Gaufrette gout Chocolat 70g - LINGOT(colisage 24),24.0
06719,LI010140,Gaufrette Goût Chocolat 30g - LINGOT (Colisage 40),40.0
06719,LI020140,GAUFRETTE Goût Caramel 30g -LINGOT (Colisage 40),40.0
06719,LI030140,Gaufrette Goût Noisette 30g - LINGOT (Colisage 40),40.0
06719,LI040124,Gaufrette gout Noisette 70g - LINGOT (colisage 24),24.0
06719,LI040140,Gaufrette Goût Fraise 30g - LINGOT (Colisage 40),40.0
06719,LI050124,Gaufrette gout Fraise 70g - LINGOT (colisage 24),24.0
06719,LT010124,Gaufrette enrobée choco 30G Riz Soufflé (24x4),1.0
06719,LT020124,Gaufrette enrobée choco 30G Cacahueté (24x4),1.0
06719,ML010160,"Gaufrette Mini Lingot  16,5g - LINGOT (colisage 60",60.0
06719,RA010124,Canette Float Orange 240 ML - RANI,2.0
06719,RA020124,Canette Float Peche 240 ML - RANI,2.0
06719,RA030124,Canette Float Mangue 240 ML - RANI,2.0
06719,RA050124,Canette Float Cocktail 240 ML - RANI,5.0
06720,AL010124,VIT'UP 170GR COLA CITRON,1.0
06720,BB022020,CH CH Bigbabol Stick Strawberry 5p x 20 x 20,1.0
06720,KC010120,YAOURT AROME CITRON,1.0
06720,KD010114,Kinder Délice T10X14,1.0
06720,KK010112,KAT KAT TAT Chocolat 26g (24x12),1.0
06720,LI010124,Gaufrette gout Chocolat 70g - LINGOT(colisage 24),24.0
06720,LI010140,Gaufrette Goût Chocolat 30g - LINGOT (Colisage 40),40.0
06720,LI030140,Gaufrette Goût Noisette 30g - LINGOT (Colisage 40),40.0
06720,LI040124,Gaufrette gout Noisette 70g - LINGOT (colisage 24),24.0
06720,LI050140,Gaufrette Goût Lait 30g - LINGOT (Colisage 40),40.0
06720,LT020124,Gaufrette enrobée choco 30G Cacahueté (24x4),1.0
06720,ML010160,"Gaufrette Mini Lingot  16,5g - LINGOT (colisage 60",60.0
06720,RA010124,Canette Float Orange 240 ML - RANI,2.0
06720,RA050124,Canette Float Cocktail 240 ML - RANI,2.0
06720,RA060124,Canette Float Fraise-Banane 240 ML - RANI,2.0
06721,AL020112,BEURRE COND 100 gr,1.0
06721,BB022020,CH CH Bigbabol Stick Strawberry 5p x 20 x 20,1.0
06721,BE010112,Biskrem Extra 92g - ULKER,12.0
06721,BI020124,Biskrem DUO 60g - ULKER,24.0
06721,BI030112,BISKREM DUO 85g - ULKER,12.0
06721,BI050124,Biskrem Cacao 60g - ULKER,24.0
06721,BI070124,BISKREM CACAO 85g - ULKER,24.0
06721,BI080124,BISKREM DUO 85g - ULKER,24.0
06721,FA010118,Mentos Fresh Action Cup Menthol 280g P100x18,1.0
06721,FR010116,Trio de Rochers Chocolat FERRERO,1.0
06721,FR010401,Coff. de 30 Rochers Chocolat FERRERO,1.0
06721,LI010124,Gaufrette gout Chocolat 70g - LINGOT(colisage 24),48.0
06721,LI010140,Gaufrette Goût Chocolat 30g - LINGOT (Colisage 40),40.0
06721,LI040140,Gaufrette Goût Fraise 30g - LINGOT (Colisage 40),40.0
06721,LI050124,Gaufrette gout Fraise 70g - LINGOT (colisage 24),24.0
06721,ML010160,"Gaufrette Mini Lingot  16,5g - LINGOT (colisage 60",60.0
06721,NP010301,Pate a Tartiner de 350 grs NUTELLA,2.0
06721,RA010124,Canette Float Orange 240 ML - RANI,2.0
06721,RA020124,Canette Float Peche 240 ML - RANI,3.3333333333333335
06721,RA030124,Canette Float Mangue 240 ML - RANI,2.5
06721,RA040124,Canette Float Ananas 240 ML - RANI,3.5
06722,AL020112,BEURRE COND 100 gr,1.5
06722,BI020124,Biskrem DUO 60g - ULKER,24.0
06722,BI080124,BISKREM DUO 85g - ULKER,24.0
06722,FA030112,Mentos Fresh Action Stick Cherry Mint 10px24x12,1.0
06722,FR010301,Coff. de 24 Rochers Chocolat FERRERO,1.0
06722,FR010401,Coff. de 30 Rochers Chocolat FERRERO,1.0
06722,KC010506,Kinder Creamy T1x24x6,1.0
06722,KD010114,Kinder Délice T10X14,1.0
06722,KS030116,Kinder Joy T1x16 Boy Collection 2,1.0
06722,KS030216,Kinder Joy T1x16 Girl Collection 2,1.0
06722,LI010124,Gaufrette gout Chocolat 70g - LINGOT(colisage 24),24.0
06722,LI010140,Gaufrette Goût Chocolat 30g - LINGOT (Colisage 40),40.0
06722,LI030124,Gaufrette gout Caramel 70g - LINGOT (colisage 24),24.0
06722,LI040124,Gaufrette gout Noisette 70g - LINGOT (colisage 24),24.0
06722,LI040140,Gaufrette Goût Fraise 30g - LINGOT (Colisage 40),40.0
06722,LT020124,Gaufrette enrobée choco 30G Cacahueté (24x4),1.0
06722,LT030124,Gaufrette enrobée choco 30G Triple saveur (24x4),2.0
06722,RA010124,Canette Float Orange 240 ML - RANI,1.0
06722,RA020124,Canette Float Peche 240 ML - RANI,1.0
06722,RA030124,Canette Float Mangue 240 ML - RANI,1.0
06722,RA050124,Canette Float Cocktail 240 ML - RANI,1.0
06722,RO010112,Bonbon Roulette 25g - HARIBO,1.0
06723,CH060124,Bonbon Chamallows Pink & White 25g x 24 HARIBO,1.0
06723,KK010112,KAT KAT TAT Chocolat 26g (24x12),1.0
06723,LI040124,Gaufrette gout Noisette 70g - LINGOT (colisage 24),24.0
06723,LT010124,Gaufrette enrobée choco 30G Riz Soufflé (24x4),1.0
06723,LT030124,Gaufrette enrobée choco 30G Triple saveur (24x4),1.0
06724,BB022020,CH CH Bigbabol Stick Strawberry 5p x 20 x 20,1.0
06724,JA010106,Mini Mentos Jar Fruit Mix 1Kg P100x6,1.0
06724,KD010114,Kinder Délice T10X14,1.0
06724,KH020110,Kinder Happy Hippo Cocoa T5x10,1.0
06724,KK010112,KAT KAT TAT Chocolat 26g (24x12),1.0
06724,LI010124,Gaufrette gout Chocolat 70g - LINGOT(colisage 24),24.0
06724,LI040140,Gaufrette Goût Fraise 30g - LINGOT (Colisage 40),40.0
06724,LT010124,Gaufrette enrobée choco 30G Riz Soufflé (24x4),1.0
06724,LT020124,Gaufrette enrobée choco 30G Cacahueté (24x4),1.0
06724,LT030124,Gaufrette enrobée choco 30G Triple saveur (24x4),1.0
06724,MG010116,Mentos Gum Rolls Pure Fresh 1.75g P9x16,1.0
06724,ML010160,"Gaufrette Mini Lingot  16,5g - LINGOT (colisage 60",60.0
06724,MV010108,Mc vities Dark Chocolate 42g (8x10),1.0
06724,PF020106,Boite Mentos Gum PF Fresh Mint 56g P28x6,1.0
06725,AL020112,BEURRE COND 100 gr,2.0
06725,BE010112,Biskrem Extra 92g - ULKER,12.0
06725,BE010124,Bonbon Berries 80g HARIBO,2.0
06725,BI030112,BISKREM DUO 85g - ULKER,12.0
06725,BI050124,Biskrem Cacao 60g - ULKER,24.0
06725,BI070124,BISKREM CACAO 85g - ULKER,24.0
06725,BI080124,BISKREM DUO 85g - ULKER,24.0
06725,CH010124,Bonbon Chamallows Pink & White 70g HARIBO,3.0
06725,CH020424,Bonbon Chamallows Party 70g HARIBO,13.5
06725,FR010116,Trio de Rochers Chocolat FERRERO,1.0
06725,GB010324,Bonbon Gold-Bears 30g HARIBO,24.0
06725,GB020130,Bonbon Gold-Bears 80gx30 - HARIBO,2.0
06725,HC020130,Bonbon Happy Cola 80gx30 HARIBO,2.0
06725,HC030124,Bonbon Happy Cherries 80g HARIBO,2.0
06725,HC030324,Bonbon Happy Cola Fizz 70g HARIBO,2.0
06725,JA010106,Mini Mentos Jar Fruit Mix 1Kg P100x6,1.0
06725,KC010130,YAOURT AROME FRUITS DES BOIS,1.0
06725,KC020130,Barre de Chocolat Biscuit noisette BUENO WHITE,1.0
06725,KH010128,Kinder Happy Hippo Cocoa T1x28x6,1.0
06725,KS030116,Kinder Joy T1x16 Boy Collection 2,1.0
06725,KS030216,Kinder Joy T1x16 Girl Collection 2,1.0
06725,LG010420,Gaufrette Golden Chocolat Blanc & Kiwi 140g - LING,20.0
06725,LG020224,Gaufrette Golden Chocolat Blanc & Framboise 70g -L,24.0
06725,LI010124,Gaufrette gout Chocolat 70g - LINGOT(colisage 24),12.5
06725,LI010140,Gaufrette Goût Chocolat 30g - LINGOT (Colisage 40),40.0
06725,LI030124,Gaufrette gout Caramel 70g - LINGOT (colisage 24),24.0
06725,LI030140,Gaufrette Goût Noisette 30g - LINGOT (Colisage 40),40.0
06725,LI040140,Gaufrette Goût Fraise 30g - LINGOT (Colisage 40),40.0
06725,LI050140,Gaufrette Goût Lait 30g - LINGOT (Colisage 40),40.0
06725,LT020124,Gaufrette enrobée choco 30G Cacahueté (24x4),1.0
06725,LT030124,Gaufrette enrobée choco 30G Triple saveur (24x4),1.5
06725,MI010124,Bonbon Mix Fizz 70g HARIBO,2.0
06725,ML010160,"Gaufrette Mini Lingot  16,5g - LINGOT (colisage 60",60.0
06725,MV010108,Mc vities Dark Chocolate 42g (8x10),1.0
06725,MV020108,Mc vities Dark Chocolate 62g (8x10),1.0
06725,NP010306,Pôt Pâte à tartiner de 600g NUTELLA,1.0
06725,NP010501,Nutella & Go 52g,24.0
06725,RA010124,Canette Float Orange 240 ML - RANI,3.0
06725,RA020124,Canette Float Peche 240 ML - RANI,2.0
06725,RA030124,Canette Float Mangue 240 ML - RANI,11.0
06725,RA050124,Canette Float Cocktail 240 ML - RANI,1.0
06725,RA060124,Canette Float Fraise-Banane 240 ML - RANI,5.0
06725,RO010112,Bonbon Roulette 25g - HARIBO,1.0
06725,RR010116,Trio de Rochers Noix Coco RAFAELLO,1.0
06725,SQ010124,Bonbon Squishy 80g HARIBO,2.0
06725,TB070148,Tic Tac Mix T48x8 ARBRE,1.0
06726,AL020112,BEURRE COND 100 gr,1.0
06726,BE010112,Biskrem Extra 92g - ULKER,12.0
06726,CH020424,Bonbon Chamallows Party 70g HARIBO,24.0
06726,CH060124,Bonbon Chamallows Pink & White 25g x 24 HARIBO,1.0
06726,JA010106,Mini Mentos Jar Fruit Mix 1Kg P100x6,1.0
06726,KC010120,YAOURT AROME CITRON,1.0
06726,KK010112,KAT KAT TAT Chocolat 26g (24x12),1.0
06726,LG010120,Gaufrette Golden Chocolat 140 gr- Lingot (20 pcs),20.0
06726,LG010320,Gaufrette Golden Chocolat Blanc & Framboise 140g-L,20.0
06726,LI010124,Gaufrette gout Chocolat 70g - LINGOT(colisage 24),24.0
06726,LI010140,Gaufrette Goût Chocolat 30g - LINGOT (Colisage 40),40.0
06726,LI020124,Gaufrette gout Lait 70g - LINGOT (colisage 24),24.0
06726,LI030124,Gaufrette gout Caramel 70g - LINGOT (colisage 24),24.0
06726,LI030140,Gaufrette Goût Noisette 30g - LINGOT (Colisage 40),40.0
06726,LI040140,Gaufrette Goût Fraise 30g - LINGOT (Colisage 40),40.0
06726,LT020124,Gaufrette enrobée choco 30G Cacahueté (24x4),1.0
06726,MR070108,Mentos Rolls Sour Mix 39.2g P14x20,1.0
06726,NP010301,Pate a Tartiner de 350 grs NUTELLA,2.0
06726,RA020124,Canette Float Peche 240 ML - RANI,6.0
06727,BE010112,Biskrem Extra 92g - ULKER,12.0
06727,BI070124,BISKREM CACAO 85g - ULKER,48.0
06727,CC070106,CH CH Melody Strawberry 48x6,1.0
06727,CH060124,Bonbon Chamallows Pink & White 25g x 24 HARIBO,1.0
06727,KS030116,Kinder Joy T1x16 Boy Collection 2,1.0
06727,KS030216,Kinder Joy T1x16 Girl Collection 2,1.0
06727,LG010220,Gaufrette Golden  Chocolat Blanc & Citron 140g - L,20.0
06727,LI010124,Gaufrette gout Chocolat 70g - LINGOT(colisage 24),24.0
06727,LI010140,Gaufrette Goût Chocolat 30g - LINGOT (Colisage 40),40.0
06727,LI030124,Gaufrette gout Caramel 70g - LINGOT (colisage 24),24.0
06727,LI040140,Gaufrette Goût Fraise 30g - LINGOT (Colisage 40),40.0
06727,LI050124,Gaufrette gout Fraise 70g - LINGOT (colisage 24),24.0
06727,LT030124,Gaufrette enrobée choco 30G Triple saveur (24x4),1.0
06727,RA020124,Canette Float Peche 240 ML - RANI,2.0
06727,RA030124,Canette Float Mangue 240 ML - RANI,7.5
06727,RA060124,Canette Float Fraise-Banane 240 ML - RANI,5.5
06728,AL020112,BEURRE COND 100 gr,2.0
06728,CH060124,Bonbon Chamallows Pink & White 25g x 24 HARIBO,1.0
06728,FA010118,Mentos Fresh Action Cup Menthol 280g P100x18,1.0
06728,LI010124,Gaufrette gout Chocolat 70g - LINGOT(colisage 24),24.0
06728,LI010140,Gaufrette Goût Chocolat 30g - LINGOT (Colisage 40),40.0
06728,LI020124,Gaufrette gout Lait 70g - LINGOT (colisage 24),24.0
06728,LI030124,Gaufrette gout Caramel 70g - LINGOT (colisage 24),24.0
06728,LI040124,Gaufrette gout Noisette 70g - LINGOT (colisage 24),24.0
06728,LT020124,Gaufrette enrobée choco 30G Cacahueté (24x4),1.0
06728,ML010160,"Gaufrette Mini Lingot  16,5g - LINGOT (colisage 60",60.0
06728,RA010124,Canette Float Orange 240 ML - RANI,2.0
06728,RA020124,Canette Float Peche 240 ML - RANI,2.0
06728,RA030124,Canette Float Mangue 240 ML - RANI,2.0
06728,RA040124,Canette Float Ananas 240 ML - RANI,2.0
06728,RA050124,Canette Float Cocktail 240 ML - RANI,2.0
06729,BB022020,CH CH Bigbabol Stick Strawberry 5p x 20 x 20,1.0
06729,BE010112,Biskrem Extra 92g - ULKER,12.0
06729,CH020424,Bonbon Chamallows Party 70g HARIBO,5.0
06729,FR010301,Coff. de 24 Rochers Chocolat FERRERO,1.0
06729,KD010114,Kinder Délice T10X14,1.0
06729,KK010112,KAT KAT TAT Chocolat 26g (24x12),1.0
06729,LI010124,Gaufrette gout Chocolat 70g - LINGOT(colisage 24),24.0
06729,LI010140,Gaufrette Goût Chocolat 30g - LINGOT (Colisage 40),40.0
06729,MV010108,Mc vities Dark Chocolate 42g (8x10),1.0
06729,NP010301,Pate a Tartiner de 350 grs NUTELLA,2.0
06729,NP010306,Pôt Pâte à tartiner de 600g NUTELLA,2.0
06729,NP010401,Pate a  tartiner de 750g NUTELLA,2.0
06729,NP010501,Nutella & Go 52g,3.0
06730,BI070124,BISKREM CACAO 85g - ULKER,24.0
06730,KS030116,Kinder Joy T1x16 Boy Collection 2,1.0
06730,LG020224,Gaufrette Golden Chocolat Blanc & Framboise 70g -L,24.0
06730,LI010124,Gaufrette gout Chocolat 70g - LINGOT(colisage 24),24.0
06730,LI020124,Gaufrette gout Lait 70g - LINGOT (colisage 24),24.0
06730,LI040140,Gaufrette Goût Fraise 30g - LINGOT (Colisage 40),40.0
06730,NP010301,Pate a Tartiner de 350 grs NUTELLA,4.0
06731,MW010112,"Boite Mentos Gum White Sweet Mint 53,2g P38x6",1.0
06731,NP010306,Pôt Pâte à tartiner de 600g NUTELLA,1.0
06731,NP010604,Nutella B-Ready T1x36x4,1.0
06731,RA010124,Canette Float Orange 240 ML - RANI,3.5
06731,RA020124,Canette Float Peche 240 ML - RANI,2.0
06731,RA030124,Canette Float Mangue 240 ML - RANI,2.0
06731,RA040124,Canette Float Ananas 240 ML - RANI,3.5
06731,RA050124,Canette Float Cocktail 240 ML - RANI,2.0
06731,RA060124,Canette Float Fraise-Banane 240 ML - RANI,2.0
06732,KD010114,Kinder Délice T10X14,1.0
06732,KK010112,KAT KAT TAT Chocolat 26g (24x12),2.0
06732,LG020224,Gaufrette Golden Chocolat Blanc & Framboise 70g -L,24.0
06732,LI010140,Gaufrette Goût Chocolat 30g - LINGOT (Colisage 40),40.0
06732,LT010124,Gaufrette enrobée choco 30G Riz Soufflé (24x4),1.0
06732,LT030124,Gaufrette enrobée choco 30G Triple saveur (24x4),1.0
06732,MD030112,"Mentos Gum 3D Watermelon 8,5g P5x15",1.0
06732,NP010301,Pate a Tartiner de 350 grs NUTELLA,1.0
06732,RA020124,Canette Float Peche 240 ML - RANI,4.0
06732,RA030124,Canette Float Mangue 240 ML - RANI,5.0
06732,RA040124,Canette Float Ananas 240 ML - RANI,5.0
06732,RA050124,Canette Float Cocktail 240 ML - RANI,5.0
06732,RA060124,Canette Float Fraise-Banane 240 ML - RANI,5.0
06732,RR010116,Trio de Rochers Noix Coco RAFAELLO,1.0
06733,AL020112,BEURRE COND 100 gr,1.0
06733,RA010124,Canette Float Orange 240 ML - RANI,2.0
06733,RA020124,Canette Float Peche 240 ML - RANI,2.0
06733,RA030124,Canette Float Mangue 240 ML - RANI,4.0
06733,RA040124,Canette Float Ananas 240 ML - RANI,3.0
06733,RA050124,Canette Float Cocktail 240 ML - RANI,2.5
06733,RA060124,Canette Float Fraise-Banane 240 ML - RANI,5.0
06734,KC020130,Barre de Chocolat Biscuit noisette BUENO WHITE,1.0
06734,LG010120,Gaufrette Golden Chocolat 140 gr- Lingot (20 pcs),20.0
06734,LG020324,Gaufrette Golden Wafers goût Chocolat 70g - LINGOT,24.0
06734,LI010124,Gaufrette gout Chocolat 70g - LINGOT(colisage 24),24.0
06734,LI050124,Gaufrette gout Fraise 70g - LINGOT (colisage 24),24.0
06734,NP010301,Pate a Tartiner de 350 grs NUTELLA,1.0
06735,AL020112,BEURRE COND 100 gr,1.0
06735,BI050124,Biskrem Cacao 60g - ULKER,24.0
06735,BI070124,BISKREM CACAO 85g - ULKER,24.0
06735,BI080124,BISKREM DUO 85g - ULKER,24.0
06735,CH020424,Bonbon Chamallows Party 70g HARIBO,3.5
06735,HC030124,Bonbon Happy Cherries 80g HARIBO,1.0
06735,HC030324,Bonbon Happy Cola Fizz 70g HARIBO,1.0
06735,JA010106,Mini Mentos Jar Fruit Mix 1Kg P100x6,1.0
06735,KC010120,YAOURT AROME CITRON,1.0
06735,KD010114,Kinder Délice T10X14,1.0
06735,LG020224,Gaufrette Golden Chocolat Blanc & Framboise 70g -L,24.0
06735,LI020140,GAUFRETTE Goût Caramel 30g -LINGOT (Colisage 40),40.0
06735,LI030140,Gaufrette Goût Noisette 30g - LINGOT (Colisage 40),40.0
06735,LI040140,Gaufrette Goût Fraise 30g - LINGOT (Colisage 40),40.0
06735,LI050140,Gaufrette Goût Lait 30g - LINGOT (Colisage 40),40.0
06735,LT030124,Gaufrette enrobée choco 30G Triple saveur (24x4),1.0
06735,NP010301,Pate a Tartiner de 350 grs NUTELLA,3.0
06735,PH020224,Bonbon Phantasia 80g HARIBO,1.0
06735,SM010224,Bonbon Starmix 80g HARIBO,1.0
06735,SQ010124,Bonbon Squishy 80g HARIBO,1.0
06735,TE020124,Bonbon Teeth 80g HARIBO,2.0
06735,WO020124,Bonbon Worms 80g HARIBO,1.0
06736,BI050124,Biskrem Cacao 60g - ULKER,24.0
06736,BI080124,BISKREM DUO 85g - ULKER,24.0
06736,FR010401,Coff. de 30 Rochers Chocolat FERRERO,1.0
06736,JA010106,Mini Mentos Jar Fruit Mix 1Kg P100x6,1.0
06736,KC010130,YAOURT AROME FRUITS DES BOIS,1.0
06736,KK010112,KAT KAT TAT Chocolat 26g (24x12),1.0
06736,LI010140,Gaufrette Goût Chocolat 30g - LINGOT (Colisage 40),40.0
06736,LI050140,Gaufrette Goût Lait 30g - LINGOT (Colisage 40),40.0
06736,ML010160,"Gaufrette Mini Lingot  16,5g - LINGOT (colisage 60",60.0
06736,RA020124,Canette Float Peche 240 ML - RANI,10.0
06736,RA050124,Canette Float Cocktail 240 ML - RANI,4.0
06737,BI020124,Biskrem DUO 60g - ULKER,24.0
06737,BI050124,Biskrem Cacao 60g - ULKER,24.0
06737,BL030136,Blister Mentos Gum White Sweet Mint 17g P12x12,1.0
06737,CH020424,Bonbon Chamallows Party 70g HARIBO,5.0
06737,KC010336,YAOURT AROME NATURE,1.0
06737,KK010112,KAT KAT TAT Chocolat 26g (24x12),1.0
06737,LI040140,Gaufrette Goût Fraise 30g - LINGOT (Colisage 40),40.0
06737,LI050140,Gaufrette Goût Lait 30g - LINGOT (Colisage 40),40.0
06737,LT010124,Gaufrette enrobée choco 30G Riz Soufflé (24x4),1.0
06737,LT030124,Gaufrette enrobée choco 30G Triple saveur (24x4),1.0
06737,ML010160,"Gaufrette Mini Lingot  16,5g - LINGOT (colisage 60",90.0
06737,RA020124,Canette Float Peche 240 ML - RANI,3.0
06737,RA060124,Canette Float Fraise-Banane 240 ML - RANI,2.0
06738,BI080124,BISKREM DUO 85g - ULKER,24.0
06738,CH020424,Bonbon Chamallows Party 70g HARIBO,5.0
06738,FR010120,Bonbon Fruit-tella Stick  Strawberry 10px20x12,1.0
06738,FR010401,Coff. de 30 Rochers Chocolat FERRERO,1.0
06738,KD010114,Kinder Délice T10X14,1.0
06738,KK010112,KAT KAT TAT Chocolat 26g (24x12),1.0
06738,LI010124,Gaufrette gout Chocolat 70g - LINGOT(colisage 24),24.0
06738,LT030124,Gaufrette enrobée choco 30G Triple saveur (24x4),1.0
06738,RA030124,Canette Float Mangue 240 ML - RANI,3.0
06738,RA060124,Canette Float Fraise-Banane 240 ML - RANI,4.0
06738,RR010116,Trio de Rochers Noix Coco RAFAELLO,1.0
06739,LG020224,Gaufrette Golden Chocolat Blanc & Framboise 70g -L,24.0
06739,LI020140,GAUFRETTE Goût Caramel 30g -LINGOT (Colisage 40),80.0
06739,LI040124,Gaufrette gout Noisette 70g - LINGOT (colisage 24),24.0
06739,ML010160,"Gaufrette Mini Lingot  16,5g - LINGOT (colisage 60",60.0
06740,CH020424,Bonbon Chamallows Party 70g HARIBO,8.0
06740,KS030216,Kinder Joy T1x16 Girl Collection 2,1.0
06740,LI050140,Gaufrette Goût Lait 30g - LINGOT (Colisage 40),40.0
06740,LT030124,Gaufrette enrobée choco 30G Triple saveur (24x4),1.0
06740,MV020108,Mc vities Dark Chocolate 62g (8x10),1.0
06740,MW010112,"Boite Mentos Gum White Sweet Mint 53,2g P38x6",1.0
06740,MW020112,"Boite Mentos Gum White Tutti Frutti 53,2g P38x6",1.0
06740,NP010306,Pôt Pâte à tartiner de 600g NUTELLA,1.0
06740,RA010124,Canette Float Orange 240 ML - RANI,2.0
06740,RA020124,Canette Float Peche 240 ML - RANI,2.0
06740,RA030124,Canette Float Mangue 240 ML - RANI,2.0
06740,RA040124,Canette Float Ananas 240 ML - RANI,3.0
06740,RA050124,Canette Float Cocktail 240 ML - RANI,3.0
06740,RA060124,Canette Float Fraise-Banane 240 ML - RANI,3.0
06741,AL020112,BEURRE COND 100 gr,1.3333333333333333
06741,FR010201,Coff. 16 Rochers Chocolat FERRERO,1.0
06741,KC010130,YAOURT AROME FRUITS DES BOIS,1.0
06741,KC010240,BIFI NATURE 0%,1.0
06741,KD010114,Kinder Délice T10X14,1.0
06741,KS030216,Kinder Joy T1x16 Girl Collection 2,1.0
06741,LG010120,Gaufrette Golden Chocolat 140 gr- Lingot (20 pcs),20.0
06741,LI010124,Gaufrette gout Chocolat 70g - LINGOT(colisage 24),24.0
06741,LI010140,Gaufrette Goût Chocolat 30g - LINGOT (Colisage 40),40.0
06741,LI020124,Gaufrette gout Lait 70g - LINGOT (colisage 24),24.0
06741,LI030124,Gaufrette gout Caramel 70g - LINGOT (colisage 24),24.0
06741,LI030140,Gaufrette Goût Noisette 30g - LINGOT (Colisage 40),40.0
06741,LI040124,Gaufrette gout Noisette 70g - LINGOT (colisage 24),24.0
06741,LI050140,Gaufrette Goût Lait 30g - LINGOT (Colisage 40),40.0
06741,MD010112,"Mentos Gum 3D Fresh Mint 8,5g P5x15",1.0
06741,MD020112,"Mentos Gum 3D S-A-R 8,5g P5x15",1.0
06741,MD030112,"Mentos Gum 3D Watermelon 8,5g P5x15",1.0
06741,ML010160,"Gaufrette Mini Lingot  16,5g - LINGOT (colisage 60",60.0
06741,RA010124,Canette Float Orange 240 ML - RANI,2.0
06741,RA020124,Canette Float Peche 240 ML - RANI,1.0
06741,RA030124,Canette Float Mangue 240 ML - RANI,1.0
06741,RA040124,Canette Float Ananas 240 ML - RANI,3.25
06741,RA050124,Canette Float Cocktail 240 ML - RANI,2.5
06741,RA060124,Canette Float Fraise-Banane 240 ML - RANI,2.0
06741,RO010112,Bonbon Roulette 25g - HARIBO,1.0
06742,JA010106,Mini Mentos Jar Fruit Mix 1Kg P100x6,1.0
06742,KD010114,Kinder Délice T10X14,1.0
06742,MV020108,Mc vities Dark Chocolate 62g (8x10),1.0
06742,RA030124,Canette Float Mangue 240 ML - RANI,5.0
06743,LG010220,Gaufrette Golden  Chocolat Blanc & Citron 140g - L,20.0
06743,LI020124,Gaufrette gout Lait 70g - LINGOT (colisage 24),24.0
06743,LI050140,Gaufrette Goût Lait 30g - LINGOT (Colisage 40),40.0
06743,LT030124,Gaufrette enrobée choco 30G Triple saveur (24x4),1.0
06743,ML010160,"Gaufrette Mini Lingot  16,5g - LINGOT (colisage 60",60.0
06744,LI010124,Gaufrette gout Chocolat 70g - LINGOT(colisage 24),24.0
06744,LI040124,Gaufrette gout Noisette 70g - LINGOT (colisage 24),24.0
06744,LI050124,Gaufrette gout Fraise 70g - LINGOT (colisage 24),24.0
06744,LT020124,Gaufrette enrobée choco 30G Cacahueté (24x4),1.0
06745,LG010120,Gaufrette Golden Chocolat 140 gr- Lingot (20 pcs),20.0
06745,LG020324,Gaufrette Golden Wafers goût Chocolat 70g - LINGOT,24.0
06745,LI050124,Gaufrette gout Fraise 70g - LINGOT (colisage 24),24.0
06745,LI050140,Gaufrette Goût Lait 30g - LINGOT (Colisage 40),80.0
06746,LG010220,Gaufrette Golden  Chocolat Blanc & Citron 140g - L,20.0
06746,LI050140,Gaufrette Goût Lait 30g - LINGOT (Colisage 40),80.0
06746,LT010124,Gaufrette enrobée choco 30G Riz Soufflé (24x4),1.0
06746,LT020124,Gaufrette enrobée choco 30G Cacahueté (24x4),1.0
06747,LI010140,Gaufrette Goût Chocolat 30g - LINGOT (Colisage 40),40.0
06747,LI020124,Gaufrette gout Lait 70g - LINGOT (colisage 24),24.0
06747,LI020140,GAUFRETTE Goût Caramel 30g -LINGOT (Colisage 40),40.0
06747,LI040124,Gaufrette gout Noisette 70g - LINGOT (colisage 24),24.0
06747,ML010160,"Gaufrette Mini Lingot  16,5g - LINGOT (colisage 60",60.0
06748,CR020124,Bonbon Croco 80g HARIBO,72.0
06748,DR020124,Bonbon Droppys 80g HARIBO,12.0
06748,LG010420,Gaufrette Golden Chocolat Blanc & Kiwi 140g - LING,20.0
06748,LI010124,Gaufrette gout Chocolat 70g - LINGOT(colisage 24),48.0
06748,LI020140,GAUFRETTE Goût Caramel 30g -LINGOT (Colisage 40),40.0
06748,LI030124,Gaufrette gout Caramel 70g - LINGOT (colisage 24),24.0
06748,LI040124,Gaufrette gout Noisette 70g - LINGOT (colisage 24),24.0
06749,AL010124,VIT'UP 170GR COLA CITRON,1.0
06749,BB022020,CH CH Bigbabol Stick Strawberry 5p x 20 x 20,1.0
06749,FR010201,Coff. 16 Rochers Chocolat FERRERO,1.0
06749,KD010114,Kinder Délice T10X14,1.0
06749,LI010124,Gaufrette gout Chocolat 70g - LINGOT(colisage 24),24.0
06749,LI020140,GAUFRETTE Goût Caramel 30g -LINGOT (Colisage 40),40.0
06749,LI030140,Gaufrette Goût Noisette 30g - LINGOT (Colisage 40),40.0
06749,LI040140,Gaufrette Goût Fraise 30g - LINGOT (Colisage 40),40.0
06749,LI050124,Gaufrette gout Fraise 70g - LINGOT (colisage 24),24.0
06749,LT020124,Gaufrette enrobée choco 30G Cacahueté (24x4),2.0
06749,ML010160,"Gaufrette Mini Lingot  16,5g - LINGOT (colisage 60",150.0
06749,MR050108,"Mentos Rolls Fruit 39,2g P14x20",1.0
06749,RA020124,Canette Float Peche 240 ML - RANI,2.0
06749,RA030124,Canette Float Mangue 240 ML - RANI,3.0
06749,RO010112,Bonbon Roulette 25g - HARIBO,1.0
06750,AL020112,BEURRE COND 100 gr,3.0
06750,BI050124,Biskrem Cacao 60g - ULKER,24.0
06750,BI070124,BISKREM CACAO 85g - ULKER,24.0
06750,FR010116,Trio de Rochers Chocolat FERRERO,1.0
06750,FR010201,Coff. 16 Rochers Chocolat FERRERO,1.0
06750,KC010120,YAOURT AROME CITRON,1.0
06750,KK010112,KAT KAT TAT Chocolat 26g (24x12),1.0
06750,LG010420,Gaufrette Golden Chocolat Blanc & Kiwi 140g - LING,20.0
06750,LG020324,Gaufrette Golden Wafers goût Chocolat 70g - LINGOT,24.0
06750,LI010124,Gaufrette gout Chocolat 70g - LINGOT(colisage 24),24.0
06750,LI010140,Gaufrette Goût Chocolat 30g - LINGOT (Colisage 40),40.0
06750,LI040124,Gaufrette gout Noisette 70g - LINGOT (colisage 24),24.0
06750,LT030124,Gaufrette enrobée choco 30G Triple saveur (24x4),1.0
06750,ML010160,"Gaufrette Mini Lingot  16,5g - LINGOT (colisage 60",60.0
06750,NP060716,Nutella B-Ready T6x16,4.0
06750,RA020124,Canette Float Peche 240 ML - RANI,2.0
06750,RA030124,Canette Float Mangue 240 ML - RANI,1.0
06750,RA040124,Canette Float Ananas 240 ML - RANI,2.0
06750,RA050124,Canette Float Cocktail 240 ML - RANI,1.0
06750,RA060124,Canette Float Fraise-Banane 240 ML - RANI,1.0
06750,RO010112,Bonbon Roulette 25g - HARIBO,1.0
06751,AL020112,BEURRE COND 100 gr,1.0
06751,BE010112,Biskrem Extra 92g - ULKER,12.0
06751,CH020424,Bonbon Chamallows Party 70g HARIBO,4.0
06751,KS020116,Kinder Joy T1x16 Boy,1.0
06751,LG010120,Gaufrette Golden Chocolat 140 gr- Lingot (20 pcs),30.0
06751,LG010220,Gaufrette Golden  Chocolat Blanc & Citron 140g - L,20.0
06751,LG010320,Gaufrette Golden Chocolat Blanc & Framboise 140g-L,20.0
06751,LI020140,GAUFRETTE Goût Caramel 30g -LINGOT (Colisage 40),80.0
06751,LI030140,Gaufrette Goût Noisette 30g - LINGOT (Colisage 40),80.0
06751,LI040140,Gaufrette Goût Fraise 30g - LINGOT (Colisage 40),40.0
06751,LI050124,Gaufrette gout Fraise 70g - LINGOT (colisage 24),24.0
06751,LT030124,Gaufrette enrobée choco 30G Triple saveur (24x4),1.5
06751,NP010306,Pôt Pâte à tartiner de 600g NUTELLA,2.0
06751,RA010124,Canette Float Orange 240 ML - RANI,2.0
06751,RA020124,Canette Float Peche 240 ML - RANI,2.0
06751,RA030124,Canette Float Mangue 240 ML - RANI,4.0
06751,RA050124,Canette Float Cocktail 240 ML - RANI,2.0
06751,RA060124,Canette Float Fraise-Banane 240 ML - RANI,2.0
06752,LI030124,Gaufrette gout Caramel 70g - LINGOT (colisage 24),24.0
06752,LI050124,Gaufrette gout Fraise 70g - LINGOT (colisage 24),24.0
06752,LI050140,Gaufrette Goût Lait 30g - LINGOT (Colisage 40),40.0
06752,LT010124,Gaufrette enrobée choco 30G Riz Soufflé (24x4),1.0
06752,RA010124,Canette Float Orange 240 ML - RANI,4.0
06752,RA020124,Canette Float Peche 240 ML - RANI,5.0
06752,RA030124,Canette Float Mangue 240 ML - RANI,1.0
06752,RA050124,Canette Float Cocktail 240 ML - RANI,2.0
06753,CH020424,Bonbon Chamallows Party 70g HARIBO,6.0
06753,LI010124,Gaufrette gout Chocolat 70g - LINGOT(colisage 24),24.0
06753,LI040124,Gaufrette gout Noisette 70g - LINGOT (colisage 24),24.0
06753,LI040140,Gaufrette Goût Fraise 30g - LINGOT (Colisage 40),40.0
06753,LT030124,Gaufrette enrobée choco 30G Triple saveur (24x4),1.0
06754,CH020424,Bonbon Chamallows Party 70g HARIBO,24.0
06754,DC010224,YAOURT BRASSE VANILLE,2.0
06754,FR010116,Trio de Rochers Chocolat FERRERO,1.0
06754,KC010240,BIFI NATURE 0%,1.0
06754,KC020130,Barre de Chocolat Biscuit noisette BUENO WHITE,1.0
06754,KK010112,KAT KAT TAT Chocolat 26g (24x12),1.0
06754,LI020140,GAUFRETTE Goût Caramel 30g -LINGOT (Colisage 40),40.0
06754,LI040140,Gaufrette Goût Fraise 30g - LINGOT (Colisage 40),40.0
06754,NP010501,Nutella & Go 52g,24.0
06754,NP010604,Nutella B-Ready T1x36x4,1.0
06754,RR010116,Trio de Rochers Noix Coco RAFAELLO,1.0
06755,FF010112,Big Babol Filifolly Strawberry 11g x 12 Sachets,1.0
06755,FR010120,Bonbon Fruit-tella Stick  Strawberry 10px20x12,1.0
06755,KC010336,YAOURT AROME NATURE,1.0
06755,LG010220,Gaufrette Golden  Chocolat Blanc & Citron 140g - L,20.0
06755,LI010124,Gaufrette gout Chocolat 70g - LINGOT(colisage 24),24.0
06755,LI030124,Gaufrette gout Caramel 70g - LINGOT (colisage 24),24.0
06755,LI040124,Gaufrette gout Noisette 70g - LINGOT (colisage 24),24.0
06755,LI050124,Gaufrette gout Fraise 70g - LINGOT (colisage 24),24.0
06755,LT010124,Gaufrette enrobée choco 30G Riz Soufflé (24x4),1.0
06755,LT020124,Gaufrette enrobée choco 30G Cacahueté (24x4),1.0
06755,LT030124,Gaufrette enrobée choco 30G Triple saveur (24x4),1.0
06755,ML010160,"Gaufrette Mini Lingot  16,5g - LINGOT (colisage 60",120.0
06755,NP010306,Pôt Pâte à tartiner de 600g NUTELLA,1.0
06755,RO010112,Bonbon Roulette 25g - HARIBO,1.0
06756,AL020112,BEURRE COND 100 gr,1.0
06756,BB022020,CH CH Bigbabol Stick Strawberry 5p x 20 x 20,1.0
06756,BI030112,BISKREM DUO 85g - ULKER,12.0
06756,KK010112,KAT KAT TAT Chocolat 26g (24x12),1.0
06756,MV010108,Mc vities Dark Chocolate 42g (8x10),1.0
06756,RA010124,Canette Float Orange 240 ML - RANI,1.0
06756,RA030124,Canette Float Mangue 240 ML - RANI,1.0
06756,RA040124,Canette Float Ananas 240 ML - RANI,1.0
06757,BI080124,BISKREM DUO 85g - ULKER,24.0
06757,FR010201,Coff. 16 Rochers Chocolat FERRERO,1.0
06757,KC010130,YAOURT AROME FRUITS DES BOIS,1.0
06757,KH020110,Kinder Happy Hippo Cocoa T5x10,1.0
06757,LG020224,Gaufrette Golden Chocolat Blanc & Framboise 70g -L,24.0
06757,LI010124,Gaufrette gout Chocolat 70g - LINGOT(colisage 24),24.0
06757,LI040124,Gaufrette gout Noisette 70g - LINGOT (colisage 24),24.0
06757,LI050140,Gaufrette Goût Lait 30g - LINGOT (Colisage 40),40.0
06757,ML010160,"Gaufrette Mini Lingot  16,5g - LINGOT (colisage 60",60.0
06757,MV010108,Mc vities Dark Chocolate 42g (8x10),1.0
06757,PH020224,Bonbon Phantasia 80g HARIBO,7.0
06757,RA020124,Canette Float Peche 240 ML - RANI,2.0
06757,RA050124,Canette Float Cocktail 240 ML - RANI,3.0
06758,BE010124,Bonbon Berries 80g HARIBO,1.0
06758,BI050124,Biskrem Cacao 60g - ULKER,24.0
06758,BI080124,BISKREM DUO 85g - ULKER,24.0
06758,CH020424,Bonbon Chamallows Party 70g HARIBO,2.0
06758,FR010201,Coff. 16 Rochers Chocolat FERRERO,1.0
06758,GB020130,Bonbon Gold-Bears 80gx30 - HARIBO,2.0
06758,HC020130,Bonbon Happy Cola 80gx30 HARIBO,1.0
06758,HC030124,Bonbon Happy Cherries 80g HARIBO,1.0
06758,HC030324,Bonbon Happy Cola Fizz 70g HARIBO,1.0
06758,KD010114,Kinder Délice T10X14,1.0
06758,KK010112,KAT KAT TAT Chocolat 26g (24x12),1.0
06758,LI010124,Gaufrette gout Chocolat 70g - LINGOT(colisage 24),24.0
06758,LI010140,Gaufrette Goût Chocolat 30g - LINGOT (Colisage 40),40.0
06758,LI030124,Gaufrette gout Caramel 70g - LINGOT (colisage 24),24.0
06758,LI030140,Gaufrette Goût Noisette 30g - LINGOT (Colisage 40),40.0
06758,LI040124,Gaufrette gout Noisette 70g - LINGOT (colisage 24),24.0
06758,LI050124,Gaufrette gout Fraise 70g - LINGOT (colisage 24),24.0
06758,LT030124,Gaufrette enrobée choco 30G Triple saveur (24x4),2.0
06758,MI010124,Bonbon Mix Fizz 70g HARIBO,1.0
06758,RA010124,Canette Float Orange 240 ML - RANI,4.0
06758,SQ010124,Bonbon Squishy 80g HARIBO,1.0
06758,TB020112,Boite Bonbon Orange T12x24 TIC TAC,1.0
06758,WO030124,Bonbon Fizz Worms 70g HARIBO,5.0
06759,AL020112,BEURRE COND 100 gr,1.0
06759,BE010112,Biskrem Extra 92g - ULKER,12.0
06759,BI020124,Biskrem DUO 60g - ULKER,24.0
06759,BI030112,BISKREM DUO 85g - ULKER,12.0
06759,BI080124,BISKREM DUO 85g - ULKER,24.0
06759,LI010140,Gaufrette Goût Chocolat 30g - LINGOT (Colisage 40),40.0
06759,LI020124,Gaufrette gout Lait 70g - LINGOT (colisage 24),24.0
06759,LI040140,Gaufrette Goût Fraise 30g - LINGOT (Colisage 40),40.0
06759,LT030124,Gaufrette enrobée choco 30G Triple saveur (24x4),1.5
06759,MV010108,Mc vities Dark Chocolate 42g (8x10),1.0
06759,RA010124,Canette Float Orange 240 ML - RANI,2.0
06759,RA020124,Canette Float Peche 240 ML - RANI,2.0
06759,RA030124,Canette Float Mangue 240 ML - RANI,1.5
06759,RA040124,Canette Float Ananas 240 ML - RANI,1.0
06759,RA050124,Canette Float Cocktail 240 ML - RANI,2.0
06760,KD010114,Kinder Délice T10X14,1.0
06760,KK010112,KAT KAT TAT Chocolat 26g (24x12),1.0
06760,LI010124,Gaufrette gout Chocolat 70g - LINGOT(colisage 24),24.0
06760,LI040124,Gaufrette gout Noisette 70g - LINGOT (colisage 24),24.0
06760,LI050124,Gaufrette gout Fraise 70g - LINGOT (colisage 24),24.0
06760,LT010124,Gaufrette enrobée choco 30G Riz Soufflé (24x4),1.0
06760,ML010160,"Gaufrette Mini Lingot  16,5g - LINGOT (colisage 60",60.0
06761,BB012020,CH CH Bigbabol Stick Tutti Frutti 5p x 20 x 20,1.0
06761,BI030112,BISKREM DUO 85g - ULKER,12.0
06761,KS020216,Kinder Joy T1x16 Girl,1.0
06761,LG010120,Gaufrette Golden Chocolat 140 gr- Lingot (20 pcs),20.0
06761,LI010124,Gaufrette gout Chocolat 70g - LINGOT(colisage 24),24.0
06761,LI020124,Gaufrette gout Lait 70g - LINGOT (colisage 24),24.0
06761,LI020140,GAUFRETTE Goût Caramel 30g -LINGOT (Colisage 40),60.0
06761,LI030140,Gaufrette Goût Noisette 30g - LINGOT (Colisage 40),80.0
06761,LI040140,Gaufrette Goût Fraise 30g - LINGOT (Colisage 40),160.0
06761,LI050124,Gaufrette gout Fraise 70g - LINGOT (colisage 24),24.0
06761,LT020124,Gaufrette enrobée choco 30G Cacahueté (24x4),1.0
06761,LT030124,Gaufrette enrobée choco 30G Triple saveur (24x4),1.0
06761,RA020124,Canette Float Peche 240 ML - RANI,4.0
06761,RA030124,Canette Float Mangue 240 ML - RANI,5.0
06761,RA040124,Canette Float Ananas 240 ML - RANI,4.0
06761,RA050124,Canette Float Cocktail 240 ML - RANI,3.0
06761,RA060124,Canette Float Fraise-Banane 240 ML - RANI,3.0
06762,KC010130,YAOURT AROME FRUITS DES BOIS,1.0
06762,KK010112,KAT KAT TAT Chocolat 26g (24x12),1.0
06762,LI010124,Gaufrette gout Chocolat 70g - LINGOT(colisage 24),24.0
06762,LI030124,Gaufrette gout Caramel 70g - LINGOT (colisage 24),24.0
06762,LI050124,Gaufrette gout Fraise 70g - LINGOT (colisage 24),24.0
06762,MV010108,Mc vities Dark Chocolate 42g (8x10),1.0
06762,NP010604,Nutella B-Ready T1x36x4,1.0
06762,RA010124,Canette Float Orange 240 ML - RANI,7.0
06762,RA020124,Canette Float Peche 240 ML - RANI,2.0
06762,RA030124,Canette Float Mangue 240 ML - RANI,2.0
06762,RA040124,Canette Float Ananas 240 ML - RANI,2.0
06763,BB012020,CH CH Bigbabol Stick Tutti Frutti 5p x 20 x 20,1.0
06763,DC010224,YAOURT BRASSE VANILLE,1.0
06763,JA010106,Mini Mentos Jar Fruit Mix 1Kg P100x6,1.0
06763,KC010120,YAOURT AROME CITRON,1.0
06763,KD010114,Kinder Délice T10X14,1.0
06763,LG020124,Gaufrette Golden  Chocolat Blanc & Citron 70g,24.0
06763,LI010140,Gaufrette Goût Chocolat 30g - LINGOT (Colisage 40),40.0
06763,LI020124,Gaufrette gout Lait 70g - LINGOT (colisage 24),24.0
06763,LI030124,Gaufrette gout Caramel 70g - LINGOT (colisage 24),48.0
06763,LT020124,Gaufrette enrobée choco 30G Cacahueté (24x4),1.0
06763,ML010160,"Gaufrette Mini Lingot  16,5g - LINGOT (colisage 60",60.0
06763,MR030108,"Mentos Rolls Rainbow 39,2g P14x20",1.0
06763,NP010604,Nutella B-Ready T1x36x4,1.0
06764,BB012020,CH CH Bigbabol Stick Tutti Frutti 5p x 20 x 20,1.0
06764,BI030112,BISKREM DUO 85g - ULKER,12.0
06764,BI080124,BISKREM DUO 85g - ULKER,24.0
06764,CH060124,Bonbon Chamallows Pink & White 25g x 24 HARIBO,1.0
06764,KC010210,YAOURT AROME NOIX DE COCO,1.0
06764,KK010112,KAT KAT TAT Chocolat 26g (24x12),1.0
06764,LG020324,Gaufrette Golden Wafers goût Chocolat 70g - LINGOT,24.0
06764,LI010124,Gaufrette gout Chocolat 70g - LINGOT(colisage 24),48.0
06764,LI040124,Gaufrette gout Noisette 70g - LINGOT (colisage 24),24.0
06764,ML010160,"Gaufrette Mini Lingot  16,5g - LINGOT (colisage 60",60.0
06764,MR010108,"Mentos Rolls Menthe 39,2g P14x20",1.0
06764,MR040108,"Mentos Rolls Tutti Frutti 39,2 g P14x20",1.0
06764,NP010301,Pate a Tartiner de 350 grs NUTELLA,3.0
06764,RA010124,Canette Float Orange 240 ML - RANI,5.0
06764,RA020124,Canette Float Peche 240 ML - RANI,5.0
06764,RA030124,Canette Float Mangue 240 ML - RANI,14.0
06764,RA050124,Canette Float Cocktail 240 ML - RANI,4.0
06764,RA060124,Canette Float Fraise-Banane 240 ML - RANI,5.0
06764,RR010116,Trio de Rochers Noix Coco RAFAELLO,1.0
06765,BI030112,BISKREM DUO 85g - ULKER,12.0
06765,BI060124,Biskrem Cacao 110g - ULKER,24.0
06765,BI070124,BISKREM CACAO 85g - ULKER,24.0
06765,BI080124,BISKREM DUO 85g - ULKER,24.0
06765,LG010120,Gaufrette Golden Chocolat 140 gr- Lingot (20 pcs),20.0
06765,LI010124,Gaufrette gout Chocolat 70g - LINGOT(colisage 24),24.0
06765,LI010140,Gaufrette Goût Chocolat 30g - LINGOT (Colisage 40),40.0
06765,LI030124,Gaufrette gout Caramel 70g - LINGOT (colisage 24),24.0
06765,LI050140,Gaufrette Goût Lait 30g - LINGOT (Colisage 40),40.0
06765,LT020124,Gaufrette enrobée choco 30G Cacahueté (24x4),1.0
06765,MV010108,Mc vities Dark Chocolate 42g (8x10),1.0
06765,RA060124,Canette Float Fraise-Banane 240 ML - RANI,5.0
06766,CC060106,Sachet Chupa-Chups The Best Of P120x6,1.0
06766,CC060112,CH CH XXL Strawberry 25Px29g,1.0
06766,CH060124,Bonbon Chamallows Pink & White 25g x 24 HARIBO,1.0
06766,FR010116,Trio de Rochers Chocolat FERRERO,1.0
06766,JA010106,Mini Mentos Jar Fruit Mix 1Kg P100x6,1.0
06766,KC010130,YAOURT AROME FRUITS DES BOIS,1.0
06766,KD010114,Kinder Délice T10X14,1.0
06766,KH010128,Kinder Happy Hippo Cocoa T1x28x6,1.0
06766,LG020324,Gaufrette Golden Wafers goût Chocolat 70g - LINGOT,24.0
06766,LI010124,Gaufrette gout Chocolat 70g - LINGOT(colisage 24),24.0
06766,LI010140,Gaufrette Goût Chocolat 30g - LINGOT (Colisage 40),40.0
06766,LI020140,GAUFRETTE Goût Caramel 30g -LINGOT (Colisage 40),40.0
06766,LI030124,Gaufrette gout Caramel 70g - LINGOT (colisage 24),24.0
06766,LI040124,Gaufrette gout Noisette 70g - LINGOT (colisage 24),24.0
06766,LT020124,Gaufrette enrobée choco 30G Cacahueté (24x4),1.0
06766,ML010160,"Gaufrette Mini Lingot  16,5g - LINGOT (colisage 60",60.0
06766,MV010108,Mc vities Dark Chocolate 42g (8x10),1.0
06766,NP010501,Nutella & Go 52g,3.0
06766,RA010124,Canette Float Orange 240 ML - RANI,2.0
06766,RA020124,Canette Float Peche 240 ML - RANI,2.0
06766,RA030124,Canette Float Mangue 240 ML - RANI,1.0
06766,RA040124,Canette Float Ananas 240 ML - RANI,2.0
06766,TB020112,Boite Bonbon Orange T12x24 TIC TAC,2.0
06766,TB030112,Boite Bonbon Spearmint T12x24 TIC TAC,1.0
06767,BI050124,Biskrem Cacao 60g - ULKER,24.0
06767,FR010201,Coff. 16 Rochers Chocolat FERRERO,1.0
06767,JA010106,Mini Mentos Jar Fruit Mix 1Kg P100x6,1.0
06767,KD010114,Kinder Délice T10X14,1.0
06767,KK010112,KAT KAT TAT Chocolat 26g (24x12),1.0
06767,LG010120,Gaufrette Golden Chocolat 140 gr- Lingot (20 pcs),20.0
06767,LI010140,Gaufrette Goût Chocolat 30g - LINGOT (Colisage 40),40.0
06767,LI020140,GAUFRETTE Goût Caramel 30g -LINGOT (Colisage 40),40.0
06767,LI030124,Gaufrette gout Caramel 70g - LINGOT (colisage 24),24.0
06767,LI050124,Gaufrette gout Fraise 70g - LINGOT (colisage 24),24.0
06767,LT010124,Gaufrette enrobée choco 30G Riz Soufflé (24x4),1.0
06767,LT020124,Gaufrette enrobée choco 30G Cacahueté (24x4),1.25
06767,LT030124,Gaufrette enrobée choco 30G Triple saveur (24x4),1.0
06767,ML010160,"Gaufrette Mini Lingot  16,5g - LINGOT (colisage 60",60.0
06767,MV020108,Mc vities Dark Chocolate 62g (8x10),1.0
06767,MW020112,"Boite Mentos Gum White Tutti Frutti 53,2g P38x6",1.0
06767,RA040124,Canette Float Ananas 240 ML - RANI,24.0
06768,AL020112,BEURRE COND 100 gr,1.0
06768,BI030112,BISKREM DUO 85g - ULKER,12.0
06768,JA010106,Mini Mentos Jar Fruit Mix 1Kg P100x6,1.0
06768,KC020130,Barre de Chocolat Biscuit noisette BUENO WHITE,1.0
06768,KK010112,KAT KAT TAT Chocolat 26g (24x12),1.0
06768,LI010124,Gaufrette gout Chocolat 70g - LINGOT(colisage 24),24.0
06768,LI010140,Gaufrette Goût Chocolat 30g - LINGOT (Colisage 40),40.0
06768,LI040124,Gaufrette gout Noisette 70g - LINGOT (colisage 24),24.0
06768,LI040140,Gaufrette Goût Fraise 30g - LINGOT (Colisage 40),40.0
06768,LT010124,Gaufrette enrobée choco 30G Riz Soufflé (24x4),2.0
06768,LT030124,Gaufrette enrobée choco 30G Triple saveur (24x4),1.0
06768,MV020108,Mc vities Dark Chocolate 62g (8x10),1.0
06768,RA050124,Canette Float Cocktail 240 ML - RANI,8.5
06769,BE010112,Biskrem Extra 92g - ULKER,12.0
06769,BI030112,BISKREM DUO 85g - ULKER,12.0
06769,CH020424,Bonbon Chamallows Party 70g HARIBO,5.0
06769,KC020130,Barre de Chocolat Biscuit noisette BUENO WHITE,1.0
06769,KD010114,Kinder Délice T10X14,1.0
06769,LG020424,Gaufrette Golden Chocolat Blanc & Kiwi 70g - LINGO,24.0
06769,LI010140,Gaufrette Goût Chocolat 30g - LINGOT (Colisage 40),40.0
06769,LI030140,Gaufrette Goût Noisette 30g - LINGOT (Colisage 40),40.0
06769,LT010124,Gaufrette enrobée choco 30G Riz Soufflé (24x4),1.0
06769,LT030124,Gaufrette enrobée choco 30G Triple saveur (24x4),1.0
06769,ML010160,"Gaufrette Mini Lingot  16,5g - LINGOT (colisage 60",60.0
06769,RA010124,Canette Float Orange 240 ML - RANI,2.0
06769,RA020124,Canette Float Peche 240 ML - RANI,1.5
06769,RA030124,Canette Float Mangue 240 ML - RANI,1.5
06769,RA040124,Canette Float Ananas 240 ML - RANI,1.0
06769,RA050124,Canette Float Cocktail 240 ML - RANI,1.0
06770,CH020424,Bonbon Chamallows Party 70g HARIBO,1.0
06770,KC010120,YAOURT AROME CITRON,1.0
06770,KD010114,Kinder Délice T10X14,1.0
06770,LG020224,Gaufrette Golden Chocolat Blanc & Framboise 70g -L,24.0
06770,LI010124,Gaufrette gout Chocolat 70g - LINGOT(colisage 24),24.0
06770,LT020124,Gaufrette enrobée choco 30G Cacahueté (24x4),1.0
06770,LT030124,Gaufrette enrobée choco 30G Triple saveur (24x4),1.0
06770,ML010160,"Gaufrette Mini Lingot  16,5g - LINGOT (colisage 60",60.0
06771,AL020112,BEURRE COND 100 gr,1.0
06771,BE010112,Biskrem Extra 92g - ULKER,12.0
06771,BI030112,BISKREM DUO 85g - ULKER,12.0
06771,KC020130,Barre de Chocolat Biscuit noisette BUENO WHITE,1.0
06771,LI010140,Gaufrette Goût Chocolat 30g - LINGOT (Colisage 40),40.0
06771,LI030140,Gaufrette Goût Noisette 30g - LINGOT (Colisage 40),40.0
06771,LI050140,Gaufrette Goût Lait 30g - LINGOT (Colisage 40),40.0
06771,LT010124,Gaufrette enrobée choco 30G Riz Soufflé (24x4),1.0
06771,LT030124,Gaufrette enrobée choco 30G Triple saveur (24x4),1.0
06771,MR020108,"Mentos Rolls Strawberry 39,2g P14x20",1.0
06771,MV010108,Mc vities Dark Chocolate 42g (8x10),1.0
06771,RA030124,Canette Float Mangue 240 ML - RANI,4.0
06771,RA050124,Canette Float Cocktail 240 ML - RANI,3.0
06771,RA060124,Canette Float Fraise-Banane 240 ML - RANI,5.0
06772,BE010112,Biskrem Extra 92g - ULKER,12.0
06772,BE010124,Bonbon Berries 80g HARIBO,5.0
06772,BI030112,BISKREM DUO 85g - ULKER,12.0
06772,BI050124,Biskrem Cacao 60g - ULKER,24.0
06772,BI070124,BISKREM CACAO 85g - ULKER,24.0
06772,BI080124,BISKREM DUO 85g - ULKER,24.0
06772,FR010401,Coff. de 30 Rochers Chocolat FERRERO,1.0
06772,KC010120,YAOURT AROME CITRON,1.0
06772,KC010336,YAOURT AROME NATURE,1.0
06772,KC020130,Barre de Chocolat Biscuit noisette BUENO WHITE,1.0
06772,KD010114,Kinder Délice T10X14,1.0
06772,KK010112,KAT KAT TAT Chocolat 26g (24x12),1.0
06772,LI010124,Gaufrette gout Chocolat 70g - LINGOT(colisage 24),24.0
06772,LI050124,Gaufrette gout Fraise 70g - LINGOT (colisage 24),24.0
06772,MV010108,Mc vities Dark Chocolate 42g (8x10),1.0
06772,NP010301,Pate a Tartiner de 350 grs NUTELLA,2.0
06772,NP010501,Nutella & Go 52g,6.0
06772,TE020124,Bonbon Teeth 80g HARIBO,5.0
06773,AL020112,BEURRE COND 100 gr,1.0
06773,BB022020,CH CH Bigbabol Stick Strawberry 5p x 20 x 20,1.0
06773,BI020124,Biskrem DUO 60g - ULKER,24.0
06773,BI070124,BISKREM CACAO 85g - ULKER,24.0
06773,FR010301,Coff. de 24 Rochers Chocolat FERRERO,1.0
06773,FR010401,Coff. de 30 Rochers Chocolat FERRERO,1.0
06773,KC010130,YAOURT AROME FRUITS DES BOIS,1.0
06773,KK010112,KAT KAT TAT Chocolat 26g (24x12),1.0
06773,LG020124,Gaufrette Golden  Chocolat Blanc & Citron 70g,24.0
06773,LI010124,Gaufrette gout Chocolat 70g - LINGOT(colisage 24),48.0
06773,LT030124,Gaufrette enrobée choco 30G Triple saveur (24x4),1.0
06773,RA010124,Canette Float Orange 240 ML - RANI,1.0
06773,RA020124,Canette Float Peche 240 ML - RANI,1.5
06773,RA030124,Canette Float Mangue 240 ML - RANI,1.0
06773,RA040124,Canette Float Ananas 240 ML - RANI,1.0
06773,RA050124,Canette Float Cocktail 240 ML - RANI,4.0
06773,RA060124,Canette Float Fraise-Banane 240 ML - RANI,5.0
06774,BB022020,CH CH Bigbabol Stick Strawberry 5p x 20 x 20,1.0
06774,BI050124,Biskrem Cacao 60g - ULKER,24.0
06774,BI070124,BISKREM CACAO 85g - ULKER,24.0
06774,FR010120,Bonbon Fruit-tella Stick  Strawberry 10px20x12,1.0
06774,FR010201,Coff. 16 Rochers Chocolat FERRERO,1.0
06774,JA010106,Mini Mentos Jar Fruit Mix 1Kg P100x6,2.0
06774,LG010320,Gaufrette Golden Chocolat Blanc & Framboise 140g-L,20.0
06774,LG020324,Gaufrette Golden Wafers goût Chocolat 70g - LINGOT,24.0
06774,LI010124,Gaufrette gout Chocolat 70g - LINGOT(colisage 24),24.0
06774,LI010140,Gaufrette Goût Chocolat 30g - LINGOT (Colisage 40),40.0
06774,LI030124,Gaufrette gout Caramel 70g - LINGOT (colisage 24),24.0
06774,LI040124,Gaufrette gout Noisette 70g - LINGOT (colisage 24),24.0
06774,LI050140,Gaufrette Goût Lait 30g - LINGOT (Colisage 40),40.0
06774,ML010160,"Gaufrette Mini Lingot  16,5g - LINGOT (colisage 60",60.0
06774,MR070108,Mentos Rolls Sour Mix 39.2g P14x20,1.0
06774,NP060716,Nutella B-Ready T6x16,4.0
06775,BI020124,Biskrem DUO 60g - ULKER,24.0
06775,BI050124,Biskrem Cacao 60g - ULKER,24.0
06775,KD010114,Kinder Délice T10X14,1.0
06775,LI010124,Gaufrette gout Chocolat 70g - LINGOT(colisage 24),24.0
06775,LI010140,Gaufrette Goût Chocolat 30g - LINGOT (Colisage 40),40.0
06775,LI040124,Gaufrette gout Noisette 70g - LINGOT (colisage 24),24.0
06775,LI040140,Gaufrette Goût Fraise 30g - LINGOT (Colisage 40),40.0
06775,LT010124,Gaufrette enrobée choco 30G Riz Soufflé (24x4),1.0
06775,LT020124,Gaufrette enrobée choco 30G Cacahueté (24x4),1.0
06775,MR040108,"Mentos Rolls Tutti Frutti 39,2 g P14x20",1.0
06775,NP010306,Pôt Pâte à tartiner de 600g NUTELLA,1.0
06775,PV010124,Bonbon Primavera 80g HARIBO,5.0
06776,AL020112,BEURRE COND 100 gr,1.0
06776,BI070124,BISKREM CACAO 85g - ULKER,24.0
06776,KK010112,KAT KAT TAT Chocolat 26g (24x12),1.0
06776,LI010124,Gaufrette gout Chocolat 70g - LINGOT(colisage 24),24.0
06776,LI030124,Gaufrette gout Caramel 70g - LINGOT (colisage 24),24.0
06776,LI030140,Gaufrette Goût Noisette 30g - LINGOT (Colisage 40),40.0
06776,LI050124,Gaufrette gout Fraise 70g - LINGOT (colisage 24),24.0
06776,LT010124,Gaufrette enrobée choco 30G Riz Soufflé (24x4),1.0
06776,ML010160,"Gaufrette Mini Lingot  16,5g - LINGOT (colisage 60",60.0
06776,MV010108,Mc vities Dark Chocolate 42g (8x10),1.0
06776,RA050124,Canette Float Cocktail 240 ML - RANI,5.0
06777,BE010124,Bonbon Berries 80g HARIBO,8.0
06777,FA020118,Mentos Fresh Action Cup Cherry Mint 280g P100x18,1.0
06777,KC010618,Kinder Creamy T1X8X18,1.0
06777,KD010114,Kinder Délice T10X14,1.0
06777,KK010112,KAT KAT TAT Chocolat 26g (24x12),1.0
06777,LG020124,Gaufrette Golden  Chocolat Blanc & Citron 70g,24.0
06777,LG020324,Gaufrette Golden Wafers goût Chocolat 70g - LINGOT,24.0
06777,LG020424,Gaufrette Golden Chocolat Blanc & Kiwi 70g - LINGO,24.0
06777,LI010124,Gaufrette gout Chocolat 70g - LINGOT(colisage 24),24.0
06777,LI010140,Gaufrette Goût Chocolat 30g - LINGOT (Colisage 40),40.0
06777,LI030124,Gaufrette gout Caramel 70g - LINGOT (colisage 24),24.0
06777,LI050124,Gaufrette gout Fraise 70g - LINGOT (colisage 24),24.0
06777,LT010124,Gaufrette enrobée choco 30G Riz Soufflé (24x4),1.0
06777,LT020124,Gaufrette enrobée choco 30G Cacahueté (24x4),1.0
06777,ML010160,"Gaufrette Mini Lingot  16,5g - LINGOT (colisage 60",60.0
06777,RO010112,Bonbon Roulette 25g - HARIBO,1.0
06778,BE010112,Biskrem Extra 92g - ULKER,12.0
06778,BI070124,BISKREM CACAO 85g - ULKER,24.0
06778,JA010106,Mini Mentos Jar Fruit Mix 1Kg P100x6,1.0
06778,KC020130,Barre de Chocolat Biscuit noisette BUENO WHITE,1.0
06778,KD010114,Kinder Délice T10X14,1.0
06778,KK010112,KAT KAT TAT Chocolat 26g (24x12),1.0
06778,LG010120,Gaufrette Golden Chocolat 140 gr- Lingot (20 pcs),20.0
06778,LG020124,Gaufrette Golden  Chocolat Blanc & Citron 70g,24.0
06778,LG020224,Gaufrette Golden Chocolat Blanc & Framboise 70g -L,24.0
06778,LI010124,Gaufrette gout Chocolat 70g - LINGOT(colisage 24),24.0
06778,LI010140,Gaufrette Goût Chocolat 30g - LINGOT (Colisage 40),40.0
06778,LI020140,GAUFRETTE Goût Caramel 30g -LINGOT (Colisage 40),40.0
06778,LT030124,Gaufrette enrobée choco 30G Triple saveur (24x4),1.0
06778,MR020108,"Mentos Rolls Strawberry 39,2g P14x20",1.0
06778,MV010108,Mc vities Dark Chocolate 42g (8x10),1.0
06778,MV020108,Mc vities Dark Chocolate 62g (8x10),1.0
06778,NP010306,Pôt Pâte à tartiner de 600g NUTELLA,2.0
06778,RA010124,Canette Float Orange 240 ML - RANI,4.0
06778,RA050124,Canette Float Cocktail 240 ML - RANI,4.0
06778,RA060124,Canette Float Fraise-Banane 240 ML - RANI,4.0
06778,RO010112,Bonbon Roulette 25g - HARIBO,1.0
06779,BB022020,CH CH Bigbabol Stick Strawberry 5p x 20 x 20,1.0
06779,BE010112,Biskrem Extra 92g - ULKER,12.0
06779,BE010124,Bonbon Berries 80g HARIBO,5.5
06779,BI030112,BISKREM DUO 85g - ULKER,12.0
06779,BI070124,BISKREM CACAO 85g - ULKER,24.0
06779,BL030136,Blister Mentos Gum White Sweet Mint 17g P12x12,1.0
06779,CC060112,CH CH XXL Strawberry 25Px29g,1.0
06779,CH010124,Bonbon Chamallows Pink & White 70g HARIBO,12.0
06779,CH020424,Bonbon Chamallows Party 70g HARIBO,17.0
06779,FF010112,Big Babol Filifolly Strawberry 11g x 12 Sachets,1.0
06779,FF020112,Big Babol Filifolly Fruit 11g x 12 Sachets,1.0
06779,FF030112,Big Babol Filifolly Watermelon 11g x 12 Sachets,1.0
06779,GB010324,Bonbon Gold-Bears 30g HARIBO,24.0
06779,GB020130,Bonbon Gold-Bears 80gx30 - HARIBO,16.0
06779,HC020130,Bonbon Happy Cola 80gx30 HARIBO,16.0
06779,HC030124,Bonbon Happy Cherries 80g HARIBO,2.0
06779,HC030324,Bonbon Happy Cola Fizz 70g HARIBO,2.0
06779,KC010130,YAOURT AROME FRUITS DES BOIS,1.3333333333333333
06779,KC010336,YAOURT AROME NATURE,1.0
06779,KC020130,Barre de Chocolat Biscuit noisette BUENO WHITE,1.0
06779,KD010114,Kinder Délice T10X14,1.25
06779,KH010128,Kinder Happy Hippo Cocoa T1x28x6,1.0
06779,KH020110,Kinder Happy Hippo Cocoa T5x10,1.0
06779,KS030116,Kinder Joy T1x16 Boy Collection 2,1.0
06779,KS030216,Kinder Joy T1x16 Girl Collection 2,1.0
06779,LG020224,Gaufrette Golden Chocolat Blanc & Framboise 70g -L,24.0
06779,LI010140,Gaufrette Goût Chocolat 30g - LINGOT (Colisage 40),40.0
06779,MG010116,Mentos Gum Rolls Pure Fresh 1.75g P9x16,1.0
06779,MI010124,Bonbon Mix Fizz 70g HARIBO,2.0
06779,NP010501,Nutella & Go 52g,24.0
06779,NP010604,Nutella B-Ready T1x36x4,1.0
06779,PH020224,Bonbon Phantasia 80g HARIBO,9.5
06779,RA010124,Canette Float Orange 240 ML - RANI,3.0
06779,RA030124,Canette Float Mangue 240 ML - RANI,3.0
06779,RA040124,Canette Float Ananas 240 ML - RANI,3.0
06779,RA050124,Canette Float Cocktail 240 ML - RANI,1.0
06779,RO010112,Bonbon Roulette 25g - HARIBO,1.0
06779,RR010201,Coff. 15 Rochers Noix Coco RAFAELLO,6.0
06779,SM010224,Bonbon Starmix 80g HARIBO,9.0
06779,ST010208,Mix Sripe Assortiment 24x8x25g HARIBO,1.0
06779,TB030112,Boite Bonbon Spearmint T12x24 TIC TAC,1.0
06779,TB050112,Boite Bonbon Strawberry mix T12x24 TIC TAC,1.0
06779,TE020124,Bonbon Teeth 80g HARIBO,5.333333333333333
06780,AL020112,BEURRE COND 100 gr,1.5
06780,BE010112,Biskrem Extra 92g - ULKER,12.0
06780,BI020124,Biskrem DUO 60g - ULKER,24.0
06780,BI070124,BISKREM CACAO 85g - ULKER,24.0
06780,CH020424,Bonbon Chamallows Party 70g HARIBO,5.0
06780,FA020118,Mentos Fresh Action Cup Cherry Mint 280g P100x18,1.0
06780,FA030112,Mentos Fresh Action Stick Cherry Mint 10px24x12,1.0
06780,KC010120,YAOURT AROME CITRON,1.0
06780,KD010114,Kinder Délice T10X14,1.0
06780,KK010112,KAT KAT TAT Chocolat 26g (24x12),1.0
06780,LI040140,Gaufrette Goût Fraise 30g - LINGOT (Colisage 40),40.0
06780,LT010124,Gaufrette enrobée choco 30G Riz Soufflé (24x4),2.0
06780,MV010108,Mc vities Dark Chocolate 42g (8x10),1.0
06783,LI030124,Gaufrette gout Caramel 70g - LINGOT (colisage 24),24.0
06783,LI040124,Gaufrette gout Noisette 70g - LINGOT (colisage 24),24.0
06784,AL020112,BEURRE COND 100 gr,1.0
06784,JA010106,Mini Mentos Jar Fruit Mix 1Kg P100x6,1.0
06785,BE010124,Bonbon Berries 80g HARIBO,5.0
06785,RA010124,Canette Float Orange 240 ML - RANI,6.0
06785,RA020124,Canette Float Peche 240 ML - RANI,6.0
06785,RA030124,Canette Float Mangue 240 ML - RANI,6.0
06785,RA040124,Canette Float Ananas 240 ML - RANI,6.0
06786,BI050124,Biskrem Cacao 60g - ULKER,24.0
06786,CC060112,CH CH XXL Strawberry 25Px29g,1.0
06786,FA030112,Mentos Fresh Action Stick Cherry Mint 10px24x12,1.0
06786,KC010130,YAOURT AROME FRUITS DES BOIS,1.0
06786,KK010112,KAT KAT TAT Chocolat 26g (24x12),1.0
06786,LI040124,Gaufrette gout Noisette 70g - LINGOT (colisage 24),24.0
06786,LI040140,Gaufrette Goût Fraise 30g - LINGOT (Colisage 40),40.0
06786,MG010116,Mentos Gum Rolls Pure Fresh 1.75g P9x16,1.0
06786,RA010124,Canette Float Orange 240 ML - RANI,12.0
06787,AL020112,BEURRE COND 100 gr,1.0
06787,BI070124,BISKREM CACAO 85g - ULKER,24.0
06787,CH020424,Bonbon Chamallows Party 70g HARIBO,4.0
06787,FR010116,Trio de Rochers Chocolat FERRERO,1.0
06787,KC020130,Barre de Chocolat Biscuit noisette BUENO WHITE,1.0
06787,KD010114,Kinder Délice T10X14,1.0
06787,LI010124,Gaufrette gout Chocolat 70g - LINGOT(colisage 24),24.0
06787,LI050124,Gaufrette gout Fraise 70g - LINGOT (colisage 24),24.0
06787,ML010160,"Gaufrette Mini Lingot  16,5g - LINGOT (colisage 60",60.0
06787,RR010116,Trio de Rochers Noix Coco RAFAELLO,1.0
06787,ST010208,Mix Sripe Assortiment 24x8x25g HARIBO,1.0
06788,AL020112,BEURRE COND 100 gr,1.0
06788,BI020124,Biskrem DUO 60g - ULKER,36.0
06788,BI080124,BISKREM DUO 85g - ULKER,24.0
06788,KK010112,KAT KAT TAT Chocolat 26g (24x12),1.0
06788,LG020124,Gaufrette Golden  Chocolat Blanc & Citron 70g,24.0
06788,LI010124,Gaufrette gout Chocolat 70g - LINGOT(colisage 24),24.0
06788,LT030124,Gaufrette enrobée choco 30G Triple saveur (24x4),1.0
06789,LI010140,Gaufrette Goût Chocolat 30g - LINGOT (Colisage 40),40.0
06789,LI040124,Gaufrette gout Noisette 70g - LINGOT (colisage 24),24.0
06789,RR010201,Coff. 15 Rochers Noix Coco RAFAELLO,1.0
06795,LI010124,Gaufrette gout Chocolat 70g - LINGOT(colisage 24),24.0
06796,LI010124,Gaufrette gout Chocolat 70g - LINGOT(colisage 24),24.0
06796,LI050124,Gaufrette gout Fraise 70g - LINGOT (colisage 24),24.0
06796,LI050140,Gaufrette Goût Lait 30g - LINGOT (Colisage 40),40.0
06796,ML010160,"Gaufrette Mini Lingot  16,5g - LINGOT (colisage 60",60.0
06797,BI070124,BISKREM CACAO 85g - ULKER,48.0
06797,LI010140,Gaufrette Goût Chocolat 30g - LINGOT (Colisage 40),40.0
06797,LI030124,Gaufrette gout Caramel 70g - LINGOT (colisage 24),24.0
06797,LI030140,Gaufrette Goût Noisette 30g - LINGOT (Colisage 40),40.0
06797,LI040124,Gaufrette gout Noisette 70g - LINGOT (colisage 24),24.0
06797,LI050140,Gaufrette Goût Lait 30g - LINGOT (Colisage 40),40.0
06798,AL020112,BEURRE COND 100 gr,1.0
06798,LG010220,Gaufrette Golden  Chocolat Blanc & Citron 140g - L,20.0
06798,LG010320,Gaufrette Golden Chocolat Blanc & Framboise 140g-L,20.0
06798,LI010124,Gaufrette gout Chocolat 70g - LINGOT(colisage 24),24.0
06798,LI010140,Gaufrette Goût Chocolat 30g - LINGOT (Colisage 40),40.0
06798,LI020140,GAUFRETTE Goût Caramel 30g -LINGOT (Colisage 40),40.0
06798,LI030124,Gaufrette gout Caramel 70g - LINGOT (colisage 24),24.0
06798,LI040124,Gaufrette gout Noisette 70g - LINGOT (colisage 24),24.0
06798,LI050124,Gaufrette gout Fraise 70g - LINGOT (colisage 24),24.0
06798,LI050140,Gaufrette Goût Lait 30g - LINGOT (Colisage 40),40.0
06798,LT030124,Gaufrette enrobée choco 30G Triple saveur (24x4),1.0
06798,RA030124,Canette Float Mangue 240 ML - RANI,10.0
06798,RA040124,Canette Float Ananas 240 ML - RANI,10.0
06798,RA050124,Canette Float Cocktail 240 ML - RANI,10.0
06799,AL020112,BEURRE COND 100 gr,1.0
06799,BI070124,BISKREM CACAO 85g - ULKER,24.0
06799,LG010320,Gaufrette Golden Chocolat Blanc & Framboise 140g-L,20.0
06799,LI010140,Gaufrette Goût Chocolat 30g - LINGOT (Colisage 40),40.0
06799,LI020140,GAUFRETTE Goût Caramel 30g -LINGOT (Colisage 40),40.0
06799,LI050124,Gaufrette gout Fraise 70g - LINGOT (colisage 24),24.0
06799,ML010160,"Gaufrette Mini Lingot  16,5g - LINGOT (colisage 60",60.0
06799,RA020124,Canette Float Peche 240 ML - RANI,12.0
06800,LI010124,Gaufrette gout Chocolat 70g - LINGOT(colisage 24),24.0
06800,LI030124,Gaufrette gout Caramel 70g - LINGOT (colisage 24),24.0
06800,LI040124,Gaufrette gout Noisette 70g - LINGOT (colisage 24),24.0
06801,LI040124,Gaufrette gout Noisette 70g - LINGOT (colisage 24),24.0
06801,LI050140,Gaufrette Goût Lait 30g - LINGOT (Colisage 40),40.0
06801,ML010160,"Gaufrette Mini Lingot  16,5g - LINGOT (colisage 60",120.0
06808,AL020112,BEURRE COND 100 gr,1.0
06808,BI070124,BISKREM CACAO 85g - ULKER,24.0
06808,FA030112,Mentos Fresh Action Stick Cherry Mint 10px24x12,1.0
06808,KC010130,YAOURT AROME FRUITS DES BOIS,1.0
06808,KC010240,BIFI NATURE 0%,1.0
06808,LG010320,Gaufrette Golden Chocolat Blanc & Framboise 140g-L,20.0
06808,LI010124,Gaufrette gout Chocolat 70g - LINGOT(colisage 24),24.0
06808,LI010140,Gaufrette Goût Chocolat 30g - LINGOT (Colisage 40),40.0
06808,LI020124,Gaufrette gout Lait 70g - LINGOT (colisage 24),24.0
06808,LI020140,GAUFRETTE Goût Caramel 30g -LINGOT (Colisage 40),40.0
06808,LI030140,Gaufrette Goût Noisette 30g - LINGOT (Colisage 40),40.0
06808,LI040124,Gaufrette gout Noisette 70g - LINGOT (colisage 24),24.0
06808,LI040140,Gaufrette Goût Fraise 30g - LINGOT (Colisage 40),40.0
06808,LI050124,Gaufrette gout Fraise 70g - LINGOT (colisage 24),24.0
06808,LI050140,Gaufrette Goût Lait 30g - LINGOT (Colisage 40),40.0
06808,LT030124,Gaufrette enrobée choco 30G Triple saveur (24x4),1.0
06808,ML010160,"Gaufrette Mini Lingot  16,5g - LINGOT (colisage 60",60.0
06808,NP060716,Nutella B-Ready T6x16,1.0
06808,TB070148,Tic Tac Mix T48x8 ARBRE,1.0
06809,BL030136,Blister Mentos Gum White Sweet Mint 17g P12x12,1.0
06809,CC070106,CH CH Melody Strawberry 48x6,1.0
06809,FR010116,Trio de Rochers Chocolat FERRERO,1.0
06809,FR010201,Coff. 16 Rochers Chocolat FERRERO,1.0
06809,FR010603,Coffret de 28 Rochers Cône Chocolat FERRERO,1.0
06809,KC010120,YAOURT AROME CITRON,1.0
06809,KC010130,YAOURT AROME FRUITS DES BOIS,1.0
06809,KC010240,BIFI NATURE 0%,1.0
06809,KS030116,Kinder Joy T1x16 Boy Collection 2,1.0
06809,LG010120,Gaufrette Golden Chocolat 140 gr- Lingot (20 pcs),20.0
06809,LG020424,Gaufrette Golden Chocolat Blanc & Kiwi 70g - LINGO,24.0
06810,KC010240,BIFI NATURE 0%,1.0
06810,LG020224,Gaufrette Golden Chocolat Blanc & Framboise 70g -L,24.0
06810,LG020424,Gaufrette Golden Chocolat Blanc & Kiwi 70g - LINGO,24.0
06811,FR010116,Trio de Rochers Chocolat FERRERO,1.0
06811,LT030124,Gaufrette enrobée choco 30G Triple saveur (24x4),2.0
06811,NP010306,Pôt Pâte à tartiner de 600g NUTELLA,1.0
06812,KC020130,Barre de Chocolat Biscuit noisette BUENO WHITE,1.0
06812,LG010120,Gaufrette Golden Chocolat 140 gr- Lingot (20 pcs),20.0
06812,LT010124,Gaufrette enrobée choco 30G Riz Soufflé (24x4),1.0
06812,LT020124,Gaufrette enrobée choco 30G Cacahueté (24x4),1.0
06812,PV010124,Bonbon Primavera 80g HARIBO,2.0
06813,AL020112,BEURRE COND 100 gr,1.0
06813,BI080124,BISKREM DUO 85g - ULKER,24.0
06813,BL040136,Blister Mentos Gum White Tutti Frutti 17g P12x12,1.0
06813,KC020130,Barre de Chocolat Biscuit noisette BUENO WHITE,1.0
06813,LG020424,Gaufrette Golden Chocolat Blanc & Kiwi 70g - LINGO,24.0
06813,LI040124,Gaufrette gout Noisette 70g - LINGOT (colisage 24),24.0
06813,LT030124,Gaufrette enrobée choco 30G Triple saveur (24x4),1.0
06814,KC010336,YAOURT AROME NATURE,1.0
06814,LT030124,Gaufrette enrobée choco 30G Triple saveur (24x4),2.0
06814,MG010116,Mentos Gum Rolls Pure Fresh 1.75g P9x16,1.0
06815,AL010124,VIT'UP 170GR COLA CITRON,1.0
06815,BB012020,CH CH Bigbabol Stick Tutti Frutti 5p x 20 x 20,1.25
06815,BB022020,CH CH Bigbabol Stick Strawberry 5p x 20 x 20,1.25
06815,BE010112,Biskrem Extra 92g - ULKER,12.0
06815,BE010124,Bonbon Berries 80g HARIBO,8.0
06815,BI070124,BISKREM CACAO 85g - ULKER,24.0
06815,BI080124,BISKREM DUO 85g - ULKER,24.0
06815,BL030136,Blister Mentos Gum White Sweet Mint 17g P12x12,1.0
06815,BL040136,Blister Mentos Gum White Tutti Frutti 17g P12x12,1.0
06815,CC070106,CH CH Melody Strawberry 48x6,1.0
06815,CH010124,Bonbon Chamallows Pink & White 70g HARIBO,11.0
06815,CH060124,Bonbon Chamallows Pink & White 25g x 24 HARIBO,1.0
06815,DC010224,YAOURT BRASSE VANILLE,1.0
06815,FA030112,Mentos Fresh Action Stick Cherry Mint 10px24x12,1.0
06815,FR010116,Trio de Rochers Chocolat FERRERO,1.0
06815,FR010120,Bonbon Fruit-tella Stick  Strawberry 10px20x12,1.0
06815,FR010201,Coff. 16 Rochers Chocolat FERRERO,5.0
06815,FR010220,Bonbon Fruit-tella Stick Orange 10px20x12,1.0
06815,FR010301,Coff. de 24 Rochers Chocolat FERRERO,4.0
06815,FR010401,Coff. de 30 Rochers Chocolat FERRERO,3.0
06815,HC030124,Bonbon Happy Cherries 80g HARIBO,10.0
06815,HC030324,Bonbon Happy Cola Fizz 70g HARIBO,10.0
06815,HZ010124,TOMATO KETCHUP 200 G - HEINZ,6.0
06815,HZ010224,BARBECUE SAUCE 200 G - HEINZ,6.0
06815,HZ010712,TOMATO KETCHUP 300 G - HEINZ,6.0
06815,KC010120,YAOURT AROME CITRON,1.25
06815,KC010130,YAOURT AROME FRUITS DES BOIS,1.25
06815,KC010210,YAOURT AROME NOIX DE COCO,1.25
06815,KC010240,BIFI NATURE 0%,1.0
06815,KC010336,YAOURT AROME NATURE,1.5
06815,KC020130,Barre de Chocolat Biscuit noisette BUENO WHITE,1.3333333333333333
06815,KH020110,Kinder Happy Hippo Cocoa T5x10,1.0
06815,KS030116,Kinder Joy T1x16 Boy Collection 2,1.0
06815,KS030216,Kinder Joy T1x16 Girl Collection 2,1.0
06815,MD010112,"Mentos Gum 3D Fresh Mint 8,5g P5x15",1.0
06815,MD020112,"Mentos Gum 3D S-A-R 8,5g P5x15",1.0
06815,MD030112,"Mentos Gum 3D Watermelon 8,5g P5x15",1.0
06815,MR010108,"Mentos Rolls Menthe 39,2g P14x20",1.0
06815,MR070108,Mentos Rolls Sour Mix 39.2g P14x20,1.0
06815,NP010301,Pate a Tartiner de 350 grs NUTELLA,18.75
06815,NP010306,Pôt Pâte à tartiner de 600g NUTELLA,6.2
06815,NP010501,Nutella & Go 52g,24.0
06815,NP010604,Nutella B-Ready T1x36x4,1.0
06815,NP060716,Nutella B-Ready T6x16,16.0
06815,PH020224,Bonbon Phantasia 80g HARIBO,10.0
06815,RO010112,Bonbon Roulette 25g - HARIBO,1.0
06815,RR010116,Trio de Rochers Noix Coco RAFAELLO,1.0
06815,SM010224,Bonbon Starmix 80g HARIBO,10.0
06815,SQ010124,Bonbon Squishy 80g HARIBO,10.0
06815,ST010208,Mix Sripe Assortiment 24x8x25g HARIBO,1.0
06815,TB010112,Boite Bonbon Menthe T12x24 TIC TAC,1.0
06815,TB020112,Boite Bonbon Orange T12x24 TIC TAC,1.0
06815,TE020124,Bonbon Teeth 80g HARIBO,10.0
06815,WO020124,Bonbon Worms 80g HARIBO,10.0
06816,BI070124,BISKREM CACAO 85g - ULKER,24.0
06816,CC060106,Sachet Chupa-Chups The Best Of P120x6,1.0
06816,KC010130,YAOURT AROME FRUITS DES BOIS,1.0
06816,LI040124,Gaufrette gout Noisette 70g - LINGOT (colisage 24),24.0
06816,RO010112,Bonbon Roulette 25g - HARIBO,1.0
06817,FR010603,Coffret de 28 Rochers Cône Chocolat FERRERO,1.0
06817,NP010306,Pôt Pâte à tartiner de 600g NUTELLA,1.0
06818,BL030136,Blister Mentos Gum White Sweet Mint 17g P12x12,1.0
06818,CC010112,Sachet Chupa-Chups Fruit P10x12,1.0
06818,CC020112,Sachet Chupa-Chups Fresh Cola P10x12,1.0
06818,CC030112,Sachet Chupa-Chups Milky P10x12,1.0
06818,CC050112,Sachet Chupa-Chups The Best Of P10x12,1.0
06818,FA030112,Mentos Fresh Action Stick Cherry Mint 10px24x12,1.0
06818,KC010240,BIFI NATURE 0%,1.0
06818,KC020130,Barre de Chocolat Biscuit noisette BUENO WHITE,1.0
06818,MR050108,"Mentos Rolls Fruit 39,2g P14x20",1.0
06818,NP010501,Nutella & Go 52g,6.0
06819,AL020112,BEURRE COND 100 gr,1.0
06819,CH060124,Bonbon Chamallows Pink & White 25g x 24 HARIBO,1.0
06820,BB022020,CH CH Bigbabol Stick Strawberry 5p x 20 x 20,1.0
06820,DC010224,YAOURT BRASSE VANILLE,1.0
06820,MD020112,"Mentos Gum 3D S-A-R 8,5g P5x15",3.0
06820,ML010160,"Gaufrette Mini Lingot  16,5g - LINGOT (colisage 60",60.0
06821,AL020112,BEURRE COND 100 gr,1.0
06821,BE010112,Biskrem Extra 92g - ULKER,12.0
06821,FR010116,Trio de Rochers Chocolat FERRERO,1.0
06821,KC020130,Barre de Chocolat Biscuit noisette BUENO WHITE,1.0
06821,LI050124,Gaufrette gout Fraise 70g - LINGOT (colisage 24),24.0
06821,ST010208,Mix Sripe Assortiment 24x8x25g HARIBO,1.0
06822,BL030136,Blister Mentos Gum White Sweet Mint 17g P12x12,1.0
06822,CC010112,Sachet Chupa-Chups Fruit P10x12,1.0
06822,CC020112,Sachet Chupa-Chups Fresh Cola P10x12,1.0
06822,KH010128,Kinder Happy Hippo Cocoa T1x28x6,1.0
06822,PV010124,Bonbon Primavera 80g HARIBO,3.0
06823,BE010112,Biskrem Extra 92g - ULKER,12.0
06823,FR010116,Trio de Rochers Chocolat FERRERO,1.0
06823,KC010240,BIFI NATURE 0%,1.0
06823,NP010604,Nutella B-Ready T1x36x4,1.0
06824,BE010112,Biskrem Extra 92g - ULKER,12.0
06824,FR010201,Coff. 16 Rochers Chocolat FERRERO,1.0
06824,LT030124,Gaufrette enrobée choco 30G Triple saveur (24x4),1.0
06824,NP010604,Nutella B-Ready T1x36x4,1.0
06824,RO010112,Bonbon Roulette 25g - HARIBO,1.0
06825,NP010306,Pôt Pâte à tartiner de 600g NUTELLA,1.0
06826,KC020130,Barre de Chocolat Biscuit noisette BUENO WHITE,1.0
06826,KH010128,Kinder Happy Hippo Cocoa T1x28x6,1.0
06826,KS030216,Kinder Joy T1x16 Girl Collection 2,1.0
06826,LI010140,Gaufrette Goût Chocolat 30g - LINGOT (Colisage 40),40.0
06826,LI030124,Gaufrette gout Caramel 70g - LINGOT (colisage 24),24.0
06826,LT030124,Gaufrette enrobée choco 30G Triple saveur (24x4),1.0
06826,MD030112,"Mentos Gum 3D Watermelon 8,5g P5x15",1.0
06827,AL010124,VIT'UP 170GR COLA CITRON,1.0
06827,BB012020,CH CH Bigbabol Stick Tutti Frutti 5p x 20 x 20,1.2
06827,BB022020,CH CH Bigbabol Stick Strawberry 5p x 20 x 20,1.2
06827,BI020124,Biskrem DUO 60g - ULKER,24.0
06827,BI050124,Biskrem Cacao 60g - ULKER,24.0
06827,BI070124,BISKREM CACAO 85g - ULKER,24.0
06827,BL030136,Blister Mentos Gum White Sweet Mint 17g P12x12,1.0
06827,BL040136,Blister Mentos Gum White Tutti Frutti 17g P12x12,1.0
06827,CH020424,Bonbon Chamallows Party 70g HARIBO,6.5
06827,FA030112,Mentos Fresh Action Stick Cherry Mint 10px24x12,1.0
06827,FR010116,Trio de Rochers Chocolat FERRERO,1.0
06827,FR010301,Coff. de 24 Rochers Chocolat FERRERO,2.0
06827,FR010501,Coffret de 24 Rochers Collection Chocolat FERRERO,1.0
06827,FR010603,Coffret de 28 Rochers Cône Chocolat FERRERO,2.0
06827,HC030124,Bonbon Happy Cherries 80g HARIBO,2.0
06827,HC030324,Bonbon Happy Cola Fizz 70g HARIBO,2.0
06827,KC010120,YAOURT AROME CITRON,1.0
06827,KC010130,YAOURT AROME FRUITS DES BOIS,1.0
06827,KC010210,YAOURT AROME NOIX DE COCO,1.0
06827,KC010336,YAOURT AROME NATURE,1.0
06827,KC010618,Kinder Creamy T1X8X18,1.0
06827,KC020130,Barre de Chocolat Biscuit noisette BUENO WHITE,1.25
06827,KD010114,Kinder Délice T10X14,1.0
06827,KH010128,Kinder Happy Hippo Cocoa T1x28x6,1.0
06827,KS030116,Kinder Joy T1x16 Boy Collection 2,1.0
06827,KS030216,Kinder Joy T1x16 Girl Collection 2,1.0
06827,MD010112,"Mentos Gum 3D Fresh Mint 8,5g P5x15",1.0
06827,MD020112,"Mentos Gum 3D S-A-R 8,5g P5x15",1.0
06827,MD030112,"Mentos Gum 3D Watermelon 8,5g P5x15",1.0
06827,MG010116,Mentos Gum Rolls Pure Fresh 1.75g P9x16,1.0
06827,MR010108,"Mentos Rolls Menthe 39,2g P14x20",1.0
06827,MR020108,"Mentos Rolls Strawberry 39,2g P14x20",1.0
06827,MR030108,"Mentos Rolls Rainbow 39,2g P14x20",1.0
06827,MR040108,"Mentos Rolls Tutti Frutti 39,2 g P14x20",1.0
06827,MR050108,"Mentos Rolls Fruit 39,2g P14x20",1.0
06827,MR070108,Mentos Rolls Sour Mix 39.2g P14x20,1.0
06827,NP010301,Pate a Tartiner de 350 grs NUTELLA,10.0
06827,NP010306,Pôt Pâte à tartiner de 600g NUTELLA,6.0
06827,NP010406,Pôt Pâte à tartiner de 600g NUTELLA OCCASION,6.0
06827,NP010501,Nutella & Go 52g,24.0
06827,NP010604,Nutella B-Ready T1x36x4,1.0
06827,PH020224,Bonbon Phantasia 80g HARIBO,2.0
06827,RO010112,Bonbon Roulette 25g - HARIBO,1.0
06827,SM010224,Bonbon Starmix 80g HARIBO,2.0
06827,SQ010124,Bonbon Squishy 80g HARIBO,2.0
06827,TB010112,Boite Bonbon Menthe T12x24 TIC TAC,1.0
06827,TB020112,Boite Bonbon Orange T12x24 TIC TAC,1.0
06827,TB030112,Boite Bonbon Spearmint T12x24 TIC TAC,1.0
06827,TB070148,Tic Tac Mix T48x8 ARBRE,2.0
06827,TE020124,Bonbon Teeth 80g HARIBO,2.0
06827,WO020124,Bonbon Worms 80g HARIBO,2.0
06828,AL010124,VIT'UP 170GR COLA CITRON,1.0
06828,AL020112,BEURRE COND 100 gr,1.0
06828,BB012020,CH CH Bigbabol Stick Tutti Frutti 5p x 20 x 20,1.0
06828,BB022020,CH CH Bigbabol Stick Strawberry 5p x 20 x 20,1.0
06828,BI020124,Biskrem DUO 60g - ULKER,24.0
06828,BI080124,BISKREM DUO 85g - ULKER,24.0
06828,BL030136,Blister Mentos Gum White Sweet Mint 17g P12x12,1.0
06828,BL040136,Blister Mentos Gum White Tutti Frutti 17g P12x12,1.0
06828,FA030112,Mentos Fresh Action Stick Cherry Mint 10px24x12,1.0
06828,FR010116,Trio de Rochers Chocolat FERRERO,1.0
06828,FR010120,Bonbon Fruit-tella Stick  Strawberry 10px20x12,1.0
06828,FR010201,Coff. 16 Rochers Chocolat FERRERO,5.0
06828,FR010220,Bonbon Fruit-tella Stick Orange 10px20x12,1.0
06828,FR010401,Coff. de 30 Rochers Chocolat FERRERO,3.0
06828,KC010130,YAOURT AROME FRUITS DES BOIS,1.0
06828,KC010240,BIFI NATURE 0%,1.0
06828,KC010336,YAOURT AROME NATURE,1.0
06828,KC020130,Barre de Chocolat Biscuit noisette BUENO WHITE,1.0
06828,KH020110,Kinder Happy Hippo Cocoa T5x10,1.0
06828,LG010120,Gaufrette Golden Chocolat 140 gr- Lingot (20 pcs),20.0
06828,LG010320,Gaufrette Golden Chocolat Blanc & Framboise 140g-L,20.0
06828,LI050124,Gaufrette gout Fraise 70g - LINGOT (colisage 24),24.0
06828,LT030124,Gaufrette enrobée choco 30G Triple saveur (24x4),1.0
06828,MR010108,"Mentos Rolls Menthe 39,2g P14x20",1.0
06828,MR020108,"Mentos Rolls Strawberry 39,2g P14x20",1.0
06828,MR040108,"Mentos Rolls Tutti Frutti 39,2 g P14x20",1.0
06828,MR050108,"Mentos Rolls Fruit 39,2g P14x20",1.0
06828,MR070108,Mentos Rolls Sour Mix 39.2g P14x20,1.0
06828,MW010112,"Boite Mentos Gum White Sweet Mint 53,2g P38x6",1.0
06828,MW020112,"Boite Mentos Gum White Tutti Frutti 53,2g P38x6",1.0
06828,NP010301,Pate a Tartiner de 350 grs NUTELLA,15.0
06828,NP010306,Pôt Pâte à tartiner de 600g NUTELLA,6.666666666666667
06828,NP010406,Pôt Pâte à tartiner de 600g NUTELLA OCCASION,6.0
06828,NP010501,Nutella & Go 52g,24.0
06828,NP060716,Nutella B-Ready T6x16,3.0
06828,PF010206,Boite Mentos Gum PF Fresh Mint 24g P12x10,1.0
06828,RO010112,Bonbon Roulette 25g - HARIBO,1.0
06828,RR010116,Trio de Rochers Noix Coco RAFAELLO,1.0
06828,TB070148,Tic Tac Mix T48x8 ARBRE,1.0
06829,BB012020,CH CH Bigbabol Stick Tutti Frutti 5p x 20 x 20,1.0
06829,KC010240,BIFI NATURE 0%,1.0
06829,LI050140,Gaufrette Goût Lait 30g - LINGOT (Colisage 40),40.0
06829,MR020108,"Mentos Rolls Strawberry 39,2g P14x20",1.0
06830,AL020112,BEURRE COND 100 gr,1.0
06830,LI020124,Gaufrette gout Lait 70g - LINGOT (colisage 24),24.0
06830,MG010116,Mentos Gum Rolls Pure Fresh 1.75g P9x16,1.0
06830,MR010108,"Mentos Rolls Menthe 39,2g P14x20",1.0
06830,RR010116,Trio de Rochers Noix Coco RAFAELLO,1.0
06831,KC010130,YAOURT AROME FRUITS DES BOIS,1.0
06831,KC020130,Barre de Chocolat Biscuit noisette BUENO WHITE,1.0
06831,KD010114,Kinder Délice T10X14,1.0
06831,LG020224,Gaufrette Golden Chocolat Blanc & Framboise 70g -L,24.0
06831,LG020324,Gaufrette Golden Wafers goût Chocolat 70g - LINGOT,24.0
06831,ML010160,"Gaufrette Mini Lingot  16,5g - LINGOT (colisage 60",60.0
06831,NP010604,Nutella B-Ready T1x36x4,1.0
06832,BI050124,Biskrem Cacao 60g - ULKER,24.0
06832,BL030136,Blister Mentos Gum White Sweet Mint 17g P12x12,1.0
06832,BL040136,Blister Mentos Gum White Tutti Frutti 17g P12x12,1.0
06832,KC010130,YAOURT AROME FRUITS DES BOIS,1.0
06832,KC010210,YAOURT AROME NOIX DE COCO,1.0
06832,KC020130,Barre de Chocolat Biscuit noisette BUENO WHITE,1.0
06832,MR030108,"Mentos Rolls Rainbow 39,2g P14x20",1.0
06832,MR040108,"Mentos Rolls Tutti Frutti 39,2 g P14x20",1.0
06832,NP010604,Nutella B-Ready T1x36x4,1.0
06832,TB070148,Tic Tac Mix T48x8 ARBRE,1.0
06833,BB012020,CH CH Bigbabol Stick Tutti Frutti 5p x 20 x 20,1.0
06833,BB022020,CH CH Bigbabol Stick Strawberry 5p x 20 x 20,1.0
06833,FA030112,Mentos Fresh Action Stick Cherry Mint 10px24x12,1.0
06833,LG020324,Gaufrette Golden Wafers goût Chocolat 70g - LINGOT,24.0
06833,LG020424,Gaufrette Golden Chocolat Blanc & Kiwi 70g - LINGO,24.0
06833,LI030140,Gaufrette Goût Noisette 30g - LINGOT (Colisage 40),40.0
06833,LT030124,Gaufrette enrobée choco 30G Triple saveur (24x4),1.0
06833,MD010112,"Mentos Gum 3D Fresh Mint 8,5g P5x15",1.0
06833,MD020112,"Mentos Gum 3D S-A-R 8,5g P5x15",1.0
06833,ML010160,"Gaufrette Mini Lingot  16,5g - LINGOT (colisage 60",60.0
06833,MR040108,"Mentos Rolls Tutti Frutti 39,2 g P14x20",1.0
06833,RO010112,Bonbon Roulette 25g - HARIBO,1.0
06833,TB020112,Boite Bonbon Orange T12x24 TIC TAC,1.0
06834,CH010124,Bonbon Chamallows Pink & White 70g HARIBO,1.0
06834,FR010201,Coff. 16 Rochers Chocolat FERRERO,1.0
06834,KC020130,Barre de Chocolat Biscuit noisette BUENO WHITE,1.0
06834,KD010114,Kinder Délice T10X14,1.0
06834,KH020110,Kinder Happy Hippo Cocoa T5x10,1.0
06834,LI010140,Gaufrette Goût Chocolat 30g - LINGOT (Colisage 40),40.0
06834,LI020140,GAUFRETTE Goût Caramel 30g -LINGOT (Colisage 40),40.0
06834,LI040140,Gaufrette Goût Fraise 30g - LINGOT (Colisage 40),40.0
06834,LI050140,Gaufrette Goût Lait 30g - LINGOT (Colisage 40),40.0
06834,LT030124,Gaufrette enrobée choco 30G Triple saveur (24x4),1.0
06834,MR050108,"Mentos Rolls Fruit 39,2g P14x20",1.0
06835,LI010124,Gaufrette gout Chocolat 70g - LINGOT(colisage 24),48.0
06835,LI020124,Gaufrette gout Lait 70g - LINGOT (colisage 24),48.0
06835,LI030124,Gaufrette gout Caramel 70g - LINGOT (colisage 24),48.0
06835,LI040124,Gaufrette gout Noisette 70g - LINGOT (colisage 24),48.0
06835,LI050124,Gaufrette gout Fraise 70g - LINGOT (colisage 24),48.0
06835,LI050140,Gaufrette Goût Lait 30g - LINGOT (Colisage 40),40.0
06835,LT010124,Gaufrette enrobée choco 30G Riz Soufflé (24x4),1.0
06835,ML010160,"Gaufrette Mini Lingot  16,5g - LINGOT (colisage 60",60.0
06836,FR010220,Bonbon Fruit-tella Stick Orange 10px20x12,1.0
06836,LI010124,Gaufrette gout Chocolat 70g - LINGOT(colisage 24),24.0
06836,LI030124,Gaufrette gout Caramel 70g - LINGOT (colisage 24),24.0
06836,LT030124,Gaufrette enrobée choco 30G Triple saveur (24x4),1.0
06836,TB070148,Tic Tac Mix T48x8 ARBRE,1.0
06837,LI010124,Gaufrette gout Chocolat 70g - LINGOT(colisage 24),48.0
06838,LI010124,Gaufrette gout Chocolat 70g - LINGOT(colisage 24),24.0
06839,AL010124,VIT'UP 170GR COLA CITRON,1.0
06839,BB012020,CH CH Bigbabol Stick Tutti Frutti 5p x 20 x 20,1.0
06839,CC070106,CH CH Melody Strawberry 48x6,1.0
06839,FA030112,Mentos Fresh Action Stick Cherry Mint 10px24x12,1.0
06839,FR010116,Trio de Rochers Chocolat FERRERO,1.0
06839,KC010120,YAOURT AROME CITRON,1.0
06839,KC010210,YAOURT AROME NOIX DE COCO,1.0
06839,KD010114,Kinder Délice T10X14,1.0
06839,KH010128,Kinder Happy Hippo Cocoa T1x28x6,1.0
06839,KH020110,Kinder Happy Hippo Cocoa T5x10,1.0
06839,KS030116,Kinder Joy T1x16 Boy Collection 2,1.0
06839,KS030216,Kinder Joy T1x16 Girl Collection 2,1.0
06839,MR010108,"Mentos Rolls Menthe 39,2g P14x20",1.0
06839,MR030108,"Mentos Rolls Rainbow 39,2g P14x20",1.0
06839,MR040108,"Mentos Rolls Tutti Frutti 39,2 g P14x20",1.0
06839,MR070108,Mentos Rolls Sour Mix 39.2g P14x20,2.0
06839,MW010112,"Boite Mentos Gum White Sweet Mint 53,2g P38x6",1.0
06839,MW020112,"Boite Mentos Gum White Tutti Frutti 53,2g P38x6",1.0
06839,NP010301,Pate a Tartiner de 350 grs NUTELLA,4.0
06839,NP010306,Pôt Pâte à tartiner de 600g NUTELLA,4.0
06839,NP010604,Nutella B-Ready T1x36x4,1.0
06839,RO010112,Bonbon Roulette 25g - HARIBO,1.0
06839,RR010116,Trio de Rochers Noix Coco RAFAELLO,1.0
06839,TB020112,Boite Bonbon Orange T12x24 TIC TAC,1.0
06839,TB070148,Tic Tac Mix T48x8 ARBRE,1.0
06840,AL010124,VIT'UP 170GR COLA CITRON,1.0
06840,AL020112,BEURRE COND 100 gr,1.0
06840,BB012020,CH CH Bigbabol Stick Tutti Frutti 5p x 20 x 20,1.0
06840,BB022020,CH CH Bigbabol Stick Strawberry 5p x 20 x 20,1.0
06840,BE010112,Biskrem Extra 92g - ULKER,12.0
06840,BI050124,Biskrem Cacao 60g - ULKER,24.0
06840,BI070124,BISKREM CACAO 85g - ULKER,36.0
06840,BL030136,Blister Mentos Gum White Sweet Mint 17g P12x12,1.0
06840,FA030112,Mentos Fresh Action Stick Cherry Mint 10px24x12,1.0
06840,KC010120,YAOURT AROME CITRON,1.0
06840,KC020130,Barre de Chocolat Biscuit noisette BUENO WHITE,1.0
06840,MD020112,"Mentos Gum 3D S-A-R 8,5g P5x15",1.0
06840,MD030112,"Mentos Gum 3D Watermelon 8,5g P5x15",1.0
06840,MR020108,"Mentos Rolls Strawberry 39,2g P14x20",1.0
06840,MR030108,"Mentos Rolls Rainbow 39,2g P14x20",1.0
06840,MR050108,"Mentos Rolls Fruit 39,2g P14x20",1.0
06840,MW010112,"Boite Mentos Gum White Sweet Mint 53,2g P38x6",1.0
06840,MW020112,"Boite Mentos Gum White Tutti Frutti 53,2g P38x6",1.0
06840,TB070148,Tic Tac Mix T48x8 ARBRE,1.0
06841,CH060124,Bonbon Chamallows Pink & White 25g x 24 HARIBO,1.0
06841,KC010120,YAOURT AROME CITRON,1.0
06841,KC010240,BIFI NATURE 0%,1.0
06841,KC010336,YAOURT AROME NATURE,1.0
06841,KD010114,Kinder Délice T10X14,1.0
06841,KS030116,Kinder Joy T1x16 Boy Collection 2,1.0
06841,KS030216,Kinder Joy T1x16 Girl Collection 2,1.0
06841,LI010140,Gaufrette Goût Chocolat 30g - LINGOT (Colisage 40),40.0
06841,MW010112,"Boite Mentos Gum White Sweet Mint 53,2g P38x6",1.0
06842,AL020112,BEURRE COND 100 gr,1.0
06842,LT030124,Gaufrette enrobée choco 30G Triple saveur (24x4),2.0
06845,BI050124,Biskrem Cacao 60g - ULKER,24.0
06845,KC010130,YAOURT AROME FRUITS DES BOIS,1.0
06845,KS030216,Kinder Joy T1x16 Girl Collection 2,1.0
06845,LI010140,Gaufrette Goût Chocolat 30g - LINGOT (Colisage 40),160.0
06845,TB070148,Tic Tac Mix T48x8 ARBRE,1.0
06846,BI070124,BISKREM CACAO 85g - ULKER,24.0
06846,KC010130,YAOURT AROME FRUITS DES BOIS,1.0
06848,CH060124,Bonbon Chamallows Pink & White 25g x 24 HARIBO,1.0
06848,FR010401,Coff. de 30 Rochers Chocolat FERRERO,1.0
06848,KC010130,YAOURT AROME FRUITS DES BOIS,1.0
06848,NP010306,Pôt Pâte à tartiner de 600g NUTELLA,6.0
06849,BI080124,BISKREM DUO 85g - ULKER,24.0
06849,FR010116,Trio de Rochers Chocolat FERRERO,1.0
06849,KC010240,BIFI NATURE 0%,1.0
06849,KS030116,Kinder Joy T1x16 Boy Collection 2,1.0
06849,KS030216,Kinder Joy T1x16 Girl Collection 2,1.0
06849,LI030140,Gaufrette Goût Noisette 30g - LINGOT (Colisage 40),40.0
06849,MR010108,"Mentos Rolls Menthe 39,2g P14x20",1.0
06850,AL020112,BEURRE COND 100 gr,1.0
06850,BB012020,CH CH Bigbabol Stick Tutti Frutti 5p x 20 x 20,1.0
06850,BB022020,CH CH Bigbabol Stick Strawberry 5p x 20 x 20,1.0
06850,BE010112,Biskrem Extra 92g - ULKER,12.0
06850,CC060112,CH CH XXL Strawberry 25Px29g,1.0
06850,CH010124,Bonbon Chamallows Pink & White 70g HARIBO,12.0
06850,FA030112,Mentos Fresh Action Stick Cherry Mint 10px24x12,1.0
06850,FR010501,Coffret de 24 Rochers Collection Chocolat FERRERO,2.0
06850,FR010603,Coffret de 28 Rochers Cône Chocolat FERRERO,1.0
06850,KC010120,YAOURT AROME CITRON,1.0
06850,KC010130,YAOURT AROME FRUITS DES BOIS,1.5
06850,KC010336,YAOURT AROME NATURE,2.0
06850,KD010114,Kinder Délice T10X14,1.0
06850,KH010128,Kinder Happy Hippo Cocoa T1x28x6,1.0
06850,LT010124,Gaufrette enrobée choco 30G Riz Soufflé (24x4),2.0
06850,LT030124,Gaufrette enrobée choco 30G Triple saveur (24x4),2.5
06850,ML010160,"Gaufrette Mini Lingot  16,5g - LINGOT (colisage 60",120.0
06850,MR040108,"Mentos Rolls Tutti Frutti 39,2 g P14x20",1.0
06850,NP010501,Nutella & Go 52g,24.0
06850,RO010112,Bonbon Roulette 25g - HARIBO,2.0
06851,KS030116,Kinder Joy T1x16 Boy Collection 2,1.0
06851,KS030216,Kinder Joy T1x16 Girl Collection 2,1.0
06852,AL010124,VIT'UP 170GR COLA CITRON,1.0
06852,AL020112,BEURRE COND 100 gr,1.0
06852,BB012020,CH CH Bigbabol Stick Tutti Frutti 5p x 20 x 20,2.0
06852,BB022020,CH CH Bigbabol Stick Strawberry 5p x 20 x 20,2.0
06852,BE010112,Biskrem Extra 92g - ULKER,12.0
06852,BI070124,BISKREM CACAO 85g - ULKER,24.0
06852,BI080124,BISKREM DUO 85g - ULKER,24.0
06852,CC070106,CH CH Melody Strawberry 48x6,1.0
06852,CH060124,Bonbon Chamallows Pink & White 25g x 24 HARIBO,1.0
06852,KC010120,YAOURT AROME CITRON,1.0
06852,KC010130,YAOURT AROME FRUITS DES BOIS,1.0
06852,KD010114,Kinder Délice T10X14,4.0
06852,MW010112,"Boite Mentos Gum White Sweet Mint 53,2g P38x6",1.0
06852,MW020112,"Boite Mentos Gum White Tutti Frutti 53,2g P38x6",1.0
06852,RR010116,Trio de Rochers Noix Coco RAFAELLO,1.0
06853,AL020112,BEURRE COND 100 gr,1.0
06853,BI070124,BISKREM CACAO 85g - ULKER,24.0
06853,BI080124,BISKREM DUO 85g - ULKER,24.0
06853,BL030136,Blister Mentos Gum White Sweet Mint 17g P12x12,1.0
06853,BL040136,Blister Mentos Gum White Tutti Frutti 17g P12x12,1.0
06853,KC010130,YAOURT AROME FRUITS DES BOIS,1.0
06853,KC010336,YAOURT AROME NATURE,1.0
06853,LG020424,Gaufrette Golden Chocolat Blanc & Kiwi 70g - LINGO,24.0
06853,LI010140,Gaufrette Goût Chocolat 30g - LINGOT (Colisage 40),40.0
06853,NP010604,Nutella B-Ready T1x36x4,1.0
06854,AL020112,BEURRE COND 100 gr,1.0
06854,BE010112,Biskrem Extra 92g - ULKER,12.0
06854,BI070124,BISKREM CACAO 85g - ULKER,24.0
06854,KC010130,YAOURT AROME FRUITS DES BOIS,1.0
06854,KH020110,Kinder Happy Hippo Cocoa T5x10,1.0
06854,TB070148,Tic Tac Mix T48x8 ARBRE,1.0
06855,CC060106,Sachet Chupa-Chups The Best Of P120x6,1.0
06855,CH010124,Bonbon Chamallows Pink & White 70g HARIBO,24.0
06855,CH060124,Bonbon Chamallows Pink & White 25g x 24 HARIBO,1.0
06855,KC010240,BIFI NATURE 0%,1.0
06855,KC010336,YAOURT AROME NATURE,1.0
06914,BB022020,CH CH Bigbabol Stick Strawberry 5p x 20 x 20,1.0
06914,BL030136,Blister Mentos Gum White Sweet Mint 17g P12x12,1.0
06914,BL040136,Blister Mentos Gum White Tutti Frutti 17g P12x12,1.0
06914,FR010120,Bonbon Fruit-tella Stick  Strawberry 10px20x12,1.0
06914,MW020112,"Boite Mentos Gum White Tutti Frutti 53,2g P38x6",1.0
06914,PF030106,Boite Mentos Gum PF Wintergreen 56g P28x6,1.0
06914,ST010208,Mix Sripe Assortiment 24x8x25g HARIBO,1.0
06915,AL020112,BEURRE COND 100 gr,1.0
06915,BI080124,BISKREM DUO 85g - ULKER,24.0
06916,AL010124,VIT'UP 170GR COLA CITRON,1.0
06916,BL030136,Blister Mentos Gum White Sweet Mint 17g P12x12,1.0
06916,CH060124,Bonbon Chamallows Pink & White 25g x 24 HARIBO,1.0
06916,DC010224,YAOURT BRASSE VANILLE,1.0
06916,FR010116,Trio de Rochers Chocolat FERRERO,1.0
06916,FR010120,Bonbon Fruit-tella Stick  Strawberry 10px20x12,1.0
06916,FR010201,Coff. 16 Rochers Chocolat FERRERO,9.0
06916,FR010301,Coff. de 24 Rochers Chocolat FERRERO,8.0
06916,FR010401,Coff. de 30 Rochers Chocolat FERRERO,12.0
06916,FR010603,Coffret de 28 Rochers Cône Chocolat FERRERO,3.0
06916,KC010120,YAOURT AROME CITRON,1.0
06916,KC010130,YAOURT AROME FRUITS DES BOIS,1.0
06916,KC010210,YAOURT AROME NOIX DE COCO,1.0
06916,KC010240,BIFI NATURE 0%,1.0
06916,KC010336,YAOURT AROME NATURE,1.0
06916,KC020130,Barre de Chocolat Biscuit noisette BUENO WHITE,1.0
06916,KH020110,Kinder Happy Hippo Cocoa T5x10,1.0
06916,KS030116,Kinder Joy T1x16 Boy Collection 2,1.0
06916,KS030216,Kinder Joy T1x16 Girl Collection 2,1.0
06916,MR010108,"Mentos Rolls Menthe 39,2g P14x20",1.0
06916,MR030108,"Mentos Rolls Rainbow 39,2g P14x20",1.0
06916,NP010301,Pate a Tartiner de 350 grs NUTELLA,6.0
06916,NP010306,Pôt Pâte à tartiner de 600g NUTELLA,3.0
06916,RR010116,Trio de Rochers Noix Coco RAFAELLO,1.5
06917,BE010112,Biskrem Extra 92g - ULKER,12.0
06917,BE010124,Bonbon Berries 80g HARIBO,24.0
06917,BI070124,BISKREM CACAO 85g - ULKER,24.0
06917,CH010124,Bonbon Chamallows Pink & White 70g HARIBO,24.0
06917,FR010116,Trio de Rochers Chocolat FERRERO,1.0
06917,FR010120,Bonbon Fruit-tella Stick  Strawberry 10px20x12,1.0
06917,FR010201,Coff. 16 Rochers Chocolat FERRERO,10.0
06917,FR010220,Bonbon Fruit-tella Stick Orange 10px20x12,1.0
06917,GB020130,Bonbon Gold-Bears 80gx30 - HARIBO,30.0
06917,HC020130,Bonbon Happy Cola 80gx30 HARIBO,30.0
06917,HC030124,Bonbon Happy Cherries 80g HARIBO,24.0
06917,HZ010124,TOMATO KETCHUP 200 G - HEINZ,2.0
06917,HZ010224,BARBECUE SAUCE 200 G - HEINZ,2.0
06917,HZ010712,TOMATO KETCHUP 300 G - HEINZ,2.0
06917,KC010120,YAOURT AROME CITRON,1.0
06917,KC010130,YAOURT AROME FRUITS DES BOIS,1.0
06917,KC010210,YAOURT AROME NOIX DE COCO,1.3333333333333333
06917,KC010240,BIFI NATURE 0%,1.0
06917,KC010336,YAOURT AROME NATURE,1.0
06917,KC010618,Kinder Creamy T1X8X18,1.0
06917,KC020130,Barre de Chocolat Biscuit noisette BUENO WHITE,1.0
06917,KD010114,Kinder Délice T10X14,3.0
06917,KH010128,Kinder Happy Hippo Cocoa T1x28x6,5.0
06917,KS030116,Kinder Joy T1x16 Boy Collection 2,1.0
06917,KS030216,Kinder Joy T1x16 Girl Collection 2,1.0
06917,MI010124,Bonbon Mix Fizz 70g HARIBO,24.0
06917,MR010108,"Mentos Rolls Menthe 39,2g P14x20",1.0
06917,MR020108,"Mentos Rolls Strawberry 39,2g P14x20",1.0
06917,MR040108,"Mentos Rolls Tutti Frutti 39,2 g P14x20",1.0
06917,MR050108,"Mentos Rolls Fruit 39,2g P14x20",1.0
06917,MR070108,Mentos Rolls Sour Mix 39.2g P14x20,1.0
06917,NP010301,Pate a Tartiner de 350 grs NUTELLA,12.5
06917,NP010306,Pôt Pâte à tartiner de 600g NUTELLA,6.0
06917,NP010406,Pôt Pâte à tartiner de 600g NUTELLA OCCASION,12.0
06917,NP010501,Nutella & Go 52g,24.0
06917,NP010604,Nutella B-Ready T1x36x4,1.0
06917,PH020224,Bonbon Phantasia 80g HARIBO,24.0
06917,RR010116,Trio de Rochers Noix Coco RAFAELLO,1.0
06917,RR010201,Coff. 15 Rochers Noix Coco RAFAELLO,5.0
06917,SM010224,Bonbon Starmix 80g HARIBO,24.0
06917,SQ010124,Bonbon Squishy 80g HARIBO,24.0
06917,TB070148,Tic Tac Mix T48x8 ARBRE,2.0
06917,TE020124,Bonbon Teeth 80g HARIBO,24.0
06917,WO020124,Bonbon Worms 80g HARIBO,24.0
06961,BE010124,Bonbon Berries 80g HARIBO,1.0
06961,BR010124,LBEN 430 GR,25.0
06961,BR020124,RAIEB 450 GR,20.0
06961,BR050124,VIT'UP Framboise 260GR,100.0
06961,HC030324,Bonbon Happy Cola Fizz 70g HARIBO,1.0
06961,KC010240,BIFI NATURE 0%,1.0
06961,KS030116,Kinder Joy T1x16 Boy Collection 2,1.0
06961,MI010124,Bonbon Mix Fizz 70g HARIBO,1.0
06961,MW020112,"Boite Mentos Gum White Tutti Frutti 53,2g P38x6",1.0
06961,NP010501,Nutella & Go 52g,12.0
06961,PH020224,Bonbon Phantasia 80g HARIBO,1.0
06961,ST010208,Mix Sripe Assortiment 24x8x25g HARIBO,1.0
06961,WO030124,Bonbon Fizz Worms 70g HARIBO,1.0
06962,BB012020,CH CH Bigbabol Stick Tutti Frutti 5p x 20 x 20,1.0
06962,ST010208,Mix Sripe Assortiment 24x8x25g HARIBO,1.0
06963,BI070124,BISKREM CACAO 85g - ULKER,24.0
06963,BR010124,LBEN 430 GR,90.0
06963,BR030124,VIT'UP VANILLE 160GR,28.0
06963,BR050124,VIT'UP Framboise 260GR,49.0
06963,DC010224,YAOURT BRASSE VANILLE,90.0
06963,KC020130,Barre de Chocolat Biscuit noisette BUENO WHITE,1.0
06963,KS030116,Kinder Joy T1x16 Boy Collection 2,1.0
06963,KS030216,Kinder Joy T1x16 Girl Collection 2,1.0
06963,LG010220,Gaufrette Golden  Chocolat Blanc & Citron 140g - L,20.0
06963,LG010320,Gaufrette Golden Chocolat Blanc & Framboise 140g-L,20.0
06973,AL010124,VIT'UP 170GR COLA CITRON,1.0
06973,AL020112,BEURRE COND 100 gr,1.0
06973,BB012020,CH CH Bigbabol Stick Tutti Frutti 5p x 20 x 20,3.0
06973,BE010112,Biskrem Extra 92g - ULKER,12.0
06973,BI020124,Biskrem DUO 60g - ULKER,48.0
06973,BI070124,BISKREM CACAO 85g - ULKER,48.0
06973,BI080124,BISKREM DUO 85g - ULKER,48.0
06973,BL030136,Blister Mentos Gum White Sweet Mint 17g P12x12,1.5
06973,BL040136,Blister Mentos Gum White Tutti Frutti 17g P12x12,1.0
06973,DC010224,YAOURT BRASSE VANILLE,2.0
06973,FA030112,Mentos Fresh Action Stick Cherry Mint 10px24x12,1.0
06973,FR010116,Trio de Rochers Chocolat FERRERO,1.0
06973,KC010130,YAOURT AROME FRUITS DES BOIS,1.0
06973,KC010336,YAOURT AROME NATURE,1.0
06973,KC020130,Barre de Chocolat Biscuit noisette BUENO WHITE,1.0
06973,KD010114,Kinder Délice T10X14,1.0
06973,MD020112,"Mentos Gum 3D S-A-R 8,5g P5x15",1.0
06973,MG010116,Mentos Gum Rolls Pure Fresh 1.75g P9x16,1.5
06973,MR050108,"Mentos Rolls Fruit 39,2g P14x20",3.0
06973,MW010112,"Boite Mentos Gum White Sweet Mint 53,2g P38x6",3.0
06973,NP010301,Pate a Tartiner de 350 grs NUTELLA,3.0
06973,NP010604,Nutella B-Ready T1x36x4,2.0
06973,RA050124,Canette Float Cocktail 240 ML - RANI,24.0
06973,RO010112,Bonbon Roulette 25g - HARIBO,1.0
06973,TB070148,Tic Tac Mix T48x8 ARBRE,1.0
06987,BI070124,BISKREM CACAO 85g - ULKER,36.0
06987,BI080124,BISKREM DUO 85g - ULKER,24.0
06987,CH010124,Bonbon Chamallows Pink & White 70g HARIBO,6.0
06987,DC010224,YAOURT BRASSE VANILLE,1.0
06987,KC010120,YAOURT AROME CITRON,1.0
06987,KC010130,YAOURT AROME FRUITS DES BOIS,1.0
06987,KC020130,Barre de Chocolat Biscuit noisette BUENO WHITE,1.0
06987,KD010114,Kinder Délice T10X14,1.0
06987,MW010112,"Boite Mentos Gum White Sweet Mint 53,2g P38x6",1.0
06987,RO010112,Bonbon Roulette 25g - HARIBO,1.0
06988,AL010124,VIT'UP 170GR COLA CITRON,1.0
06988,BB012020,CH CH Bigbabol Stick Tutti Frutti 5p x 20 x 20,1.0
06988,BB022020,CH CH Bigbabol Stick Strawberry 5p x 20 x 20,1.0
06988,BE010124,Bonbon Berries 80g HARIBO,24.0
06988,BL030136,Blister Mentos Gum White Sweet Mint 17g P12x12,1.0
06988,CH010124,Bonbon Chamallows Pink & White 70g HARIBO,24.0
06988,CH060124,Bonbon Chamallows Pink & White 25g x 24 HARIBO,1.0
06988,DC010224,YAOURT BRASSE VANILLE,1.0
06988,FA030112,Mentos Fresh Action Stick Cherry Mint 10px24x12,1.0
06988,FF010112,Big Babol Filifolly Strawberry 11g x 12 Sachets,1.0
06988,FF030112,Big Babol Filifolly Watermelon 11g x 12 Sachets,1.0
06988,FR010116,Trio de Rochers Chocolat FERRERO,3.0
06988,FR010120,Bonbon Fruit-tella Stick  Strawberry 10px20x12,1.0
06988,FR010220,Bonbon Fruit-tella Stick Orange 10px20x12,1.0
06988,FR010301,Coff. de 24 Rochers Chocolat FERRERO,5.0
06988,FR010401,Coff. de 30 Rochers Chocolat FERRERO,5.0
06988,FR010501,Coffret de 24 Rochers Collection Chocolat FERRERO,6.0
06988,GB020130,Bonbon Gold-Bears 80gx30 - HARIBO,30.0
06988,HC020130,Bonbon Happy Cola 80gx30 HARIBO,30.0
06988,HC030124,Bonbon Happy Cherries 80g HARIBO,24.0
06988,HC030324,Bonbon Happy Cola Fizz 70g HARIBO,24.0
06988,KC010120,YAOURT AROME CITRON,1.0
06988,KC010130,YAOURT AROME FRUITS DES BOIS,1.0
06988,KC010210,YAOURT AROME NOIX DE COCO,1.0
06988,KC010240,BIFI NATURE 0%,2.0
06988,KC010336,YAOURT AROME NATURE,1.0
06988,KC020130,Barre de Chocolat Biscuit noisette BUENO WHITE,1.0
06988,KD010114,Kinder Délice T10X14,1.0
06988,KH020110,Kinder Happy Hippo Cocoa T5x10,1.0
06988,MI010124,Bonbon Mix Fizz 70g HARIBO,24.0
06988,MR010108,"Mentos Rolls Menthe 39,2g P14x20",1.0
06988,MR020108,"Mentos Rolls Strawberry 39,2g P14x20",1.0
06988,MR040108,"Mentos Rolls Tutti Frutti 39,2 g P14x20",1.0
06988,MR050108,"Mentos Rolls Fruit 39,2g P14x20",1.0
06988,NP010501,Nutella & Go 52g,24.0
06988,NP010604,Nutella B-Ready T1x36x4,1.0
06988,PH020224,Bonbon Phantasia 80g HARIBO,24.0
06988,SM010224,Bonbon Starmix 80g HARIBO,24.0
06988,SQ010124,Bonbon Squishy 80g HARIBO,24.0
06988,ST010208,Mix Sripe Assortiment 24x8x25g HARIBO,1.0
06988,TE020124,Bonbon Teeth 80g HARIBO,24.0
06988,WO030124,Bonbon Fizz Worms 70g HARIBO,24.0
06990,BL030136,Blister Mentos Gum White Sweet Mint 17g P12x12,1.0
06990,KC010120,YAOURT AROME CITRON,1.0
06990,KC010130,YAOURT AROME FRUITS DES BOIS,1.0
06990,KC010240,BIFI NATURE 0%,1.0
06990,KH020110,Kinder Happy Hippo Cocoa T5x10,1.0
06990,KS030116,Kinder Joy T1x16 Boy Collection 2,1.0
06990,KS030216,Kinder Joy T1x16 Girl Collection 2,1.0
06990,MR020108,"Mentos Rolls Strawberry 39,2g P14x20",1.0
06990,MR050108,"Mentos Rolls Fruit 39,2g P14x20",1.0
06990,MR070108,Mentos Rolls Sour Mix 39.2g P14x20,1.0
06990,PV010124,Bonbon Primavera 80g HARIBO,4.0
06990,RO010112,Bonbon Roulette 25g - HARIBO,1.0
06990,ST010208,Mix Sripe Assortiment 24x8x25g HARIBO,1.0
06990,WO030124,Bonbon Fizz Worms 70g HARIBO,4.0
06991,BE010124,Bonbon Berries 80g HARIBO,9.0
06991,BI080124,BISKREM DUO 85g - ULKER,24.0
06991,CH010124,Bonbon Chamallows Pink & White 70g HARIBO,24.0
06991,CH060124,Bonbon Chamallows Pink & White 25g x 24 HARIBO,1.0
06991,GB020130,Bonbon Gold-Bears 80gx30 - HARIBO,15.0
06991,HC020130,Bonbon Happy Cola 80gx30 HARIBO,15.0
06991,HC030124,Bonbon Happy Cherries 80g HARIBO,9.0
06991,HC030324,Bonbon Happy Cola Fizz 70g HARIBO,9.0
06991,MI010124,Bonbon Mix Fizz 70g HARIBO,9.0
06991,PH020224,Bonbon Phantasia 80g HARIBO,10.0
06991,PV010124,Bonbon Primavera 80g HARIBO,5.0
06991,SM010224,Bonbon Starmix 80g HARIBO,10.0
06991,SQ010124,Bonbon Squishy 80g HARIBO,9.0
06991,TE020124,Bonbon Teeth 80g HARIBO,18.0
06991,WO030124,Bonbon Fizz Worms 70g HARIBO,9.0
06992,BL030136,Blister Mentos Gum White Sweet Mint 17g P12x12,1.0
06992,BL040136,Blister Mentos Gum White Tutti Frutti 17g P12x12,1.0
06992,CC060106,Sachet Chupa-Chups The Best Of P120x6,1.0
06992,CH060124,Bonbon Chamallows Pink & White 25g x 24 HARIBO,1.0
06992,KC010120,YAOURT AROME CITRON,1.0
06992,KC010130,YAOURT AROME FRUITS DES BOIS,1.0
06992,KC020130,Barre de Chocolat Biscuit noisette BUENO WHITE,1.0
06992,MW010112,"Boite Mentos Gum White Sweet Mint 53,2g P38x6",1.0
06992,MW020112,"Boite Mentos Gum White Tutti Frutti 53,2g P38x6",1.0
06992,TB020112,Boite Bonbon Orange T12x24 TIC TAC,1.0
06993,CH060124,Bonbon Chamallows Pink & White 25g x 24 HARIBO,1.0
06994,BE010112,Biskrem Extra 92g - ULKER,12.0
06994,BL030136,Blister Mentos Gum White Sweet Mint 17g P12x12,1.0
06994,CC060106,Sachet Chupa-Chups The Best Of P120x6,1.0
06994,CC070106,CH CH Melody Strawberry 48x6,1.0
06994,CH010124,Bonbon Chamallows Pink & White 70g HARIBO,4.0
06994,FR010116,Trio de Rochers Chocolat FERRERO,1.0
06994,FR010120,Bonbon Fruit-tella Stick  Strawberry 10px20x12,1.0
06994,FR010220,Bonbon Fruit-tella Stick Orange 10px20x12,1.0
06994,KC010120,YAOURT AROME CITRON,1.0
06994,KC010240,BIFI NATURE 0%,1.0
06994,KC020130,Barre de Chocolat Biscuit noisette BUENO WHITE,1.0
06994,KS030116,Kinder Joy T1x16 Boy Collection 2,1.0
06994,KS030216,Kinder Joy T1x16 Girl Collection 2,1.0
06994,LG010120,Gaufrette Golden Chocolat 140 gr- Lingot (20 pcs),20.0
06994,MG010116,Mentos Gum Rolls Pure Fresh 1.75g P9x16,1.0
06995,ST010208,Mix Sripe Assortiment 24x8x25g HARIBO,1.0
06996,AL010124,VIT'UP 170GR COLA CITRON,2.0
06996,CH010124,Bonbon Chamallows Pink & White 70g HARIBO,10.0
06996,FA030112,Mentos Fresh Action Stick Cherry Mint 10px24x12,1.0
06996,FF020112,Big Babol Filifolly Fruit 11g x 12 Sachets,1.0
06996,FR010116,Trio de Rochers Chocolat FERRERO,1.0
06996,KC010120,YAOURT AROME CITRON,1.0
06996,MW010112,"Boite Mentos Gum White Sweet Mint 53,2g P38x6",1.0
06996,NP010604,Nutella B-Ready T1x36x4,1.0
06996,ST010208,Mix Sripe Assortiment 24x8x25g HARIBO,1.0
07010,AL010124,VIT'UP 170GR COLA CITRON,1.0
07010,KC010120,YAOURT AROME CITRON,1.0
07010,KC010240,BIFI NATURE 0%,1.0
07010,KC010336,YAOURT AROME NATURE,1.0
07010,LG010320,Gaufrette Golden Chocolat Blanc & Framboise 140g-L,20.0
07010,LG020324,Gaufrette Golden Wafers goût Chocolat 70g - LINGOT,24.0
07010,LI010140,Gaufrette Goût Chocolat 30g - LINGOT (Colisage 40),40.0
07010,LI020140,GAUFRETTE Goût Caramel 30g -LINGOT (Colisage 40),40.0
07011,KC010130,YAOURT AROME FRUITS DES BOIS,1.0
07011,LG010320,Gaufrette Golden Chocolat Blanc & Framboise 140g-L,20.0
07013,AL020112,BEURRE COND 100 gr,1.0
07013,BI070124,BISKREM CACAO 85g - ULKER,24.0
07013,KS030116,Kinder Joy T1x16 Boy Collection 2,1.0
07013,KS030216,Kinder Joy T1x16 Girl Collection 2,1.0
07013,LG020124,Gaufrette Golden  Chocolat Blanc & Citron 70g,24.0
07014,LI010124,Gaufrette gout Chocolat 70g - LINGOT(colisage 24),24.0
07014,LI020124,Gaufrette gout Lait 70g - LINGOT (colisage 24),24.0
07015,AL020112,BEURRE COND 100 gr,1.0
07015,LG020324,Gaufrette Golden Wafers goût Chocolat 70g - LINGOT,24.0
07015,LI010124,Gaufrette gout Chocolat 70g - LINGOT(colisage 24),24.0
07016,BI020124,Biskrem DUO 60g - ULKER,48.0
07016,BI050124,Biskrem Cacao 60g - ULKER,24.0
07016,BI070124,BISKREM CACAO 85g - ULKER,24.0
07016,BI080124,BISKREM DUO 85g - ULKER,24.0
07016,DC010224,YAOURT BRASSE VANILLE,1.0
07016,KC010120,YAOURT AROME CITRON,1.0
07016,KC010130,YAOURT AROME FRUITS DES BOIS,1.0
07016,KC010336,YAOURT AROME NATURE,1.0
07016,KC020130,Barre de Chocolat Biscuit noisette BUENO WHITE,1.0
07016,KH020110,Kinder Happy Hippo Cocoa T5x10,1.0
07016,KS030216,Kinder Joy T1x16 Girl Collection 2,1.0
07016,LG010220,Gaufrette Golden  Chocolat Blanc & Citron 140g - L,40.0
07016,MW020112,"Boite Mentos Gum White Tutti Frutti 53,2g P38x6",1.0
07016,PF030106,Boite Mentos Gum PF Wintergreen 56g P28x6,1.0
07095,BB012020,CH CH Bigbabol Stick Tutti Frutti 5p x 20 x 20,1.0
07095,BB022020,CH CH Bigbabol Stick Strawberry 5p x 20 x 20,1.0
07095,BL030136,Blister Mentos Gum White Sweet Mint 17g P12x12,1.0
07095,BL040136,Blister Mentos Gum White Tutti Frutti 17g P12x12,1.0
07095,KC010120,YAOURT AROME CITRON,1.0
07095,KC010130,YAOURT AROME FRUITS DES BOIS,1.0
07095,KC020130,Barre de Chocolat Biscuit noisette BUENO WHITE,1.0
07095,NP010301,Pate a Tartiner de 350 grs NUTELLA,12.0
07095,NP010604,Nutella B-Ready T1x36x4,2.0
07095,NP060716,Nutella B-Ready T6x16,6.0
07095,ST010208,Mix Sripe Assortiment 24x8x25g HARIBO,1.0
07096,CC060106,Sachet Chupa-Chups The Best Of P120x6,1.0
07097,BE010112,Biskrem Extra 92g - ULKER,12.0
07097,BI020124,Biskrem DUO 60g - ULKER,24.0
07097,BI070124,BISKREM CACAO 85g - ULKER,24.0
07097,BI080124,BISKREM DUO 85g - ULKER,24.0
07097,FR010116,Trio de Rochers Chocolat FERRERO,1.0
07097,FR010201,Coff. 16 Rochers Chocolat FERRERO,5.0
07097,KC010120,YAOURT AROME CITRON,1.0
07097,KC010130,YAOURT AROME FRUITS DES BOIS,1.0
07097,KC010210,YAOURT AROME NOIX DE COCO,1.0
07097,KC010336,YAOURT AROME NATURE,1.0
07097,KC020130,Barre de Chocolat Biscuit noisette BUENO WHITE,1.0
07097,KH020110,Kinder Happy Hippo Cocoa T5x10,1.0
07097,KS030116,Kinder Joy T1x16 Boy Collection 2,1.0
07097,KS030216,Kinder Joy T1x16 Girl Collection 2,1.0
07097,MR040108,"Mentos Rolls Tutti Frutti 39,2 g P14x20",1.0
07097,MR070108,Mentos Rolls Sour Mix 39.2g P14x20,1.0
07097,NP010301,Pate a Tartiner de 350 grs NUTELLA,15.0
07097,NP010501,Nutella & Go 52g,24.0
07100,CC060106,Sachet Chupa-Chups The Best Of P120x6,1.0
07100,CH010124,Bonbon Chamallows Pink & White 70g HARIBO,7.0
07100,NP060716,Nutella B-Ready T6x16,1.0
07100,PV010124,Bonbon Primavera 80g HARIBO,22.0
07101,FR010201,Coff. 16 Rochers Chocolat FERRERO,5.0
07101,LG010420,Gaufrette Golden Chocolat Blanc & Kiwi 140g - LING,20.0
07101,LG020224,Gaufrette Golden Chocolat Blanc & Framboise 70g -L,24.0
07101,LI010124,Gaufrette gout Chocolat 70g - LINGOT(colisage 24),24.0
07101,LI030124,Gaufrette gout Caramel 70g - LINGOT (colisage 24),24.0
07101,LI040124,Gaufrette gout Noisette 70g - LINGOT (colisage 24),24.0
07101,NP010301,Pate a Tartiner de 350 grs NUTELLA,6.0
07101,NP010306,Pôt Pâte à tartiner de 600g NUTELLA,5.0
07101,NP010501,Nutella & Go 52g,24.0
07102,AL010124,VIT'UP 170GR COLA CITRON,1.0
07102,AL020112,BEURRE COND 100 gr,1.0
07102,BB012020,CH CH Bigbabol Stick Tutti Frutti 5p x 20 x 20,1.0
07102,BB022020,CH CH Bigbabol Stick Strawberry 5p x 20 x 20,1.0
07102,BE010112,Biskrem Extra 92g - ULKER,12.0
07102,BE010124,Bonbon Berries 80g HARIBO,24.0
07102,BI020124,Biskrem DUO 60g - ULKER,24.0
07102,BI050124,Biskrem Cacao 60g - ULKER,24.0
07102,BI070124,BISKREM CACAO 85g - ULKER,24.0
07102,BI080124,BISKREM DUO 85g - ULKER,24.0
07102,BL030136,Blister Mentos Gum White Sweet Mint 17g P12x12,1.0
07102,BL040136,Blister Mentos Gum White Tutti Frutti 17g P12x12,1.0
07102,CC070106,CH CH Melody Strawberry 48x6,1.0
07102,FA030112,Mentos Fresh Action Stick Cherry Mint 10px24x12,1.0
07102,FF010112,Big Babol Filifolly Strawberry 11g x 12 Sachets,1.0
07102,FF020112,Big Babol Filifolly Fruit 11g x 12 Sachets,1.0
07102,FF030112,Big Babol Filifolly Watermelon 11g x 12 Sachets,1.0
07102,FR010120,Bonbon Fruit-tella Stick  Strawberry 10px20x12,1.0
07102,FR010201,Coff. 16 Rochers Chocolat FERRERO,5.0
07102,FR010220,Bonbon Fruit-tella Stick Orange 10px20x12,1.0
07102,HC030124,Bonbon Happy Cherries 80g HARIBO,18.0
07102,KC010120,YAOURT AROME CITRON,1.5
07102,KC010210,YAOURT AROME NOIX DE COCO,1.0
07102,KC010240,BIFI NATURE 0%,1.0
07102,KC020130,Barre de Chocolat Biscuit noisette BUENO WHITE,1.0
07102,KH020110,Kinder Happy Hippo Cocoa T5x10,1.0
07102,KS030116,Kinder Joy T1x16 Boy Collection 2,1.0
07102,KS030216,Kinder Joy T1x16 Girl Collection 2,1.0
07102,MG010116,Mentos Gum Rolls Pure Fresh 1.75g P9x16,1.0
07102,MR040108,"Mentos Rolls Tutti Frutti 39,2 g P14x20",2.0
07102,MW010112,"Boite Mentos Gum White Sweet Mint 53,2g P38x6",1.0
07102,MW020112,"Boite Mentos Gum White Tutti Frutti 53,2g P38x6",1.0
07102,NP010301,Pate a Tartiner de 350 grs NUTELLA,6.0
07102,NP010501,Nutella & Go 52g,24.0
07102,PH020224,Bonbon Phantasia 80g HARIBO,24.0
07102,PV010124,Bonbon Primavera 80g HARIBO,48.0
07102,SM010224,Bonbon Starmix 80g HARIBO,36.0
07102,TE020124,Bonbon Teeth 80g HARIBO,12.0
07103,CH010124,Bonbon Chamallows Pink & White 70g HARIBO,6.0
07103,FR010201,Coff. 16 Rochers Chocolat FERRERO,2.0
07103,HC030324,Bonbon Happy Cola Fizz 70g HARIBO,8.0
07103,MI010124,Bonbon Mix Fizz 70g HARIBO,10.0
07103,SM010224,Bonbon Starmix 80g HARIBO,4.0
07103,WO030124,Bonbon Fizz Worms 70g HARIBO,20.0
07843,BI050124,Biskrem Cacao 60g - ULKER,24.0
07843,FR010116,Trio de Rochers Chocolat FERRERO,1.0
07843,FR010201,Coff. 16 Rochers Chocolat FERRERO,1.5
07843,FR010401,Coff. de 30 Rochers Chocolat FERRERO,1.0
07843,KC010120,YAOURT AROME CITRON,1.0
07843,KC010130,YAOURT AROME FRUITS DES BOIS,1.0
07843,KS030116,Kinder Joy T1x16 Boy Collection 2,1.0
07843,LT030124,Gaufrette enrobée choco 30G Triple saveur (24x4),1.5
07843,MR070108,Mentos Rolls Sour Mix 39.2g P14x20,1.0
07843,NP010604,Nutella B-Ready T1x36x4,1.0
07843,RR010116,Trio de Rochers Noix Coco RAFAELLO,1.0
07843,TB070148,Tic Tac Mix T48x8 ARBRE,1.0
00001,0005,Compote pomme fraise,12.0
00001,AL020112,BEURRE COND 100 gr,8.0
00001,BR020124,RAIEB 450 GR,1.0
01210,BI030124,Biskrem DUO 110g - ULKER,24.0
01210,CC060112,CH CH XXL Strawberry 25Px29g,1.0
01210,FR010120,Bonbon Fruit-tella Stick  Strawberry 10px20x12,1.0
01210,KC010120,YAOURT AROME CITRON,1.0
01210,KC010130,YAOURT AROME FRUITS DES BOIS,1.0
01210,KC010240,BIFI NATURE 0%,1.0
01210,KD010114,Kinder Délice T10X14,1.0
33300,BR010124,LBEN 430 GR,3.0
03690,BR010124,LBEN 430 GR,2.0
03690,BR020124,RAIEB 450 GR,2.0
03690,EX030110,Ch Ch Extruded Bites 10DB*20Pou*24.2g,3.2
04372,CH010124,Bonbon Chamallows Pink & White 70g HARIBO,3.0
04372,CH020424,Bonbon Chamallows Party 70g HARIBO,4.0
04372,KK010106,KAT KAT TAT Noisette 24g (24x6),2.0
04372,KK010112,KAT KAT TAT Chocolat 26g (24x12),1.0
04372,LG010120,Gaufrette Golden Chocolat 140 gr- Lingot (20 pcs),20.0
04372,RA010124,Canette Float Orange 240 ML - RANI,6.0
04372,RA030124,Canette Float Mangue 240 ML - RANI,6.0
04411,KC010120,YAOURT AROME CITRON,1.0
04950,BL040136,Blister Mentos Gum White Tutti Frutti 17g P12x12,1.0
04950,KS030116,Kinder Joy T1x16 Boy Collection 2,1.0
06024,AL020112,BEURRE COND 100 gr,1.0
06024,BE010112,Biskrem Extra 92g - ULKER,12.0
06024,BI020124,Biskrem DUO 60g - ULKER,24.0
06024,BI030112,BISKREM DUO 85g - ULKER,12.0
06024,BI030124,Biskrem DUO 110g - ULKER,24.0
06024,BI050124,Biskrem Cacao 60g - ULKER,24.0
06024,BI060124,Biskrem Cacao 110g - ULKER,24.0
06024,BI070124,BISKREM CACAO 85g - ULKER,24.0
06024,BI080124,BISKREM DUO 85g - ULKER,24.0
06024,CC060106,Sachet Chupa-Chups The Best Of P120x6,1.0
06024,CH010124,Bonbon Chamallows Pink & White 70g HARIBO,3.0
06024,CH020424,Bonbon Chamallows Party 70g HARIBO,11.2
06024,DC010224,YAOURT BRASSE VANILLE,1.0
06024,FA020118,Mentos Fresh Action Cup Cherry Mint 280g P100x18,1.0
06024,FR010116,Trio de Rochers Chocolat FERRERO,1.0
06024,FR010401,Coff. de 30 Rochers Chocolat FERRERO,1.0
06024,GB010324,Bonbon Gold-Bears 30g HARIBO,24.0
06024,JA010106,Mini Mentos Jar Fruit Mix 1Kg P100x6,1.0
06024,KC010120,YAOURT AROME CITRON,1.0
06024,KC010130,YAOURT AROME FRUITS DES BOIS,1.0
06024,KC010240,BIFI NATURE 0%,1.0
06024,KC010506,Kinder Creamy T1x24x6,1.0
06024,KC020130,Barre de Chocolat Biscuit noisette BUENO WHITE,1.0
06024,KD010114,Kinder Délice T10X14,17.333333333333332
06024,KD020114,Kinder Délice T1X10X14 (Pièce),9.0
06024,KH010128,Kinder Happy Hippo Cocoa T1x28x6,4.333333333333333
06024,KH020110,Kinder Happy Hippo Cocoa T5x10,1.0
06024,KK010106,KAT KAT TAT Noisette 24g (24x6),1.0
06024,KK010112,KAT KAT TAT Chocolat 26g (24x12),1.0
06024,KS020116,Kinder Joy T1x16 Boy,1.0
06024,KS020216,Kinder Joy T1x16 Girl,1.0
06024,KS030116,Kinder Joy T1x16 Boy Collection 2,1.0
06024,KS030216,Kinder Joy T1x16 Girl Collection 2,1.0
06024,LG010120,Gaufrette Golden Chocolat 140 gr- Lingot (20 pcs),20.0
06024,LI010124,Gaufrette gout Chocolat 70g - LINGOT(colisage 24),24.0
06024,LI030124,Gaufrette gout Caramel 70g - LINGOT (colisage 24),24.0
06024,LT010124,Gaufrette enrobée choco 30G Riz Soufflé (24x4),4.0
06024,LT020124,Gaufrette enrobée choco 30G Cacahueté (24x4),2.5
06024,LT030124,Gaufrette enrobée choco 30G Triple saveur (24x4),2.0
06024,ML010160,"Gaufrette Mini Lingot  16,5g - LINGOT (colisage 60",75.0
06024,MR050108,"Mentos Rolls Fruit 39,2g P14x20",1.0
06024,NP010501,Nutella & Go 52g,21.0
06024,NP010604,Nutella B-Ready T1x36x4,1.0
06024,PH020224,Bonbon Phantasia 80g HARIBO,2.0
06024,RO010112,Bonbon Roulette 25g - HARIBO,1.0
06024,RR010116,Trio de Rochers Noix Coco RAFAELLO,1.0
06024,SM010224,Bonbon Starmix 80g HARIBO,1.0
06024,ST010208,Mix Sripe Assortiment 24x8x25g HARIBO,1.0
06024,TB070148,Tic Tac Mix T48x8 ARBRE,1.0
06028,AL020112,BEURRE COND 100 gr,10.0
06028,BI020124,Biskrem DUO 60g - ULKER,24.0
06028,BI030124,Biskrem DUO 110g - ULKER,24.0
06028,BI040124,Biskrem Cacao 40g - ULKER,24.0
06028,CC060112,CH CH XXL Strawberry 25Px29g,1.0
06028,CH010124,Bonbon Chamallows Pink & White 70g HARIBO,5.0
06028,CH020424,Bonbon Chamallows Party 70g HARIBO,5.0
06028,FF020112,Big Babol Filifolly Fruit 11g x 12 Sachets,1.0
06028,JA010106,Mini Mentos Jar Fruit Mix 1Kg P100x6,1.0
06028,KC010120,YAOURT AROME CITRON,1.0
06028,KC010130,YAOURT AROME FRUITS DES BOIS,1.0
06028,KC010240,BIFI NATURE 0%,1.0
06028,KK010106,KAT KAT TAT Noisette 24g (24x6),1.0
06028,KK010112,KAT KAT TAT Chocolat 26g (24x12),1.3333333333333333
06028,LG010120,Gaufrette Golden Chocolat 140 gr- Lingot (20 pcs),12.5
06028,LG020124,Gaufrette Golden  Chocolat Blanc & Citron 70g,24.0
06028,LG020224,Gaufrette Golden Chocolat Blanc & Framboise 70g -L,24.0
06028,LG020324,Gaufrette Golden Wafers goût Chocolat 70g - LINGOT,24.0
06028,LI010124,Gaufrette gout Chocolat 70g - LINGOT(colisage 24),36.0
06028,LI020124,Gaufrette gout Lait 70g - LINGOT (colisage 24),24.0
06028,LI030124,Gaufrette gout Caramel 70g - LINGOT (colisage 24),24.0
06028,LI040124,Gaufrette gout Noisette 70g - LINGOT (colisage 24),24.0
06028,LI050124,Gaufrette gout Fraise 70g - LINGOT (colisage 24),24.0
06028,LT010124,Gaufrette enrobée choco 30G Riz Soufflé (24x4),4.0
06028,LT020124,Gaufrette enrobée choco 30G Cacahueté (24x4),2.5
06028,LT030124,Gaufrette enrobée choco 30G Triple saveur (24x4),4.0
06028,MG010116,Mentos Gum Rolls Pure Fresh 1.75g P9x16,1.0
06028,MR010108,"Mentos Rolls Menthe 39,2g P14x20",1.0
06028,MR020108,"Mentos Rolls Strawberry 39,2g P14x20",1.0
06028,MR030108,"Mentos Rolls Rainbow 39,2g P14x20",1.0
06028,MR040108,"Mentos Rolls Tutti Frutti 39,2 g P14x20",1.0
06028,NP010301,Pate a Tartiner de 350 grs NUTELLA,3.0
06028,NP010604,Nutella B-Ready T1x36x4,1.0
06028,RO010112,Bonbon Roulette 25g - HARIBO,2.0
06028,ST010208,Mix Sripe Assortiment 24x8x25g HARIBO,1.0
06028,TB070148,Tic Tac Mix T48x8 ARBRE,1.0
06802,BI020124,Biskrem DUO 60g - ULKER,24.0
06802,LI030124,Gaufrette gout Caramel 70g - LINGOT (colisage 24),24.0
06802,LT030124,Gaufrette enrobée choco 30G Triple saveur (24x4),1.0
06802,ML010160,"Gaufrette Mini Lingot  16,5g - LINGOT (colisage 60",60.0
06802,RA010124,Canette Float Orange 240 ML - RANI,10.0
0C000,BR010124,LBEN 430 GR,21.857142857142858
0C000,KC010121,YAOURT AROME FRAISE,50.0
0C000,M10,زيت الباشا,27.5
00CL0,AL010124,VIT'UP 170GR COLA CITRON,7.0
CL005,AL010124,VIT'UP 170GR COLA CITRON,5.0
CL005,AL020112,BEURRE COND 100 gr,6.0
CL005,0000,DOLCE DUO 70 GR,4.0
CL005,AL020112,BEURRE COND 100 gr,4.75
CL005,BR010124,LBEN 430 GR,4.5
CL005,BR020124,RAIEB 450 GR,2.0
CL005,BR040124,VIT'UP FRAISE 260GR,3.0
CL098,BR010124,LBEN 430 GR,2.4
CL098,0000,DOLCE DUO 70 GR,3.0
CL098,BR010124,LBEN 430 GR,3.0
CL098,BR030124,VIT'UP VANILLE 160GR,5.0
CL098,BR040124,VIT'UP FRAISE 260GR,2.0
CL098,BR010124,LBEN 430 GR,12.0
00CL1,AL010124,VIT'UP 170GR COLA CITRON,8.0
00CL1,BR020124,RAIEB 450 GR,0.5
cl202,0000,DOLCE DUO 70 GR,2.6666666666666665
cl202,BE030106,Bonbon Berries 1 kg HARIBO,4.0
cl202,BR010124,LBEN 430 GR,3.0
cl202,BR020124,RAIEB 450 GR,2.6666666666666665
cl202,BR040124,VIT'UP FRAISE 260GR,1.0
cl202,M10,زيت الباشا,2.0
cl202,zaeaze,zaezaeazeaze,2.125
cl202,AL010124,VIT'UP 170GR COLA CITRON,2.0
cl202,0000,DOLCE DUO 70 GR,2.0
cl202,AL010124,VIT'UP 170GR COLA CITRON,3.0
cl202,AL020112,BEURRE COND 100 gr,4.0
cl202,BR010124,LBEN 430 GR,2.5
cl202,BR020124,RAIEB 450 GR,2.0
cl202,BR030124,VIT'UP VANILLE 160GR,2.0
cl202,BR040124,VIT'UP FRAISE 260GR,3.0
cl202,BR050124,VIT'UP Framboise 260GR,3.0
cl202,M10,زيت الباشا,4.0
cl202,zaeaze,zaezaeazeaze,4.5
CLMAG,BR010124,LBEN 430 GR,15.0
CLMAG,BR01012tte,LBEN 430 GR Modifie,15.0
CLMAG,BR010124,LBEN 430 GR,5.0
CLMAG,BR040124,VIT'UP FRAISE 260GR,120.0
CLMAG,BR050124,VIT'UP Framboise 260GR,120.0
CLMAG,BR01012tte,LBEN 430 GR Modifie,25.0
CLMAG,BR020124,RAIEB 450 GR,8.0
CLMAG,BR030124,VIT'UP VANILLE 160GR,13.333333333333334
CLMAG,BR040124,VIT'UP FRAISE 260GR,35.0
CLMAG,KC010110,YAOURT AROME BANANE,9.0
CLMg1,0000,DOLCE DUO 70 GR,33.666666666666664
CLMg1,BR010124,LBEN 430 GR,4.25
CLMg1,BR01012tte,LBEN 430 GR Modifie,5.0
CLMg1,BR020124,RAIEB 450 GR,5.0
CLMg1,DC010224,YAOURT BRASSE VANILLE,1.0
CLMg1,p132,ميني كيك20,10.0
CLMg1,0000,DOLCE DUO 70 GR,4.0
CLMg1,BR030124,VIT'UP VANILLE 160GR,5.0
CLMg1,BR040124,VIT'UP FRAISE 260GR,4.0
CLMg1,BR010124,LBEN 430 GR,3.5
CLMg1,BR01012tte,LBEN 430 GR Modifie,6.0
CLMg1,BR020124,RAIEB 450 GR,6.0
CLMg1,BR050124,VIT'UP Framboise 260GR,5.0
CLMg1,BR010124,LBEN 430 GR,3.0
CLMg1,BR01012tte,LBEN 430 GR Modifie,3.0
CLT00,0000,DOLCE DUO 70 GR,13.0
CLT00,111701,شكلاطة موس,6.0
CLT00,AL020112,BEURRE COND 100 gr,2.0
CLT00,BR010124,LBEN 430 GR,2.5
CLT00,BR030124,VIT'UP VANILLE 160GR,2.0
CLT00,0000,DOLCE DUO 70 GR,8.0
CLT00,110101,معطر ياغورت,4.0
CLT00,111701,شكلاطة موس,2.0
CLT00,AL020112,BEURRE COND 100 gr,1.0
CLT00,BE010124,Bonbon Berries 80g HARIBO,2.0
CLT00,BR010124,LBEN 430 GR,8.454545454545455
CLT00,BR01012tte,LBEN 430 GR Modifie,2.0
CLT00,BR020124,RAIEB 450 GR,2.6
CLT00,BR030124,VIT'UP VANILLE 160GR,6.0
CLT00,BR040124,VIT'UP FRAISE 260GR,6.333333333333333
CLT00,BR050124,VIT'UP Framboise 260GR,61.0
CLT00,CC010112,Sachet Chupa-Chups Fruit P10x12,4.0
CLT00,CC020112,Sachet Chupa-Chups Fresh Cola P10x12,3.0
CLT00,CC030112,Sachet Chupa-Chups Milky P10x12,4.0
CLT00,CC040112,Sachet Chupa-Chups Fruit Universe P10x12,3.0
CLT00,CC050112,Sachet Chupa-Chups The Best Of P10x12,4.0
CLT00,CC060106,Sachet Chupa-Chups The Best Of P120x6,4.0
CLT00,CC060107,Présentoir Chupa-Chups Wheels P120x1,3.0
CLT00,CC060112,CH CH XXL Strawberry 25Px29g,3.0
CLT00,CH010124,Bonbon Chamallows Pink & White 70g HARIBO,4.0
CLT00,CH010224,Bonbon Chamallows Hearts 150g HARIBO,3.0
CLT00,CH010324,Bonbon Chamallows Smurfs 125g HARIBO,2.0
CLT00,CH010424,Bonbon Chamallows Pink & White 150g HARIBO,3.0
CLT00,CH010524,Bonbon Chamallows Flowers 150g HARIBO,3.0
CLT00,EX010112,Sachet Chupa Chups Extruded Bites 90g x 12,4.0
CLT00,EX020116,Ch Ch Extruded Belt Mono 16DB*32FP*10.5g,3.0
CLT00,EX030110,Ch Ch Extruded Bites 10DB*20Pou*24.2g,3.0
CLT00,EX040108,Ch Ch Extruded Belt 8DB*12Tr*57g,3.0
CLT00,L003,FILTRE A HUILE MISFAT L003,37.5
CLT00,L134,Filtre à huile L134,96.0
CLT00,p1,السلام عليكم ورحمة الله وبركات,6.0
CLT00,p132,ميني كيك20,18.0
CLT00,P473,Filtre à air p473,60.0
CLT00,zaeaze,zaezaeazeaze,3.0
CLT00,0000,DOLCE DUO 70 GR,3.0
CLT00,AL020112,BEURRE COND 100 gr,2.0
CLT00,BR010124,LBEN 430 GR,3.0
CLT00,BR020124,RAIEB 450 GR,2.0
CLT00,L003,FILTRE A HUILE MISFAT L003,3.0
CLT00,L134,Filtre à huile L134,10.0
CLT00,zaeaze,zaezaeazeaze,4.0
CLTES,BR010124,LBEN 430 GR,12.0
MAG V,BR020124,RAIEB 450 GR,4.5
MAG V,BR030124,VIT'UP VANILLE 160GR,22.5
MAG V,0000,DOLCE DUO 70 GR,10.0
MAG V,BR020124,RAIEB 450 GR,3.0
MAG V,BR030124,VIT'UP VANILLE 160GR,3.0
MAG V,0000,DOLCE DUO 70 GR,3.0
MAG V,AL010124,VIT'UP 170GR COLA CITRON,4.0
MAG V,zaeaze,zaezaeazeaze,1.0
MAG V,0000,DOLCE DUO 70 GR,3.0
MAG V,L134,Filtre à huile L134,3.0
MAG V,BR050124,VIT'UP Framboise 260GR,1.0
MAG V,0000,DOLCE DUO 70 GR,3.0
MAG V,zaeaze,zaezaeazeaze,3.0
MAG V,BI020124,Biskrem DUO 60g - ULKER,24.0
MAG V,BI030124,Biskrem DUO 110g - ULKER,24.0
MAG V,BI050124,Biskrem Cacao 60g - ULKER,24.0
MAG V,BI060124,Biskrem Cacao 110g - ULKER,24.0
MAG V,CC060106,Sachet Chupa-Chups The Best Of P120x6,1.0
MAG V,CC070106,CH CH Melody Strawberry 48x6,2.0
MAG V,CH010124,Bonbon Chamallows Pink & White 70g HARIBO,11.0
MAG V,CH020424,Bonbon Chamallows Party 70g HARIBO,24.0
MAG V,DC010224,YAOURT BRASSE VANILLE,2.0
MAG V,FA010118,Mentos Fresh Action Cup Menthol 280g P100x18,2.0
MAG V,GB010324,Bonbon Gold-Bears 30g HARIBO,24.0
MAG V,GB020130,Bonbon Gold-Bears 80gx30 - HARIBO,2.0
MAG V,HC030124,Bonbon Happy Cherries 80g HARIBO,24.0
MAG V,HC030324,Bonbon Happy Cola Fizz 70g HARIBO,8.0
MAG V,JA010106,Mini Mentos Jar Fruit Mix 1Kg P100x6,2.0
MAG V,KC010130,YAOURT AROME FRUITS DES BOIS,2.0
MAG V,KC010240,BIFI NATURE 0%,1.0
MAG V,KK010106,KAT KAT TAT Noisette 24g (24x6),1.0
MAG V,KK010112,KAT KAT TAT Chocolat 26g (24x12),1.0
MAG V,KS010116,Kinder Joy T1x16 Limited Edition,2.0
MAG V,KS020116,Kinder Joy T1x16 Boy,2.0
MAG V,KS020216,Kinder Joy T1x16 Girl,2.0
MAG V,MR040108,"Mentos Rolls Tutti Frutti 39,2 g P14x20",1.0
MAG V,MR050108,"Mentos Rolls Fruit 39,2g P14x20",1.0
MAG V,PH020224,Bonbon Phantasia 80g HARIBO,23.0
MAG V,ST010208,Mix Sripe Assortiment 24x8x25g HARIBO,2.0
MAG V,TB010112,Boite Bonbon Menthe T12x24 TIC TAC,1.0
MAG V,TB020112,Boite Bonbon Orange T12x24 TIC TAC,1.0
MAG V,TB030112,Boite Bonbon Spearmint T12x24 TIC TAC,1.0
MAG V,TB050112,Boite Bonbon Strawberry mix T12x24 TIC TAC,1.0
MAG V,0000,DOLCE DUO 70 GR,6.666666666666667
MAG V,BR010124,LBEN 430 GR,2.1666666666666665
MAG V,BR020124,RAIEB 450 GR,1.0
MAG V,BR030124,VIT'UP VANILLE 160GR,4.0
MAG V,BR040124,VIT'UP FRAISE 260GR,3.0
MAG V,FR010116,Trio de Rochers Chocolat FERRERO,1.0
MAG V,FR010201,Coff. 16 Rochers Chocolat FERRERO,1.0
MAG V,FR010301,Coff. de 24 Rochers Chocolat FERRERO,4.0
MAG V,KC010210,YAOURT AROME NOIX DE COCO,1.0
MAG V,KC010336,YAOURT AROME NATURE,4.0
MAG V,KC020130,Barre de Chocolat Biscuit noisette BUENO WHITE,1.5
MAG V,M10,زيت الباشا,8.25
MAG V,NP010301,Pate a Tartiner de 350 grs NUTELLA,3.0
MAG V,p1,السلام عليكم ورحمة الله وبركات,6.0
MAG V,p132,ميني كيك20,3.0
MAG V,TB010112,Boite Bonbon Menthe T12x24 TIC TAC,1.0
MAG V,TB030112,Boite Bonbon Spearmint T12x24 TIC TAC,1.0
MAG V,BR010124,LBEN 430 GR,1.0
MAG V,BR020124,RAIEB 450 GR,1.0
MAG V,BR030124,VIT'UP VANILLE 160GR,24.0
Mg135,0000,DOLCE DUO 70 GR,1.0
test2,BR010124,LBEN 430 GR,50.0
test2,BR01012tte,LBEN 430 GR Modifie,50.0
